"rt","url","trial_type","trial_index","time_elapsed","internal_node_id","subject","subject_email","subject_name","group","view_history","id","correct","responses"
"56079","resources/welcome.html","external-html","0","56119","0.0-0.0","gln20","sila.yilmazer@hotmail.com","Sıla Yılmazer","z","","","",""
"38620","","instructions","1","94746","0.0-1.0","gln20","sila.yilmazer@hotmail.com","Sıla Yılmazer","z","[{""page_index"":0,""viewing_time"":38616}]","","",""
"47534","","survey-multi-choice","2","142290","0.0-2.0","gln20","sila.yilmazer@hotmail.com","Sıla Yılmazer","z","","F20","null","{""Q0"":""Sevinir""}"
"2994.999999999971","","survey-multi-choice","3","145291","0.0-3.0","gln20","sila.yilmazer@hotmail.com","Sıla Yılmazer","z","","Q20","Piyango bileti","{""Q0"":""Piyango bileti""}"
"5498","","survey-multi-choice","4","150794","0.0-4.0","gln20","sila.yilmazer@hotmail.com","Sıla Yılmazer","z","","A12","büyüktür","{""Q0"":""büyüktür""}"
"14463","","survey-multi-choice","5","165262","0.0-5.0","gln20","sila.yilmazer@hotmail.com","Sıla Yılmazer","z","","F07","null","{""Q0"":""Üzülür""}"
"3060","","survey-multi-choice","6","168327","0.0-6.0","gln20","sila.yilmazer@hotmail.com","Sıla Yılmazer","z","","Q07","Kardan adam","{""Q0"":""Kardan adam""}"
"6630","","survey-multi-choice","7","174964","0.0-7.0","gln20","sila.yilmazer@hotmail.com","Sıla Yılmazer","z","","A16","küçüktür","{""Q0"":""küçüktür""}"
"12029","","survey-multi-choice","8","186999","0.0-8.0","gln20","sila.yilmazer@hotmail.com","Sıla Yılmazer","z","","F10","null","{""Q0"":""Sevinir""}"
"2876","","survey-multi-choice","9","189880","0.0-9.0","gln20","sila.yilmazer@hotmail.com","Sıla Yılmazer","z","","Q10","Yüksek lisans","{""Q0"":""Yüksek lisans""}"
"16213","","survey-multi-choice","10","206098","0.0-10.0","gln20","sila.yilmazer@hotmail.com","Sıla Yılmazer","z","","A22","küçüktür","{""Q0"":""büyüktür""}"
"17533","","survey-multi-choice","11","223637","0.0-11.0","gln20","sila.yilmazer@hotmail.com","Sıla Yılmazer","z","","C04","null","{""Q0"":""Üzülür""}"
"2740.999999999971","","survey-multi-choice","12","226386","0.0-12.0","gln20","sila.yilmazer@hotmail.com","Sıla Yılmazer","z","","Q04","Kamp","{""Q0"":""Kamp""}"
"8832","","survey-multi-choice","13","235224","0.0-13.0","gln20","sila.yilmazer@hotmail.com","Sıla Yılmazer","z","","A10","büyüktür","{""Q0"":""büyüktür""}"
"6925","","survey-multi-choice","14","242156","0.0-14.0","gln20","sila.yilmazer@hotmail.com","Sıla Yılmazer","z","","F08","null","{""Q0"":""Üzülür""}"
"3157","","survey-multi-choice","15","245319","0.0-15.0","gln20","sila.yilmazer@hotmail.com","Sıla Yılmazer","z","","Q08","Tenis","{""Q0"":""Tenis""}"
"8232.99999999997","","survey-multi-choice","16","253557","0.0-16.0","gln20","sila.yilmazer@hotmail.com","Sıla Yılmazer","z","","A07","küçüktür","{""Q0"":""küçüktür""}"
"5843","","survey-multi-choice","17","259406","0.0-17.0","gln20","sila.yilmazer@hotmail.com","Sıla Yılmazer","z","","F09","null","{""Q0"":""Sevinir""}"
"3052.000000000029","","survey-multi-choice","18","262465","0.0-18.0","gln20","sila.yilmazer@hotmail.com","Sıla Yılmazer","z","","Q09","Yemekhane","{""Q0"":""Yemekhane""}"
"6216","","survey-multi-choice","19","268687","0.0-19.0","gln20","sila.yilmazer@hotmail.com","Sıla Yılmazer","z","","A23","büyüktür","{""Q0"":""büyüktür""}"
"15233","","survey-multi-choice","20","283926","0.0-20.0","gln20","sila.yilmazer@hotmail.com","Sıla Yılmazer","z","","C02","null","{""Q0"":""Sevinir""}"
"3825","","survey-multi-choice","21","287758","0.0-21.0","gln20","sila.yilmazer@hotmail.com","Sıla Yılmazer","z","","Q02","Oyuncak bebek","{""Q0"":""Oyuncak bebek""}"
"15271.000000000058","","survey-multi-choice","22","303034","0.0-22.0","gln20","sila.yilmazer@hotmail.com","Sıla Yılmazer","z","","A17","küçüktür","{""Q0"":""küçüktür""}"
"10877","","survey-multi-choice","23","313917","0.0-23.0","gln20","sila.yilmazer@hotmail.com","Sıla Yılmazer","z","","F13","null","{""Q0"":""Sevinir""}"
"2156","","survey-multi-choice","24","316079","0.0-24.0","gln20","sila.yilmazer@hotmail.com","Sıla Yılmazer","z","","Q13","Kars","{""Q0"":""Kars""}"
"25970","","survey-multi-choice","25","342054","0.0-25.0","gln20","sila.yilmazer@hotmail.com","Sıla Yılmazer","z","","A09","küçüktür","{""Q0"":""küçüktür""}"
"9202","","survey-multi-choice","26","351262","0.0-26.0","gln20","sila.yilmazer@hotmail.com","Sıla Yılmazer","z","","F15","null","{""Q0"":""Üzülür""}"
"3100.000000000058","","survey-multi-choice","27","354367","0.0-27.0","gln20","sila.yilmazer@hotmail.com","Sıla Yılmazer","z","","Q15","Altı","{""Q0"":""Altı""}"
"11680","","survey-multi-choice","28","366053","0.0-28.0","gln20","sila.yilmazer@hotmail.com","Sıla Yılmazer","z","","A02","küçüktür","{""Q0"":""küçüktür""}"
"10529","","survey-multi-choice","29","376588","0.0-29.0","gln20","sila.yilmazer@hotmail.com","Sıla Yılmazer","z","","F22","null","{""Q0"":""Sevinir""}"
"2586.999999999942","","survey-multi-choice","30","379181","0.0-30.0","gln20","sila.yilmazer@hotmail.com","Sıla Yılmazer","z","","Q22","Yoğun","{""Q0"":""Yoğun""}"
"8412","","survey-multi-choice","31","387598","0.0-31.0","gln20","sila.yilmazer@hotmail.com","Sıla Yılmazer","z","","A20","küçüktür","{""Q0"":""küçüktür""}"
"9851","","survey-multi-choice","32","397453","0.0-32.0","gln20","sila.yilmazer@hotmail.com","Sıla Yılmazer","z","","C05","null","{""Q0"":""Sevinir""}"
"2898","","survey-multi-choice","33","400357","0.0-33.0","gln20","sila.yilmazer@hotmail.com","Sıla Yılmazer","z","","Q05","Matematik","{""Q0"":""Matematik""}"
"16421.00000000006","","survey-multi-choice","34","416783","0.0-34.0","gln20","sila.yilmazer@hotmail.com","Sıla Yılmazer","z","","A18","büyüktür","{""Q0"":""büyüktür""}"
"7834.999999999942","","survey-multi-choice","35","424625","0.0-35.0","gln20","sila.yilmazer@hotmail.com","Sıla Yılmazer","z","","F24","null","{""Q0"":""Sevinir""}"
"2164.000000000058","","survey-multi-choice","36","426795","0.0-36.0","gln20","sila.yilmazer@hotmail.com","Sıla Yılmazer","z","","Q24","Tokyo","{""Q0"":""Tokyo""}"
"8183","","survey-multi-choice","37","434983","0.0-37.0","gln20","sila.yilmazer@hotmail.com","Sıla Yılmazer","z","","A05","küçüktür","{""Q0"":""büyüktür""}"
"27277.00000000006","","survey-multi-choice","38","462266","0.0-38.0","gln20","sila.yilmazer@hotmail.com","Sıla Yılmazer","z","","F14","null","{""Q0"":""Sevinir""}"
"4261.000000000058","","survey-multi-choice","39","466533","0.0-39.0","gln20","sila.yilmazer@hotmail.com","Sıla Yılmazer","z","","Q14","Birinci","{""Q0"":""İkinci""}"
"9512.999999999942","","survey-multi-choice","40","476053","0.0-40.0","gln20","sila.yilmazer@hotmail.com","Sıla Yılmazer","z","","A19","büyüktür","{""Q0"":""büyüktür""}"
"7884","","survey-multi-choice","41","483942","0.0-41.0","gln20","sila.yilmazer@hotmail.com","Sıla Yılmazer","z","","F18","null","{""Q0"":""Sevinir""}"
"2822","","survey-multi-choice","42","486771","0.0-42.0","gln20","sila.yilmazer@hotmail.com","Sıla Yılmazer","z","","Q18","Çilek","{""Q0"":""Çilek""}"
"12307.999999999942","","survey-multi-choice","43","499085","0.0-43.0","gln20","sila.yilmazer@hotmail.com","Sıla Yılmazer","z","","A24","büyüktür","{""Q0"":""küçüktür""}"
"16782.00000000006","","survey-multi-choice","44","515872","0.0-44.0","gln20","sila.yilmazer@hotmail.com","Sıla Yılmazer","z","","C01","null","{""Q0"":""Sevinir""}"
"3250.999999999942","","survey-multi-choice","45","519129","0.0-45.0","gln20","sila.yilmazer@hotmail.com","Sıla Yılmazer","z","","Q01","Arda","{""Q0"":""Arda""}"
"8938.999999999942","","survey-multi-choice","46","528076","0.0-46.0","gln20","sila.yilmazer@hotmail.com","Sıla Yılmazer","z","","A21","büyüktür","{""Q0"":""küçüktür""}"
"13361","","survey-multi-choice","47","541443","0.0-47.0","gln20","sila.yilmazer@hotmail.com","Sıla Yılmazer","z","","F12","null","{""Q0"":""Üzülür""}"
"3325","","survey-multi-choice","48","544777","0.0-48.0","gln20","sila.yilmazer@hotmail.com","Sıla Yılmazer","z","","Q12","Para biriktirmek","{""Q0"":""Para biriktirmek""}"
"18210.000000000116","","survey-multi-choice","49","562992","0.0-49.0","gln20","sila.yilmazer@hotmail.com","Sıla Yılmazer","z","","A14","büyüktür","{""Q0"":""büyüktür""}"
"7047.000000000116","","survey-multi-choice","50","570044","0.0-50.0","gln20","sila.yilmazer@hotmail.com","Sıla Yılmazer","z","","F16","null","{""Q0"":""Sevinir""}"
"2831","","survey-multi-choice","51","572881","0.0-51.0","gln20","sila.yilmazer@hotmail.com","Sıla Yılmazer","z","","Q16","Kafe","{""Q0"":""Kafe""}"
"13245","","survey-multi-choice","52","586132","0.0-52.0","gln20","sila.yilmazer@hotmail.com","Sıla Yılmazer","z","","A13","küçüktür","{""Q0"":""küçüktür""}"
"10181","","survey-multi-choice","53","596320","0.0-53.0","gln20","sila.yilmazer@hotmail.com","Sıla Yılmazer","z","","C06","null","{""Q0"":""Üzülür""}"
"5208","","survey-multi-choice","54","601534","0.0-54.0","gln20","sila.yilmazer@hotmail.com","Sıla Yılmazer","z","","Q06","Müdür","{""Q0"":""Müdür""}"
"16612.999999999884","","survey-multi-choice","55","618152","0.0-55.0","gln20","sila.yilmazer@hotmail.com","Sıla Yılmazer","z","","A03","küçüktür","{""Q0"":""küçüktür""}"
"10713.000000000116","","survey-multi-choice","56","628872","0.0-56.0","gln20","sila.yilmazer@hotmail.com","Sıla Yılmazer","z","","F23","null","{""Q0"":""Üzülür""}"
"2955","","survey-multi-choice","57","631834","0.0-57.0","gln20","sila.yilmazer@hotmail.com","Sıla Yılmazer","z","","Q23","Çarpışan arabalar","{""Q0"":""Çarpışan arabalar""}"
"14219","","survey-multi-choice","58","646059","0.0-58.0","gln20","sila.yilmazer@hotmail.com","Sıla Yılmazer","z","","A15","büyüktür","{""Q0"":""büyüktür""}"
"8081","","survey-multi-choice","59","654146","0.0-59.0","gln20","sila.yilmazer@hotmail.com","Sıla Yılmazer","z","","F11","null","{""Q0"":""Üzülür""}"
"2721","","survey-multi-choice","60","656874","0.0-60.0","gln20","sila.yilmazer@hotmail.com","Sıla Yılmazer","z","","Q11","Ayakkabı","{""Q0"":""Ayakkabı""}"
"10962.000000000116","","survey-multi-choice","61","667841","0.0-61.0","gln20","sila.yilmazer@hotmail.com","Sıla Yılmazer","z","","A06","büyüktür","{""Q0"":""büyüktür""}"
"11245","","survey-multi-choice","62","679092","0.0-62.0","gln20","sila.yilmazer@hotmail.com","Sıla Yılmazer","z","","C03","null","{""Q0"":""Üzülür""}"
"7811","","survey-multi-choice","63","686910","0.0-63.0","gln20","sila.yilmazer@hotmail.com","Sıla Yılmazer","z","","Q03","Ofis","{""Q0"":""Ofis""}"
"16183","","survey-multi-choice","64","703099","0.0-64.0","gln20","sila.yilmazer@hotmail.com","Sıla Yılmazer","z","","A08","küçüktür","{""Q0"":""küçüktür""}"
"6908","","survey-multi-choice","65","710012","0.0-65.0","gln20","sila.yilmazer@hotmail.com","Sıla Yılmazer","z","","F21","null","{""Q0"":""Üzülür""}"
"2923.9999999998836","","survey-multi-choice","66","712943","0.0-66.0","gln20","sila.yilmazer@hotmail.com","Sıla Yılmazer","z","","Q21","Odun","{""Q0"":""Odun""}"
"11448","","survey-multi-choice","67","724398","0.0-67.0","gln20","sila.yilmazer@hotmail.com","Sıla Yılmazer","z","","A04","büyüktür","{""Q0"":""küçüktür""}"
"15577","","survey-multi-choice","68","739981","0.0-68.0","gln20","sila.yilmazer@hotmail.com","Sıla Yılmazer","z","","F19","null","{""Q0"":""Sevinir""}"
"2613","","survey-multi-choice","69","742600","0.0-69.0","gln20","sila.yilmazer@hotmail.com","Sıla Yılmazer","z","","Q19","Fizik","{""Q0"":""Fizik""}"
"10036","","survey-multi-choice","70","752642","0.0-70.0","gln20","sila.yilmazer@hotmail.com","Sıla Yılmazer","z","","A01","küçüktür","{""Q0"":""küçüktür""}"
"24773.000000000116","","survey-multi-choice","71","777422","0.0-71.0","gln20","sila.yilmazer@hotmail.com","Sıla Yılmazer","z","","F17","null","{""Q0"":""Üzülür""}"
"2857","","survey-multi-choice","72","780285","0.0-72.0","gln20","sila.yilmazer@hotmail.com","Sıla Yılmazer","z","","Q17","Öğle yemeği","{""Q0"":""Akşam yemeği""}"
"14249","","survey-multi-choice","73","794540","0.0-73.0","gln20","sila.yilmazer@hotmail.com","Sıla Yılmazer","z","","A11","büyüktür","{""Q0"":""büyüktür""}"
