"rt","url","trial_type","trial_index","time_elapsed","internal_node_id","subject","subject_email","subject_name","group","view_history","id","correct","responses"
"29092.000000000004","resources/welcome.html","external-html","0","29113","0.0-0.0","rnmtl","aybuge0661@hotmail.com","Aybüge Yazıcıoğlu","b","","","",""
"5723","","instructions","1","34840","0.0-1.0","rnmtl","aybuge0661@hotmail.com","Aybüge Yazıcıoğlu","b","[{""page_index"":0,""viewing_time"":5721}]","","",""
"10592.000000000007","","survey-multi-choice","2","45440","0.0-2.0","rnmtl","aybuge0661@hotmail.com","Aybüge Yazıcıoğlu","b","","F11","null","{""Q0"":""Üzülür""}"
"5335.999999999993","","survey-multi-choice","3","50781","0.0-3.0","rnmtl","aybuge0661@hotmail.com","Aybüge Yazıcıoğlu","b","","Q11","Ayakkabı","{""Q0"":""Ayakkabı""}"
"23982","","survey-multi-choice","4","74767","0.0-4.0","rnmtl","aybuge0661@hotmail.com","Aybüge Yazıcıoğlu","b","","A06","büyüktür","{""Q0"":""küçüktür""}"
"7621","","survey-multi-choice","5","82394","0.0-5.0","rnmtl","aybuge0661@hotmail.com","Aybüge Yazıcıoğlu","b","","F14","null","{""Q0"":""Sevinir""}"
"9536","","survey-multi-choice","6","91935","0.0-6.0","rnmtl","aybuge0661@hotmail.com","Aybüge Yazıcıoğlu","b","","Q14","Birinci","{""Q0"":""İkinci""}"
"12376.999999999985","","survey-multi-choice","7","104315","0.0-7.0","rnmtl","aybuge0661@hotmail.com","Aybüge Yazıcıoğlu","b","","A13","küçüktür","{""Q0"":""küçüktür""}"
"8110","","survey-multi-choice","8","112431","0.0-8.0","rnmtl","aybuge0661@hotmail.com","Aybüge Yazıcıoğlu","b","","F17","null","{""Q0"":""Üzülür""}"
"3163","","survey-multi-choice","9","115600","0.0-9.0","rnmtl","aybuge0661@hotmail.com","Aybüge Yazıcıoğlu","b","","Q17","Öğle yemeği","{""Q0"":""Akşam yemeği""}"
"9395","","survey-multi-choice","10","125000","0.0-10.0","rnmtl","aybuge0661@hotmail.com","Aybüge Yazıcıoğlu","b","","A17","küçüktür","{""Q0"":""büyüktür""}"
"14832","","survey-multi-choice","11","139837","0.0-11.0","rnmtl","aybuge0661@hotmail.com","Aybüge Yazıcıoğlu","b","","C03","null","{""Q0"":""Sevinir""}"
"3387.999999999971","","survey-multi-choice","12","143232","0.0-12.0","rnmtl","aybuge0661@hotmail.com","Aybüge Yazıcıoğlu","b","","Q03","Ofis","{""Q0"":""Ofis""}"
"8914.99999999997","","survey-multi-choice","13","152151","0.0-13.0","rnmtl","aybuge0661@hotmail.com","Aybüge Yazıcıoğlu","b","","A04","büyüktür","{""Q0"":""küçüktür""}"
"14762","","survey-multi-choice","14","166918","0.0-14.0","rnmtl","aybuge0661@hotmail.com","Aybüge Yazıcıoğlu","b","","F23","null","{""Q0"":""Üzülür""}"
"2845","","survey-multi-choice","15","169769","0.0-15.0","rnmtl","aybuge0661@hotmail.com","Aybüge Yazıcıoğlu","b","","Q23","Çarpışan arabalar","{""Q0"":""Çarpışan arabalar""}"
"8480.00000000003","","survey-multi-choice","16","178254","0.0-16.0","rnmtl","aybuge0661@hotmail.com","Aybüge Yazıcıoğlu","b","","A23","büyüktür","{""Q0"":""küçüktür""}"
"10167","","survey-multi-choice","17","188427","0.0-17.0","rnmtl","aybuge0661@hotmail.com","Aybüge Yazıcıoğlu","b","","F13","null","{""Q0"":""Üzülür""}"
"2696","","survey-multi-choice","18","191128","0.0-18.0","rnmtl","aybuge0661@hotmail.com","Aybüge Yazıcıoğlu","b","","Q13","Kars","{""Q0"":""Kars""}"
"13006","","survey-multi-choice","19","204137","0.0-19.0","rnmtl","aybuge0661@hotmail.com","Aybüge Yazıcıoğlu","b","","A24","büyüktür","{""Q0"":""küçüktür""}"
"9577","","survey-multi-choice","20","213720","0.0-20.0","rnmtl","aybuge0661@hotmail.com","Aybüge Yazıcıoğlu","b","","C02","null","{""Q0"":""Üzülür""}"
"3046.000000000029","","survey-multi-choice","21","216771","0.0-21.0","rnmtl","aybuge0661@hotmail.com","Aybüge Yazıcıoğlu","b","","Q02","Oyuncak bebek","{""Q0"":""Oyuncak bebek""}"
"15719","","survey-multi-choice","22","232494","0.0-22.0","rnmtl","aybuge0661@hotmail.com","Aybüge Yazıcıoğlu","b","","A09","küçüktür","{""Q0"":""küçüktür""}"
"7858","","survey-multi-choice","23","240358","0.0-23.0","rnmtl","aybuge0661@hotmail.com","Aybüge Yazıcıoğlu","b","","F12","null","{""Q0"":""Sevinir""}"
"3127","","survey-multi-choice","24","243489","0.0-24.0","rnmtl","aybuge0661@hotmail.com","Aybüge Yazıcıoğlu","b","","Q12","Para biriktirmek","{""Q0"":""Para biriktirmek""}"
"7139.000000000029","","survey-multi-choice","25","250634","0.0-25.0","rnmtl","aybuge0661@hotmail.com","Aybüge Yazıcıoğlu","b","","A12","büyüktür","{""Q0"":""büyüktür""}"
"10720","","survey-multi-choice","26","261358","0.0-26.0","rnmtl","aybuge0661@hotmail.com","Aybüge Yazıcıoğlu","b","","F24","null","{""Q0"":""Sevinir""}"
"2454","","survey-multi-choice","27","263817","0.0-27.0","rnmtl","aybuge0661@hotmail.com","Aybüge Yazıcıoğlu","b","","Q24","Tokyo","{""Q0"":""Tokyo""}"
"10367","","survey-multi-choice","28","274188","0.0-28.0","rnmtl","aybuge0661@hotmail.com","Aybüge Yazıcıoğlu","b","","A18","büyüktür","{""Q0"":""büyüktür""}"
"12593","","survey-multi-choice","29","286785","0.0-29.0","rnmtl","aybuge0661@hotmail.com","Aybüge Yazıcıoğlu","b","","F08","null","{""Q0"":""Üzülür""}"
"12641","","survey-multi-choice","30","299431","0.0-30.0","rnmtl","aybuge0661@hotmail.com","Aybüge Yazıcıoğlu","b","","Q08","Tenis","{""Q0"":""Tenis""}"
"8571","","survey-multi-choice","31","308008","0.0-31.0","rnmtl","aybuge0661@hotmail.com","Aybüge Yazıcıoğlu","b","","A15","büyüktür","{""Q0"":""küçüktür""}"
"11244","","survey-multi-choice","32","319256","0.0-32.0","rnmtl","aybuge0661@hotmail.com","Aybüge Yazıcıoğlu","b","","C06","null","{""Q0"":""Üzülür""}"
"3555","","survey-multi-choice","33","322817","0.0-33.0","rnmtl","aybuge0661@hotmail.com","Aybüge Yazıcıoğlu","b","","Q06","Müdür","{""Q0"":""Müdür""}"
"8451","","survey-multi-choice","34","331271","0.0-34.0","rnmtl","aybuge0661@hotmail.com","Aybüge Yazıcıoğlu","b","","A20","küçüktür","{""Q0"":""küçüktür""}"
"13220","","survey-multi-choice","35","344495","0.0-35.0","rnmtl","aybuge0661@hotmail.com","Aybüge Yazıcıoğlu","b","","F18","null","{""Q0"":""Sevinir""}"
"2863","","survey-multi-choice","36","347363","0.0-36.0","rnmtl","aybuge0661@hotmail.com","Aybüge Yazıcıoğlu","b","","Q18","Çilek","{""Q0"":""Çilek""}"
"8466.000000000058","","survey-multi-choice","37","355838","0.0-37.0","rnmtl","aybuge0661@hotmail.com","Aybüge Yazıcıoğlu","b","","A10","büyüktür","{""Q0"":""büyüktür""}"
"7400.000000000058","","survey-multi-choice","38","363242","0.0-38.0","rnmtl","aybuge0661@hotmail.com","Aybüge Yazıcıoğlu","b","","F22","null","{""Q0"":""Sevinir""}"
"5247.999999999942","","survey-multi-choice","39","368497","0.0-39.0","rnmtl","aybuge0661@hotmail.com","Aybüge Yazıcıoğlu","b","","Q22","Yoğun","{""Q0"":""Yoğun""}"
"8991","","survey-multi-choice","40","377492","0.0-40.0","rnmtl","aybuge0661@hotmail.com","Aybüge Yazıcıoğlu","b","","A16","küçüktür","{""Q0"":""küçüktür""}"
"7448","","survey-multi-choice","41","384944","0.0-41.0","rnmtl","aybuge0661@hotmail.com","Aybüge Yazıcıoğlu","b","","F09","null","{""Q0"":""Sevinir""}"
"2727.999999999942","","survey-multi-choice","42","387678","0.0-42.0","rnmtl","aybuge0661@hotmail.com","Aybüge Yazıcıoğlu","b","","Q09","Yemekhane","{""Q0"":""Yemekhane""}"
"7190","","survey-multi-choice","43","394874","0.0-43.0","rnmtl","aybuge0661@hotmail.com","Aybüge Yazıcıoğlu","b","","A22","küçüktür","{""Q0"":""büyüktür""}"
"7971","","survey-multi-choice","44","402849","0.0-44.0","rnmtl","aybuge0661@hotmail.com","Aybüge Yazıcıoğlu","b","","C05","null","{""Q0"":""Sevinir""}"
"3314","","survey-multi-choice","45","406170","0.0-45.0","rnmtl","aybuge0661@hotmail.com","Aybüge Yazıcıoğlu","b","","Q05","Matematik","{""Q0"":""Matematik""}"
"11436.000000000058","","survey-multi-choice","46","417611","0.0-46.0","rnmtl","aybuge0661@hotmail.com","Aybüge Yazıcıoğlu","b","","A19","büyüktür","{""Q0"":""büyüktür""}"
"10127.999999999942","","survey-multi-choice","47","427744","0.0-47.0","rnmtl","aybuge0661@hotmail.com","Aybüge Yazıcıoğlu","b","","F15","null","{""Q0"":""Üzülür""}"
"2846","","survey-multi-choice","48","430598","0.0-48.0","rnmtl","aybuge0661@hotmail.com","Aybüge Yazıcıoğlu","b","","Q15","Altı","{""Q0"":""Altı""}"
"10924","","survey-multi-choice","49","441528","0.0-49.0","rnmtl","aybuge0661@hotmail.com","Aybüge Yazıcıoğlu","b","","A03","küçüktür","{""Q0"":""küçüktür""}"
"11133","","survey-multi-choice","50","452665","0.0-50.0","rnmtl","aybuge0661@hotmail.com","Aybüge Yazıcıoğlu","b","","F16","null","{""Q0"":""Sevinir""}"
"2614.999999999942","","survey-multi-choice","51","455285","0.0-51.0","rnmtl","aybuge0661@hotmail.com","Aybüge Yazıcıoğlu","b","","Q16","Kafe","{""Q0"":""Kafe""}"
"13900","","survey-multi-choice","52","469189","0.0-52.0","rnmtl","aybuge0661@hotmail.com","Aybüge Yazıcıoğlu","b","","A01","küçüktür","{""Q0"":""büyüktür""}"
"16703.99999999994","","survey-multi-choice","53","485898","0.0-53.0","rnmtl","aybuge0661@hotmail.com","Aybüge Yazıcıoğlu","b","","C01","null","{""Q0"":""Sevinir""}"
"3524","","survey-multi-choice","54","489432","0.0-54.0","rnmtl","aybuge0661@hotmail.com","Aybüge Yazıcıoğlu","b","","Q01","Arda","{""Q0"":""Arda""}"
"9676.000000000058","","survey-multi-choice","55","499114","0.0-55.0","rnmtl","aybuge0661@hotmail.com","Aybüge Yazıcıoğlu","b","","A07","küçüktür","{""Q0"":""küçüktür""}"
"7465","","survey-multi-choice","56","506583","0.0-56.0","rnmtl","aybuge0661@hotmail.com","Aybüge Yazıcıoğlu","b","","F10","null","{""Q0"":""Sevinir""}"
"3777","","survey-multi-choice","57","510366","0.0-57.0","rnmtl","aybuge0661@hotmail.com","Aybüge Yazıcıoğlu","b","","Q10","Yüksek lisans","{""Q0"":""Yüksek lisans""}"
"7381.000000000058","","survey-multi-choice","58","517751","0.0-58.0","rnmtl","aybuge0661@hotmail.com","Aybüge Yazıcıoğlu","b","","A05","küçüktür","{""Q0"":""küçüktür""}"
"20227.99999999994","","survey-multi-choice","59","537985","0.0-59.0","rnmtl","aybuge0661@hotmail.com","Aybüge Yazıcıoğlu","b","","F21","null","{""Q0"":""Üzülür""}"
"2409","","survey-multi-choice","60","540401","0.0-60.0","rnmtl","aybuge0661@hotmail.com","Aybüge Yazıcıoğlu","b","","Q21","Odun","{""Q0"":""Odun""}"
"12139","","survey-multi-choice","61","552551","0.0-61.0","rnmtl","aybuge0661@hotmail.com","Aybüge Yazıcıoğlu","b","","A08","küçüktür","{""Q0"":""büyüktür""}"
"13929","","survey-multi-choice","62","566487","0.0-62.0","rnmtl","aybuge0661@hotmail.com","Aybüge Yazıcıoğlu","b","","C04","null","{""Q0"":""Üzülür""}"
"4650","","survey-multi-choice","63","571144","0.0-63.0","rnmtl","aybuge0661@hotmail.com","Aybüge Yazıcıoğlu","b","","Q04","Kamp","{""Q0"":""Kamp""}"
"7485.999999999884","","survey-multi-choice","64","578636","0.0-64.0","rnmtl","aybuge0661@hotmail.com","Aybüge Yazıcıoğlu","b","","A21","büyüktür","{""Q0"":""büyüktür""}"
"12715","","survey-multi-choice","65","591355","0.0-65.0","rnmtl","aybuge0661@hotmail.com","Aybüge Yazıcıoğlu","b","","F19","null","{""Q0"":""Üzülür""}"
"2510","","survey-multi-choice","66","593872","0.0-66.0","rnmtl","aybuge0661@hotmail.com","Aybüge Yazıcıoğlu","b","","Q19","Fizik","{""Q0"":""Fizik""}"
"16741","","survey-multi-choice","67","610617","0.0-67.0","rnmtl","aybuge0661@hotmail.com","Aybüge Yazıcıoğlu","b","","A02","küçüktür","{""Q0"":""küçüktür""}"
"27850","","survey-multi-choice","68","638472","0.0-68.0","rnmtl","aybuge0661@hotmail.com","Aybüge Yazıcıoğlu","b","","F20","null","{""Q0"":""Üzülür""}"
"2530","","survey-multi-choice","69","641007","0.0-69.0","rnmtl","aybuge0661@hotmail.com","Aybüge Yazıcıoğlu","b","","Q20","Piyango bileti","{""Q0"":""Piyango bileti""}"
"5623","","survey-multi-choice","70","646636","0.0-70.0","rnmtl","aybuge0661@hotmail.com","Aybüge Yazıcıoğlu","b","","A11","büyüktür","{""Q0"":""büyüktür""}"
"10266.999999999884","","survey-multi-choice","71","656911","0.0-71.0","rnmtl","aybuge0661@hotmail.com","Aybüge Yazıcıoğlu","b","","F07","null","{""Q0"":""Sevinir""}"
"2877.0000000001164","","survey-multi-choice","72","659792","0.0-72.0","rnmtl","aybuge0661@hotmail.com","Aybüge Yazıcıoğlu","b","","Q07","Kardan adam","{""Q0"":""Kardan adam""}"
"9251.999999999884","","survey-multi-choice","73","669048","0.0-73.0","rnmtl","aybuge0661@hotmail.com","Aybüge Yazıcıoğlu","b","","A14","büyüktür","{""Q0"":""büyüktür""}"
