"rt","url","trial_type","trial_index","time_elapsed","internal_node_id","subject","subject_email","subject_name","group","view_history","id","correct","responses"
"69679","resources/welcome.html","external-html","0","69701","0.0-0.0","8fgnf","acanbaldan@gmail.com ","Ahmet Can Baldan ","z","","","",""
"9693","","instructions","1","79398","0.0-1.0","8fgnf","acanbaldan@gmail.com ","Ahmet Can Baldan ","z","[{""page_index"":0,""viewing_time"":9691}]","","",""
"17805","","survey-multi-choice","2","97210","0.0-2.0","8fgnf","acanbaldan@gmail.com ","Ahmet Can Baldan ","z","","F17","null","{""Q0"":""Sevinir""}"
"6668","","survey-multi-choice","3","103882","0.0-3.0","8fgnf","acanbaldan@gmail.com ","Ahmet Can Baldan ","z","","Q17","Öğle yemeği","{""Q0"":""Akşam yemeği""}"
"17847","","survey-multi-choice","4","121735","0.0-4.0","8fgnf","acanbaldan@gmail.com ","Ahmet Can Baldan ","z","","A04","büyüktür","{""Q0"":""büyüktür""}"
"23103","","survey-multi-choice","5","144844","0.0-5.0","8fgnf","acanbaldan@gmail.com ","Ahmet Can Baldan ","z","","F15","null","{""Q0"":""Sevinir""}"
"5030","","survey-multi-choice","6","149879","0.0-6.0","8fgnf","acanbaldan@gmail.com ","Ahmet Can Baldan ","z","","Q15","Altı","{""Q0"":""Altı""}"
"12937","","survey-multi-choice","7","162822","0.0-7.0","8fgnf","acanbaldan@gmail.com ","Ahmet Can Baldan ","z","","A14","büyüktür","{""Q0"":""büyüktür""}"
"11748","","survey-multi-choice","8","174577","0.0-8.0","8fgnf","acanbaldan@gmail.com ","Ahmet Can Baldan ","z","","F14","null","{""Q0"":""Üzülür""}"
"5239","","survey-multi-choice","9","179822","0.0-9.0","8fgnf","acanbaldan@gmail.com ","Ahmet Can Baldan ","z","","Q14","Birinci","{""Q0"":""İkinci""}"
"12777","","survey-multi-choice","10","192604","0.0-10.0","8fgnf","acanbaldan@gmail.com ","Ahmet Can Baldan ","z","","A22","küçüktür","{""Q0"":""küçüktür""}"
"15679.00000000003","","survey-multi-choice","11","208289","0.0-11.0","8fgnf","acanbaldan@gmail.com ","Ahmet Can Baldan ","z","","C02","null","{""Q0"":""Sevinir""}"
"7537.000000000029","","survey-multi-choice","12","215832","0.0-12.0","8fgnf","acanbaldan@gmail.com ","Ahmet Can Baldan ","z","","Q02","Oyuncak bebek","{""Q0"":""Oyuncak bebek""}"
"5487","","survey-multi-choice","13","221324","0.0-13.0","8fgnf","acanbaldan@gmail.com ","Ahmet Can Baldan ","z","","A05","küçüktür","{""Q0"":""küçüktür""}"
"9352","","survey-multi-choice","14","230680","0.0-14.0","8fgnf","acanbaldan@gmail.com ","Ahmet Can Baldan ","z","","F20","null","{""Q0"":""Üzülür""}"
"4338","","survey-multi-choice","15","235023","0.0-15.0","8fgnf","acanbaldan@gmail.com ","Ahmet Can Baldan ","z","","Q20","Piyango bileti","{""Q0"":""Piyango bileti""}"
"14844.99999999997","","survey-multi-choice","16","249872","0.0-16.0","8fgnf","acanbaldan@gmail.com ","Ahmet Can Baldan ","z","","A16","küçüktür","{""Q0"":""küçüktür""}"
"12539","","survey-multi-choice","17","262416","0.0-17.0","8fgnf","acanbaldan@gmail.com ","Ahmet Can Baldan ","z","","F07","null","{""Q0"":""Üzülür""}"
"6844","","survey-multi-choice","18","269265","0.0-18.0","8fgnf","acanbaldan@gmail.com ","Ahmet Can Baldan ","z","","Q07","Kardan adam","{""Q0"":""Kartopu savaşı""}"
"14401","","survey-multi-choice","19","283672","0.0-19.0","8fgnf","acanbaldan@gmail.com ","Ahmet Can Baldan ","z","","A18","büyüktür","{""Q0"":""büyüktür""}"
"10795","","survey-multi-choice","20","294473","0.0-20.0","8fgnf","acanbaldan@gmail.com ","Ahmet Can Baldan ","z","","C05","null","{""Q0"":""Üzülür""}"
"2973","","survey-multi-choice","21","297451","0.0-21.0","8fgnf","acanbaldan@gmail.com ","Ahmet Can Baldan ","z","","Q05","Matematik","{""Q0"":""Matematik""}"
"8687","","survey-multi-choice","22","306142","0.0-22.0","8fgnf","acanbaldan@gmail.com ","Ahmet Can Baldan ","z","","A06","büyüktür","{""Q0"":""küçüktür""}"
"14728","","survey-multi-choice","23","320875","0.0-23.0","8fgnf","acanbaldan@gmail.com ","Ahmet Can Baldan ","z","","F16","null","{""Q0"":""Üzülür""}"
"3086.000000000058","","survey-multi-choice","24","323965","0.0-24.0","8fgnf","acanbaldan@gmail.com ","Ahmet Can Baldan ","z","","Q16","Kafe","{""Q0"":""Kafe""}"
"18046","","survey-multi-choice","25","342016","0.0-25.0","8fgnf","acanbaldan@gmail.com ","Ahmet Can Baldan ","z","","A10","büyüktür","{""Q0"":""büyüktür""}"
"9487","","survey-multi-choice","26","351507","0.0-26.0","8fgnf","acanbaldan@gmail.com ","Ahmet Can Baldan ","z","","F10","null","{""Q0"":""Sevinir""}"
"2803","","survey-multi-choice","27","354315","0.0-27.0","8fgnf","acanbaldan@gmail.com ","Ahmet Can Baldan ","z","","Q10","Yüksek lisans","{""Q0"":""Yüksek lisans""}"
"8635","","survey-multi-choice","28","362954","0.0-28.0","8fgnf","acanbaldan@gmail.com ","Ahmet Can Baldan ","z","","A08","küçüktür","{""Q0"":""büyüktür""}"
"8422","","survey-multi-choice","29","371380","0.0-29.0","8fgnf","acanbaldan@gmail.com ","Ahmet Can Baldan ","z","","F13","null","{""Q0"":""Sevinir""}"
"2583","","survey-multi-choice","30","373968","0.0-30.0","8fgnf","acanbaldan@gmail.com ","Ahmet Can Baldan ","z","","Q13","Kars","{""Q0"":""Kars""}"
"9039","","survey-multi-choice","31","383011","0.0-31.0","8fgnf","acanbaldan@gmail.com ","Ahmet Can Baldan ","z","","A07","küçüktür","{""Q0"":""küçüktür""}"
"8337","","survey-multi-choice","32","391356","0.0-32.0","8fgnf","acanbaldan@gmail.com ","Ahmet Can Baldan ","z","","C03","null","{""Q0"":""Üzülür""}"
"4749","","survey-multi-choice","33","396115","0.0-33.0","8fgnf","acanbaldan@gmail.com ","Ahmet Can Baldan ","z","","Q03","Ofis","{""Q0"":""Ofis""}"
"4710","","survey-multi-choice","34","400830","0.0-34.0","8fgnf","acanbaldan@gmail.com ","Ahmet Can Baldan ","z","","A13","küçüktür","{""Q0"":""küçüktür""}"
"10731","","survey-multi-choice","35","411566","0.0-35.0","8fgnf","acanbaldan@gmail.com ","Ahmet Can Baldan ","z","","F18","null","{""Q0"":""Sevinir""}"
"2441","","survey-multi-choice","36","414011","0.0-36.0","8fgnf","acanbaldan@gmail.com ","Ahmet Can Baldan ","z","","Q18","Çilek","{""Q0"":""Çilek""}"
"19097","","survey-multi-choice","37","433113","0.0-37.0","8fgnf","acanbaldan@gmail.com ","Ahmet Can Baldan ","z","","A24","büyüktür","{""Q0"":""büyüktür""}"
"42993","","survey-multi-choice","38","476113","0.0-38.0","8fgnf","acanbaldan@gmail.com ","Ahmet Can Baldan ","z","","F24","null","{""Q0"":""Sevinir""}"
"2530","","survey-multi-choice","39","478648","0.0-39.0","8fgnf","acanbaldan@gmail.com ","Ahmet Can Baldan ","z","","Q24","Tokyo","{""Q0"":""Tokyo""}"
"6039.000000000058","","survey-multi-choice","40","484690","0.0-40.0","8fgnf","acanbaldan@gmail.com ","Ahmet Can Baldan ","z","","A17","küçüktür","{""Q0"":""küçüktür""}"
"7592","","survey-multi-choice","41","492288","0.0-41.0","8fgnf","acanbaldan@gmail.com ","Ahmet Can Baldan ","z","","F22","null","{""Q0"":""Sevinir""}"
"5037","","survey-multi-choice","42","497331","0.0-42.0","8fgnf","acanbaldan@gmail.com ","Ahmet Can Baldan ","z","","Q22","Yoğun","{""Q0"":""Yoğun""}"
"7582.999999999942","","survey-multi-choice","43","504917","0.0-43.0","8fgnf","acanbaldan@gmail.com ","Ahmet Can Baldan ","z","","A03","küçüktür","{""Q0"":""büyüktür""}"
"17935","","survey-multi-choice","44","522857","0.0-44.0","8fgnf","acanbaldan@gmail.com ","Ahmet Can Baldan ","z","","C01","null","{""Q0"":""Üzülür""}"
"4426.000000000116","","survey-multi-choice","45","527287","0.0-45.0","8fgnf","acanbaldan@gmail.com ","Ahmet Can Baldan ","z","","Q01","Arda","{""Q0"":""Arda""}"
"5573.000000000116","","survey-multi-choice","46","532864","0.0-46.0","8fgnf","acanbaldan@gmail.com ","Ahmet Can Baldan ","z","","A19","büyüktür","{""Q0"":""büyüktür""}"
"13153","","survey-multi-choice","47","546021","0.0-47.0","8fgnf","acanbaldan@gmail.com ","Ahmet Can Baldan ","z","","F21","null","{""Q0"":""Üzülür""}"
"2595","","survey-multi-choice","48","548621","0.0-48.0","8fgnf","acanbaldan@gmail.com ","Ahmet Can Baldan ","z","","Q21","Odun","{""Q0"":""Odun""}"
"7560","","survey-multi-choice","49","556185","0.0-49.0","8fgnf","acanbaldan@gmail.com ","Ahmet Can Baldan ","z","","A09","küçüktür","{""Q0"":""küçüktür""}"
"12352","","survey-multi-choice","50","568542","0.0-50.0","8fgnf","acanbaldan@gmail.com ","Ahmet Can Baldan ","z","","F11","null","{""Q0"":""Üzülür""}"
"3153","","survey-multi-choice","51","571699","0.0-51.0","8fgnf","acanbaldan@gmail.com ","Ahmet Can Baldan ","z","","Q11","Ayakkabı","{""Q0"":""Ayakkabı""}"
"3957","","survey-multi-choice","52","575660","0.0-52.0","8fgnf","acanbaldan@gmail.com ","Ahmet Can Baldan ","z","","A21","büyüktür","{""Q0"":""büyüktür""}"
"24144","","survey-multi-choice","53","599809","0.0-53.0","8fgnf","acanbaldan@gmail.com ","Ahmet Can Baldan ","z","","C04","null","{""Q0"":""Üzülür""}"
"5305","","survey-multi-choice","54","605119","0.0-54.0","8fgnf","acanbaldan@gmail.com ","Ahmet Can Baldan ","z","","Q04","Kamp","{""Q0"":""Kamp""}"
"8817","","survey-multi-choice","55","613940","0.0-55.0","8fgnf","acanbaldan@gmail.com ","Ahmet Can Baldan ","z","","A20","küçüktür","{""Q0"":""küçüktür""}"
"9031","","survey-multi-choice","56","622976","0.0-56.0","8fgnf","acanbaldan@gmail.com ","Ahmet Can Baldan ","z","","F09","null","{""Q0"":""Sevinir""}"
"3580","","survey-multi-choice","57","626563","0.0-57.0","8fgnf","acanbaldan@gmail.com ","Ahmet Can Baldan ","z","","Q09","Yemekhane","{""Q0"":""Yemekhane""}"
"10075","","survey-multi-choice","58","636642","0.0-58.0","8fgnf","acanbaldan@gmail.com ","Ahmet Can Baldan ","z","","A02","küçüktür","{""Q0"":""küçüktür""}"
"9638","","survey-multi-choice","59","646285","0.0-59.0","8fgnf","acanbaldan@gmail.com ","Ahmet Can Baldan ","z","","F19","null","{""Q0"":""Üzülür""}"
"3816","","survey-multi-choice","60","650107","0.0-60.0","8fgnf","acanbaldan@gmail.com ","Ahmet Can Baldan ","z","","Q19","Fizik","{""Q0"":""Fizik""}"
"6060","","survey-multi-choice","61","656171","0.0-61.0","8fgnf","acanbaldan@gmail.com ","Ahmet Can Baldan ","z","","A15","büyüktür","{""Q0"":""küçüktür""}"
"16135.000000000116","","survey-multi-choice","62","672311","0.0-62.0","8fgnf","acanbaldan@gmail.com ","Ahmet Can Baldan ","z","","C06","null","{""Q0"":""Sevinir""}"
"6171.999999999884","","survey-multi-choice","63","678488","0.0-63.0","8fgnf","acanbaldan@gmail.com ","Ahmet Can Baldan ","z","","Q06","Müdür","{""Q0"":""Müdür""}"
"10301","","survey-multi-choice","64","688793","0.0-64.0","8fgnf","acanbaldan@gmail.com ","Ahmet Can Baldan ","z","","A23","büyüktür","{""Q0"":""büyüktür""}"
"5470","","survey-multi-choice","65","694266","0.0-65.0","8fgnf","acanbaldan@gmail.com ","Ahmet Can Baldan ","z","","F08","null","{""Q0"":""Üzülür""}"
"3653","","survey-multi-choice","66","697923","0.0-66.0","8fgnf","acanbaldan@gmail.com ","Ahmet Can Baldan ","z","","Q08","Tenis","{""Q0"":""Tenis""}"
"2042","","survey-multi-choice","67","699971","0.0-67.0","8fgnf","acanbaldan@gmail.com ","Ahmet Can Baldan ","z","","A01","küçüktür","{""Q0"":""büyüktür""}"
"5455","","survey-multi-choice","68","705431","0.0-68.0","8fgnf","acanbaldan@gmail.com ","Ahmet Can Baldan ","z","","F23","null","{""Q0"":""Üzülür""}"
"4575","","survey-multi-choice","69","710012","0.0-69.0","8fgnf","acanbaldan@gmail.com ","Ahmet Can Baldan ","z","","Q23","Çarpışan arabalar","{""Q0"":""Çarpışan arabalar""}"
"6055","","survey-multi-choice","70","716072","0.0-70.0","8fgnf","acanbaldan@gmail.com ","Ahmet Can Baldan ","z","","A11","büyüktür","{""Q0"":""küçüktür""}"
"11294","","survey-multi-choice","71","727371","0.0-71.0","8fgnf","acanbaldan@gmail.com ","Ahmet Can Baldan ","z","","F12","null","{""Q0"":""Sevinir""}"
"4299","","survey-multi-choice","72","731675","0.0-72.0","8fgnf","acanbaldan@gmail.com ","Ahmet Can Baldan ","z","","Q12","Para biriktirmek","{""Q0"":""Para biriktirmek""}"
"3811","","survey-multi-choice","73","735490","0.0-73.0","8fgnf","acanbaldan@gmail.com ","Ahmet Can Baldan ","z","","A12","büyüktür","{""Q0"":""büyüktür""}"
