"rt","url","trial_type","trial_index","time_elapsed","internal_node_id","subject","subject_email","subject_name","group","view_history","id","correct","responses"
"39688","resources/welcome.html","external-html","0","39715","0.0-0.0","l8z5x","","Kerem Demir","z","","","",""
"6490","","instructions","1","46210","0.0-1.0","l8z5x","","Kerem Demir","z","[{""page_index"":0,""viewing_time"":6488}]","","",""
"11321.999999999993","","survey-multi-choice","2","57539","0.0-2.0","l8z5x","","Kerem Demir","z","","F21","null","{""Q0"":""Sevinir""}"
"3698","","survey-multi-choice","3","61243","0.0-3.0","l8z5x","","Kerem Demir","z","","Q21","Odun","{""Q0"":""Odun""}"
"23798","","survey-multi-choice","4","85046","0.0-4.0","l8z5x","","Kerem Demir","z","","A18","büyüktür","{""Q0"":""büyüktür""}"
"12308","","survey-multi-choice","5","97361","0.0-5.0","l8z5x","","Kerem Demir","z","","F22","null","{""Q0"":""Üzülür""}"
"5059","","survey-multi-choice","6","102425","0.0-6.0","l8z5x","","Kerem Demir","z","","Q22","Yoğun","{""Q0"":""Rahat""}"
"13689","","survey-multi-choice","7","116121","0.0-7.0","l8z5x","","Kerem Demir","z","","A12","büyüktür","{""Q0"":""büyüktür""}"
"8750","","survey-multi-choice","8","124879","0.0-8.0","l8z5x","","Kerem Demir","z","","F16","null","{""Q0"":""Üzülür""}"
"3460.9999999999854","","survey-multi-choice","9","128345","0.0-9.0","l8z5x","","Kerem Demir","z","","Q16","Kafe","{""Q0"":""Kafe""}"
"13662","","survey-multi-choice","10","142014","0.0-10.0","l8z5x","","Kerem Demir","z","","A22","küçüktür","{""Q0"":""küçüktür""}"
"10148","","survey-multi-choice","11","152169","0.0-11.0","l8z5x","","Kerem Demir","z","","C01","null","{""Q0"":""Üzülür""}"
"4039","","survey-multi-choice","12","156214","0.0-12.0","l8z5x","","Kerem Demir","z","","Q01","Arda","{""Q0"":""Arda""}"
"9645","","survey-multi-choice","13","165864","0.0-13.0","l8z5x","","Kerem Demir","z","","A23","büyüktür","{""Q0"":""büyüktür""}"
"14260","","survey-multi-choice","14","180131","0.0-14.0","l8z5x","","Kerem Demir","z","","F10","null","{""Q0"":""Sevinir""}"
"4678","","survey-multi-choice","15","184814","0.0-15.0","l8z5x","","Kerem Demir","z","","Q10","Yüksek lisans","{""Q0"":""Yüksek lisans""}"
"14950","","survey-multi-choice","16","199770","0.0-16.0","l8z5x","","Kerem Demir","z","","A05","küçüktür","{""Q0"":""küçüktür""}"
"7436","","survey-multi-choice","17","207211","0.0-17.0","l8z5x","","Kerem Demir","z","","F13","null","{""Q0"":""Üzülür""}"
"3432","","survey-multi-choice","18","210648","0.0-18.0","l8z5x","","Kerem Demir","z","","Q13","Kars","{""Q0"":""Kars""}"
"19284","","survey-multi-choice","19","229938","0.0-19.0","l8z5x","","Kerem Demir","z","","A19","büyüktür","{""Q0"":""büyüktür""}"
"31881.00000000006","","survey-multi-choice","20","261826","0.0-20.0","l8z5x","","Kerem Demir","z","","C04","null","{""Q0"":""Üzülür""}"
"3671","","survey-multi-choice","21","265502","0.0-21.0","l8z5x","","Kerem Demir","z","","Q04","Kamp","{""Q0"":""Kamp""}"
"9581.000000000058","","survey-multi-choice","22","275088","0.0-22.0","l8z5x","","Kerem Demir","z","","A10","büyüktür","{""Q0"":""büyüktür""}"
"11808","","survey-multi-choice","23","286903","0.0-23.0","l8z5x","","Kerem Demir","z","","F09","null","{""Q0"":""Üzülür""}"
"3939.000000000058","","survey-multi-choice","24","290850","0.0-24.0","l8z5x","","Kerem Demir","z","","Q09","Yemekhane","{""Q0"":""Yemekhane""}"
"15512","","survey-multi-choice","25","306368","0.0-25.0","l8z5x","","Kerem Demir","z","","A09","küçüktür","{""Q0"":""küçüktür""}"
"13576","","survey-multi-choice","26","319952","0.0-26.0","l8z5x","","Kerem Demir","z","","F15","null","{""Q0"":""Sevinir""}"
"3229","","survey-multi-choice","27","323186","0.0-27.0","l8z5x","","Kerem Demir","z","","Q15","Altı","{""Q0"":""Altı""}"
"17396","","survey-multi-choice","28","340590","0.0-28.0","l8z5x","","Kerem Demir","z","","A07","küçüktür","{""Q0"":""küçüktür""}"
"7774","","survey-multi-choice","29","348371","0.0-29.0","l8z5x","","Kerem Demir","z","","F24","null","{""Q0"":""Üzülür""}"
"2591.999999999942","","survey-multi-choice","30","350968","0.0-30.0","l8z5x","","Kerem Demir","z","","Q24","Tokyo","{""Q0"":""Tokyo""}"
"10889","","survey-multi-choice","31","361862","0.0-31.0","l8z5x","","Kerem Demir","z","","A16","küçüktür","{""Q0"":""küçüktür""}"
"11669","","survey-multi-choice","32","373545","0.0-32.0","l8z5x","","Kerem Demir","z","","C02","null","{""Q0"":""Sevinir""}"
"3892.999999999942","","survey-multi-choice","33","377445","0.0-33.0","l8z5x","","Kerem Demir","z","","Q02","Oyuncak bebek","{""Q0"":""Oyuncak bebek""}"
"9433.000000000058","","survey-multi-choice","34","386886","0.0-34.0","l8z5x","","Kerem Demir","z","","A21","büyüktür","{""Q0"":""büyüktür""}"
"9738.999999999942","","survey-multi-choice","35","396632","0.0-35.0","l8z5x","","Kerem Demir","z","","F12","null","{""Q0"":""Sevinir""}"
"5478","","survey-multi-choice","36","402117","0.0-36.0","l8z5x","","Kerem Demir","z","","Q12","Para biriktirmek","{""Q0"":""Para biriktirmek""}"
"11275","","survey-multi-choice","37","413399","0.0-37.0","l8z5x","","Kerem Demir","z","","A02","küçüktür","{""Q0"":""küçüktür""}"
"13998","","survey-multi-choice","38","427405","0.0-38.0","l8z5x","","Kerem Demir","z","","F08","null","{""Q0"":""Üzülür""}"
"2640","","survey-multi-choice","39","430052","0.0-39.0","l8z5x","","Kerem Demir","z","","Q08","Tenis","{""Q0"":""Tenis""}"
"9536","","survey-multi-choice","40","439596","0.0-40.0","l8z5x","","Kerem Demir","z","","A24","büyüktür","{""Q0"":""büyüktür""}"
"12602","","survey-multi-choice","41","452205","0.0-41.0","l8z5x","","Kerem Demir","z","","F20","null","{""Q0"":""Üzülür""}"
"3008.000000000058","","survey-multi-choice","42","455220","0.0-42.0","l8z5x","","Kerem Demir","z","","Q20","Piyango bileti","{""Q0"":""Piyango bileti""}"
"8940","","survey-multi-choice","43","464167","0.0-43.0","l8z5x","","Kerem Demir","z","","A14","büyüktür","{""Q0"":""büyüktür""}"
"42549","","survey-multi-choice","44","506723","0.0-44.0","l8z5x","","Kerem Demir","z","","C03","null","{""Q0"":""Üzülür""}"
"4241.999999999942","","survey-multi-choice","45","510972","0.0-45.0","l8z5x","","Kerem Demir","z","","Q03","Ofis","{""Q0"":""Ofis""}"
"3490","","survey-multi-choice","46","514470","0.0-46.0","l8z5x","","Kerem Demir","z","","A13","küçüktür","{""Q0"":""büyüktür""}"
"7314.999999999942","","survey-multi-choice","47","521793","0.0-47.0","l8z5x","","Kerem Demir","z","","F14","null","{""Q0"":""Sevinir""}"
"4811","","survey-multi-choice","48","526608","0.0-48.0","l8z5x","","Kerem Demir","z","","Q14","Birinci","{""Q0"":""Birinci""}"
"2442","","survey-multi-choice","49","529055","0.0-49.0","l8z5x","","Kerem Demir","z","","A20","küçüktür","{""Q0"":""küçüktür""}"
"16726","","survey-multi-choice","50","545785","0.0-50.0","l8z5x","","Kerem Demir","z","","F11","null","{""Q0"":""Sevinir""}"
"3598","","survey-multi-choice","51","549387","0.0-51.0","l8z5x","","Kerem Demir","z","","Q11","Ayakkabı","{""Q0"":""Ayakkabı""}"
"2463.0000000001164","","survey-multi-choice","52","551855","0.0-52.0","l8z5x","","Kerem Demir","z","","A11","büyüktür","{""Q0"":""büyüktür""}"
"8606.999999999884","","survey-multi-choice","53","560467","0.0-53.0","l8z5x","","Kerem Demir","z","","C05","null","{""Q0"":""Üzülür""}"
"3636","","survey-multi-choice","54","564106","0.0-54.0","l8z5x","","Kerem Demir","z","","Q05","Matematik","{""Q0"":""Matematik""}"
"3626","","survey-multi-choice","55","567738","0.0-55.0","l8z5x","","Kerem Demir","z","","A03","küçüktür","{""Q0"":""büyüktür""}"
"6463","","survey-multi-choice","56","574208","0.0-56.0","l8z5x","","Kerem Demir","z","","F07","null","{""Q0"":""Sevinir""}"
"3793","","survey-multi-choice","57","578007","0.0-57.0","l8z5x","","Kerem Demir","z","","Q07","Kardan adam","{""Q0"":""Kardan adam""}"
"3647","","survey-multi-choice","58","581658","0.0-58.0","l8z5x","","Kerem Demir","z","","A01","küçüktür","{""Q0"":""büyüktür""}"
"12879","","survey-multi-choice","59","594543","0.0-59.0","l8z5x","","Kerem Demir","z","","F17","null","{""Q0"":""Üzülür""}"
"3024","","survey-multi-choice","60","597574","0.0-60.0","l8z5x","","Kerem Demir","z","","Q17","Öğle yemeği","{""Q0"":""Akşam yemeği""}"
"3144","","survey-multi-choice","61","600724","0.0-61.0","l8z5x","","Kerem Demir","z","","A06","büyüktür","{""Q0"":""büyüktür""}"
"11237.999999999884","","survey-multi-choice","62","611966","0.0-62.0","l8z5x","","Kerem Demir","z","","C06","null","{""Q0"":""Sevinir""}"
"3790","","survey-multi-choice","63","615761","0.0-63.0","l8z5x","","Kerem Demir","z","","Q06","Müdür","{""Q0"":""Müdür""}"
"4307","","survey-multi-choice","64","620075","0.0-64.0","l8z5x","","Kerem Demir","z","","A17","küçüktür","{""Q0"":""büyüktür""}"
"7441.999999999884","","survey-multi-choice","65","627521","0.0-65.0","l8z5x","","Kerem Demir","z","","F19","null","{""Q0"":""Sevinir""}"
"3082","","survey-multi-choice","66","630607","0.0-66.0","l8z5x","","Kerem Demir","z","","Q19","Fizik","{""Q0"":""Matematik""}"
"2693","","survey-multi-choice","67","633307","0.0-67.0","l8z5x","","Kerem Demir","z","","A04","büyüktür","{""Q0"":""büyüktür""}"
"9499","","survey-multi-choice","68","642813","0.0-68.0","l8z5x","","Kerem Demir","z","","F18","null","{""Q0"":""Üzülür""}"
"2545","","survey-multi-choice","69","645364","0.0-69.0","l8z5x","","Kerem Demir","z","","Q18","Çilek","{""Q0"":""Çilek""}"
"4293.000000000116","","survey-multi-choice","70","649660","0.0-70.0","l8z5x","","Kerem Demir","z","","A15","büyüktür","{""Q0"":""büyüktür""}"
"12025","","survey-multi-choice","71","661691","0.0-71.0","l8z5x","","Kerem Demir","z","","F23","null","{""Q0"":""Üzülür""}"
"5497","","survey-multi-choice","72","667193","0.0-72.0","l8z5x","","Kerem Demir","z","","Q23","Çarpışan arabalar","{""Q0"":""Çarpışan arabalar""}"
"6178","","survey-multi-choice","73","673377","0.0-73.0","l8z5x","","Kerem Demir","z","","A08","küçüktür","{""Q0"":""küçüktür""}"
