"rt","url","trial_type","trial_index","time_elapsed","internal_node_id","subject","subject_email","subject_name","group","view_history","id","correct","responses"
"36868","resources/welcome.html","external-html","0","36893","0.0-0.0","jslay","kosemehmetmert@gmail.com","Mehmet Mert KÖSE","z","","","",""
"35615","","instructions","1","72514","0.0-1.0","jslay","kosemehmetmert@gmail.com","Mehmet Mert KÖSE","z","[{""page_index"":0,""viewing_time"":35613.000000000015}]","","",""
"11186.999999999985","","survey-multi-choice","2","83709","0.0-2.0","jslay","kosemehmetmert@gmail.com","Mehmet Mert KÖSE","z","","F09","null","{""Q0"":""Üzülür""}"
"4999","","survey-multi-choice","3","88712","0.0-3.0","jslay","kosemehmetmert@gmail.com","Mehmet Mert KÖSE","z","","Q09","Yemekhane","{""Q0"":""Yemekhane""}"
"6460.000000000015","","survey-multi-choice","4","95177","0.0-4.0","jslay","kosemehmetmert@gmail.com","Mehmet Mert KÖSE","z","","A17","küçüktür","{""Q0"":""büyüktür""}"
"9028","","survey-multi-choice","5","104210","0.0-5.0","jslay","kosemehmetmert@gmail.com","Mehmet Mert KÖSE","z","","F12","null","{""Q0"":""Sevinir""}"
"4903","","survey-multi-choice","6","109119","0.0-6.0","jslay","kosemehmetmert@gmail.com","Mehmet Mert KÖSE","z","","Q12","Para biriktirmek","{""Q0"":""Para biriktirmek""}"
"4949","","survey-multi-choice","7","114073","0.0-7.0","jslay","kosemehmetmert@gmail.com","Mehmet Mert KÖSE","z","","A15","büyüktür","{""Q0"":""büyüktür""}"
"15565","","survey-multi-choice","8","129643","0.0-8.0","jslay","kosemehmetmert@gmail.com","Mehmet Mert KÖSE","z","","F07","null","{""Q0"":""Üzülür""}"
"5192","","survey-multi-choice","9","134841","0.0-9.0","jslay","kosemehmetmert@gmail.com","Mehmet Mert KÖSE","z","","Q07","Kardan adam","{""Q0"":""Kardan adam""}"
"14684","","survey-multi-choice","10","149531","0.0-10.0","jslay","kosemehmetmert@gmail.com","Mehmet Mert KÖSE","z","","A22","küçüktür","{""Q0"":""küçüktür""}"
"14027","","survey-multi-choice","11","163562","0.0-11.0","jslay","kosemehmetmert@gmail.com","Mehmet Mert KÖSE","z","","C05","null","{""Q0"":""Üzülür""}"
"3615","","survey-multi-choice","12","167184","0.0-12.0","jslay","kosemehmetmert@gmail.com","Mehmet Mert KÖSE","z","","Q05","Matematik","{""Q0"":""Matematik""}"
"18175","","survey-multi-choice","13","185364","0.0-13.0","jslay","kosemehmetmert@gmail.com","Mehmet Mert KÖSE","z","","A16","küçüktür","{""Q0"":""büyüktür""}"
"10768.99999999997","","survey-multi-choice","14","196138","0.0-14.0","jslay","kosemehmetmert@gmail.com","Mehmet Mert KÖSE","z","","F18","null","{""Q0"":""Sevinir""}"
"2763","","survey-multi-choice","15","198908","0.0-15.0","jslay","kosemehmetmert@gmail.com","Mehmet Mert KÖSE","z","","Q18","Çilek","{""Q0"":""Çilek""}"
"5464","","survey-multi-choice","16","204377","0.0-16.0","jslay","kosemehmetmert@gmail.com","Mehmet Mert KÖSE","z","","A13","küçüktür","{""Q0"":""büyüktür""}"
"8898.00000000003","","survey-multi-choice","17","213281","0.0-17.0","jslay","kosemehmetmert@gmail.com","Mehmet Mert KÖSE","z","","F24","null","{""Q0"":""Sevinir""}"
"3162.999999999971","","survey-multi-choice","18","216449","0.0-18.0","jslay","kosemehmetmert@gmail.com","Mehmet Mert KÖSE","z","","Q24","Tokyo","{""Q0"":""Tokyo""}"
"5679","","survey-multi-choice","19","222133","0.0-19.0","jslay","kosemehmetmert@gmail.com","Mehmet Mert KÖSE","z","","A07","küçüktür","{""Q0"":""büyüktür""}"
"16004.99999999997","","survey-multi-choice","20","238142","0.0-20.0","jslay","kosemehmetmert@gmail.com","Mehmet Mert KÖSE","z","","C02","null","{""Q0"":""Sevinir""}"
"3959","","survey-multi-choice","21","242106","0.0-21.0","jslay","kosemehmetmert@gmail.com","Mehmet Mert KÖSE","z","","Q02","Oyuncak bebek","{""Q0"":""Oyuncak bebek""}"
"5904","","survey-multi-choice","22","248015","0.0-22.0","jslay","kosemehmetmert@gmail.com","Mehmet Mert KÖSE","z","","A09","küçüktür","{""Q0"":""büyüktür""}"
"6431","","survey-multi-choice","23","254451","0.0-23.0","jslay","kosemehmetmert@gmail.com","Mehmet Mert KÖSE","z","","F08","null","{""Q0"":""Üzülür""}"
"3839.000000000029","","survey-multi-choice","24","258295","0.0-24.0","jslay","kosemehmetmert@gmail.com","Mehmet Mert KÖSE","z","","Q08","Tenis","{""Q0"":""Tenis""}"
"6790","","survey-multi-choice","25","265090","0.0-25.0","jslay","kosemehmetmert@gmail.com","Mehmet Mert KÖSE","z","","A01","küçüktür","{""Q0"":""büyüktür""}"
"8117","","survey-multi-choice","26","273212","0.0-26.0","jslay","kosemehmetmert@gmail.com","Mehmet Mert KÖSE","z","","F20","null","{""Q0"":""Sevinir""}"
"3244","","survey-multi-choice","27","276462","0.0-27.0","jslay","kosemehmetmert@gmail.com","Mehmet Mert KÖSE","z","","Q20","Piyango bileti","{""Q0"":""Piyango bileti""}"
"7163","","survey-multi-choice","28","283630","0.0-28.0","jslay","kosemehmetmert@gmail.com","Mehmet Mert KÖSE","z","","A11","büyüktür","{""Q0"":""büyüktür""}"
"7623.999999999942","","survey-multi-choice","29","291259","0.0-29.0","jslay","kosemehmetmert@gmail.com","Mehmet Mert KÖSE","z","","F19","null","{""Q0"":""Üzülür""}"
"4840.000000000058","","survey-multi-choice","30","296106","0.0-30.0","jslay","kosemehmetmert@gmail.com","Mehmet Mert KÖSE","z","","Q19","Fizik","{""Q0"":""Fizik""}"
"3736.999999999942","","survey-multi-choice","31","299848","0.0-31.0","jslay","kosemehmetmert@gmail.com","Mehmet Mert KÖSE","z","","A10","büyüktür","{""Q0"":""büyüktür""}"
"15229","","survey-multi-choice","32","315082","0.0-32.0","jslay","kosemehmetmert@gmail.com","Mehmet Mert KÖSE","z","","C01","null","{""Q0"":""Sevinir""}"
"3420","","survey-multi-choice","33","318508","0.0-33.0","jslay","kosemehmetmert@gmail.com","Mehmet Mert KÖSE","z","","Q01","Arda","{""Q0"":""Arda""}"
"4261","","survey-multi-choice","34","322777","0.0-34.0","jslay","kosemehmetmert@gmail.com","Mehmet Mert KÖSE","z","","A12","büyüktür","{""Q0"":""büyüktür""}"
"12227","","survey-multi-choice","35","335009","0.0-35.0","jslay","kosemehmetmert@gmail.com","Mehmet Mert KÖSE","z","","F16","null","{""Q0"":""Sevinir""}"
"4194","","survey-multi-choice","36","339209","0.0-36.0","jslay","kosemehmetmert@gmail.com","Mehmet Mert KÖSE","z","","Q16","Kafe","{""Q0"":""Kafe""}"
"6083","","survey-multi-choice","37","345297","0.0-37.0","jslay","kosemehmetmert@gmail.com","Mehmet Mert KÖSE","z","","A18","büyüktür","{""Q0"":""büyüktür""}"
"12334","","survey-multi-choice","38","357636","0.0-38.0","jslay","kosemehmetmert@gmail.com","Mehmet Mert KÖSE","z","","F15","null","{""Q0"":""Üzülür""}"
"2397","","survey-multi-choice","39","360039","0.0-39.0","jslay","kosemehmetmert@gmail.com","Mehmet Mert KÖSE","z","","Q15","Altı","{""Q0"":""Altı""}"
"8058","","survey-multi-choice","40","368102","0.0-40.0","jslay","kosemehmetmert@gmail.com","Mehmet Mert KÖSE","z","","A21","büyüktür","{""Q0"":""küçüktür""}"
"12099","","survey-multi-choice","41","380208","0.0-41.0","jslay","kosemehmetmert@gmail.com","Mehmet Mert KÖSE","z","","F22","null","{""Q0"":""Sevinir""}"
"6536","","survey-multi-choice","42","386751","0.0-42.0","jslay","kosemehmetmert@gmail.com","Mehmet Mert KÖSE","z","","Q22","Yoğun","{""Q0"":""Yoğun""}"
"3224","","survey-multi-choice","43","389979","0.0-43.0","jslay","kosemehmetmert@gmail.com","Mehmet Mert KÖSE","z","","A08","küçüktür","{""Q0"":""büyüktür""}"
"9405","","survey-multi-choice","44","399390","0.0-44.0","jslay","kosemehmetmert@gmail.com","Mehmet Mert KÖSE","z","","C04","null","{""Q0"":""Sevinir""}"
"2841.999999999942","","survey-multi-choice","45","402239","0.0-45.0","jslay","kosemehmetmert@gmail.com","Mehmet Mert KÖSE","z","","Q04","Kamp","{""Q0"":""Kamp""}"
"11297","","survey-multi-choice","46","413541","0.0-46.0","jslay","kosemehmetmert@gmail.com","Mehmet Mert KÖSE","z","","A03","küçüktür","{""Q0"":""küçüktür""}"
"9099","","survey-multi-choice","47","422646","0.0-47.0","jslay","kosemehmetmert@gmail.com","Mehmet Mert KÖSE","z","","F11","null","{""Q0"":""Üzülür""}"
"3842","","survey-multi-choice","48","426494","0.0-48.0","jslay","kosemehmetmert@gmail.com","Mehmet Mert KÖSE","z","","Q11","Ayakkabı","{""Q0"":""Ayakkabı""}"
"5785","","survey-multi-choice","49","432285","0.0-49.0","jslay","kosemehmetmert@gmail.com","Mehmet Mert KÖSE","z","","A24","büyüktür","{""Q0"":""büyüktür""}"
"6801.999999999942","","survey-multi-choice","50","439093","0.0-50.0","jslay","kosemehmetmert@gmail.com","Mehmet Mert KÖSE","z","","F13","null","{""Q0"":""Sevinir""}"
"2186.999999999942","","survey-multi-choice","51","441285","0.0-51.0","jslay","kosemehmetmert@gmail.com","Mehmet Mert KÖSE","z","","Q13","Kars","{""Q0"":""Kars""}"
"2881.999999999942","","survey-multi-choice","52","444173","0.0-52.0","jslay","kosemehmetmert@gmail.com","Mehmet Mert KÖSE","z","","A02","küçüktür","{""Q0"":""büyüktür""}"
"14525","","survey-multi-choice","53","458704","0.0-53.0","jslay","kosemehmetmert@gmail.com","Mehmet Mert KÖSE","z","","C03","null","{""Q0"":""Sevinir""}"
"2597","","survey-multi-choice","54","461307","0.0-54.0","jslay","kosemehmetmert@gmail.com","Mehmet Mert KÖSE","z","","Q03","Ofis","{""Q0"":""Ofis""}"
"7190","","survey-multi-choice","55","468503","0.0-55.0","jslay","kosemehmetmert@gmail.com","Mehmet Mert KÖSE","z","","A04","büyüktür","{""Q0"":""büyüktür""}"
"9106","","survey-multi-choice","56","477614","0.0-56.0","jslay","kosemehmetmert@gmail.com","Mehmet Mert KÖSE","z","","F23","null","{""Q0"":""Üzülür""}"
"3171","","survey-multi-choice","57","480792","0.0-57.0","jslay","kosemehmetmert@gmail.com","Mehmet Mert KÖSE","z","","Q23","Çarpışan arabalar","{""Q0"":""Çarpışan arabalar""}"
"7872","","survey-multi-choice","58","488669","0.0-58.0","jslay","kosemehmetmert@gmail.com","Mehmet Mert KÖSE","z","","A23","büyüktür","{""Q0"":""büyüktür""}"
"7364","","survey-multi-choice","59","496044","0.0-59.0","jslay","kosemehmetmert@gmail.com","Mehmet Mert KÖSE","z","","F21","null","{""Q0"":""Üzülür""}"
"2645.000000000058","","survey-multi-choice","60","498694","0.0-60.0","jslay","kosemehmetmert@gmail.com","Mehmet Mert KÖSE","z","","Q21","Odun","{""Q0"":""Odun""}"
"9721.000000000058","","survey-multi-choice","61","508421","0.0-61.0","jslay","kosemehmetmert@gmail.com","Mehmet Mert KÖSE","z","","A14","büyüktür","{""Q0"":""küçüktür""}"
"11399.000000000058","","survey-multi-choice","62","519826","0.0-62.0","jslay","kosemehmetmert@gmail.com","Mehmet Mert KÖSE","z","","C06","null","{""Q0"":""Üzülür""}"
"6316.999999999942","","survey-multi-choice","63","526149","0.0-63.0","jslay","kosemehmetmert@gmail.com","Mehmet Mert KÖSE","z","","Q06","Müdür","{""Q0"":""Müdür""}"
"6606","","survey-multi-choice","64","532761","0.0-64.0","jslay","kosemehmetmert@gmail.com","Mehmet Mert KÖSE","z","","A20","küçüktür","{""Q0"":""küçüktür""}"
"13755","","survey-multi-choice","65","546522","0.0-65.0","jslay","kosemehmetmert@gmail.com","Mehmet Mert KÖSE","z","","F17","null","{""Q0"":""Üzülür""}"
"9290.999999999884","","survey-multi-choice","66","555819","0.0-66.0","jslay","kosemehmetmert@gmail.com","Mehmet Mert KÖSE","z","","Q17","Öğle yemeği","{""Q0"":""Öğle yemeği""}"
"8741","","survey-multi-choice","67","564564","0.0-67.0","jslay","kosemehmetmert@gmail.com","Mehmet Mert KÖSE","z","","A05","küçüktür","{""Q0"":""küçüktür""}"
"13622","","survey-multi-choice","68","578192","0.0-68.0","jslay","kosemehmetmert@gmail.com","Mehmet Mert KÖSE","z","","F10","null","{""Q0"":""Sevinir""}"
"4245","","survey-multi-choice","69","582443","0.0-69.0","jslay","kosemehmetmert@gmail.com","Mehmet Mert KÖSE","z","","Q10","Yüksek lisans","{""Q0"":""Önlisans""}"
"10077","","survey-multi-choice","70","592524","0.0-70.0","jslay","kosemehmetmert@gmail.com","Mehmet Mert KÖSE","z","","A19","büyüktür","{""Q0"":""büyüktür""}"
"16627","","survey-multi-choice","71","609157","0.0-71.0","jslay","kosemehmetmert@gmail.com","Mehmet Mert KÖSE","z","","F14","null","{""Q0"":""Üzülür""}"
"4336.000000000116","","survey-multi-choice","72","613499","0.0-72.0","jslay","kosemehmetmert@gmail.com","Mehmet Mert KÖSE","z","","Q14","Birinci","{""Q0"":""İkinci""}"
"4515","","survey-multi-choice","73","618019","0.0-73.0","jslay","kosemehmetmert@gmail.com","Mehmet Mert KÖSE","z","","A06","büyüktür","{""Q0"":""büyüktür""}"
