"rt","url","trial_type","trial_index","time_elapsed","internal_node_id","subject","subject_email","subject_name","group","view_history","id","correct","responses"
"57492","resources/welcome.html","external-html","0","57569","0.0-0.0","k8osa","bilgenuraslan05@gmail.com","Bilgenur Aslan","z","","","",""
"13331","","instructions","1","70909","0.0-1.0","k8osa","bilgenuraslan05@gmail.com","Bilgenur Aslan","z","[{""page_index"":0,""viewing_time"":13326.000000000015}]","","",""
"28019","","survey-multi-choice","2","98955","0.0-2.0","k8osa","bilgenuraslan05@gmail.com","Bilgenur Aslan","z","","F13","null","{""Q0"":""Sevinir""}"
"3360","","survey-multi-choice","3","102328","0.0-3.0","k8osa","bilgenuraslan05@gmail.com","Bilgenur Aslan","z","","Q13","Kars","{""Q0"":""Kars""}"
"32908","","survey-multi-choice","4","135242","0.0-4.0","k8osa","bilgenuraslan05@gmail.com","Bilgenur Aslan","z","","A02","küçüktür","{""Q0"":""küçüktür""}"
"16817","","survey-multi-choice","5","152067","0.0-5.0","k8osa","bilgenuraslan05@gmail.com","Bilgenur Aslan","z","","F18","null","{""Q0"":""Sevinir""}"
"6752","","survey-multi-choice","6","158826","0.0-6.0","k8osa","bilgenuraslan05@gmail.com","Bilgenur Aslan","z","","Q18","Çilek","{""Q0"":""Çilek""}"
"26910","","survey-multi-choice","7","185742","0.0-7.0","k8osa","bilgenuraslan05@gmail.com","Bilgenur Aslan","z","","A10","büyüktür","{""Q0"":""büyüktür""}"
"10555","","survey-multi-choice","8","196308","0.0-8.0","k8osa","bilgenuraslan05@gmail.com","Bilgenur Aslan","z","","F17","null","{""Q0"":""Üzülür""}"
"3436.000000000029","","survey-multi-choice","9","199750","0.0-9.0","k8osa","bilgenuraslan05@gmail.com","Bilgenur Aslan","z","","Q17","Öğle yemeği","{""Q0"":""Akşam yemeği""}"
"18658.99999999997","","survey-multi-choice","10","218420","0.0-10.0","k8osa","bilgenuraslan05@gmail.com","Bilgenur Aslan","z","","A09","küçüktür","{""Q0"":""küçüktür""}"
"6259.999999999971","","survey-multi-choice","11","224689","0.0-11.0","k8osa","bilgenuraslan05@gmail.com","Bilgenur Aslan","z","","C05","null","{""Q0"":""Üzülür""}"
"4394","","survey-multi-choice","12","229089","0.0-12.0","k8osa","bilgenuraslan05@gmail.com","Bilgenur Aslan","z","","Q05","Matematik","{""Q0"":""Matematik""}"
"13321.00000000003","","survey-multi-choice","13","242415","0.0-13.0","k8osa","bilgenuraslan05@gmail.com","Bilgenur Aslan","z","","A13","küçüktür","{""Q0"":""küçüktür""}"
"5757","","survey-multi-choice","14","248180","0.0-14.0","k8osa","bilgenuraslan05@gmail.com","Bilgenur Aslan","z","","F12","null","{""Q0"":""Sevinir""}"
"2973.000000000029","","survey-multi-choice","15","251159","0.0-15.0","k8osa","bilgenuraslan05@gmail.com","Bilgenur Aslan","z","","Q12","Para biriktirmek","{""Q0"":""Para biriktirmek""}"
"19406","","survey-multi-choice","16","270575","0.0-16.0","k8osa","bilgenuraslan05@gmail.com","Bilgenur Aslan","z","","A15","büyüktür","{""Q0"":""büyüktür""}"
"6740","","survey-multi-choice","17","277320","0.0-17.0","k8osa","bilgenuraslan05@gmail.com","Bilgenur Aslan","z","","F11","null","{""Q0"":""Üzülür""}"
"2781","","survey-multi-choice","18","280110","0.0-18.0","k8osa","bilgenuraslan05@gmail.com","Bilgenur Aslan","z","","Q11","Ayakkabı","{""Q0"":""Ayakkabı""}"
"26581","","survey-multi-choice","19","306697","0.0-19.0","k8osa","bilgenuraslan05@gmail.com","Bilgenur Aslan","z","","A08","küçüktür","{""Q0"":""küçüktür""}"
"13260","","survey-multi-choice","20","319963","0.0-20.0","k8osa","bilgenuraslan05@gmail.com","Bilgenur Aslan","z","","C02","null","{""Q0"":""Üzülür""}"
"4530","","survey-multi-choice","21","324504","0.0-21.0","k8osa","bilgenuraslan05@gmail.com","Bilgenur Aslan","z","","Q02","Oyuncak bebek","{""Q0"":""Oyuncak bebek""}"
"12364.999999999942","","survey-multi-choice","22","336874","0.0-22.0","k8osa","bilgenuraslan05@gmail.com","Bilgenur Aslan","z","","A12","büyüktür","{""Q0"":""küçüktür""}"
"17715.99999999994","","survey-multi-choice","23","354595","0.0-23.0","k8osa","bilgenuraslan05@gmail.com","Bilgenur Aslan","z","","F20","null","{""Q0"":""Sevinir""}"
"2136.000000000058","","survey-multi-choice","24","356742","0.0-24.0","k8osa","bilgenuraslan05@gmail.com","Bilgenur Aslan","z","","Q20","Piyango bileti","{""Q0"":""Piyango bileti""}"
"9112","","survey-multi-choice","25","365869","0.0-25.0","k8osa","bilgenuraslan05@gmail.com","Bilgenur Aslan","z","","A04","büyüktür","{""Q0"":""büyüktür""}"
"9755","","survey-multi-choice","26","375629","0.0-26.0","k8osa","bilgenuraslan05@gmail.com","Bilgenur Aslan","z","","F08","null","{""Q0"":""Üzülür""}"
"3222.000000000058","","survey-multi-choice","27","378859","0.0-27.0","k8osa","bilgenuraslan05@gmail.com","Bilgenur Aslan","z","","Q08","Tenis","{""Q0"":""Tenis""}"
"8020","","survey-multi-choice","28","386888","0.0-28.0","k8osa","bilgenuraslan05@gmail.com","Bilgenur Aslan","z","","A01","küçüktür","{""Q0"":""küçüktür""}"
"7113","","survey-multi-choice","29","394012","0.0-29.0","k8osa","bilgenuraslan05@gmail.com","Bilgenur Aslan","z","","F24","null","{""Q0"":""Sevinir""}"
"3532","","survey-multi-choice","30","397553","0.0-30.0","k8osa","bilgenuraslan05@gmail.com","Bilgenur Aslan","z","","Q24","Tokyo","{""Q0"":""Tokyo""}"
"13841","","survey-multi-choice","31","411403","0.0-31.0","k8osa","bilgenuraslan05@gmail.com","Bilgenur Aslan","z","","A20","küçüktür","{""Q0"":""küçüktür""}"
"13918","","survey-multi-choice","32","425328","0.0-32.0","k8osa","bilgenuraslan05@gmail.com","Bilgenur Aslan","z","","C01","null","{""Q0"":""Üzülür""}"
"3057","","survey-multi-choice","33","428396","0.0-33.0","k8osa","bilgenuraslan05@gmail.com","Bilgenur Aslan","z","","Q01","Arda","{""Q0"":""Arda""}"
"11806","","survey-multi-choice","34","440207","0.0-34.0","k8osa","bilgenuraslan05@gmail.com","Bilgenur Aslan","z","","A24","büyüktür","{""Q0"":""büyüktür""}"
"6017","","survey-multi-choice","35","446231","0.0-35.0","k8osa","bilgenuraslan05@gmail.com","Bilgenur Aslan","z","","F19","null","{""Q0"":""Üzülür""}"
"3136","","survey-multi-choice","36","449378","0.0-36.0","k8osa","bilgenuraslan05@gmail.com","Bilgenur Aslan","z","","Q19","Fizik","{""Q0"":""Fizik""}"
"8428","","survey-multi-choice","37","457812","0.0-37.0","k8osa","bilgenuraslan05@gmail.com","Bilgenur Aslan","z","","A14","büyüktür","{""Q0"":""büyüktür""}"
"5601","","survey-multi-choice","38","463421","0.0-38.0","k8osa","bilgenuraslan05@gmail.com","Bilgenur Aslan","z","","F21","null","{""Q0"":""Üzülür""}"
"3258","","survey-multi-choice","39","466695","0.0-39.0","k8osa","bilgenuraslan05@gmail.com","Bilgenur Aslan","z","","Q21","Odun","{""Q0"":""Odun""}"
"13734","","survey-multi-choice","40","480438","0.0-40.0","k8osa","bilgenuraslan05@gmail.com","Bilgenur Aslan","z","","A18","büyüktür","{""Q0"":""büyüktür""}"
"6710.999999999942","","survey-multi-choice","41","487156","0.0-41.0","k8osa","bilgenuraslan05@gmail.com","Bilgenur Aslan","z","","F15","null","{""Q0"":""Üzülür""}"
"2464.999999999942","","survey-multi-choice","42","489629","0.0-42.0","k8osa","bilgenuraslan05@gmail.com","Bilgenur Aslan","z","","Q15","Altı","{""Q0"":""Altı""}"
"8516","","survey-multi-choice","43","498154","0.0-43.0","k8osa","bilgenuraslan05@gmail.com","Bilgenur Aslan","z","","A06","büyüktür","{""Q0"":""büyüktür""}"
"10159.999999999942","","survey-multi-choice","44","508328","0.0-44.0","k8osa","bilgenuraslan05@gmail.com","Bilgenur Aslan","z","","C04","null","{""Q0"":""Sevinir""}"
"3329.999999999942","","survey-multi-choice","45","511668","0.0-45.0","k8osa","bilgenuraslan05@gmail.com","Bilgenur Aslan","z","","Q04","Kamp","{""Q0"":""Kamp""}"
"6780.999999999942","","survey-multi-choice","46","518456","0.0-46.0","k8osa","bilgenuraslan05@gmail.com","Bilgenur Aslan","z","","A19","büyüktür","{""Q0"":""büyüktür""}"
"6087","","survey-multi-choice","47","524550","0.0-47.0","k8osa","bilgenuraslan05@gmail.com","Bilgenur Aslan","z","","F10","null","{""Q0"":""Sevinir""}"
"3055","","survey-multi-choice","48","527616","0.0-48.0","k8osa","bilgenuraslan05@gmail.com","Bilgenur Aslan","z","","Q10","Yüksek lisans","{""Q0"":""Yüksek lisans""}"
"24196","","survey-multi-choice","49","551820","0.0-49.0","k8osa","bilgenuraslan05@gmail.com","Bilgenur Aslan","z","","A22","küçüktür","{""Q0"":""küçüktür""}"
"32974","","survey-multi-choice","50","584803","0.0-50.0","k8osa","bilgenuraslan05@gmail.com","Bilgenur Aslan","z","","F23","null","{""Q0"":""Üzülür""}"
"8037","","survey-multi-choice","51","592849","0.0-51.0","k8osa","bilgenuraslan05@gmail.com","Bilgenur Aslan","z","","Q23","Çarpışan arabalar","{""Q0"":""Çarpışan arabalar""}"
"10660","","survey-multi-choice","52","603518","0.0-52.0","k8osa","bilgenuraslan05@gmail.com","Bilgenur Aslan","z","","A17","küçüktür","{""Q0"":""küçüktür""}"
"7674.000000000116","","survey-multi-choice","53","611209","0.0-53.0","k8osa","bilgenuraslan05@gmail.com","Bilgenur Aslan","z","","C03","null","{""Q0"":""Üzülür""}"
"2319","","survey-multi-choice","54","613547","0.0-54.0","k8osa","bilgenuraslan05@gmail.com","Bilgenur Aslan","z","","Q03","Ofis","{""Q0"":""Ofis""}"
"9774","","survey-multi-choice","55","623329","0.0-55.0","k8osa","bilgenuraslan05@gmail.com","Bilgenur Aslan","z","","A23","büyüktür","{""Q0"":""büyüktür""}"
"8568","","survey-multi-choice","56","631906","0.0-56.0","k8osa","bilgenuraslan05@gmail.com","Bilgenur Aslan","z","","F07","null","{""Q0"":""Üzülür""}"
"14897","","survey-multi-choice","57","646813","0.0-57.0","k8osa","bilgenuraslan05@gmail.com","Bilgenur Aslan","z","","Q07","Kardan adam","{""Q0"":""Kartopu savaşı""}"
"9457","","survey-multi-choice","58","656279","0.0-58.0","k8osa","bilgenuraslan05@gmail.com","Bilgenur Aslan","z","","A07","küçüktür","{""Q0"":""küçüktür""}"
"7262","","survey-multi-choice","59","663558","0.0-59.0","k8osa","bilgenuraslan05@gmail.com","Bilgenur Aslan","z","","F09","null","{""Q0"":""Sevinir""}"
"3142","","survey-multi-choice","60","666706","0.0-60.0","k8osa","bilgenuraslan05@gmail.com","Bilgenur Aslan","z","","Q09","Yemekhane","{""Q0"":""Yemekhane""}"
"13388","","survey-multi-choice","61","680103","0.0-61.0","k8osa","bilgenuraslan05@gmail.com","Bilgenur Aslan","z","","A11","büyüktür","{""Q0"":""büyüktür""}"
"24441.000000000116","","survey-multi-choice","62","704560","0.0-62.0","k8osa","bilgenuraslan05@gmail.com","Bilgenur Aslan","z","","C06","null","{""Q0"":""Sevinir""}"
"3825","","survey-multi-choice","63","708394","0.0-63.0","k8osa","bilgenuraslan05@gmail.com","Bilgenur Aslan","z","","Q06","Müdür","{""Q0"":""Müdür""}"
"2587","","survey-multi-choice","64","710992","0.0-64.0","k8osa","bilgenuraslan05@gmail.com","Bilgenur Aslan","z","","A21","büyüktür","{""Q0"":""küçüktür""}"
"7121","","survey-multi-choice","65","718121","0.0-65.0","k8osa","bilgenuraslan05@gmail.com","Bilgenur Aslan","z","","F16","null","{""Q0"":""Sevinir""}"
"2703","","survey-multi-choice","66","720835","0.0-66.0","k8osa","bilgenuraslan05@gmail.com","Bilgenur Aslan","z","","Q16","Kafe","{""Q0"":""Kafe""}"
"9178","","survey-multi-choice","67","730028","0.0-67.0","k8osa","bilgenuraslan05@gmail.com","Bilgenur Aslan","z","","A05","küçüktür","{""Q0"":""küçüktür""}"
"14133","","survey-multi-choice","68","744169","0.0-68.0","k8osa","bilgenuraslan05@gmail.com","Bilgenur Aslan","z","","F22","null","{""Q0"":""Sevinir""}"
"3116","","survey-multi-choice","69","747297","0.0-69.0","k8osa","bilgenuraslan05@gmail.com","Bilgenur Aslan","z","","Q22","Yoğun","{""Q0"":""Yoğun""}"
"19926","","survey-multi-choice","70","767229","0.0-70.0","k8osa","bilgenuraslan05@gmail.com","Bilgenur Aslan","z","","A16","küçüktür","{""Q0"":""küçüktür""}"
"6003","","survey-multi-choice","71","773244","0.0-71.0","k8osa","bilgenuraslan05@gmail.com","Bilgenur Aslan","z","","F14","null","{""Q0"":""Sevinir""}"
"2990","","survey-multi-choice","72","776244","0.0-72.0","k8osa","bilgenuraslan05@gmail.com","Bilgenur Aslan","z","","Q14","Birinci","{""Q0"":""İkinci""}"
"11592.999999999884","","survey-multi-choice","73","787848","0.0-73.0","k8osa","bilgenuraslan05@gmail.com","Bilgenur Aslan","z","","A03","küçüktür","{""Q0"":""küçüktür""}"
