"rt","url","trial_type","trial_index","time_elapsed","internal_node_id","subject","subject_email","subject_name","group","view_history","id","correct","responses"
"75657.39999996731","resources/welcome.html","external-html","0","75811","0.0-0.0","ykpm7","rabin19191938@gmail.com ","Rabia Barin Adsız ","b","","","",""
"50393.70000001509","","instructions","1","126211","0.0-1.0","ykpm7","rabin19191938@gmail.com ","Rabia Barin Adsız ","b","[{""page_index"":0,""viewing_time"":50391.10000000801}]","","",""
"8600.599999947008","","survey-multi-choice","2","134825","0.0-2.0","ykpm7","rabin19191938@gmail.com ","Rabia Barin Adsız ","b","","F19","null","{""Q0"":""Sevinir""}"
"5394.700000004377","","survey-multi-choice","3","140233","0.0-3.0","ykpm7","rabin19191938@gmail.com ","Rabia Barin Adsız ","b","","Q19","Fizik","{""Q0"":""Fizik""}"
"20594.50000000652","","survey-multi-choice","4","160836","0.0-4.0","ykpm7","rabin19191938@gmail.com ","Rabia Barin Adsız ","b","","A15","büyüktür","{""Q0"":""küçüktür""}"
"8036.800000001676","","survey-multi-choice","5","168882","0.0-5.0","ykpm7","rabin19191938@gmail.com ","Rabia Barin Adsız ","b","","F17","null","{""Q0"":""Üzülür""}"
"4167.099999962375","","survey-multi-choice","6","173061","0.0-6.0","ykpm7","rabin19191938@gmail.com ","Rabia Barin Adsız ","b","","Q17","Öğle yemeği","{""Q0"":""Akşam yemeği""}"
"15925.999999977648","","survey-multi-choice","7","188996","0.0-7.0","ykpm7","rabin19191938@gmail.com ","Rabia Barin Adsız ","b","","A11","büyüktür","{""Q0"":""büyüktür""}"
"10727.399999974295","","survey-multi-choice","8","199732","0.0-8.0","ykpm7","rabin19191938@gmail.com ","Rabia Barin Adsız ","b","","F20","null","{""Q0"":""Üzülür""}"
"2821.8999999808148","","survey-multi-choice","9","202565","0.0-9.0","ykpm7","rabin19191938@gmail.com ","Rabia Barin Adsız ","b","","Q20","Piyango bileti","{""Q0"":""Piyango bileti""}"
"26779.70000001369","","survey-multi-choice","10","229354","0.0-10.0","ykpm7","rabin19191938@gmail.com ","Rabia Barin Adsız ","b","","A09","küçüktür","{""Q0"":""küçüktür""}"
"29680.400000012014","","survey-multi-choice","11","259044","0.0-11.0","ykpm7","rabin19191938@gmail.com ","Rabia Barin Adsız ","b","","C04","null","{""Q0"":""Üzülür""}"
"5277.799999981653","","survey-multi-choice","12","264333","0.0-12.0","ykpm7","rabin19191938@gmail.com ","Rabia Barin Adsız ","b","","Q04","Kamp","{""Q0"":""Kamp""}"
"21697.499999951106","","survey-multi-choice","13","286039","0.0-13.0","ykpm7","rabin19191938@gmail.com ","Rabia Barin Adsız ","b","","A12","büyüktür","{""Q0"":""küçüktür""}"
"21759.299999976065","","survey-multi-choice","14","307808","0.0-14.0","ykpm7","rabin19191938@gmail.com ","Rabia Barin Adsız ","b","","F14","null","{""Q0"":""Sevinir""}"
"3004.6000000438653","","survey-multi-choice","15","310824","0.0-15.0","ykpm7","rabin19191938@gmail.com ","Rabia Barin Adsız ","b","","Q14","Birinci","{""Q0"":""İkinci""}"
"16929.000000003725","","survey-multi-choice","16","327763","0.0-16.0","ykpm7","rabin19191938@gmail.com ","Rabia Barin Adsız ","b","","A14","büyüktür","{""Q0"":""büyüktür""}"
"6790.200000046752","","survey-multi-choice","17","334564","0.0-17.0","ykpm7","rabin19191938@gmail.com ","Rabia Barin Adsız ","b","","F16","null","{""Q0"":""Sevinir""}"
"2584.2999999877065","","survey-multi-choice","18","337160","0.0-18.0","ykpm7","rabin19191938@gmail.com ","Rabia Barin Adsız ","b","","Q16","Kafe","{""Q0"":""Kafe""}"
"26971.799999999348","","survey-multi-choice","19","364143","0.0-19.0","ykpm7","rabin19191938@gmail.com ","Rabia Barin Adsız ","b","","A19","büyüktür","{""Q0"":""büyüktür""}"
"33228.80000004079","","survey-multi-choice","20","397382","0.0-20.0","ykpm7","rabin19191938@gmail.com ","Rabia Barin Adsız ","b","","C03","null","{""Q0"":""Sevinir""}"
"2972.5999999791384","","survey-multi-choice","21","400365","0.0-21.0","ykpm7","rabin19191938@gmail.com ","Rabia Barin Adsız ","b","","Q03","Ofis","{""Q0"":""Ofis""}"
"25107.499999983702","","survey-multi-choice","22","425482","0.0-22.0","ykpm7","rabin19191938@gmail.com ","Rabia Barin Adsız ","b","","A04","büyüktür","{""Q0"":""küçüktür""}"
"8639.30000003893","","survey-multi-choice","23","434133","0.0-23.0","ykpm7","rabin19191938@gmail.com ","Rabia Barin Adsız ","b","","F24","null","{""Q0"":""Sevinir""}"
"2520.9999999497086","","survey-multi-choice","24","436666","0.0-24.0","ykpm7","rabin19191938@gmail.com ","Rabia Barin Adsız ","b","","Q24","Tokyo","{""Q0"":""Tokyo""}"
"25364.900000044145","","survey-multi-choice","25","462060","0.0-25.0","ykpm7","rabin19191938@gmail.com ","Rabia Barin Adsız ","b","","A20","küçüktür","{""Q0"":""büyüktür""}"
"8122.900000016671","","survey-multi-choice","26","470195","0.0-26.0","ykpm7","rabin19191938@gmail.com ","Rabia Barin Adsız ","b","","F08","null","{""Q0"":""Üzülür""}"
"3926.800000015646","","survey-multi-choice","27","474132","0.0-27.0","ykpm7","rabin19191938@gmail.com ","Rabia Barin Adsız ","b","","Q08","Tenis","{""Q0"":""Tenis""}"
"22540.299999993294","","survey-multi-choice","28","496681","0.0-28.0","ykpm7","rabin19191938@gmail.com ","Rabia Barin Adsız ","b","","A06","büyüktür","{""Q0"":""büyüktür""}"
"11545.90000002645","","survey-multi-choice","29","508241","0.0-29.0","ykpm7","rabin19191938@gmail.com ","Rabia Barin Adsız ","b","","F11","null","{""Q0"":""Sevinir""}"
"2551.500000001397","","survey-multi-choice","30","510803","0.0-30.0","ykpm7","rabin19191938@gmail.com ","Rabia Barin Adsız ","b","","Q11","Ayakkabı","{""Q0"":""Ayakkabı""}"
"17905.799999949522","","survey-multi-choice","31","528719","0.0-31.0","ykpm7","rabin19191938@gmail.com ","Rabia Barin Adsız ","b","","A01","küçüktür","{""Q0"":""büyüktür""}"
"32435.10000000242","","survey-multi-choice","32","561164","0.0-32.0","ykpm7","rabin19191938@gmail.com ","Rabia Barin Adsız ","b","","C01","null","{""Q0"":""Sevinir""}"
"3650.499999988824","","survey-multi-choice","33","564825","0.0-33.0","ykpm7","rabin19191938@gmail.com ","Rabia Barin Adsız ","b","","Q01","Arda","{""Q0"":""Arda""}"
"29823.10000003781","","survey-multi-choice","34","594660","0.0-34.0","ykpm7","rabin19191938@gmail.com ","Rabia Barin Adsız ","b","","A03","küçüktür","{""Q0"":""küçüktür""}"
"15953.70000001276","","survey-multi-choice","35","610623","0.0-35.0","ykpm7","rabin19191938@gmail.com ","Rabia Barin Adsız ","b","","F10","null","{""Q0"":""Sevinir""}"
"2604.2000000015832","","survey-multi-choice","36","613240","0.0-36.0","ykpm7","rabin19191938@gmail.com ","Rabia Barin Adsız ","b","","Q10","Yüksek lisans","{""Q0"":""Yüksek lisans""}"
"18548.49999997532","","survey-multi-choice","37","631798","0.0-37.0","ykpm7","rabin19191938@gmail.com ","Rabia Barin Adsız ","b","","A13","küçüktür","{""Q0"":""küçüktür""}"
"20521.699999982957","","survey-multi-choice","38","652331","0.0-38.0","ykpm7","rabin19191938@gmail.com ","Rabia Barin Adsız ","b","","F15","null","{""Q0"":""Üzülür""}"
"2600.700000009965","","survey-multi-choice","39","654943","0.0-39.0","ykpm7","rabin19191938@gmail.com ","Rabia Barin Adsız ","b","","Q15","Altı","{""Q0"":""Altı""}"
"23554.000000003725","","survey-multi-choice","40","678507","0.0-40.0","ykpm7","rabin19191938@gmail.com ","Rabia Barin Adsız ","b","","A10","büyüktür","{""Q0"":""büyüktür""}"
"8154.199999989942","","survey-multi-choice","41","686671","0.0-41.0","ykpm7","rabin19191938@gmail.com ","Rabia Barin Adsız ","b","","F23","null","{""Q0"":""Üzülür""}"
"2905.4000000469387","","survey-multi-choice","42","689589","0.0-42.0","ykpm7","rabin19191938@gmail.com ","Rabia Barin Adsız ","b","","Q23","Çarpışan arabalar","{""Q0"":""Çarpışan arabalar""}"
"35952.39999995101","","survey-multi-choice","43","725552","0.0-43.0","ykpm7","rabin19191938@gmail.com ","Rabia Barin Adsız ","b","","A08","küçüktür","{""Q0"":""küçüktür""}"
"32770.500000042375","","survey-multi-choice","44","758333","0.0-44.0","ykpm7","rabin19191938@gmail.com ","Rabia Barin Adsız ","b","","C06","null","{""Q0"":""Sevinir""}"
"5125.500000023749","","survey-multi-choice","45","763470","0.0-45.0","ykpm7","rabin19191938@gmail.com ","Rabia Barin Adsız ","b","","Q06","Müdür","{""Q0"":""Müdür""}"
"57186.30000000121","","survey-multi-choice","46","820666","0.0-46.0","ykpm7","rabin19191938@gmail.com ","Rabia Barin Adsız ","b","","A23","büyüktür","{""Q0"":""büyüktür""}"
"10718.20000000298","","survey-multi-choice","47","831394","0.0-47.0","ykpm7","rabin19191938@gmail.com ","Rabia Barin Adsız ","b","","F18","null","{""Q0"":""Sevinir""}"
"4877.8000000165775","","survey-multi-choice","48","836284","0.0-48.0","ykpm7","rabin19191938@gmail.com ","Rabia Barin Adsız ","b","","Q18","Çilek","{""Q0"":""Çilek""}"
"17844.90000002552","","survey-multi-choice","49","854139","0.0-49.0","ykpm7","rabin19191938@gmail.com ","Rabia Barin Adsız ","b","","A05","küçüktür","{""Q0"":""küçüktür""}"
"9022.499999962747","","survey-multi-choice","50","863172","0.0-50.0","ykpm7","rabin19191938@gmail.com ","Rabia Barin Adsız ","b","","F07","null","{""Q0"":""Üzülür""}"
"3104.0999999968335","","survey-multi-choice","51","866289","0.0-51.0","ykpm7","rabin19191938@gmail.com ","Rabia Barin Adsız ","b","","Q07","Kardan adam","{""Q0"":""Kardan adam""}"
"31550.09999999311","","survey-multi-choice","52","897849","0.0-52.0","ykpm7","rabin19191938@gmail.com ","Rabia Barin Adsız ","b","","A22","küçüktür","{""Q0"":""küçüktür""}"
"10224.300000001676","","survey-multi-choice","53","908084","0.0-53.0","ykpm7","rabin19191938@gmail.com ","Rabia Barin Adsız ","b","","C02","null","{""Q0"":""Üzülür""}"
"3647.999999986496","","survey-multi-choice","54","911744","0.0-54.0","ykpm7","rabin19191938@gmail.com ","Rabia Barin Adsız ","b","","Q02","Oyuncak bebek","{""Q0"":""Oyuncak bebek""}"
"14202.09999999497","","survey-multi-choice","55","925958","0.0-55.0","ykpm7","rabin19191938@gmail.com ","Rabia Barin Adsız ","b","","A16","küçüktür","{""Q0"":""küçüktür""}"
"6439.49999997858","","survey-multi-choice","56","932408","0.0-56.0","ykpm7","rabin19191938@gmail.com ","Rabia Barin Adsız ","b","","F09","null","{""Q0"":""Sevinir""}"
"2713.800000026822","","survey-multi-choice","57","935133","0.0-57.0","ykpm7","rabin19191938@gmail.com ","Rabia Barin Adsız ","b","","Q09","Yemekhane","{""Q0"":""Yemekhane""}"
"27845.100000035018","","survey-multi-choice","58","962989","0.0-58.0","ykpm7","rabin19191938@gmail.com ","Rabia Barin Adsız ","b","","A02","küçüktür","{""Q0"":""küçüktür""}"
"9712.100000004284","","survey-multi-choice","59","972709","0.0-59.0","ykpm7","rabin19191938@gmail.com ","Rabia Barin Adsız ","b","","F12","null","{""Q0"":""Sevinir""}"
"5026.199999963865","","survey-multi-choice","60","977748","0.0-60.0","ykpm7","rabin19191938@gmail.com ","Rabia Barin Adsız ","b","","Q12","Para biriktirmek","{""Q0"":""Para biriktirmek""}"
"25240.700000023935","","survey-multi-choice","61","1002999","0.0-61.0","ykpm7","rabin19191938@gmail.com ","Rabia Barin Adsız ","b","","A18","büyüktür","{""Q0"":""küçüktür""}"
"9873.599999991711","","survey-multi-choice","62","1012885","0.0-62.0","ykpm7","rabin19191938@gmail.com ","Rabia Barin Adsız ","b","","C05","null","{""Q0"":""Sevinir""}"
"10106.599999999162","","survey-multi-choice","63","1023005","0.0-63.0","ykpm7","rabin19191938@gmail.com ","Rabia Barin Adsız ","b","","Q05","Matematik","{""Q0"":""Matematik""}"
"11384.199999971315","","survey-multi-choice","64","1034400","0.0-64.0","ykpm7","rabin19191938@gmail.com ","Rabia Barin Adsız ","b","","A07","küçüktür","{""Q0"":""büyüktür""}"
"9766.10000000801","","survey-multi-choice","65","1044178","0.0-65.0","ykpm7","rabin19191938@gmail.com ","Rabia Barin Adsız ","b","","F13","null","{""Q0"":""Sevinir""}"
"2150.400000042282","","survey-multi-choice","66","1046341","0.0-66.0","ykpm7","rabin19191938@gmail.com ","Rabia Barin Adsız ","b","","Q13","Kars","{""Q0"":""Kars""}"
"6363.199999963399","","survey-multi-choice","67","1052715","0.0-67.0","ykpm7","rabin19191938@gmail.com ","Rabia Barin Adsız ","b","","A17","küçüktür","{""Q0"":""büyüktür""}"
"11563.200000033248","","survey-multi-choice","68","1064290","0.0-68.0","ykpm7","rabin19191938@gmail.com ","Rabia Barin Adsız ","b","","F21","null","{""Q0"":""Üzülür""}"
"2770.1999999699183","","survey-multi-choice","69","1067080","0.0-69.0","ykpm7","rabin19191938@gmail.com ","Rabia Barin Adsız ","b","","Q21","Odun","{""Q0"":""Odun""}"
"16257.400000002235","","survey-multi-choice","70","1083349","0.0-70.0","ykpm7","rabin19191938@gmail.com ","Rabia Barin Adsız ","b","","A24","büyüktür","{""Q0"":""büyüktür""}"
"7251.300000003539","","survey-multi-choice","71","1090611","0.0-71.0","ykpm7","rabin19191938@gmail.com ","Rabia Barin Adsız ","b","","F22","null","{""Q0"":""Sevinir""}"
"2785.199999983888","","survey-multi-choice","72","1093410","0.0-72.0","ykpm7","rabin19191938@gmail.com ","Rabia Barin Adsız ","b","","Q22","Yoğun","{""Q0"":""Yoğun""}"
"9998.50000004517","","survey-multi-choice","73","1103419","0.0-73.0","ykpm7","rabin19191938@gmail.com ","Rabia Barin Adsız ","b","","A21","büyüktür","{""Q0"":""küçüktür""}"
