"rt","url","trial_type","trial_index","time_elapsed","internal_node_id","subject","subject_email","subject_name","group","view_history","id","correct","responses"
"22423","resources/welcome.html","external-html","0","22461","0.0-0.0","nxcmw","melgunsan@hotmail.com","Melisa Günsana","z","","","",""
"9139.999999999996","","instructions","1","31608","0.0-1.0","nxcmw","melgunsan@hotmail.com","Melisa Günsana","z","[{""page_index"":0,""viewing_time"":9132.999999999996}]","","",""
"8675","","survey-multi-choice","2","40295","0.0-2.0","nxcmw","melgunsan@hotmail.com","Melisa Günsana","z","","F10","null","{""Q0"":""Sevinir""}"
"3295","","survey-multi-choice","3","43599","0.0-3.0","nxcmw","melgunsan@hotmail.com","Melisa Günsana","z","","Q10","Yüksek lisans","{""Q0"":""Yüksek lisans""}"
"4571","","survey-multi-choice","4","48176","0.0-4.0","nxcmw","melgunsan@hotmail.com","Melisa Günsana","z","","A01","küçüktür","{""Q0"":""büyüktür""}"
"9955","","survey-multi-choice","5","58137","0.0-5.0","nxcmw","melgunsan@hotmail.com","Melisa Günsana","z","","F19","null","{""Q0"":""Üzülür""}"
"3132.9999999999927","","survey-multi-choice","6","61279","0.0-6.0","nxcmw","melgunsan@hotmail.com","Melisa Günsana","z","","Q19","Fizik","{""Q0"":""Fizik""}"
"3227.0000000000073","","survey-multi-choice","7","64512","0.0-7.0","nxcmw","melgunsan@hotmail.com","Melisa Günsana","z","","A02","küçüktür","{""Q0"":""büyüktür""}"
"5894","","survey-multi-choice","8","70412","0.0-8.0","nxcmw","melgunsan@hotmail.com","Melisa Günsana","z","","F15","null","{""Q0"":""Üzülür""}"
"2509","","survey-multi-choice","9","72931","0.0-9.0","nxcmw","melgunsan@hotmail.com","Melisa Günsana","z","","Q15","Altı","{""Q0"":""Altı""}"
"2721","","survey-multi-choice","10","75659","0.0-10.0","nxcmw","melgunsan@hotmail.com","Melisa Günsana","z","","A06","büyüktür","{""Q0"":""büyüktür""}"
"6711","","survey-multi-choice","11","82378","0.0-11.0","nxcmw","melgunsan@hotmail.com","Melisa Günsana","z","","C05","null","{""Q0"":""Üzülür""}"
"1874.0000000000146","","survey-multi-choice","12","84260","0.0-12.0","nxcmw","melgunsan@hotmail.com","Melisa Günsana","z","","Q05","Matematik","{""Q0"":""Matematik""}"
"4301","","survey-multi-choice","13","88568","0.0-13.0","nxcmw","melgunsan@hotmail.com","Melisa Günsana","z","","A18","büyüktür","{""Q0"":""büyüktür""}"
"9211","","survey-multi-choice","14","97786","0.0-14.0","nxcmw","melgunsan@hotmail.com","Melisa Günsana","z","","F08","null","{""Q0"":""Üzülür""}"
"1606.0000000000146","","survey-multi-choice","15","99400","0.0-15.0","nxcmw","melgunsan@hotmail.com","Melisa Günsana","z","","Q08","Tenis","{""Q0"":""Tenis""}"
"5520","","survey-multi-choice","16","104927","0.0-16.0","nxcmw","melgunsan@hotmail.com","Melisa Günsana","z","","A13","küçüktür","{""Q0"":""küçüktür""}"
"6482","","survey-multi-choice","17","111415","0.0-17.0","nxcmw","melgunsan@hotmail.com","Melisa Günsana","z","","F11","null","{""Q0"":""Üzülür""}"
"1880","","survey-multi-choice","18","113303","0.0-18.0","nxcmw","melgunsan@hotmail.com","Melisa Günsana","z","","Q11","Ayakkabı","{""Q0"":""Ayakkabı""}"
"8517","","survey-multi-choice","19","121826","0.0-19.0","nxcmw","melgunsan@hotmail.com","Melisa Günsana","z","","A08","küçüktür","{""Q0"":""küçüktür""}"
"8509","","survey-multi-choice","20","130342","0.0-20.0","nxcmw","melgunsan@hotmail.com","Melisa Günsana","z","","C02","null","{""Q0"":""Sevinir""}"
"3776","","survey-multi-choice","21","134127","0.0-21.0","nxcmw","melgunsan@hotmail.com","Melisa Günsana","z","","Q02","Oyuncak bebek","{""Q0"":""Oyuncak bebek""}"
"5684","","survey-multi-choice","22","139819","0.0-22.0","nxcmw","melgunsan@hotmail.com","Melisa Günsana","z","","A19","büyüktür","{""Q0"":""küçüktür""}"
"20783.00000000003","","survey-multi-choice","23","160608","0.0-23.0","nxcmw","melgunsan@hotmail.com","Melisa Günsana","z","","F20","null","{""Q0"":""Sevinir""}"
"2508","","survey-multi-choice","24","163133","0.0-24.0","nxcmw","melgunsan@hotmail.com","Melisa Günsana","z","","Q20","Piyango bileti","{""Q0"":""Piyango bileti""}"
"6531","","survey-multi-choice","25","169671","0.0-25.0","nxcmw","melgunsan@hotmail.com","Melisa Günsana","z","","A03","küçüktür","{""Q0"":""küçüktür""}"
"4996","","survey-multi-choice","26","174673","0.0-26.0","nxcmw","melgunsan@hotmail.com","Melisa Günsana","z","","F12","null","{""Q0"":""Sevinir""}"
"2854","","survey-multi-choice","27","177537","0.0-27.0","nxcmw","melgunsan@hotmail.com","Melisa Günsana","z","","Q12","Para biriktirmek","{""Q0"":""Para biriktirmek""}"
"5369","","survey-multi-choice","28","182914","0.0-28.0","nxcmw","melgunsan@hotmail.com","Melisa Günsana","z","","A14","büyüktür","{""Q0"":""büyüktür""}"
"5245","","survey-multi-choice","29","188166","0.0-29.0","nxcmw","melgunsan@hotmail.com","Melisa Günsana","z","","F17","null","{""Q0"":""Üzülür""}"
"2793","","survey-multi-choice","30","190966","0.0-30.0","nxcmw","melgunsan@hotmail.com","Melisa Günsana","z","","Q17","Öğle yemeği","{""Q0"":""Akşam yemeği""}"
"4983","","survey-multi-choice","31","195956","0.0-31.0","nxcmw","melgunsan@hotmail.com","Melisa Günsana","z","","A10","büyüktür","{""Q0"":""büyüktür""}"
"10219.00000000003","","survey-multi-choice","32","206184","0.0-32.0","nxcmw","melgunsan@hotmail.com","Melisa Günsana","z","","C06","null","{""Q0"":""Sevinir""}"
"3617.000000000029","","survey-multi-choice","33","209809","0.0-33.0","nxcmw","melgunsan@hotmail.com","Melisa Günsana","z","","Q06","Müdür","{""Q0"":""Müdür""}"
"7154","","survey-multi-choice","34","216973","0.0-34.0","nxcmw","melgunsan@hotmail.com","Melisa Günsana","z","","A15","büyüktür","{""Q0"":""küçüktür""}"
"14870","","survey-multi-choice","35","231849","0.0-35.0","nxcmw","melgunsan@hotmail.com","Melisa Günsana","z","","F21","null","{""Q0"":""Sevinir""}"
"2891","","survey-multi-choice","36","234749","0.0-36.0","nxcmw","melgunsan@hotmail.com","Melisa Günsana","z","","Q21","Odun","{""Q0"":""Odun""}"
"6661","","survey-multi-choice","37","241417","0.0-37.0","nxcmw","melgunsan@hotmail.com","Melisa Günsana","z","","A04","büyüktür","{""Q0"":""küçüktür""}"
"8922","","survey-multi-choice","38","250347","0.0-38.0","nxcmw","melgunsan@hotmail.com","Melisa Günsana","z","","F18","null","{""Q0"":""Sevinir""}"
"2990","","survey-multi-choice","39","253349","0.0-39.0","nxcmw","melgunsan@hotmail.com","Melisa Günsana","z","","Q18","Çilek","{""Q0"":""Çilek""}"
"17792","","survey-multi-choice","40","271149","0.0-40.0","nxcmw","melgunsan@hotmail.com","Melisa Günsana","z","","A07","küçüktür","{""Q0"":""küçüktür""}"
"13614","","survey-multi-choice","41","284770","0.0-41.0","nxcmw","melgunsan@hotmail.com","Melisa Günsana","z","","F07","null","{""Q0"":""Üzülür""}"
"8492","","survey-multi-choice","42","293270","0.0-42.0","nxcmw","melgunsan@hotmail.com","Melisa Günsana","z","","Q07","Kardan adam","{""Q0"":""Kardan adam""}"
"15742","","survey-multi-choice","43","309019","0.0-43.0","nxcmw","melgunsan@hotmail.com","Melisa Günsana","z","","A09","küçüktür","{""Q0"":""küçüktür""}"
"7554.999999999942","","survey-multi-choice","44","316580","0.0-44.0","nxcmw","melgunsan@hotmail.com","Melisa Günsana","z","","C03","null","{""Q0"":""Üzülür""}"
"18344","","survey-multi-choice","45","334931","0.0-45.0","nxcmw","melgunsan@hotmail.com","Melisa Günsana","z","","Q03","Ofis","{""Q0"":""Mağaza""}"
"35927","","survey-multi-choice","46","370865","0.0-46.0","nxcmw","melgunsan@hotmail.com","Melisa Günsana","z","","A22","küçüktür","{""Q0"":""küçüktür""}"
"13722","","survey-multi-choice","47","384593","0.0-47.0","nxcmw","melgunsan@hotmail.com","Melisa Günsana","z","","F09","null","{""Q0"":""Sevinir""}"
"2646.999999999942","","survey-multi-choice","48","387249","0.0-48.0","nxcmw","melgunsan@hotmail.com","Melisa Günsana","z","","Q09","Yemekhane","{""Q0"":""Yemekhane""}"
"6787","","survey-multi-choice","49","394042","0.0-49.0","nxcmw","melgunsan@hotmail.com","Melisa Günsana","z","","A05","küçüktür","{""Q0"":""küçüktür""}"
"6260.999999999942","","survey-multi-choice","50","400309","0.0-50.0","nxcmw","melgunsan@hotmail.com","Melisa Günsana","z","","F14","null","{""Q0"":""Sevinir""}"
"3332.000000000058","","survey-multi-choice","51","403649","0.0-51.0","nxcmw","melgunsan@hotmail.com","Melisa Günsana","z","","Q14","Birinci","{""Q0"":""İkinci""}"
"10636","","survey-multi-choice","52","414292","0.0-52.0","nxcmw","melgunsan@hotmail.com","Melisa Günsana","z","","A17","küçüktür","{""Q0"":""küçüktür""}"
"10277","","survey-multi-choice","53","424578","0.0-53.0","nxcmw","melgunsan@hotmail.com","Melisa Günsana","z","","C01","null","{""Q0"":""Sevinir""}"
"4292.000000000058","","survey-multi-choice","54","428875","0.0-54.0","nxcmw","melgunsan@hotmail.com","Melisa Günsana","z","","Q01","Arda","{""Q0"":""Arda""}"
"55754","","survey-multi-choice","55","484638","0.0-55.0","nxcmw","melgunsan@hotmail.com","Melisa Günsana","z","","A21","büyüktür","{""Q0"":""büyüktür""}"
"4813.000000000058","","survey-multi-choice","56","489457","0.0-56.0","nxcmw","melgunsan@hotmail.com","Melisa Günsana","z","","F22","null","{""Q0"":""Sevinir""}"
"2883.999999999942","","survey-multi-choice","57","492347","0.0-57.0","nxcmw","melgunsan@hotmail.com","Melisa Günsana","z","","Q22","Yoğun","{""Q0"":""Yoğun""}"
"10025","","survey-multi-choice","58","502378","0.0-58.0","nxcmw","melgunsan@hotmail.com","Melisa Günsana","z","","A16","küçüktür","{""Q0"":""küçüktür""}"
"13263.999999999942","","survey-multi-choice","59","515650","0.0-59.0","nxcmw","melgunsan@hotmail.com","Melisa Günsana","z","","F13","null","{""Q0"":""Sevinir""}"
"2689.999999999942","","survey-multi-choice","60","518347","0.0-60.0","nxcmw","melgunsan@hotmail.com","Melisa Günsana","z","","Q13","Kars","{""Q0"":""Kars""}"
"16061.000000000116","","survey-multi-choice","61","534415","0.0-61.0","nxcmw","melgunsan@hotmail.com","Melisa Günsana","z","","A11","büyüktür","{""Q0"":""küçüktür""}"
"8224","","survey-multi-choice","62","542647","0.0-62.0","nxcmw","melgunsan@hotmail.com","Melisa Günsana","z","","C04","null","{""Q0"":""Sevinir""}"
"2844","","survey-multi-choice","63","545500","0.0-63.0","nxcmw","melgunsan@hotmail.com","Melisa Günsana","z","","Q04","Kamp","{""Q0"":""Kamp""}"
"14659","","survey-multi-choice","64","560165","0.0-64.0","nxcmw","melgunsan@hotmail.com","Melisa Günsana","z","","A23","büyüktür","{""Q0"":""büyüktür""}"
"12434","","survey-multi-choice","65","572607","0.0-65.0","nxcmw","melgunsan@hotmail.com","Melisa Günsana","z","","F16","null","{""Q0"":""Sevinir""}"
"2637","","survey-multi-choice","66","575252","0.0-66.0","nxcmw","melgunsan@hotmail.com","Melisa Günsana","z","","Q16","Kafe","{""Q0"":""Kafe""}"
"10084","","survey-multi-choice","67","585343","0.0-67.0","nxcmw","melgunsan@hotmail.com","Melisa Günsana","z","","A12","büyüktür","{""Q0"":""küçüktür""}"
"21862","","survey-multi-choice","68","607211","0.0-68.0","nxcmw","melgunsan@hotmail.com","Melisa Günsana","z","","F23","null","{""Q0"":""Üzülür""}"
"2894","","survey-multi-choice","69","610117","0.0-69.0","nxcmw","melgunsan@hotmail.com","Melisa Günsana","z","","Q23","Çarpışan arabalar","{""Q0"":""Çarpışan arabalar""}"
"26951","","survey-multi-choice","70","637075","0.0-70.0","nxcmw","melgunsan@hotmail.com","Melisa Günsana","z","","A20","küçüktür","{""Q0"":""küçüktür""}"
"18429.999999999884","","survey-multi-choice","71","655511","0.0-71.0","nxcmw","melgunsan@hotmail.com","Melisa Günsana","z","","F24","null","{""Q0"":""Üzülür""}"
"1821","","survey-multi-choice","72","657345","0.0-72.0","nxcmw","melgunsan@hotmail.com","Melisa Günsana","z","","Q24","Tokyo","{""Q0"":""Tokyo""}"
"27676.000000000116","","survey-multi-choice","73","685029","0.0-73.0","nxcmw","melgunsan@hotmail.com","Melisa Günsana","z","","A24","büyüktür","{""Q0"":""büyüktür""}"
