"rt","url","trial_type","trial_index","time_elapsed","internal_node_id","subject","subject_email","subject_name","group","view_history","id","correct","responses"
"31543","resources/welcome.html","external-html","0","31570","0.0-0.0","9u00k","ahodemis@gmail.com","Ahmet Han Ödemiş","b","","","",""
"3687","","instructions","1","35263","0.0-1.0","9u00k","ahodemis@gmail.com","Ahmet Han Ödemiş","b","[{""page_index"":0,""viewing_time"":3684}]","","",""
"14990","","survey-multi-choice","2","50265","0.0-2.0","9u00k","ahodemis@gmail.com","Ahmet Han Ödemiş","b","","F17","null","{""Q0"":""Üzülür""}"
"7981","","survey-multi-choice","3","58254","0.0-3.0","9u00k","ahodemis@gmail.com","Ahmet Han Ödemiş","b","","Q17","Öğle yemeği","{""Q0"":""Akşam yemeği""}"
"18263.999999999993","","survey-multi-choice","4","76523","0.0-4.0","9u00k","ahodemis@gmail.com","Ahmet Han Ödemiş","b","","A10","büyüktür","{""Q0"":""büyüktür""}"
"11610","","survey-multi-choice","5","88140","0.0-5.0","9u00k","ahodemis@gmail.com","Ahmet Han Ödemiş","b","","F20","null","{""Q0"":""Sevinir""}"
"3223","","survey-multi-choice","6","91370","0.0-6.0","9u00k","ahodemis@gmail.com","Ahmet Han Ödemiş","b","","Q20","Piyango bileti","{""Q0"":""Piyango bileti""}"
"11011.999999999985","","survey-multi-choice","7","102388","0.0-7.0","9u00k","ahodemis@gmail.com","Ahmet Han Ödemiş","b","","A17","küçüktür","{""Q0"":""büyüktür""}"
"12333.000000000015","","survey-multi-choice","8","114726","0.0-8.0","9u00k","ahodemis@gmail.com","Ahmet Han Ödemiş","b","","F15","null","{""Q0"":""Sevinir""}"
"7725.999999999985","","survey-multi-choice","9","122458","0.0-9.0","9u00k","ahodemis@gmail.com","Ahmet Han Ödemiş","b","","Q15","Altı","{""Q0"":""Altı""}"
"3978","","survey-multi-choice","10","126442","0.0-10.0","9u00k","ahodemis@gmail.com","Ahmet Han Ödemiş","b","","A06","büyüktür","{""Q0"":""büyüktür""}"
"6258","","survey-multi-choice","11","132707","0.0-11.0","9u00k","ahodemis@gmail.com","Ahmet Han Ödemiş","b","","C06","null","{""Q0"":""Üzülür""}"
"6029","","survey-multi-choice","12","138743","0.0-12.0","9u00k","ahodemis@gmail.com","Ahmet Han Ödemiş","b","","Q06","Müdür","{""Q0"":""Müdür""}"
"6397","","survey-multi-choice","13","145144","0.0-13.0","9u00k","ahodemis@gmail.com","Ahmet Han Ödemiş","b","","A04","büyüktür","{""Q0"":""büyüktür""}"
"9377","","survey-multi-choice","14","154526","0.0-14.0","9u00k","ahodemis@gmail.com","Ahmet Han Ödemiş","b","","F16","null","{""Q0"":""Sevinir""}"
"4110","","survey-multi-choice","15","158642","0.0-15.0","9u00k","ahodemis@gmail.com","Ahmet Han Ödemiş","b","","Q16","Kafe","{""Q0"":""Kafe""}"
"4850","","survey-multi-choice","16","163497","0.0-16.0","9u00k","ahodemis@gmail.com","Ahmet Han Ödemiş","b","","A23","büyüktür","{""Q0"":""büyüktür""}"
"22342","","survey-multi-choice","17","185844","0.0-17.0","9u00k","ahodemis@gmail.com","Ahmet Han Ödemiş","b","","F14","null","{""Q0"":""Sevinir""}"
"4614","","survey-multi-choice","18","190463","0.0-18.0","9u00k","ahodemis@gmail.com","Ahmet Han Ödemiş","b","","Q14","Birinci","{""Q0"":""İkinci""}"
"3342","","survey-multi-choice","19","193810","0.0-19.0","9u00k","ahodemis@gmail.com","Ahmet Han Ödemiş","b","","A07","küçüktür","{""Q0"":""büyüktür""}"
"9392","","survey-multi-choice","20","203211","0.0-20.0","9u00k","ahodemis@gmail.com","Ahmet Han Ödemiş","b","","C05","null","{""Q0"":""Sevinir""}"
"4041","","survey-multi-choice","21","207259","0.0-21.0","9u00k","ahodemis@gmail.com","Ahmet Han Ödemiş","b","","Q05","Matematik","{""Q0"":""Matematik""}"
"2457","","survey-multi-choice","22","209721","0.0-22.0","9u00k","ahodemis@gmail.com","Ahmet Han Ödemiş","b","","A24","büyüktür","{""Q0"":""küçüktür""}"
"18605.99999999997","","survey-multi-choice","23","228333","0.0-23.0","9u00k","ahodemis@gmail.com","Ahmet Han Ödemiş","b","","F12","null","{""Q0"":""Sevinir""}"
"4925.000000000029","","survey-multi-choice","24","233263","0.0-24.0","9u00k","ahodemis@gmail.com","Ahmet Han Ödemiş","b","","Q12","Para biriktirmek","{""Q0"":""Para biriktirmek""}"
"5450","","survey-multi-choice","25","238717","0.0-25.0","9u00k","ahodemis@gmail.com","Ahmet Han Ödemiş","b","","A03","küçüktür","{""Q0"":""küçüktür""}"
"13644.00000000003","","survey-multi-choice","26","252364","0.0-26.0","9u00k","ahodemis@gmail.com","Ahmet Han Ödemiş","b","","F07","null","{""Q0"":""Sevinir""}"
"4329","","survey-multi-choice","27","256699","0.0-27.0","9u00k","ahodemis@gmail.com","Ahmet Han Ödemiş","b","","Q07","Kardan adam","{""Q0"":""Kardan adam""}"
"7658","","survey-multi-choice","28","264363","0.0-28.0","9u00k","ahodemis@gmail.com","Ahmet Han Ödemiş","b","","A19","büyüktür","{""Q0"":""küçüktür""}"
"7162","","survey-multi-choice","29","271530","0.0-29.0","9u00k","ahodemis@gmail.com","Ahmet Han Ödemiş","b","","F19","null","{""Q0"":""Üzülür""}"
"6367.000000000058","","survey-multi-choice","30","277903","0.0-30.0","9u00k","ahodemis@gmail.com","Ahmet Han Ödemiş","b","","Q19","Fizik","{""Q0"":""Biyoloji""}"
"5755","","survey-multi-choice","31","283663","0.0-31.0","9u00k","ahodemis@gmail.com","Ahmet Han Ödemiş","b","","A15","büyüktür","{""Q0"":""küçüktür""}"
"26468","","survey-multi-choice","32","310135","0.0-32.0","9u00k","ahodemis@gmail.com","Ahmet Han Ödemiş","b","","C01","null","{""Q0"":""Sevinir""}"
"3692","","survey-multi-choice","33","313835","0.0-33.0","9u00k","ahodemis@gmail.com","Ahmet Han Ödemiş","b","","Q01","Arda","{""Q0"":""Arda""}"
"2153","","survey-multi-choice","34","315993","0.0-34.0","9u00k","ahodemis@gmail.com","Ahmet Han Ödemiş","b","","A11","büyüktür","{""Q0"":""büyüktür""}"
"16844","","survey-multi-choice","35","332845","0.0-35.0","9u00k","ahodemis@gmail.com","Ahmet Han Ödemiş","b","","F13","null","{""Q0"":""Sevinir""}"
"4127.000000000058","","survey-multi-choice","36","336980","0.0-36.0","9u00k","ahodemis@gmail.com","Ahmet Han Ödemiş","b","","Q13","Kars","{""Q0"":""Kars""}"
"3599","","survey-multi-choice","37","340585","0.0-37.0","9u00k","ahodemis@gmail.com","Ahmet Han Ödemiş","b","","A14","büyüktür","{""Q0"":""küçüktür""}"
"16944","","survey-multi-choice","38","357535","0.0-38.0","9u00k","ahodemis@gmail.com","Ahmet Han Ödemiş","b","","F21","null","{""Q0"":""Üzülür""}"
"4529","","survey-multi-choice","39","362070","0.0-39.0","9u00k","ahodemis@gmail.com","Ahmet Han Ödemiş","b","","Q21","Odun","{""Q0"":""Odun""}"
"5029.999999999942","","survey-multi-choice","40","367104","0.0-40.0","9u00k","ahodemis@gmail.com","Ahmet Han Ödemiş","b","","A18","büyüktür","{""Q0"":""küçüktür""}"
"11469","","survey-multi-choice","41","378590","0.0-41.0","9u00k","ahodemis@gmail.com","Ahmet Han Ödemiş","b","","F24","null","{""Q0"":""Sevinir""}"
"2578","","survey-multi-choice","42","381174","0.0-42.0","9u00k","ahodemis@gmail.com","Ahmet Han Ödemiş","b","","Q24","Tokyo","{""Q0"":""Tokyo""}"
"3744","","survey-multi-choice","43","384923","0.0-43.0","9u00k","ahodemis@gmail.com","Ahmet Han Ödemiş","b","","A08","küçüktür","{""Q0"":""büyüktür""}"
"18895","","survey-multi-choice","44","403824","0.0-44.0","9u00k","ahodemis@gmail.com","Ahmet Han Ödemiş","b","","C04","null","{""Q0"":""Üzülür""}"
"5227","","survey-multi-choice","45","409058","0.0-45.0","9u00k","ahodemis@gmail.com","Ahmet Han Ödemiş","b","","Q04","Kamp","{""Q0"":""Kamp""}"
"6978.999999999942","","survey-multi-choice","46","416041","0.0-46.0","9u00k","ahodemis@gmail.com","Ahmet Han Ödemiş","b","","A02","küçüktür","{""Q0"":""küçüktür""}"
"6994","","survey-multi-choice","47","423042","0.0-47.0","9u00k","ahodemis@gmail.com","Ahmet Han Ödemiş","b","","F23","null","{""Q0"":""Üzülür""}"
"8744","","survey-multi-choice","48","431792","0.0-48.0","9u00k","ahodemis@gmail.com","Ahmet Han Ödemiş","b","","Q23","Çarpışan arabalar","{""Q0"":""Çarpışan arabalar""}"
"3882","","survey-multi-choice","49","435679","0.0-49.0","9u00k","ahodemis@gmail.com","Ahmet Han Ödemiş","b","","A22","küçüktür","{""Q0"":""büyüktür""}"
"8194","","survey-multi-choice","50","443878","0.0-50.0","9u00k","ahodemis@gmail.com","Ahmet Han Ödemiş","b","","F09","null","{""Q0"":""Sevinir""}"
"4023","","survey-multi-choice","51","447908","0.0-51.0","9u00k","ahodemis@gmail.com","Ahmet Han Ödemiş","b","","Q09","Yemekhane","{""Q0"":""Yemekhane""}"
"3648","","survey-multi-choice","52","451564","0.0-52.0","9u00k","ahodemis@gmail.com","Ahmet Han Ödemiş","b","","A05","küçüktür","{""Q0"":""büyüktür""}"
"95335","","survey-multi-choice","53","546905","0.0-53.0","9u00k","ahodemis@gmail.com","Ahmet Han Ödemiş","b","","C03","null","{""Q0"":""Sevinir""}"
"2497","","survey-multi-choice","54","549412","0.0-54.0","9u00k","ahodemis@gmail.com","Ahmet Han Ödemiş","b","","Q03","Ofis","{""Q0"":""Ofis""}"
"2505","","survey-multi-choice","55","551921","0.0-55.0","9u00k","ahodemis@gmail.com","Ahmet Han Ödemiş","b","","A13","küçüktür","{""Q0"":""büyüktür""}"
"13219","","survey-multi-choice","56","565148","0.0-56.0","9u00k","ahodemis@gmail.com","Ahmet Han Ödemiş","b","","F08","null","{""Q0"":""Üzülür""}"
"2690","","survey-multi-choice","57","567845","0.0-57.0","9u00k","ahodemis@gmail.com","Ahmet Han Ödemiş","b","","Q08","Tenis","{""Q0"":""Tenis""}"
"9813","","survey-multi-choice","58","577665","0.0-58.0","9u00k","ahodemis@gmail.com","Ahmet Han Ödemiş","b","","A12","büyüktür","{""Q0"":""büyüktür""}"
"11479","","survey-multi-choice","59","589150","0.0-59.0","9u00k","ahodemis@gmail.com","Ahmet Han Ödemiş","b","","F11","null","{""Q0"":""Üzülür""}"
"5161.000000000116","","survey-multi-choice","60","594316","0.0-60.0","9u00k","ahodemis@gmail.com","Ahmet Han Ödemiş","b","","Q11","Ayakkabı","{""Q0"":""Ayakkabı""}"
"5278","","survey-multi-choice","61","599599","0.0-61.0","9u00k","ahodemis@gmail.com","Ahmet Han Ödemiş","b","","A09","küçüktür","{""Q0"":""büyüktür""}"
"14427","","survey-multi-choice","62","614030","0.0-62.0","9u00k","ahodemis@gmail.com","Ahmet Han Ödemiş","b","","C02","null","{""Q0"":""Sevinir""}"
"5014","","survey-multi-choice","63","619050","0.0-63.0","9u00k","ahodemis@gmail.com","Ahmet Han Ödemiş","b","","Q02","Oyuncak bebek","{""Q0"":""Oyuncak bebek""}"
"2277","","survey-multi-choice","64","621333","0.0-64.0","9u00k","ahodemis@gmail.com","Ahmet Han Ödemiş","b","","A21","büyüktür","{""Q0"":""büyüktür""}"
"11629","","survey-multi-choice","65","632969","0.0-65.0","9u00k","ahodemis@gmail.com","Ahmet Han Ödemiş","b","","F10","null","{""Q0"":""Sevinir""}"
"1762","","survey-multi-choice","66","634738","0.0-66.0","9u00k","ahodemis@gmail.com","Ahmet Han Ödemiş","b","","Q10","Yüksek lisans","{""Q0"":""Yüksek lisans""}"
"7256","","survey-multi-choice","67","641996","0.0-67.0","9u00k","ahodemis@gmail.com","Ahmet Han Ödemiş","b","","A16","küçüktür","{""Q0"":""büyüktür""}"
"10318.000000000116","","survey-multi-choice","68","652321","0.0-68.0","9u00k","ahodemis@gmail.com","Ahmet Han Ödemiş","b","","F18","null","{""Q0"":""Sevinir""}"
"3775","","survey-multi-choice","69","656102","0.0-69.0","9u00k","ahodemis@gmail.com","Ahmet Han Ödemiş","b","","Q18","Çilek","{""Q0"":""Çilek""}"
"1609.9999999998836","","survey-multi-choice","70","657719","0.0-70.0","9u00k","ahodemis@gmail.com","Ahmet Han Ödemiş","b","","A01","küçüktür","{""Q0"":""büyüktür""}"
"12544","","survey-multi-choice","71","670269","0.0-71.0","9u00k","ahodemis@gmail.com","Ahmet Han Ödemiş","b","","F22","null","{""Q0"":""Sevinir""}"
"2961","","survey-multi-choice","72","673237","0.0-72.0","9u00k","ahodemis@gmail.com","Ahmet Han Ödemiş","b","","Q22","Yoğun","{""Q0"":""Yoğun""}"
"3379","","survey-multi-choice","73","676621","0.0-73.0","9u00k","ahodemis@gmail.com","Ahmet Han Ödemiş","b","","A20","küçüktür","{""Q0"":""büyüktür""}"
