"rt","url","trial_type","trial_index","time_elapsed","internal_node_id","subject","subject_email","subject_name","group","view_history","id","correct","responses"
"29742.000000000004","resources/welcome.html","external-html","0","29785","0.0-0.0","s2s56","","Işıl Bulgur","b","","","",""
"2645","","instructions","1","32435","0.0-1.0","s2s56","","Işıl Bulgur","b","[{""page_index"":0,""viewing_time"":2641}]","","",""
"28452","","survey-multi-choice","2","60901","0.0-2.0","s2s56","","Işıl Bulgur","b","","F09","null","{""Q0"":""Sevinir""}"
"8298","","survey-multi-choice","3","69206","0.0-3.0","s2s56","","Işıl Bulgur","b","","Q09","Yemekhane","{""Q0"":""Yemekhane""}"
"19946.000000000015","","survey-multi-choice","4","89157","0.0-4.0","s2s56","","Işıl Bulgur","b","","A01","küçüktür","{""Q0"":""küçüktür""}"
"19863","","survey-multi-choice","5","109027","0.0-5.0","s2s56","","Işıl Bulgur","b","","F21","null","{""Q0"":""Üzülür""}"
"15093","","survey-multi-choice","6","124126","0.0-6.0","s2s56","","Işıl Bulgur","b","","Q21","Odun","{""Q0"":""Odun""}"
"20880","","survey-multi-choice","7","145012","0.0-7.0","s2s56","","Işıl Bulgur","b","","A11","büyüktür","{""Q0"":""büyüktür""}"
"16541","","survey-multi-choice","8","161561","0.0-8.0","s2s56","","Işıl Bulgur","b","","F11","null","{""Q0"":""Üzülür""}"
"8260","","survey-multi-choice","9","169827","0.0-9.0","s2s56","","Işıl Bulgur","b","","Q11","Ayakkabı","{""Q0"":""Ayakkabı""}"
"12329","","survey-multi-choice","10","182162","0.0-10.0","s2s56","","Işıl Bulgur","b","","A14","büyüktür","{""Q0"":""büyüktür""}"
"33510","","survey-multi-choice","11","215678","0.0-11.0","s2s56","","Işıl Bulgur","b","","C02","null","{""Q0"":""Üzülür""}"
"5346","","survey-multi-choice","12","221029","0.0-12.0","s2s56","","Işıl Bulgur","b","","Q02","Oyuncak bebek","{""Q0"":""Oyuncak bebek""}"
"12277","","survey-multi-choice","13","233313","0.0-13.0","s2s56","","Işıl Bulgur","b","","A02","küçüktür","{""Q0"":""küçüktür""}"
"9962","","survey-multi-choice","14","243282","0.0-14.0","s2s56","","Işıl Bulgur","b","","F22","null","{""Q0"":""Sevinir""}"
"7427","","survey-multi-choice","15","250715","0.0-15.0","s2s56","","Işıl Bulgur","b","","Q22","Yoğun","{""Q0"":""Rahat""}"
"8344.00000000003","","survey-multi-choice","16","259064","0.0-16.0","s2s56","","Işıl Bulgur","b","","A12","büyüktür","{""Q0"":""büyüktür""}"
"32677.99999999997","","survey-multi-choice","17","291747","0.0-17.0","s2s56","","Işıl Bulgur","b","","F16","null","{""Q0"":""Sevinir""}"
"4728","","survey-multi-choice","18","296480","0.0-18.0","s2s56","","Işıl Bulgur","b","","Q16","Kafe","{""Q0"":""Kafe""}"
"17704","","survey-multi-choice","19","314188","0.0-19.0","s2s56","","Işıl Bulgur","b","","A09","küçüktür","{""Q0"":""küçüktür""}"
"44827","","survey-multi-choice","20","359022","0.0-20.0","s2s56","","Işıl Bulgur","b","","C03","null","{""Q0"":""Sevinir""}"
"4593","","survey-multi-choice","21","363621","0.0-21.0","s2s56","","Işıl Bulgur","b","","Q03","Ofis","{""Q0"":""Ofis""}"
"29267","","survey-multi-choice","22","392894","0.0-22.0","s2s56","","Işıl Bulgur","b","","A20","küçüktür","{""Q0"":""küçüktür""}"
"12273","","survey-multi-choice","23","405174","0.0-23.0","s2s56","","Işıl Bulgur","b","","F24","null","{""Q0"":""Sevinir""}"
"2344","","survey-multi-choice","24","407524","0.0-24.0","s2s56","","Işıl Bulgur","b","","Q24","Tokyo","{""Q0"":""Tokyo""}"
"3175.999999999942","","survey-multi-choice","25","410706","0.0-25.0","s2s56","","Işıl Bulgur","b","","A22","küçüktür","{""Q0"":""büyüktür""}"
"27315","","survey-multi-choice","26","438027","0.0-26.0","s2s56","","Işıl Bulgur","b","","F18","null","{""Q0"":""Sevinir""}"
"3374","","survey-multi-choice","27","441407","0.0-27.0","s2s56","","Işıl Bulgur","b","","Q18","Çilek","{""Q0"":""Çilek""}"
"14218.000000000058","","survey-multi-choice","28","455632","0.0-28.0","s2s56","","Işıl Bulgur","b","","A07","küçüktür","{""Q0"":""küçüktür""}"
"28857","","survey-multi-choice","29","484496","0.0-29.0","s2s56","","Işıl Bulgur","b","","F23","null","{""Q0"":""Üzülür""}"
"9492.000000000058","","survey-multi-choice","30","493994","0.0-30.0","s2s56","","Işıl Bulgur","b","","Q23","Çarpışan arabalar","{""Q0"":""Çarpışan arabalar""}"
"3095.000000000058","","survey-multi-choice","31","497095","0.0-31.0","s2s56","","Işıl Bulgur","b","","A10","büyüktür","{""Q0"":""büyüktür""}"
"23030.00000000006","","survey-multi-choice","32","520130","0.0-32.0","s2s56","","Işıl Bulgur","b","","C01","null","{""Q0"":""Sevinir""}"
"3976","","survey-multi-choice","33","524112","0.0-33.0","s2s56","","Işıl Bulgur","b","","Q01","Arda","{""Q0"":""Arda""}"
"2679","","survey-multi-choice","34","526797","0.0-34.0","s2s56","","Işıl Bulgur","b","","A06","büyüktür","{""Q0"":""büyüktür""}"
"19626","","survey-multi-choice","35","546429","0.0-35.0","s2s56","","Işıl Bulgur","b","","F19","null","{""Q0"":""Üzülür""}"
"2877","","survey-multi-choice","36","549312","0.0-36.0","s2s56","","Işıl Bulgur","b","","Q19","Fizik","{""Q0"":""Fizik""}"
"3761","","survey-multi-choice","37","553079","0.0-37.0","s2s56","","Işıl Bulgur","b","","A21","büyüktür","{""Q0"":""küçüktür""}"
"53203","","survey-multi-choice","38","606288","0.0-38.0","s2s56","","Işıl Bulgur","b","","F20","null","{""Q0"":""Üzülür""}"
"3843","","survey-multi-choice","39","610137","0.0-39.0","s2s56","","Işıl Bulgur","b","","Q20","Piyango bileti","{""Q0"":""Piyango bileti""}"
"3640","","survey-multi-choice","40","613782","0.0-40.0","s2s56","","Işıl Bulgur","b","","A05","küçüktür","{""Q0"":""büyüktür""}"
"17502","","survey-multi-choice","41","631290","0.0-41.0","s2s56","","Işıl Bulgur","b","","F13","null","{""Q0"":""Sevinir""}"
"5274","","survey-multi-choice","42","636568","0.0-42.0","s2s56","","Işıl Bulgur","b","","Q13","Kars","{""Q0"":""Kars""}"
"3560","","survey-multi-choice","43","640134","0.0-43.0","s2s56","","Işıl Bulgur","b","","A08","küçüktür","{""Q0"":""büyüktür""}"
"9045","","survey-multi-choice","44","649185","0.0-44.0","s2s56","","Işıl Bulgur","b","","C05","null","{""Q0"":""Sevinir""}"
"6343.999999999884","","survey-multi-choice","45","655536","0.0-45.0","s2s56","","Işıl Bulgur","b","","Q05","Matematik","{""Q0"":""Matematik""}"
"4310","","survey-multi-choice","46","659851","0.0-46.0","s2s56","","Işıl Bulgur","b","","A13","küçüktür","{""Q0"":""küçüktür""}"
"17747","","survey-multi-choice","47","677605","0.0-47.0","s2s56","","Işıl Bulgur","b","","F08","null","{""Q0"":""Üzülür""}"
"14483","","survey-multi-choice","48","692095","0.0-48.0","s2s56","","Işıl Bulgur","b","","Q08","Tenis","{""Q0"":""Tenis""}"
"2938.0000000001164","","survey-multi-choice","49","695037","0.0-49.0","s2s56","","Işıl Bulgur","b","","A16","küçüktür","{""Q0"":""büyüktür""}"
"15591.999999999884","","survey-multi-choice","50","710634","0.0-50.0","s2s56","","Işıl Bulgur","b","","F15","null","{""Q0"":""Sevinir""}"
"8198","","survey-multi-choice","51","718838","0.0-51.0","s2s56","","Işıl Bulgur","b","","Q15","Altı","{""Q0"":""Altı""}"
"3744","","survey-multi-choice","52","722587","0.0-52.0","s2s56","","Işıl Bulgur","b","","A17","küçüktür","{""Q0"":""büyüktür""}"
"11347","","survey-multi-choice","53","733940","0.0-53.0","s2s56","","Işıl Bulgur","b","","C06","null","{""Q0"":""Sevinir""}"
"9560.999999999884","","survey-multi-choice","54","743507","0.0-54.0","s2s56","","Işıl Bulgur","b","","Q06","Müdür","{""Q0"":""CEO""}"
"3843","","survey-multi-choice","55","747360","0.0-55.0","s2s56","","Işıl Bulgur","b","","A24","büyüktür","{""Q0"":""büyüktür""}"
"11976","","survey-multi-choice","56","759341","0.0-56.0","s2s56","","Işıl Bulgur","b","","F17","null","{""Q0"":""Sevinir""}"
"3460","","survey-multi-choice","57","762808","0.0-57.0","s2s56","","Işıl Bulgur","b","","Q17","Öğle yemeği","{""Q0"":""Akşam yemeği""}"
"6696","","survey-multi-choice","58","769510","0.0-58.0","s2s56","","Işıl Bulgur","b","","A15","büyüktür","{""Q0"":""küçüktür""}"
"10076","","survey-multi-choice","59","779591","0.0-59.0","s2s56","","Işıl Bulgur","b","","F10","null","{""Q0"":""Sevinir""}"
"8262.000000000116","","survey-multi-choice","60","787860","0.0-60.0","s2s56","","Işıl Bulgur","b","","Q10","Yüksek lisans","{""Q0"":""Yüksek lisans""}"
"5159","","survey-multi-choice","61","793029","0.0-61.0","s2s56","","Işıl Bulgur","b","","A03","küçüktür","{""Q0"":""küçüktür""}"
"16692","","survey-multi-choice","62","809727","0.0-62.0","s2s56","","Işıl Bulgur","b","","C04","null","{""Q0"":""Üzülür""}"
"4412","","survey-multi-choice","63","814145","0.0-63.0","s2s56","","Işıl Bulgur","b","","Q04","Kamp","{""Q0"":""Tatil köyü""}"
"2942","","survey-multi-choice","64","817093","0.0-64.0","s2s56","","Işıl Bulgur","b","","A23","büyüktür","{""Q0"":""büyüktür""}"
"17703","","survey-multi-choice","65","834802","0.0-65.0","s2s56","","Işıl Bulgur","b","","F12","null","{""Q0"":""Sevinir""}"
"4524","","survey-multi-choice","66","839332","0.0-66.0","s2s56","","Işıl Bulgur","b","","Q12","Para biriktirmek","{""Q0"":""Para biriktirmek""}"
"4425","","survey-multi-choice","67","843762","0.0-67.0","s2s56","","Işıl Bulgur","b","","A04","büyüktür","{""Q0"":""büyüktür""}"
"17630","","survey-multi-choice","68","861398","0.0-68.0","s2s56","","Işıl Bulgur","b","","F14","null","{""Q0"":""Üzülür""}"
"5842","","survey-multi-choice","69","867247","0.0-69.0","s2s56","","Işıl Bulgur","b","","Q14","Birinci","{""Q0"":""İkinci""}"
"3378","","survey-multi-choice","70","870630","0.0-70.0","s2s56","","Işıl Bulgur","b","","A18","büyüktür","{""Q0"":""büyüktür""}"
"14561","","survey-multi-choice","71","885197","0.0-71.0","s2s56","","Işıl Bulgur","b","","F07","null","{""Q0"":""Üzülür""}"
"4210","","survey-multi-choice","72","889414","0.0-72.0","s2s56","","Işıl Bulgur","b","","Q07","Kardan adam","{""Q0"":""Kardan adam""}"
"4303","","survey-multi-choice","73","893723","0.0-73.0","s2s56","","Işıl Bulgur","b","","A19","büyüktür","{""Q0"":""küçüktür""}"
