"rt","url","trial_type","trial_index","time_elapsed","internal_node_id","subject","subject_email","subject_name","group","view_history","id","correct","responses"
"57705.00000000001","resources/welcome.html","external-html","0","57726","0.0-0.0","lm577","mustafacoruh42@gmail.com","Mustafa Çoruh","d","","","",""
"13160.999999999993","","instructions","1","70891","0.0-1.0","lm577","mustafacoruh42@gmail.com","Mustafa Çoruh","d","[{""page_index"":0,""viewing_time"":13154.000000000007}]","","",""
"21723","","survey-multi-choice","2","92617","0.0-2.0","lm577","mustafacoruh42@gmail.com","Mustafa Çoruh","d","","F10","null","{""Q0"":""Sevinir""}"
"5773.000000000015","","survey-multi-choice","3","98396","0.0-3.0","lm577","mustafacoruh42@gmail.com","Mustafa Çoruh","d","","Q10","Yüksek lisans","{""Q0"":""Yüksek lisans""}"
"34325.999999999985","","survey-multi-choice","4","132727","0.0-4.0","lm577","mustafacoruh42@gmail.com","Mustafa Çoruh","d","","A11","büyüktür","{""Q0"":""büyüktür""}"
"9226","","survey-multi-choice","5","141959","0.0-5.0","lm577","mustafacoruh42@gmail.com","Mustafa Çoruh","d","","F12","null","{""Q0"":""Üzülür""}"
"4711","","survey-multi-choice","6","146676","0.0-6.0","lm577","mustafacoruh42@gmail.com","Mustafa Çoruh","d","","Q12","Para biriktirmek","{""Q0"":""Para biriktirmek""}"
"12261","","survey-multi-choice","7","158941","0.0-7.0","lm577","mustafacoruh42@gmail.com","Mustafa Çoruh","d","","A20","küçüktür","{""Q0"":""küçüktür""}"
"11418","","survey-multi-choice","8","170364","0.0-8.0","lm577","mustafacoruh42@gmail.com","Mustafa Çoruh","d","","F15","null","{""Q0"":""Üzülür""}"
"3921","","survey-multi-choice","9","174291","0.0-9.0","lm577","mustafacoruh42@gmail.com","Mustafa Çoruh","d","","Q15","Altı","{""Q0"":""Altı""}"
"30126","","survey-multi-choice","10","204422","0.0-10.0","lm577","mustafacoruh42@gmail.com","Mustafa Çoruh","d","","A18","büyüktür","{""Q0"":""büyüktür""}"
"17004","","survey-multi-choice","11","221431","0.0-11.0","lm577","mustafacoruh42@gmail.com","Mustafa Çoruh","d","","C04","null","{""Q0"":""Üzülür""}"
"2937","","survey-multi-choice","12","224375","0.0-12.0","lm577","mustafacoruh42@gmail.com","Mustafa Çoruh","d","","Q04","Kamp","{""Q0"":""Kamp""}"
"7131","","survey-multi-choice","13","231511","0.0-13.0","lm577","mustafacoruh42@gmail.com","Mustafa Çoruh","d","","A19","büyüktür","{""Q0"":""büyüktür""}"
"12838","","survey-multi-choice","14","244354","0.0-14.0","lm577","mustafacoruh42@gmail.com","Mustafa Çoruh","d","","F24","null","{""Q0"":""Üzülür""}"
"4004","","survey-multi-choice","15","248363","0.0-15.0","lm577","mustafacoruh42@gmail.com","Mustafa Çoruh","d","","Q24","Tokyo","{""Q0"":""Tokyo""}"
"5228","","survey-multi-choice","16","253597","0.0-16.0","lm577","mustafacoruh42@gmail.com","Mustafa Çoruh","d","","A01","küçüktür","{""Q0"":""büyüktür""}"
"8482","","survey-multi-choice","17","262086","0.0-17.0","lm577","mustafacoruh42@gmail.com","Mustafa Çoruh","d","","F20","null","{""Q0"":""Üzülür""}"
"2135","","survey-multi-choice","18","264226","0.0-18.0","lm577","mustafacoruh42@gmail.com","Mustafa Çoruh","d","","Q20","Piyango bileti","{""Q0"":""Piyango bileti""}"
"3648","","survey-multi-choice","19","267879","0.0-19.0","lm577","mustafacoruh42@gmail.com","Mustafa Çoruh","d","","A02","küçüktür","{""Q0"":""büyüktür""}"
"22132","","survey-multi-choice","20","290017","0.0-20.0","lm577","mustafacoruh42@gmail.com","Mustafa Çoruh","d","","C03","null","{""Q0"":""Sevinir""}"
"2886","","survey-multi-choice","21","292909","0.0-21.0","lm577","mustafacoruh42@gmail.com","Mustafa Çoruh","d","","Q03","Ofis","{""Q0"":""Ofis""}"
"7098","","survey-multi-choice","22","300011","0.0-22.0","lm577","mustafacoruh42@gmail.com","Mustafa Çoruh","d","","A07","küçüktür","{""Q0"":""küçüktür""}"
"8691","","survey-multi-choice","23","308708","0.0-23.0","lm577","mustafacoruh42@gmail.com","Mustafa Çoruh","d","","F18","null","{""Q0"":""Sevinir""}"
"2864","","survey-multi-choice","24","311578","0.0-24.0","lm577","mustafacoruh42@gmail.com","Mustafa Çoruh","d","","Q18","Çilek","{""Q0"":""Çilek""}"
"6735","","survey-multi-choice","25","318319","0.0-25.0","lm577","mustafacoruh42@gmail.com","Mustafa Çoruh","d","","A06","büyüktür","{""Q0"":""büyüktür""}"
"20775","","survey-multi-choice","26","339099","0.0-26.0","lm577","mustafacoruh42@gmail.com","Mustafa Çoruh","d","","F13","null","{""Q0"":""Sevinir""}"
"1837","","survey-multi-choice","27","340941","0.0-27.0","lm577","mustafacoruh42@gmail.com","Mustafa Çoruh","d","","Q13","Kars","{""Q0"":""Kars""}"
"5912.999999999942","","survey-multi-choice","28","346860","0.0-28.0","lm577","mustafacoruh42@gmail.com","Mustafa Çoruh","d","","A09","küçüktür","{""Q0"":""küçüktür""}"
"11533","","survey-multi-choice","29","358399","0.0-29.0","lm577","mustafacoruh42@gmail.com","Mustafa Çoruh","d","","F19","null","{""Q0"":""Üzülür""}"
"1820","","survey-multi-choice","30","360225","0.0-30.0","lm577","mustafacoruh42@gmail.com","Mustafa Çoruh","d","","Q19","Fizik","{""Q0"":""Fizik""}"
"4012","","survey-multi-choice","31","364243","0.0-31.0","lm577","mustafacoruh42@gmail.com","Mustafa Çoruh","d","","A13","küçüktür","{""Q0"":""küçüktür""}"
"6640","","survey-multi-choice","32","370889","0.0-32.0","lm577","mustafacoruh42@gmail.com","Mustafa Çoruh","d","","C02","null","{""Q0"":""Üzülür""}"
"2703.999999999942","","survey-multi-choice","33","373598","0.0-33.0","lm577","mustafacoruh42@gmail.com","Mustafa Çoruh","d","","Q02","Oyuncak bebek","{""Q0"":""Oyuncak bebek""}"
"6818.999999999942","","survey-multi-choice","34","380423","0.0-34.0","lm577","mustafacoruh42@gmail.com","Mustafa Çoruh","d","","A08","küçüktür","{""Q0"":""büyüktür""}"
"7994","","survey-multi-choice","35","388422","0.0-35.0","lm577","mustafacoruh42@gmail.com","Mustafa Çoruh","d","","F09","null","{""Q0"":""Sevinir""}"
"2914.000000000058","","survey-multi-choice","36","391341","0.0-36.0","lm577","mustafacoruh42@gmail.com","Mustafa Çoruh","d","","Q09","Yemekhane","{""Q0"":""Yemekhane""}"
"4904.999999999942","","survey-multi-choice","37","396251","0.0-37.0","lm577","mustafacoruh42@gmail.com","Mustafa Çoruh","d","","A17","küçüktür","{""Q0"":""küçüktür""}"
"8066.000000000058","","survey-multi-choice","38","404322","0.0-38.0","lm577","mustafacoruh42@gmail.com","Mustafa Çoruh","d","","F22","null","{""Q0"":""Sevinir""}"
"2863","","survey-multi-choice","39","407192","0.0-39.0","lm577","mustafacoruh42@gmail.com","Mustafa Çoruh","d","","Q22","Yoğun","{""Q0"":""Sıkıcı""}"
"3435.999999999942","","survey-multi-choice","40","410633","0.0-40.0","lm577","mustafacoruh42@gmail.com","Mustafa Çoruh","d","","A05","küçüktür","{""Q0"":""küçüktür""}"
"6598","","survey-multi-choice","41","417237","0.0-41.0","lm577","mustafacoruh42@gmail.com","Mustafa Çoruh","d","","F23","null","{""Q0"":""Üzülür""}"
"2387","","survey-multi-choice","42","419629","0.0-42.0","lm577","mustafacoruh42@gmail.com","Mustafa Çoruh","d","","Q23","Çarpışan arabalar","{""Q0"":""Çarpışan arabalar""}"
"9976","","survey-multi-choice","43","429611","0.0-43.0","lm577","mustafacoruh42@gmail.com","Mustafa Çoruh","d","","A04","büyüktür","{""Q0"":""büyüktür""}"
"17018","","survey-multi-choice","44","446635","0.0-44.0","lm577","mustafacoruh42@gmail.com","Mustafa Çoruh","d","","C01","null","{""Q0"":""Sevinir""}"
"5591","","survey-multi-choice","45","452232","0.0-45.0","lm577","mustafacoruh42@gmail.com","Mustafa Çoruh","d","","Q01","Arda","{""Q0"":""Arda""}"
"13429","","survey-multi-choice","46","465667","0.0-46.0","lm577","mustafacoruh42@gmail.com","Mustafa Çoruh","d","","A12","büyüktür","{""Q0"":""büyüktür""}"
"5852","","survey-multi-choice","47","471525","0.0-47.0","lm577","mustafacoruh42@gmail.com","Mustafa Çoruh","d","","F17","null","{""Q0"":""Üzülür""}"
"6646","","survey-multi-choice","48","478176","0.0-48.0","lm577","mustafacoruh42@gmail.com","Mustafa Çoruh","d","","Q17","Öğle yemeği","{""Q0"":""Akşam yemeği""}"
"3765","","survey-multi-choice","49","481946","0.0-49.0","lm577","mustafacoruh42@gmail.com","Mustafa Çoruh","d","","A14","büyüktür","{""Q0"":""büyüktür""}"
"7972","","survey-multi-choice","50","489923","0.0-50.0","lm577","mustafacoruh42@gmail.com","Mustafa Çoruh","d","","F16","null","{""Q0"":""Sevinir""}"
"3244","","survey-multi-choice","51","493172","0.0-51.0","lm577","mustafacoruh42@gmail.com","Mustafa Çoruh","d","","Q16","Kafe","{""Q0"":""Kafe""}"
"8210","","survey-multi-choice","52","501387","0.0-52.0","lm577","mustafacoruh42@gmail.com","Mustafa Çoruh","d","","A16","küçüktür","{""Q0"":""küçüktür""}"
"11940","","survey-multi-choice","53","513335","0.0-53.0","lm577","mustafacoruh42@gmail.com","Mustafa Çoruh","d","","C06","null","{""Q0"":""Üzülür""}"
"2862","","survey-multi-choice","54","516202","0.0-54.0","lm577","mustafacoruh42@gmail.com","Mustafa Çoruh","d","","Q06","Müdür","{""Q0"":""Müdür""}"
"11451.000000000058","","survey-multi-choice","55","527659","0.0-55.0","lm577","mustafacoruh42@gmail.com","Mustafa Çoruh","d","","A21","büyüktür","{""Q0"":""büyüktür""}"
"16378","","survey-multi-choice","56","544042","0.0-56.0","lm577","mustafacoruh42@gmail.com","Mustafa Çoruh","d","","F07","null","{""Q0"":""Üzülür""}"
"3880","","survey-multi-choice","57","547928","0.0-57.0","lm577","mustafacoruh42@gmail.com","Mustafa Çoruh","d","","Q07","Kardan adam","{""Q0"":""Kardan adam""}"
"4954","","survey-multi-choice","58","552887","0.0-58.0","lm577","mustafacoruh42@gmail.com","Mustafa Çoruh","d","","A15","büyüktür","{""Q0"":""küçüktür""}"
"6216","","survey-multi-choice","59","559109","0.0-59.0","lm577","mustafacoruh42@gmail.com","Mustafa Çoruh","d","","F14","null","{""Q0"":""Sevinir""}"
"3545","","survey-multi-choice","60","562660","0.0-60.0","lm577","mustafacoruh42@gmail.com","Mustafa Çoruh","d","","Q14","Birinci","{""Q0"":""İkinci""}"
"6505.000000000116","","survey-multi-choice","61","569170","0.0-61.0","lm577","mustafacoruh42@gmail.com","Mustafa Çoruh","d","","A10","büyüktür","{""Q0"":""büyüktür""}"
"7549.999999999884","","survey-multi-choice","62","576725","0.0-62.0","lm577","mustafacoruh42@gmail.com","Mustafa Çoruh","d","","C05","null","{""Q0"":""Sevinir""}"
"2663","","survey-multi-choice","63","579393","0.0-63.0","lm577","mustafacoruh42@gmail.com","Mustafa Çoruh","d","","Q05","Matematik","{""Q0"":""Matematik""}"
"4921","","survey-multi-choice","64","584320","0.0-64.0","lm577","mustafacoruh42@gmail.com","Mustafa Çoruh","d","","A03","küçüktür","{""Q0"":""küçüktür""}"
"7356","","survey-multi-choice","65","591680","0.0-65.0","lm577","mustafacoruh42@gmail.com","Mustafa Çoruh","d","","F08","null","{""Q0"":""Üzülür""}"
"2001","","survey-multi-choice","66","593687","0.0-66.0","lm577","mustafacoruh42@gmail.com","Mustafa Çoruh","d","","Q08","Tenis","{""Q0"":""Tenis""}"
"5194","","survey-multi-choice","67","598887","0.0-67.0","lm577","mustafacoruh42@gmail.com","Mustafa Çoruh","d","","A23","büyüktür","{""Q0"":""büyüktür""}"
"6318","","survey-multi-choice","68","605211","0.0-68.0","lm577","mustafacoruh42@gmail.com","Mustafa Çoruh","d","","F21","null","{""Q0"":""Üzülür""}"
"2818","","survey-multi-choice","69","608034","0.0-69.0","lm577","mustafacoruh42@gmail.com","Mustafa Çoruh","d","","Q21","Odun","{""Q0"":""Odun""}"
"4163","","survey-multi-choice","70","612201","0.0-70.0","lm577","mustafacoruh42@gmail.com","Mustafa Çoruh","d","","A24","büyüktür","{""Q0"":""küçüktür""}"
"7179","","survey-multi-choice","71","619385","0.0-71.0","lm577","mustafacoruh42@gmail.com","Mustafa Çoruh","d","","F11","null","{""Q0"":""Üzülür""}"
"2333","","survey-multi-choice","72","621723","0.0-72.0","lm577","mustafacoruh42@gmail.com","Mustafa Çoruh","d","","Q11","Ayakkabı","{""Q0"":""Ayakkabı""}"
"3613","","survey-multi-choice","73","625341","0.0-73.0","lm577","mustafacoruh42@gmail.com","Mustafa Çoruh","d","","A22","küçüktür","{""Q0"":""büyüktür""}"
