"rt","url","trial_type","trial_index","time_elapsed","internal_node_id","subject","subject_email","subject_name","group","view_history","id","correct","responses"
"25643.000000003667","resources/welcome.html","external-html","0","25837","0.0-0.0","jxaae","piloteralp@gmail.com","eralp","z","","","",""
"3777.9999999984284","","instructions","1","29623","0.0-1.0","jxaae","piloteralp@gmail.com","eralp","z","[{""page_index"":0,""viewing_time"":3775.3000000011525}]","","",""
"11031.499999997322","","survey-multi-choice","2","40678","0.0-2.0","jxaae","piloteralp@gmail.com","eralp","z","","F14","null","{""Q0"":""Sevinir""}"
"5190.600000001723","","survey-multi-choice","3","45898","0.0-3.0","jxaae","piloteralp@gmail.com","eralp","z","","Q14","Birinci","{""Q0"":""İkinci""}"
"24848.999999994703","","survey-multi-choice","4","70770","0.0-4.0","jxaae","piloteralp@gmail.com","eralp","z","","A16","küçüktür","{""Q0"":""küçüktür""}"
"27920.399999995425","","survey-multi-choice","5","98705","0.0-5.0","jxaae","piloteralp@gmail.com","eralp","z","","F18","null","{""Q0"":""Sevinir""}"
"3616.3000000015018","","survey-multi-choice","6","102336","0.0-6.0","jxaae","piloteralp@gmail.com","eralp","z","","Q18","Çilek","{""Q0"":""Çilek""}"
"12332.900000001246","","survey-multi-choice","7","114685","0.0-7.0","jxaae","piloteralp@gmail.com","eralp","z","","A19","büyüktür","{""Q0"":""büyüktür""}"
"21863.99999999412","","survey-multi-choice","8","136570","0.0-8.0","jxaae","piloteralp@gmail.com","eralp","z","","F08","null","{""Q0"":""Üzülür""}"
"8080.699999998615","","survey-multi-choice","9","144666","0.0-9.0","jxaae","piloteralp@gmail.com","eralp","z","","Q08","Tenis","{""Q0"":""Tenis""}"
"19311.900000000605","","survey-multi-choice","10","163993","0.0-10.0","jxaae","piloteralp@gmail.com","eralp","z","","A18","büyüktür","{""Q0"":""büyüktür""}"
"14089.999999996508","","survey-multi-choice","11","178097","0.0-11.0","jxaae","piloteralp@gmail.com","eralp","z","","C03","null","{""Q0"":""Sevinir""}"
"1291.7000000015832","","survey-multi-choice","12","179409","0.0-12.0","jxaae","piloteralp@gmail.com","eralp","z","","Q03","Ofis","{""Q0"":""Mağaza""}"
"1088.000000003376","","survey-multi-choice","13","180515","0.0-13.0","jxaae","piloteralp@gmail.com","eralp","z","","A11","büyüktür","{""Q0"":""büyüktür""}"
"1076.3000000006286","","survey-multi-choice","14","181615","0.0-14.0","jxaae","piloteralp@gmail.com","eralp","z","","F17","null","{""Q0"":""Sevinir""}"
"1120.199999997567","","survey-multi-choice","15","182754","0.0-15.0","jxaae","piloteralp@gmail.com","eralp","z","","Q17","Öğle yemeği","{""Q0"":""Akşam yemeği""}"
"1106.500000001688","","survey-multi-choice","16","183879","0.0-16.0","jxaae","piloteralp@gmail.com","eralp","z","","A02","küçüktür","{""Q0"":""büyüktür""}"
"1123.700000003737","","survey-multi-choice","17","185023","0.0-17.0","jxaae","piloteralp@gmail.com","eralp","z","","F11","null","{""Q0"":""Üzülür""}"
"1122.1999999979744","","survey-multi-choice","18","186165","0.0-18.0","jxaae","piloteralp@gmail.com","eralp","z","","Q11","Ayakkabı","{""Q0"":""Pantolon""}"
"1134.70000000234","","survey-multi-choice","19","187313","0.0-19.0","jxaae","piloteralp@gmail.com","eralp","z","","A21","büyüktür","{""Q0"":""büyüktür""}"
"1115.5999999973574","","survey-multi-choice","20","188447","0.0-20.0","jxaae","piloteralp@gmail.com","eralp","z","","C06","null","{""Q0"":""Üzülür""}"
"1118.0999999996857","","survey-multi-choice","21","189589","0.0-21.0","jxaae","piloteralp@gmail.com","eralp","z","","Q06","Müdür","{""Q0"":""CEO""}"
"1097.8000000031898","","survey-multi-choice","22","190705","0.0-22.0","jxaae","piloteralp@gmail.com","eralp","z","","A13","küçüktür","{""Q0"":""küçüktür""}"
"1064.700000002631","","survey-multi-choice","23","191797","0.0-23.0","jxaae","piloteralp@gmail.com","eralp","z","","F19","null","{""Q0"":""Üzülür""}"
"1064.5999999978812","","survey-multi-choice","24","192881","0.0-24.0","jxaae","piloteralp@gmail.com","eralp","z","","Q19","Fizik","{""Q0"":""Matematik""}"
"1019.2999999999302","","survey-multi-choice","25","193935","0.0-25.0","jxaae","piloteralp@gmail.com","eralp","z","","A15","büyüktür","{""Q0"":""büyüktür""}"
"983.8000000017928","","survey-multi-choice","26","194941","0.0-26.0","jxaae","piloteralp@gmail.com","eralp","z","","F09","null","{""Q0"":""Sevinir""}"
"957.0000000021537","","survey-multi-choice","27","195917","0.0-27.0","jxaae","piloteralp@gmail.com","eralp","z","","Q09","Yemekhane","{""Q0"":""Restoran""}"
"938.7999999962631","","survey-multi-choice","28","196882","0.0-28.0","jxaae","piloteralp@gmail.com","eralp","z","","A14","büyüktür","{""Q0"":""küçüktür""}"
"965.2999999962049","","survey-multi-choice","29","197869","0.0-29.0","jxaae","piloteralp@gmail.com","eralp","z","","F16","null","{""Q0"":""Sevinir""}"
"1107.8999999954249","","survey-multi-choice","30","198997","0.0-30.0","jxaae","piloteralp@gmail.com","eralp","z","","Q16","Kafe","{""Q0"":""Kafe""}"
"1053.0999999973574","","survey-multi-choice","31","200067","0.0-31.0","jxaae","piloteralp@gmail.com","eralp","z","","A22","küçüktür","{""Q0"":""küçüktür""}"
"1049.8000000006869","","survey-multi-choice","32","201132","0.0-32.0","jxaae","piloteralp@gmail.com","eralp","z","","C04","null","{""Q0"":""Üzülür""}"
"1063.399999999092","","survey-multi-choice","33","202215","0.0-33.0","jxaae","piloteralp@gmail.com","eralp","z","","Q04","Kamp","{""Q0"":""Konferans""}"
"1058.4000000017113","","survey-multi-choice","34","203292","0.0-34.0","jxaae","piloteralp@gmail.com","eralp","z","","A03","küçüktür","{""Q0"":""küçüktür""}"
"910.19999999844","","survey-multi-choice","35","204217","0.0-35.0","jxaae","piloteralp@gmail.com","eralp","z","","F07","null","{""Q0"":""Sevinir""}"
"1101.699999999255","","survey-multi-choice","36","205335","0.0-36.0","jxaae","piloteralp@gmail.com","eralp","z","","Q07","Kardan adam","{""Q0"":""Kayak""}"
"2489.2000000036205","","survey-multi-choice","37","207841","0.0-37.0","jxaae","piloteralp@gmail.com","eralp","z","","A01","küçüktür","{""Q0"":""küçüktür""}"
"1355.59999999532","","survey-multi-choice","38","209214","0.0-38.0","jxaae","piloteralp@gmail.com","eralp","z","","F22","null","{""Q0"":""Üzülür""}"
"1175.9999999994761","","survey-multi-choice","39","210413","0.0-39.0","jxaae","piloteralp@gmail.com","eralp","z","","Q22","Yoğun","{""Q0"":""Sıkıcı""}"
"1081.5000000002328","","survey-multi-choice","40","211512","0.0-40.0","jxaae","piloteralp@gmail.com","eralp","z","","A20","küçüktür","{""Q0"":""büyüktür""}"
"1225.800000000163","","survey-multi-choice","41","212757","0.0-41.0","jxaae","piloteralp@gmail.com","eralp","z","","F12","null","{""Q0"":""Sevinir""}"
"1193.69999999617","","survey-multi-choice","42","213975","0.0-42.0","jxaae","piloteralp@gmail.com","eralp","z","","Q12","Para biriktirmek","{""Q0"":""Para biriktirmek""}"
"1115.4999999998836","","survey-multi-choice","43","215110","0.0-43.0","jxaae","piloteralp@gmail.com","eralp","z","","A05","küçüktür","{""Q0"":""küçüktür""}"
"1059.1999999960535","","survey-multi-choice","44","216189","0.0-44.0","jxaae","piloteralp@gmail.com","eralp","z","","C05","null","{""Q0"":""Sevinir""}"
"987.3999999981606","","survey-multi-choice","45","217198","0.0-45.0","jxaae","piloteralp@gmail.com","eralp","z","","Q05","Matematik","{""Q0"":""Fizik""}"
"1067.3999999999069","","survey-multi-choice","46","218283","0.0-46.0","jxaae","piloteralp@gmail.com","eralp","z","","A08","küçüktür","{""Q0"":""küçüktür""}"
"1728.399999999965","","survey-multi-choice","47","220034","0.0-47.0","jxaae","piloteralp@gmail.com","eralp","z","","F13","null","{""Q0"":""Üzülür""}"
"1914.9000000033993","","survey-multi-choice","48","221964","0.0-48.0","jxaae","piloteralp@gmail.com","eralp","z","","Q13","Kars","{""Q0"":""Ardahan""}"
"1144.2000000024564","","survey-multi-choice","49","223129","0.0-49.0","jxaae","piloteralp@gmail.com","eralp","z","","A04","büyüktür","{""Q0"":""büyüktür""}"
"1253.8999999960652","","survey-multi-choice","50","224407","0.0-50.0","jxaae","piloteralp@gmail.com","eralp","z","","F23","null","{""Q0"":""Üzülür""}"
"1213.1000000008498","","survey-multi-choice","51","225638","0.0-51.0","jxaae","piloteralp@gmail.com","eralp","z","","Q23","Çarpışan arabalar","{""Q0"":""Gondol""}"
"1050.9999999994761","","survey-multi-choice","52","226707","0.0-52.0","jxaae","piloteralp@gmail.com","eralp","z","","A24","büyüktür","{""Q0"":""küçüktür""}"
"1151.4999999999418","","survey-multi-choice","53","227876","0.0-53.0","jxaae","piloteralp@gmail.com","eralp","z","","C01","null","{""Q0"":""Sevinir""}"
"1110.3999999977532","","survey-multi-choice","54","229013","0.0-54.0","jxaae","piloteralp@gmail.com","eralp","z","","Q01","Arda","{""Q0"":""Arda""}"
"1095.9000000002561","","survey-multi-choice","55","230127","0.0-55.0","jxaae","piloteralp@gmail.com","eralp","z","","A17","küçüktür","{""Q0"":""küçüktür""}"
"1180.3999999974621","","survey-multi-choice","56","231331","0.0-56.0","jxaae","piloteralp@gmail.com","eralp","z","","F15","null","{""Q0"":""Üzülür""}"
"1116.6999999986729","","survey-multi-choice","57","232468","0.0-57.0","jxaae","piloteralp@gmail.com","eralp","z","","Q15","Altı","{""Q0"":""Altı""}"
"2489.2000000036205","","survey-multi-choice","58","234976","0.0-58.0","jxaae","piloteralp@gmail.com","eralp","z","","A06","büyüktür","{""Q0"":""küçüktür""}"
"1008.6999999984982","","survey-multi-choice","59","236002","0.0-59.0","jxaae","piloteralp@gmail.com","eralp","z","","F20","null","{""Q0"":""Sevinir""}"
"1166.9000000038068","","survey-multi-choice","60","237187","0.0-60.0","jxaae","piloteralp@gmail.com","eralp","z","","Q20","Piyango bileti","{""Q0"":""Cüzdan""}"
"994.9999999953434","","survey-multi-choice","61","238196","0.0-61.0","jxaae","piloteralp@gmail.com","eralp","z","","A07","küçüktür","{""Q0"":""büyüktür""}"
"1159.5999999990454","","survey-multi-choice","62","239376","0.0-62.0","jxaae","piloteralp@gmail.com","eralp","z","","C02","null","{""Q0"":""Sevinir""}"
"1669.3999999988591","","survey-multi-choice","63","241070","0.0-63.0","jxaae","piloteralp@gmail.com","eralp","z","","Q02","Oyuncak bebek","{""Q0"":""Ayakkabı""}"
"979.299999999057","","survey-multi-choice","64","242068","0.0-64.0","jxaae","piloteralp@gmail.com","eralp","z","","A23","büyüktür","{""Q0"":""küçüktür""}"
"2246.899999998277","","survey-multi-choice","65","244337","0.0-65.0","jxaae","piloteralp@gmail.com","eralp","z","","F21","null","{""Q0"":""Üzülür""}"
"973.5000000000582","","survey-multi-choice","66","245339","0.0-66.0","jxaae","piloteralp@gmail.com","eralp","z","","Q21","Odun","{""Q0"":""Çöp""}"
"1096.1999999999534","","survey-multi-choice","67","246450","0.0-67.0","jxaae","piloteralp@gmail.com","eralp","z","","A10","büyüktür","{""Q0"":""büyüktür""}"
"2430.099999997765","","survey-multi-choice","68","248894","0.0-68.0","jxaae","piloteralp@gmail.com","eralp","z","","F24","null","{""Q0"":""Sevinir""}"
"1246.4000000036322","","survey-multi-choice","69","250173","0.0-69.0","jxaae","piloteralp@gmail.com","eralp","z","","Q24","Tokyo","{""Q0"":""Tokyo""}"
"1182.3999999978696","","survey-multi-choice","70","251368","0.0-70.0","jxaae","piloteralp@gmail.com","eralp","z","","A12","büyüktür","{""Q0"":""büyüktür""}"
"1014.6999999997206","","survey-multi-choice","71","252392","0.0-71.0","jxaae","piloteralp@gmail.com","eralp","z","","F10","null","{""Q0"":""Sevinir""}"
"1087.7000000036787","","survey-multi-choice","72","253500","0.0-72.0","jxaae","piloteralp@gmail.com","eralp","z","","Q10","Yüksek lisans","{""Q0"":""Yüksek lisans""}"
"1106.3999999969383","","survey-multi-choice","73","254625","0.0-73.0","jxaae","piloteralp@gmail.com","eralp","z","","A09","küçüktür","{""Q0"":""büyüktür""}"
