"rt","url","trial_type","trial_index","time_elapsed","internal_node_id","subject","subject_email","subject_name","group","view_history","id","correct","responses"
"40638.200000001234","resources/welcome.html","external-html","0","40677","0.0-0.0","bwhjq","Elifsudeulug@hotmail.com ","Elif sude Uluğ ","z","","","",""
"25447.70000000426","","instructions","1","66130","0.0-1.0","bwhjq","Elifsudeulug@hotmail.com ","Elif sude Uluğ ","z","[{""page_index"":0,""viewing_time"":25444.70000000001}]","","",""
"11500.200000002224","","survey-multi-choice","2","77646","0.0-2.0","bwhjq","Elifsudeulug@hotmail.com ","Elif sude Uluğ ","z","","F18","null","{""Q0"":""Sevinir""}"
"4101.8999999942025","","survey-multi-choice","3","81764","0.0-3.0","bwhjq","Elifsudeulug@hotmail.com ","Elif sude Uluğ ","z","","Q18","Çilek","{""Q0"":""Çilek""}"
"10230.100000000675","","survey-multi-choice","4","92011","0.0-4.0","bwhjq","Elifsudeulug@hotmail.com ","Elif sude Uluğ ","z","","A10","büyüktür","{""Q0"":""büyüktür""}"
"21579.899999996996","","survey-multi-choice","5","113605","0.0-5.0","bwhjq","Elifsudeulug@hotmail.com ","Elif sude Uluğ ","z","","F24","null","{""Q0"":""Sevinir""}"
"2512.2000000046683","","survey-multi-choice","6","116135","0.0-6.0","bwhjq","Elifsudeulug@hotmail.com ","Elif sude Uluğ ","z","","Q24","Tokyo","{""Q0"":""Tokyo""}"
"7649.100000002363","","survey-multi-choice","7","123800","0.0-7.0","bwhjq","Elifsudeulug@hotmail.com ","Elif sude Uluğ ","z","","A14","büyüktür","{""Q0"":""küçüktür""}"
"11770.300000003772","","survey-multi-choice","8","135585","0.0-8.0","bwhjq","Elifsudeulug@hotmail.com ","Elif sude Uluğ ","z","","F09","null","{""Q0"":""Sevinir""}"
"2828.1999999962864","","survey-multi-choice","9","138429","0.0-9.0","bwhjq","Elifsudeulug@hotmail.com ","Elif sude Uluğ ","z","","Q09","Yemekhane","{""Q0"":""Yemekhane""}"
"20907.399999996414","","survey-multi-choice","10","159350","0.0-10.0","bwhjq","Elifsudeulug@hotmail.com ","Elif sude Uluğ ","z","","A17","küçüktür","{""Q0"":""büyüktür""}"
"16034.999999996217","","survey-multi-choice","11","175403","0.0-11.0","bwhjq","Elifsudeulug@hotmail.com ","Elif sude Uluğ ","z","","C06","null","{""Q0"":""Sevinir""}"
"4609.499999998661","","survey-multi-choice","12","180027","0.0-12.0","bwhjq","Elifsudeulug@hotmail.com ","Elif sude Uluğ ","z","","Q06","Müdür","{""Q0"":""Müdür""}"
"27910.100000000966","","survey-multi-choice","13","207953","0.0-13.0","bwhjq","Elifsudeulug@hotmail.com ","Elif sude Uluğ ","z","","A15","büyüktür","{""Q0"":""büyüktür""}"
"11168.499999999767","","survey-multi-choice","14","219138","0.0-14.0","bwhjq","Elifsudeulug@hotmail.com ","Elif sude Uluğ ","z","","F23","null","{""Q0"":""Üzülür""}"
"2459.999999999127","","survey-multi-choice","15","221616","0.0-15.0","bwhjq","Elifsudeulug@hotmail.com ","Elif sude Uluğ ","z","","Q23","Çarpışan arabalar","{""Q0"":""Çarpışan arabalar""}"
"14857.899999995425","","survey-multi-choice","16","236488","0.0-16.0","bwhjq","Elifsudeulug@hotmail.com ","Elif sude Uluğ ","z","","A07","küçüktür","{""Q0"":""küçüktür""}"
"19009.80000000709","","survey-multi-choice","17","255512","0.0-17.0","bwhjq","Elifsudeulug@hotmail.com ","Elif sude Uluğ ","z","","F07","null","{""Q0"":""Üzülür""}"
"1885.7000000061817","","survey-multi-choice","18","257413","0.0-18.0","bwhjq","Elifsudeulug@hotmail.com ","Elif sude Uluğ ","z","","Q07","Kardan adam","{""Q0"":""Kardan adam""}"
"11069.19999999809","","survey-multi-choice","19","268494","0.0-19.0","bwhjq","Elifsudeulug@hotmail.com ","Elif sude Uluğ ","z","","A09","küçüktür","{""Q0"":""büyüktür""}"
"7999.900000002526","","survey-multi-choice","20","276504","0.0-20.0","bwhjq","Elifsudeulug@hotmail.com ","Elif sude Uluğ ","z","","C03","null","{""Q0"":""Üzülür""}"
"8854.800000000978","","survey-multi-choice","21","285406","0.0-21.0","bwhjq","Elifsudeulug@hotmail.com ","Elif sude Uluğ ","z","","Q03","Ofis","{""Q0"":""Fabrika""}"
"18250.099999997474","","survey-multi-choice","22","303671","0.0-22.0","bwhjq","Elifsudeulug@hotmail.com ","Elif sude Uluğ ","z","","A01","küçüktür","{""Q0"":""küçüktür""}"
"15220.699999998033","","survey-multi-choice","23","318903","0.0-23.0","bwhjq","Elifsudeulug@hotmail.com ","Elif sude Uluğ ","z","","F15","null","{""Q0"":""Sevinir""}"
"3369.0000000060536","","survey-multi-choice","24","322288","0.0-24.0","bwhjq","Elifsudeulug@hotmail.com ","Elif sude Uluğ ","z","","Q15","Altı","{""Q0"":""Altı""}"
"4123.500000001513","","survey-multi-choice","25","326425","0.0-25.0","bwhjq","Elifsudeulug@hotmail.com ","Elif sude Uluğ ","z","","A12","büyüktür","{""Q0"":""küçüktür""}"
"11496.200000001409","","survey-multi-choice","26","337937","0.0-26.0","bwhjq","Elifsudeulug@hotmail.com ","Elif sude Uluğ ","z","","F13","null","{""Q0"":""Sevinir""}"
"2407.4000000036904","","survey-multi-choice","27","340366","0.0-27.0","bwhjq","Elifsudeulug@hotmail.com ","Elif sude Uluğ ","z","","Q13","Kars","{""Q0"":""Kars""}"
"14353.500000004715","","survey-multi-choice","28","354737","0.0-28.0","bwhjq","Elifsudeulug@hotmail.com ","Elif sude Uluğ ","z","","A24","büyüktür","{""Q0"":""büyüktür""}"
"7550.800000004529","","survey-multi-choice","29","362306","0.0-29.0","bwhjq","Elifsudeulug@hotmail.com ","Elif sude Uluğ ","z","","F19","null","{""Q0"":""Üzülür""}"
"1834.900000001653","","survey-multi-choice","30","364155","0.0-30.0","bwhjq","Elifsudeulug@hotmail.com ","Elif sude Uluğ ","z","","Q19","Fizik","{""Q0"":""Fizik""}"
"6901.499999999942","","survey-multi-choice","31","371078","0.0-31.0","bwhjq","Elifsudeulug@hotmail.com ","Elif sude Uluğ ","z","","A06","büyüktür","{""Q0"":""büyüktür""}"
"9459.69999999943","","survey-multi-choice","32","380562","0.0-32.0","bwhjq","Elifsudeulug@hotmail.com ","Elif sude Uluğ ","z","","C02","null","{""Q0"":""Sevinir""}"
"3732.000000003609","","survey-multi-choice","33","384314","0.0-33.0","bwhjq","Elifsudeulug@hotmail.com ","Elif sude Uluğ ","z","","Q02","Oyuncak bebek","{""Q0"":""Oyuncak bebek""}"
"9845.099999998638","","survey-multi-choice","34","394173","0.0-34.0","bwhjq","Elifsudeulug@hotmail.com ","Elif sude Uluğ ","z","","A05","küçüktür","{""Q0"":""küçüktür""}"
"7921.099999999569","","survey-multi-choice","35","402113","0.0-35.0","bwhjq","Elifsudeulug@hotmail.com ","Elif sude Uluğ ","z","","F10","null","{""Q0"":""Sevinir""}"
"3559.900000000198","","survey-multi-choice","36","405694","0.0-36.0","bwhjq","Elifsudeulug@hotmail.com ","Elif sude Uluğ ","z","","Q10","Yüksek lisans","{""Q0"":""Yüksek lisans""}"
"16022.799999998824","","survey-multi-choice","37","421731","0.0-37.0","bwhjq","Elifsudeulug@hotmail.com ","Elif sude Uluğ ","z","","A21","büyüktür","{""Q0"":""büyüktür""}"
"8438.69999999879","","survey-multi-choice","38","430192","0.0-38.0","bwhjq","Elifsudeulug@hotmail.com ","Elif sude Uluğ ","z","","F14","null","{""Q0"":""Sevinir""}"
"3064.5999999978812","","survey-multi-choice","39","433272","0.0-39.0","bwhjq","Elifsudeulug@hotmail.com ","Elif sude Uluğ ","z","","Q14","Birinci","{""Q0"":""İkinci""}"
"4989.900000000489","","survey-multi-choice","40","438277","0.0-40.0","bwhjq","Elifsudeulug@hotmail.com ","Elif sude Uluğ ","z","","A02","küçüktür","{""Q0"":""büyüktür""}"
"5962.500000001455","","survey-multi-choice","41","444260","0.0-41.0","bwhjq","Elifsudeulug@hotmail.com ","Elif sude Uluğ ","z","","F16","null","{""Q0"":""Sevinir""}"
"2031.3999999998487","","survey-multi-choice","42","446315","0.0-42.0","bwhjq","Elifsudeulug@hotmail.com ","Elif sude Uluğ ","z","","Q16","Kafe","{""Q0"":""Kafe""}"
"21400.500000003376","","survey-multi-choice","43","467737","0.0-43.0","bwhjq","Elifsudeulug@hotmail.com ","Elif sude Uluğ ","z","","A18","büyüktür","{""Q0"":""büyüktür""}"
"8947.500000002037","","survey-multi-choice","44","476705","0.0-44.0","bwhjq","Elifsudeulug@hotmail.com ","Elif sude Uluğ ","z","","C04","null","{""Q0"":""Sevinir""}"
"2727.7000000030966","","survey-multi-choice","45","479456","0.0-45.0","bwhjq","Elifsudeulug@hotmail.com ","Elif sude Uluğ ","z","","Q04","Kamp","{""Q0"":""Kamp""}"
"25278.599999997823","","survey-multi-choice","46","504755","0.0-46.0","bwhjq","Elifsudeulug@hotmail.com ","Elif sude Uluğ ","z","","A16","küçüktür","{""Q0"":""küçüktür""}"
"9889.200000005076","","survey-multi-choice","47","514665","0.0-47.0","bwhjq","Elifsudeulug@hotmail.com ","Elif sude Uluğ ","z","","F22","null","{""Q0"":""Sevinir""}"
"4023.4999999956926","","survey-multi-choice","48","518707","0.0-48.0","bwhjq","Elifsudeulug@hotmail.com ","Elif sude Uluğ ","z","","Q22","Yoğun","{""Q0"":""Yoğun""}"
"12658.400000000256","","survey-multi-choice","49","531378","0.0-49.0","bwhjq","Elifsudeulug@hotmail.com ","Elif sude Uluğ ","z","","A20","küçüktür","{""Q0"":""büyüktür""}"
"8193.599999998696","","survey-multi-choice","50","539593","0.0-50.0","bwhjq","Elifsudeulug@hotmail.com ","Elif sude Uluğ ","z","","F08","null","{""Q0"":""Üzülür""}"
"7763.500000000931","","survey-multi-choice","51","547371","0.0-51.0","bwhjq","Elifsudeulug@hotmail.com ","Elif sude Uluğ ","z","","Q08","Tenis","{""Q0"":""Tenis""}"
"12730.700000000186","","survey-multi-choice","52","560120","0.0-52.0","bwhjq","Elifsudeulug@hotmail.com ","Elif sude Uluğ ","z","","A23","büyüktür","{""Q0"":""büyüktür""}"
"11064.700000002747","","survey-multi-choice","53","571204","0.0-53.0","bwhjq","Elifsudeulug@hotmail.com ","Elif sude Uluğ ","z","","C05","null","{""Q0"":""Üzülür""}"
"2681.9999999933643","","survey-multi-choice","54","573902","0.0-54.0","bwhjq","Elifsudeulug@hotmail.com ","Elif sude Uluğ ","z","","Q05","Matematik","{""Q0"":""Matematik""}"
"11304.10000000114","","survey-multi-choice","55","585222","0.0-55.0","bwhjq","Elifsudeulug@hotmail.com ","Elif sude Uluğ ","z","","A22","küçüktür","{""Q0"":""büyüktür""}"
"11141.00000000326","","survey-multi-choice","56","596382","0.0-56.0","bwhjq","Elifsudeulug@hotmail.com ","Elif sude Uluğ ","z","","F20","null","{""Q0"":""Üzülür""}"
"4405.500000000815","","survey-multi-choice","57","600804","0.0-57.0","bwhjq","Elifsudeulug@hotmail.com ","Elif sude Uluğ ","z","","Q20","Piyango bileti","{""Q0"":""Piyango bileti""}"
"28305.199999995297","","survey-multi-choice","58","629130","0.0-58.0","bwhjq","Elifsudeulug@hotmail.com ","Elif sude Uluğ ","z","","A08","küçüktür","{""Q0"":""küçüktür""}"
"7380.4000000017695","","survey-multi-choice","59","636534","0.0-59.0","bwhjq","Elifsudeulug@hotmail.com ","Elif sude Uluğ ","z","","F12","null","{""Q0"":""Sevinir""}"
"2067.9999999993015","","survey-multi-choice","60","638629","0.0-60.0","bwhjq","Elifsudeulug@hotmail.com ","Elif sude Uluğ ","z","","Q12","Para biriktirmek","{""Q0"":""Para biriktirmek""}"
"5486.400000001537","","survey-multi-choice","61","644128","0.0-61.0","bwhjq","Elifsudeulug@hotmail.com ","Elif sude Uluğ ","z","","A13","küçüktür","{""Q0"":""büyüktür""}"
"6929.800000005402","","survey-multi-choice","62","651075","0.0-62.0","bwhjq","Elifsudeulug@hotmail.com ","Elif sude Uluğ ","z","","C01","null","{""Q0"":""Üzülür""}"
"3408.8999999947846","","survey-multi-choice","63","654510","0.0-63.0","bwhjq","Elifsudeulug@hotmail.com ","Elif sude Uluğ ","z","","Q01","Arda","{""Q0"":""Arda""}"
"3706.8000000000466","","survey-multi-choice","64","658236","0.0-64.0","bwhjq","Elifsudeulug@hotmail.com ","Elif sude Uluğ ","z","","A04","büyüktür","{""Q0"":""büyüktür""}"
"6383.399999998859","","survey-multi-choice","65","664642","0.0-65.0","bwhjq","Elifsudeulug@hotmail.com ","Elif sude Uluğ ","z","","F11","null","{""Q0"":""Üzülür""}"
"2310.900000004098","","survey-multi-choice","66","666973","0.0-66.0","bwhjq","Elifsudeulug@hotmail.com ","Elif sude Uluğ ","z","","Q11","Ayakkabı","{""Q0"":""Ayakkabı""}"
"18872.19999999809","","survey-multi-choice","67","685865","0.0-67.0","bwhjq","Elifsudeulug@hotmail.com ","Elif sude Uluğ ","z","","A11","büyüktür","{""Q0"":""büyüktür""}"
"5579.499999999884","","survey-multi-choice","68","691462","0.0-68.0","bwhjq","Elifsudeulug@hotmail.com ","Elif sude Uluğ ","z","","F21","null","{""Q0"":""Üzülür""}"
"1668.2000000000698","","survey-multi-choice","69","693156","0.0-69.0","bwhjq","Elifsudeulug@hotmail.com ","Elif sude Uluğ ","z","","Q21","Odun","{""Q0"":""Odun""}"
"13063.600000001374","","survey-multi-choice","70","706243","0.0-70.0","bwhjq","Elifsudeulug@hotmail.com ","Elif sude Uluğ ","z","","A03","küçüktür","{""Q0"":""büyüktür""}"
"8428.500000001746","","survey-multi-choice","71","714693","0.0-71.0","bwhjq","Elifsudeulug@hotmail.com ","Elif sude Uluğ ","z","","F17","null","{""Q0"":""Üzülür""}"
"3633.500000003609","","survey-multi-choice","72","718353","0.0-72.0","bwhjq","Elifsudeulug@hotmail.com ","Elif sude Uluğ ","z","","Q17","Öğle yemeği","{""Q0"":""Öğle yemeği""}"
"4658.900000002235","","survey-multi-choice","73","723030","0.0-73.0","bwhjq","Elifsudeulug@hotmail.com ","Elif sude Uluğ ","z","","A19","büyüktür","{""Q0"":""küçüktür""}"
