"rt","url","trial_type","trial_index","time_elapsed","internal_node_id","subject","subject_email","subject_name","group","view_history","id","correct","responses"
"45955.699999998615","resources/welcome.html","external-html","0","46016","0.0-0.0","ys9x9","yucecolak99@gmail.com","Yüce Çolak","d","","","",""
"42460.0999999966","","instructions","1","88481","0.0-1.0","ys9x9","yucecolak99@gmail.com","Yüce Çolak","d","[{""page_index"":0,""viewing_time"":42457.29999999821}]","","",""
"20276.39999999883","","survey-multi-choice","2","108770","0.0-2.0","ys9x9","yucecolak99@gmail.com","Yüce Çolak","d","","F18","null","{""Q0"":""Sevinir""}"
"3676.6999999999825","","survey-multi-choice","3","112456","0.0-3.0","ys9x9","yucecolak99@gmail.com","Yüce Çolak","d","","Q18","Çilek","{""Q0"":""Çilek""}"
"6082.0999999996275","","survey-multi-choice","4","118547","0.0-4.0","ys9x9","yucecolak99@gmail.com","Yüce Çolak","d","","A11","büyüktür","{""Q0"":""büyüktür""}"
"13350.299999998242","","survey-multi-choice","5","131905","0.0-5.0","ys9x9","yucecolak99@gmail.com","Yüce Çolak","d","","F20","null","{""Q0"":""Sevinir""}"
"3251.799999998184","","survey-multi-choice","6","135166","0.0-6.0","ys9x9","yucecolak99@gmail.com","Yüce Çolak","d","","Q20","Piyango bileti","{""Q0"":""Piyango bileti""}"
"4754.000000000815","","survey-multi-choice","7","139929","0.0-7.0","ys9x9","yucecolak99@gmail.com","Yüce Çolak","d","","A14","büyüktür","{""Q0"":""büyüktür""}"
"15735.30000000028","","survey-multi-choice","8","155673","0.0-8.0","ys9x9","yucecolak99@gmail.com","Yüce Çolak","d","","F21","null","{""Q0"":""Üzülür""}"
"3251.4999999984866","","survey-multi-choice","9","158934","0.0-9.0","ys9x9","yucecolak99@gmail.com","Yüce Çolak","d","","Q21","Odun","{""Q0"":""Odun""}"
"4239.49999999968","","survey-multi-choice","10","163182","0.0-10.0","ys9x9","yucecolak99@gmail.com","Yüce Çolak","d","","A15","büyüktür","{""Q0"":""büyüktür""}"
"26332.900000001246","","survey-multi-choice","11","189522","0.0-11.0","ys9x9","yucecolak99@gmail.com","Yüce Çolak","d","","C01","null","{""Q0"":""Sevinir""}"
"4183.899999999994","","survey-multi-choice","12","193715","0.0-12.0","ys9x9","yucecolak99@gmail.com","Yüce Çolak","d","","Q01","Arda","{""Q0"":""Arda""}"
"13958.399999999529","","survey-multi-choice","13","207682","0.0-13.0","ys9x9","yucecolak99@gmail.com","Yüce Çolak","d","","A04","büyüktür","{""Q0"":""küçüktür""}"
"12477.00000000259","","survey-multi-choice","14","220167","0.0-14.0","ys9x9","yucecolak99@gmail.com","Yüce Çolak","d","","F08","null","{""Q0"":""Üzülür""}"
"4751.899999999296","","survey-multi-choice","15","224930","0.0-15.0","ys9x9","yucecolak99@gmail.com","Yüce Çolak","d","","Q08","Tenis","{""Q0"":""Tenis""}"
"8107.899999999063","","survey-multi-choice","16","233046","0.0-16.0","ys9x9","yucecolak99@gmail.com","Yüce Çolak","d","","A01","küçüktür","{""Q0"":""küçüktür""}"
"22522.299999996903","","survey-multi-choice","17","255578","0.0-17.0","ys9x9","yucecolak99@gmail.com","Yüce Çolak","d","","F17","null","{""Q0"":""Sevinir""}"
"3462.19999999812","","survey-multi-choice","18","259063","0.0-18.0","ys9x9","yucecolak99@gmail.com","Yüce Çolak","d","","Q17","Öğle yemeği","{""Q0"":""Akşam yemeği""}"
"25337.19999999815","","survey-multi-choice","19","284408","0.0-19.0","ys9x9","yucecolak99@gmail.com","Yüce Çolak","d","","A02","küçüktür","{""Q0"":""küçüktür""}"
"13849.29999999801","","survey-multi-choice","20","298267","0.0-20.0","ys9x9","yucecolak99@gmail.com","Yüce Çolak","d","","C03","null","{""Q0"":""Üzülür""}"
"5167.999999997788","","survey-multi-choice","21","303446","0.0-21.0","ys9x9","yucecolak99@gmail.com","Yüce Çolak","d","","Q03","Ofis","{""Q0"":""Ofis""}"
"15328.799999999348","","survey-multi-choice","22","318783","0.0-22.0","ys9x9","yucecolak99@gmail.com","Yüce Çolak","d","","A07","küçüktür","{""Q0"":""küçüktür""}"
"8923.199999997392","","survey-multi-choice","23","327715","0.0-23.0","ys9x9","yucecolak99@gmail.com","Yüce Çolak","d","","F10","null","{""Q0"":""Sevinir""}"
"9458.300000002084","","survey-multi-choice","24","337183","0.0-24.0","ys9x9","yucecolak99@gmail.com","Yüce Çolak","d","","Q10","Yüksek lisans","{""Q0"":""Lisans""}"
"20751.799999998184","","survey-multi-choice","25","357960","0.0-25.0","ys9x9","yucecolak99@gmail.com","Yüce Çolak","d","","A05","küçüktür","{""Q0"":""küçüktür""}"
"21845.499999999418","","survey-multi-choice","26","379814","0.0-26.0","ys9x9","yucecolak99@gmail.com","Yüce Çolak","d","","F14","null","{""Q0"":""Sevinir""}"
"4138.900000001711","","survey-multi-choice","27","383963","0.0-27.0","ys9x9","yucecolak99@gmail.com","Yüce Çolak","d","","Q14","Birinci","{""Q0"":""İkinci""}"
"14598.5","","survey-multi-choice","28","398570","0.0-28.0","ys9x9","yucecolak99@gmail.com","Yüce Çolak","d","","A06","büyüktür","{""Q0"":""büyüktür""}"
"33700.29999999679","","survey-multi-choice","29","432278","0.0-29.0","ys9x9","yucecolak99@gmail.com","Yüce Çolak","d","","F15","null","{""Q0"":""Sevinir""}"
"2919.7000000021653","","survey-multi-choice","30","435208","0.0-30.0","ys9x9","yucecolak99@gmail.com","Yüce Çolak","d","","Q15","Altı","{""Q0"":""Altı""}"
"22724.999999998603","","survey-multi-choice","31","457942","0.0-31.0","ys9x9","yucecolak99@gmail.com","Yüce Çolak","d","","A10","büyüktür","{""Q0"":""büyüktür""}"
"33195.700000000186","","survey-multi-choice","32","491146","0.0-32.0","ys9x9","yucecolak99@gmail.com","Yüce Çolak","d","","C02","null","{""Q0"":""Sevinir""}"
"3517.5000000017462","","survey-multi-choice","33","494674","0.0-33.0","ys9x9","yucecolak99@gmail.com","Yüce Çolak","d","","Q02","Oyuncak bebek","{""Q0"":""Oyuncak bebek""}"
"20633.79999999964","","survey-multi-choice","34","515316","0.0-34.0","ys9x9","yucecolak99@gmail.com","Yüce Çolak","d","","A20","küçüktür","{""Q0"":""büyüktür""}"
"8712.400000000314","","survey-multi-choice","35","524037","0.0-35.0","ys9x9","yucecolak99@gmail.com","Yüce Çolak","d","","F19","null","{""Q0"":""Üzülür""}"
"2200.4999999989523","","survey-multi-choice","36","526247","0.0-36.0","ys9x9","yucecolak99@gmail.com","Yüce Çolak","d","","Q19","Fizik","{""Q0"":""Fizik""}"
"8090.399999997346","","survey-multi-choice","37","534346","0.0-37.0","ys9x9","yucecolak99@gmail.com","Yüce Çolak","d","","A08","küçüktür","{""Q0"":""küçüktür""}"
"12965.49999999837","","survey-multi-choice","38","547321","0.0-38.0","ys9x9","yucecolak99@gmail.com","Yüce Çolak","d","","F07","null","{""Q0"":""Üzülür""}"
"7113.199999999837","","survey-multi-choice","39","554443","0.0-39.0","ys9x9","yucecolak99@gmail.com","Yüce Çolak","d","","Q07","Kardan adam","{""Q0"":""Kardan adam""}"
"9980.400000000373","","survey-multi-choice","40","564434","0.0-40.0","ys9x9","yucecolak99@gmail.com","Yüce Çolak","d","","A17","küçüktür","{""Q0"":""küçüktür""}"
"18237.199999999604","","survey-multi-choice","41","582681","0.0-41.0","ys9x9","yucecolak99@gmail.com","Yüce Çolak","d","","F12","null","{""Q0"":""Sevinir""}"
"2928.700000000419","","survey-multi-choice","42","585619","0.0-42.0","ys9x9","yucecolak99@gmail.com","Yüce Çolak","d","","Q12","Para biriktirmek","{""Q0"":""Para biriktirmek""}"
"12842.000000000582","","survey-multi-choice","43","598471","0.0-43.0","ys9x9","yucecolak99@gmail.com","Yüce Çolak","d","","A16","küçüktür","{""Q0"":""küçüktür""}"
"24778.60000000149","","survey-multi-choice","44","623258","0.0-44.0","ys9x9","yucecolak99@gmail.com","Yüce Çolak","d","","C04","null","{""Q0"":""Sevinir""}"
"3637.0000000024447","","survey-multi-choice","45","626905","0.0-45.0","ys9x9","yucecolak99@gmail.com","Yüce Çolak","d","","Q04","Kamp","{""Q0"":""Kamp""}"
"17426.400000000256","","survey-multi-choice","46","644340","0.0-46.0","ys9x9","yucecolak99@gmail.com","Yüce Çolak","d","","A23","büyüktür","{""Q0"":""büyüktür""}"
"8764.600000002305","","survey-multi-choice","47","653113","0.0-47.0","ys9x9","yucecolak99@gmail.com","Yüce Çolak","d","","F23","null","{""Q0"":""Üzülür""}"
"1867.3999999992084","","survey-multi-choice","48","654991","0.0-48.0","ys9x9","yucecolak99@gmail.com","Yüce Çolak","d","","Q23","Çarpışan arabalar","{""Q0"":""Çarpışan arabalar""}"
"11339.500000001863","","survey-multi-choice","49","666338","0.0-49.0","ys9x9","yucecolak99@gmail.com","Yüce Çolak","d","","A24","büyüktür","{""Q0"":""büyüktür""}"
"17087.19999999809","","survey-multi-choice","50","683435","0.0-50.0","ys9x9","yucecolak99@gmail.com","Yüce Çolak","d","","F09","null","{""Q0"":""Sevinir""}"
"4569.09999999695","","survey-multi-choice","51","688014","0.0-51.0","ys9x9","yucecolak99@gmail.com","Yüce Çolak","d","","Q09","Yemekhane","{""Q0"":""Yemekhane""}"
"9514.500000001048","","survey-multi-choice","52","697538","0.0-52.0","ys9x9","yucecolak99@gmail.com","Yüce Çolak","d","","A09","küçüktür","{""Q0"":""küçüktür""}"
"26695.599999999045","","survey-multi-choice","53","724242","0.0-53.0","ys9x9","yucecolak99@gmail.com","Yüce Çolak","d","","C05","null","{""Q0"":""Sevinir""}"
"12379.899999999907","","survey-multi-choice","54","736642","0.0-54.0","ys9x9","yucecolak99@gmail.com","Yüce Çolak","d","","Q05","Matematik","{""Q0"":""Matematik""}"
"17077.699999997974","","survey-multi-choice","55","753727","0.0-55.0","ys9x9","yucecolak99@gmail.com","Yüce Çolak","d","","A22","küçüktür","{""Q0"":""küçüktür""}"
"16102.499999997206","","survey-multi-choice","56","769839","0.0-56.0","ys9x9","yucecolak99@gmail.com","Yüce Çolak","d","","F11","null","{""Q0"":""Üzülür""}"
"9053.599999999278","","survey-multi-choice","57","778903","0.0-57.0","ys9x9","yucecolak99@gmail.com","Yüce Çolak","d","","Q11","Ayakkabı","{""Q0"":""Ayakkabı""}"
"11301.500000001397","","survey-multi-choice","58","790213","0.0-58.0","ys9x9","yucecolak99@gmail.com","Yüce Çolak","d","","A19","büyüktür","{""Q0"":""büyüktür""}"
"22996.69999999611","","survey-multi-choice","59","813219","0.0-59.0","ys9x9","yucecolak99@gmail.com","Yüce Çolak","d","","F13","null","{""Q0"":""Üzülür""}"
"3914.6999999939","","survey-multi-choice","60","817144","0.0-60.0","ys9x9","yucecolak99@gmail.com","Yüce Çolak","d","","Q13","Kars","{""Q0"":""Kars""}"
"3348.4000000025844","","survey-multi-choice","61","820502","0.0-61.0","ys9x9","yucecolak99@gmail.com","Yüce Çolak","d","","A18","büyüktür","{""Q0"":""küçüktür""}"
"7925.699999999837","","survey-multi-choice","62","828436","0.0-62.0","ys9x9","yucecolak99@gmail.com","Yüce Çolak","d","","C06","null","{""Q0"":""Sevinir""}"
"3702.1000000021886","","survey-multi-choice","63","832148","0.0-63.0","ys9x9","yucecolak99@gmail.com","Yüce Çolak","d","","Q06","Müdür","{""Q0"":""Müdür""}"
"8550.800000004587","","survey-multi-choice","64","840709","0.0-64.0","ys9x9","yucecolak99@gmail.com","Yüce Çolak","d","","A03","küçüktür","{""Q0"":""küçüktür""}"
"6500.699999996927","","survey-multi-choice","65","847218","0.0-65.0","ys9x9","yucecolak99@gmail.com","Yüce Çolak","d","","F22","null","{""Q0"":""Sevinir""}"
"6317.700000006822","","survey-multi-choice","66","853546","0.0-66.0","ys9x9","yucecolak99@gmail.com","Yüce Çolak","d","","Q22","Yoğun","{""Q0"":""Yoğun""}"
"9138.900000005378","","survey-multi-choice","67","862696","0.0-67.0","ys9x9","yucecolak99@gmail.com","Yüce Çolak","d","","A12","büyüktür","{""Q0"":""büyüktür""}"
"8250.200000002282","","survey-multi-choice","68","870954","0.0-68.0","ys9x9","yucecolak99@gmail.com","Yüce Çolak","d","","F24","null","{""Q0"":""Sevinir""}"
"2325.199999999255","","survey-multi-choice","69","873347","0.0-69.0","ys9x9","yucecolak99@gmail.com","Yüce Çolak","d","","Q24","Tokyo","{""Q0"":""Tokyo""}"
"5053.200000002049","","survey-multi-choice","70","878409","0.0-70.0","ys9x9","yucecolak99@gmail.com","Yüce Çolak","d","","A13","küçüktür","{""Q0"":""küçüktür""}"
"6983.899999999208","","survey-multi-choice","71","885402","0.0-71.0","ys9x9","yucecolak99@gmail.com","Yüce Çolak","d","","F16","null","{""Q0"":""Sevinir""}"
"2832.0000000020955","","survey-multi-choice","72","888245","0.0-72.0","ys9x9","yucecolak99@gmail.com","Yüce Çolak","d","","Q16","Kafe","{""Q0"":""Kafe""}"
"8078.199999996345","","survey-multi-choice","73","896333","0.0-73.0","ys9x9","yucecolak99@gmail.com","Yüce Çolak","d","","A21","büyüktür","{""Q0"":""büyüktür""}"
