"rt","url","trial_type","trial_index","time_elapsed","internal_node_id","subject","subject_email","subject_name","group","view_history","id","correct","responses"
"53628","resources/welcome.html","external-html","0","53642","0.0-0.0","545ce","Muhammedselmansomuncu@gmail.com","Muhammed Selman Somuncu","b","","","",""
"15529","","instructions","1","69173","0.0-1.0","545ce","Muhammedselmansomuncu@gmail.com","Muhammed Selman Somuncu","b","[{""page_index"":0,""viewing_time"":15528}]","","",""
"9891","","survey-multi-choice","2","79069","0.0-2.0","545ce","Muhammedselmansomuncu@gmail.com","Muhammed Selman Somuncu","b","","F12","null","{""Q0"":""Üzülür""}"
"5205.000000000015","","survey-multi-choice","3","84277","0.0-3.0","545ce","Muhammedselmansomuncu@gmail.com","Muhammed Selman Somuncu","b","","Q12","Para biriktirmek","{""Q0"":""Para biriktirmek""}"
"13822.999999999985","","survey-multi-choice","4","98104","0.0-4.0","545ce","Muhammedselmansomuncu@gmail.com","Muhammed Selman Somuncu","b","","A24","büyüktür","{""Q0"":""büyüktür""}"
"14125","","survey-multi-choice","5","112233","0.0-5.0","545ce","Muhammedselmansomuncu@gmail.com","Muhammed Selman Somuncu","b","","F09","null","{""Q0"":""Sevinir""}"
"4470","","survey-multi-choice","6","116707","0.0-6.0","545ce","Muhammedselmansomuncu@gmail.com","Muhammed Selman Somuncu","b","","Q09","Yemekhane","{""Q0"":""Yemekhane""}"
"14023","","survey-multi-choice","7","130736","0.0-7.0","545ce","Muhammedselmansomuncu@gmail.com","Muhammed Selman Somuncu","b","","A14","büyüktür","{""Q0"":""büyüktür""}"
"7713","","survey-multi-choice","8","138453","0.0-8.0","545ce","Muhammedselmansomuncu@gmail.com","Muhammed Selman Somuncu","b","","F19","null","{""Q0"":""Üzülür""}"
"2720","","survey-multi-choice","9","141174","0.0-9.0","545ce","Muhammedselmansomuncu@gmail.com","Muhammed Selman Somuncu","b","","Q19","Fizik","{""Q0"":""Fizik""}"
"6569","","survey-multi-choice","10","147746","0.0-10.0","545ce","Muhammedselmansomuncu@gmail.com","Muhammed Selman Somuncu","b","","A15","büyüktür","{""Q0"":""büyüktür""}"
"30526","","survey-multi-choice","11","178273","0.0-11.0","545ce","Muhammedselmansomuncu@gmail.com","Muhammed Selman Somuncu","b","","C04","null","{""Q0"":""Üzülür""}"
"3425","","survey-multi-choice","12","181703","0.0-12.0","545ce","Muhammedselmansomuncu@gmail.com","Muhammed Selman Somuncu","b","","Q04","Kamp","{""Q0"":""Kamp""}"
"11529","","survey-multi-choice","13","193236","0.0-13.0","545ce","Muhammedselmansomuncu@gmail.com","Muhammed Selman Somuncu","b","","A06","büyüktür","{""Q0"":""büyüktür""}"
"6825.999999999971","","survey-multi-choice","14","200070","0.0-14.0","545ce","Muhammedselmansomuncu@gmail.com","Muhammed Selman Somuncu","b","","F18","null","{""Q0"":""Sevinir""}"
"2413","","survey-multi-choice","15","202489","0.0-15.0","545ce","Muhammedselmansomuncu@gmail.com","Muhammed Selman Somuncu","b","","Q18","Çilek","{""Q0"":""Çilek""}"
"18128","","survey-multi-choice","16","220623","0.0-16.0","545ce","Muhammedselmansomuncu@gmail.com","Muhammed Selman Somuncu","b","","A04","büyüktür","{""Q0"":""büyüktür""}"
"13358","","survey-multi-choice","17","233986","0.0-17.0","545ce","Muhammedselmansomuncu@gmail.com","Muhammed Selman Somuncu","b","","F21","null","{""Q0"":""Üzülür""}"
"3310.999999999971","","survey-multi-choice","18","237304","0.0-18.0","545ce","Muhammedselmansomuncu@gmail.com","Muhammed Selman Somuncu","b","","Q21","Odun","{""Q0"":""Odun""}"
"18432","","survey-multi-choice","19","255741","0.0-19.0","545ce","Muhammedselmansomuncu@gmail.com","Muhammed Selman Somuncu","b","","A07","küçüktür","{""Q0"":""küçüktür""}"
"8258","","survey-multi-choice","20","264006","0.0-20.0","545ce","Muhammedselmansomuncu@gmail.com","Muhammed Selman Somuncu","b","","C06","null","{""Q0"":""Üzülür""}"
"3362","","survey-multi-choice","21","267373","0.0-21.0","545ce","Muhammedselmansomuncu@gmail.com","Muhammed Selman Somuncu","b","","Q06","Müdür","{""Q0"":""Müdür""}"
"11749","","survey-multi-choice","22","279127","0.0-22.0","545ce","Muhammedselmansomuncu@gmail.com","Muhammed Selman Somuncu","b","","A23","büyüktür","{""Q0"":""büyüktür""}"
"19922.00000000006","","survey-multi-choice","23","299053","0.0-23.0","545ce","Muhammedselmansomuncu@gmail.com","Muhammed Selman Somuncu","b","","F10","null","{""Q0"":""Sevinir""}"
"2268","","survey-multi-choice","24","301326","0.0-24.0","545ce","Muhammedselmansomuncu@gmail.com","Muhammed Selman Somuncu","b","","Q10","Yüksek lisans","{""Q0"":""Yüksek lisans""}"
"35381","","survey-multi-choice","25","336713","0.0-25.0","545ce","Muhammedselmansomuncu@gmail.com","Muhammed Selman Somuncu","b","","A09","küçüktür","{""Q0"":""küçüktür""}"
"10792","","survey-multi-choice","26","347511","0.0-26.0","545ce","Muhammedselmansomuncu@gmail.com","Muhammed Selman Somuncu","b","","F17","null","{""Q0"":""Sevinir""}"
"2880","","survey-multi-choice","27","350395","0.0-27.0","545ce","Muhammedselmansomuncu@gmail.com","Muhammed Selman Somuncu","b","","Q17","Öğle yemeği","{""Q0"":""Akşam yemeği""}"
"7691","","survey-multi-choice","28","358093","0.0-28.0","545ce","Muhammedselmansomuncu@gmail.com","Muhammed Selman Somuncu","b","","A13","küçüktür","{""Q0"":""küçüktür""}"
"6827","","survey-multi-choice","29","364926","0.0-29.0","545ce","Muhammedselmansomuncu@gmail.com","Muhammed Selman Somuncu","b","","F07","null","{""Q0"":""Üzülür""}"
"3346.000000000058","","survey-multi-choice","30","368278","0.0-30.0","545ce","Muhammedselmansomuncu@gmail.com","Muhammed Selman Somuncu","b","","Q07","Kardan adam","{""Q0"":""Kardan adam""}"
"25542","","survey-multi-choice","31","393825","0.0-31.0","545ce","Muhammedselmansomuncu@gmail.com","Muhammed Selman Somuncu","b","","A21","büyüktür","{""Q0"":""büyüktür""}"
"10950","","survey-multi-choice","32","404780","0.0-32.0","545ce","Muhammedselmansomuncu@gmail.com","Muhammed Selman Somuncu","b","","C01","null","{""Q0"":""Sevinir""}"
"3828","","survey-multi-choice","33","408616","0.0-33.0","545ce","Muhammedselmansomuncu@gmail.com","Muhammed Selman Somuncu","b","","Q01","Arda","{""Q0"":""Arda""}"
"7375","","survey-multi-choice","34","415996","0.0-34.0","545ce","Muhammedselmansomuncu@gmail.com","Muhammed Selman Somuncu","b","","A05","küçüktür","{""Q0"":""küçüktür""}"
"5127.000000000058","","survey-multi-choice","35","421128","0.0-35.0","545ce","Muhammedselmansomuncu@gmail.com","Muhammed Selman Somuncu","b","","F23","null","{""Q0"":""Üzülür""}"
"3293.999999999942","","survey-multi-choice","36","424428","0.0-36.0","545ce","Muhammedselmansomuncu@gmail.com","Muhammed Selman Somuncu","b","","Q23","Çarpışan arabalar","{""Q0"":""Çarpışan arabalar""}"
"9360","","survey-multi-choice","37","433795","0.0-37.0","545ce","Muhammedselmansomuncu@gmail.com","Muhammed Selman Somuncu","b","","A08","küçüktür","{""Q0"":""küçüktür""}"
"7262","","survey-multi-choice","38","441062","0.0-38.0","545ce","Muhammedselmansomuncu@gmail.com","Muhammed Selman Somuncu","b","","F13","null","{""Q0"":""Sevinir""}"
"2602.000000000058","","survey-multi-choice","39","443670","0.0-39.0","545ce","Muhammedselmansomuncu@gmail.com","Muhammed Selman Somuncu","b","","Q13","Kars","{""Q0"":""Kars""}"
"13159","","survey-multi-choice","40","456831","0.0-40.0","545ce","Muhammedselmansomuncu@gmail.com","Muhammed Selman Somuncu","b","","A17","küçüktür","{""Q0"":""küçüktür""}"
"37830","","survey-multi-choice","41","494666","0.0-41.0","545ce","Muhammedselmansomuncu@gmail.com","Muhammed Selman Somuncu","b","","F11","null","{""Q0"":""Üzülür""}"
"2908.999999999942","","survey-multi-choice","42","497583","0.0-42.0","545ce","Muhammedselmansomuncu@gmail.com","Muhammed Selman Somuncu","b","","Q11","Ayakkabı","{""Q0"":""Ayakkabı""}"
"6428","","survey-multi-choice","43","504015","0.0-43.0","545ce","Muhammedselmansomuncu@gmail.com","Muhammed Selman Somuncu","b","","A10","büyüktür","{""Q0"":""büyüktür""}"
"5995","","survey-multi-choice","44","510015","0.0-44.0","545ce","Muhammedselmansomuncu@gmail.com","Muhammed Selman Somuncu","b","","C02","null","{""Q0"":""Üzülür""}"
"3276","","survey-multi-choice","45","513298","0.0-45.0","545ce","Muhammedselmansomuncu@gmail.com","Muhammed Selman Somuncu","b","","Q02","Oyuncak bebek","{""Q0"":""Oyuncak bebek""}"
"14000.999999999942","","survey-multi-choice","46","527306","0.0-46.0","545ce","Muhammedselmansomuncu@gmail.com","Muhammed Selman Somuncu","b","","A03","küçüktür","{""Q0"":""küçüktür""}"
"10787","","survey-multi-choice","47","538104","0.0-47.0","545ce","Muhammedselmansomuncu@gmail.com","Muhammed Selman Somuncu","b","","F20","null","{""Q0"":""Üzülür""}"
"2340","","survey-multi-choice","48","540450","0.0-48.0","545ce","Muhammedselmansomuncu@gmail.com","Muhammed Selman Somuncu","b","","Q20","Piyango bileti","{""Q0"":""Piyango bileti""}"
"5278","","survey-multi-choice","49","545734","0.0-49.0","545ce","Muhammedselmansomuncu@gmail.com","Muhammed Selman Somuncu","b","","A18","büyüktür","{""Q0"":""küçüktür""}"
"16645","","survey-multi-choice","50","562385","0.0-50.0","545ce","Muhammedselmansomuncu@gmail.com","Muhammed Selman Somuncu","b","","F15","null","{""Q0"":""Üzülür""}"
"3961.0000000001164","","survey-multi-choice","51","566351","0.0-51.0","545ce","Muhammedselmansomuncu@gmail.com","Muhammed Selman Somuncu","b","","Q15","Altı","{""Q0"":""Altı""}"
"6060","","survey-multi-choice","52","572417","0.0-52.0","545ce","Muhammedselmansomuncu@gmail.com","Muhammed Selman Somuncu","b","","A12","büyüktür","{""Q0"":""büyüktür""}"
"19693","","survey-multi-choice","53","592118","0.0-53.0","545ce","Muhammedselmansomuncu@gmail.com","Muhammed Selman Somuncu","b","","C03","null","{""Q0"":""Sevinir""}"
"3205.9999999998836","","survey-multi-choice","54","595330","0.0-54.0","545ce","Muhammedselmansomuncu@gmail.com","Muhammed Selman Somuncu","b","","Q03","Ofis","{""Q0"":""Ofis""}"
"12320.000000000116","","survey-multi-choice","55","607653","0.0-55.0","545ce","Muhammedselmansomuncu@gmail.com","Muhammed Selman Somuncu","b","","A01","küçüktür","{""Q0"":""küçüktür""}"
"5495.000000000116","","survey-multi-choice","56","613152","0.0-56.0","545ce","Muhammedselmansomuncu@gmail.com","Muhammed Selman Somuncu","b","","F22","null","{""Q0"":""Sevinir""}"
"4110","","survey-multi-choice","57","617269","0.0-57.0","545ce","Muhammedselmansomuncu@gmail.com","Muhammed Selman Somuncu","b","","Q22","Yoğun","{""Q0"":""Yoğun""}"
"7239","","survey-multi-choice","58","624513","0.0-58.0","545ce","Muhammedselmansomuncu@gmail.com","Muhammed Selman Somuncu","b","","A16","küçüktür","{""Q0"":""küçüktür""}"
"22653.000000000116","","survey-multi-choice","59","647171","0.0-59.0","545ce","Muhammedselmansomuncu@gmail.com","Muhammed Selman Somuncu","b","","F24","null","{""Q0"":""Sevinir""}"
"4195","","survey-multi-choice","60","651371","0.0-60.0","545ce","Muhammedselmansomuncu@gmail.com","Muhammed Selman Somuncu","b","","Q24","Tokyo","{""Q0"":""Tokyo""}"
"9975","","survey-multi-choice","61","661354","0.0-61.0","545ce","Muhammedselmansomuncu@gmail.com","Muhammed Selman Somuncu","b","","A20","küçüktür","{""Q0"":""küçüktür""}"
"6211","","survey-multi-choice","62","667571","0.0-62.0","545ce","Muhammedselmansomuncu@gmail.com","Muhammed Selman Somuncu","b","","C05","null","{""Q0"":""Sevinir""}"
"1876","","survey-multi-choice","63","669454","0.0-63.0","545ce","Muhammedselmansomuncu@gmail.com","Muhammed Selman Somuncu","b","","Q05","Matematik","{""Q0"":""Matematik""}"
"26479","","survey-multi-choice","64","695940","0.0-64.0","545ce","Muhammedselmansomuncu@gmail.com","Muhammed Selman Somuncu","b","","A22","küçüktür","{""Q0"":""küçüktür""}"
"6611","","survey-multi-choice","65","702557","0.0-65.0","545ce","Muhammedselmansomuncu@gmail.com","Muhammed Selman Somuncu","b","","F16","null","{""Q0"":""Sevinir""}"
"3192.9999999998836","","survey-multi-choice","66","705756","0.0-66.0","545ce","Muhammedselmansomuncu@gmail.com","Muhammed Selman Somuncu","b","","Q16","Kafe","{""Q0"":""Restoran""}"
"5127","","survey-multi-choice","67","710889","0.0-67.0","545ce","Muhammedselmansomuncu@gmail.com","Muhammed Selman Somuncu","b","","A19","büyüktür","{""Q0"":""büyüktür""}"
"6612","","survey-multi-choice","68","717506","0.0-68.0","545ce","Muhammedselmansomuncu@gmail.com","Muhammed Selman Somuncu","b","","F14","null","{""Q0"":""Sevinir""}"
"4012","","survey-multi-choice","69","721523","0.0-69.0","545ce","Muhammedselmansomuncu@gmail.com","Muhammed Selman Somuncu","b","","Q14","Birinci","{""Q0"":""İkinci""}"
"7312.000000000116","","survey-multi-choice","70","728842","0.0-70.0","545ce","Muhammedselmansomuncu@gmail.com","Muhammed Selman Somuncu","b","","A11","büyüktür","{""Q0"":""büyüktür""}"
"4875","","survey-multi-choice","71","733724","0.0-71.0","545ce","Muhammedselmansomuncu@gmail.com","Muhammed Selman Somuncu","b","","F08","null","{""Q0"":""Üzülür""}"
"2845","","survey-multi-choice","72","736576","0.0-72.0","545ce","Muhammedselmansomuncu@gmail.com","Muhammed Selman Somuncu","b","","Q08","Tenis","{""Q0"":""Tenis""}"
"11377","","survey-multi-choice","73","747958","0.0-73.0","545ce","Muhammedselmansomuncu@gmail.com","Muhammed Selman Somuncu","b","","A02","küçüktür","{""Q0"":""küçüktür""}"
