"rt","url","trial_type","trial_index","time_elapsed","internal_node_id","subject","subject_email","subject_name","group","view_history","id","correct","responses"
"53833","resources/welcome.html","external-html","0","53870","0.0-0.0","8x8l0","Beyza_akm@hotmail.com","Beyza Akman","d","","","",""
"31937","","instructions","1","85811","0.0-1.0","8x8l0","Beyza_akm@hotmail.com","Beyza Akman","d","[{""page_index"":0,""viewing_time"":31934}]","","",""
"7633","","survey-multi-choice","2","93455","0.0-2.0","8x8l0","Beyza_akm@hotmail.com","Beyza Akman","d","","F12","null","{""Q0"":""Sevinir""}"
"3717","","survey-multi-choice","3","97179","0.0-3.0","8x8l0","Beyza_akm@hotmail.com","Beyza Akman","d","","Q12","Para biriktirmek","{""Q0"":""Para biriktirmek""}"
"8064","","survey-multi-choice","4","105250","0.0-4.0","8x8l0","Beyza_akm@hotmail.com","Beyza Akman","d","","A09","küçüktür","{""Q0"":""küçüktür""}"
"16144","","survey-multi-choice","5","121402","0.0-5.0","8x8l0","Beyza_akm@hotmail.com","Beyza Akman","d","","F24","null","{""Q0"":""Sevinir""}"
"4459.000000000015","","survey-multi-choice","6","125867","0.0-6.0","8x8l0","Beyza_akm@hotmail.com","Beyza Akman","d","","Q24","Tokyo","{""Q0"":""Tokyo""}"
"7891.999999999985","","survey-multi-choice","7","133765","0.0-7.0","8x8l0","Beyza_akm@hotmail.com","Beyza Akman","d","","A15","büyüktür","{""Q0"":""küçüktür""}"
"7147.000000000029","","survey-multi-choice","8","140919","0.0-8.0","8x8l0","Beyza_akm@hotmail.com","Beyza Akman","d","","F20","null","{""Q0"":""Sevinir""}"
"2760","","survey-multi-choice","9","143684","0.0-9.0","8x8l0","Beyza_akm@hotmail.com","Beyza Akman","d","","Q20","Piyango bileti","{""Q0"":""Piyango bileti""}"
"4757","","survey-multi-choice","10","148446","0.0-10.0","8x8l0","Beyza_akm@hotmail.com","Beyza Akman","d","","A01","küçüktür","{""Q0"":""büyüktür""}"
"13334","","survey-multi-choice","11","161786","0.0-11.0","8x8l0","Beyza_akm@hotmail.com","Beyza Akman","d","","C03","null","{""Q0"":""Üzülür""}"
"4725","","survey-multi-choice","12","166518","0.0-12.0","8x8l0","Beyza_akm@hotmail.com","Beyza Akman","d","","Q03","Ofis","{""Q0"":""Ofis""}"
"5912","","survey-multi-choice","13","172435","0.0-13.0","8x8l0","Beyza_akm@hotmail.com","Beyza Akman","d","","A04","büyüktür","{""Q0"":""küçüktür""}"
"6376.000000000029","","survey-multi-choice","14","178817","0.0-14.0","8x8l0","Beyza_akm@hotmail.com","Beyza Akman","d","","F22","null","{""Q0"":""Sevinir""}"
"4044.999999999971","","survey-multi-choice","15","182868","0.0-15.0","8x8l0","Beyza_akm@hotmail.com","Beyza Akman","d","","Q22","Yoğun","{""Q0"":""Yoğun""}"
"10512","","survey-multi-choice","16","193386","0.0-16.0","8x8l0","Beyza_akm@hotmail.com","Beyza Akman","d","","A22","küçüktür","{""Q0"":""büyüktür""}"
"7995","","survey-multi-choice","17","201386","0.0-17.0","8x8l0","Beyza_akm@hotmail.com","Beyza Akman","d","","F10","null","{""Q0"":""Sevinir""}"
"2754","","survey-multi-choice","18","204147","0.0-18.0","8x8l0","Beyza_akm@hotmail.com","Beyza Akman","d","","Q10","Yüksek lisans","{""Q0"":""Yüksek lisans""}"
"11715","","survey-multi-choice","19","215870","0.0-19.0","8x8l0","Beyza_akm@hotmail.com","Beyza Akman","d","","A24","büyüktür","{""Q0"":""küçüktür""}"
"7389.999999999971","","survey-multi-choice","20","223266","0.0-20.0","8x8l0","Beyza_akm@hotmail.com","Beyza Akman","d","","C02","null","{""Q0"":""Üzülür""}"
"3280","","survey-multi-choice","21","226554","0.0-21.0","8x8l0","Beyza_akm@hotmail.com","Beyza Akman","d","","Q02","Oyuncak bebek","{""Q0"":""Oyuncak bebek""}"
"7703.999999999971","","survey-multi-choice","22","234264","0.0-22.0","8x8l0","Beyza_akm@hotmail.com","Beyza Akman","d","","A20","küçüktür","{""Q0"":""büyüktür""}"
"7200","","survey-multi-choice","23","241468","0.0-23.0","8x8l0","Beyza_akm@hotmail.com","Beyza Akman","d","","F11","null","{""Q0"":""Üzülür""}"
"2649","","survey-multi-choice","24","244124","0.0-24.0","8x8l0","Beyza_akm@hotmail.com","Beyza Akman","d","","Q11","Ayakkabı","{""Q0"":""Ayakkabı""}"
"8625","","survey-multi-choice","25","252755","0.0-25.0","8x8l0","Beyza_akm@hotmail.com","Beyza Akman","d","","A21","büyüktür","{""Q0"":""büyüktür""}"
"10225.000000000058","","survey-multi-choice","26","262985","0.0-26.0","8x8l0","Beyza_akm@hotmail.com","Beyza Akman","d","","F19","null","{""Q0"":""Üzülür""}"
"2830","","survey-multi-choice","27","265824","0.0-27.0","8x8l0","Beyza_akm@hotmail.com","Beyza Akman","d","","Q19","Fizik","{""Q0"":""Fizik""}"
"8793","","survey-multi-choice","28","274622","0.0-28.0","8x8l0","Beyza_akm@hotmail.com","Beyza Akman","d","","A18","büyüktür","{""Q0"":""büyüktür""}"
"7779","","survey-multi-choice","29","282407","0.0-29.0","8x8l0","Beyza_akm@hotmail.com","Beyza Akman","d","","F17","null","{""Q0"":""Üzülür""}"
"2108.999999999942","","survey-multi-choice","30","284522","0.0-30.0","8x8l0","Beyza_akm@hotmail.com","Beyza Akman","d","","Q17","Öğle yemeği","{""Q0"":""Akşam yemeği""}"
"8508","","survey-multi-choice","31","293036","0.0-31.0","8x8l0","Beyza_akm@hotmail.com","Beyza Akman","d","","A12","büyüktür","{""Q0"":""küçüktür""}"
"9711","","survey-multi-choice","32","302753","0.0-32.0","8x8l0","Beyza_akm@hotmail.com","Beyza Akman","d","","C01","null","{""Q0"":""Sevinir""}"
"3924","","survey-multi-choice","33","306684","0.0-33.0","8x8l0","Beyza_akm@hotmail.com","Beyza Akman","d","","Q01","Arda","{""Q0"":""Arda""}"
"5113","","survey-multi-choice","34","311804","0.0-34.0","8x8l0","Beyza_akm@hotmail.com","Beyza Akman","d","","A14","büyüktür","{""Q0"":""büyüktür""}"
"5778","","survey-multi-choice","35","317589","0.0-35.0","8x8l0","Beyza_akm@hotmail.com","Beyza Akman","d","","F09","null","{""Q0"":""Sevinir""}"
"2668.999999999942","","survey-multi-choice","36","320266","0.0-36.0","8x8l0","Beyza_akm@hotmail.com","Beyza Akman","d","","Q09","Yemekhane","{""Q0"":""Yemekhane""}"
"8218.999999999942","","survey-multi-choice","37","328489","0.0-37.0","8x8l0","Beyza_akm@hotmail.com","Beyza Akman","d","","A05","küçüktür","{""Q0"":""küçüktür""}"
"6995","","survey-multi-choice","38","335488","0.0-38.0","8x8l0","Beyza_akm@hotmail.com","Beyza Akman","d","","F14","null","{""Q0"":""Sevinir""}"
"4348","","survey-multi-choice","39","339842","0.0-39.0","8x8l0","Beyza_akm@hotmail.com","Beyza Akman","d","","Q14","Birinci","{""Q0"":""İkinci""}"
"5347","","survey-multi-choice","40","345196","0.0-40.0","8x8l0","Beyza_akm@hotmail.com","Beyza Akman","d","","A11","büyüktür","{""Q0"":""büyüktür""}"
"5515","","survey-multi-choice","41","350718","0.0-41.0","8x8l0","Beyza_akm@hotmail.com","Beyza Akman","d","","F08","null","{""Q0"":""Üzülür""}"
"3068","","survey-multi-choice","42","353793","0.0-42.0","8x8l0","Beyza_akm@hotmail.com","Beyza Akman","d","","Q08","Tenis","{""Q0"":""Tenis""}"
"6561.999999999942","","survey-multi-choice","43","360360","0.0-43.0","8x8l0","Beyza_akm@hotmail.com","Beyza Akman","d","","A16","küçüktür","{""Q0"":""küçüktür""}"
"8123","","survey-multi-choice","44","368488","0.0-44.0","8x8l0","Beyza_akm@hotmail.com","Beyza Akman","d","","C05","null","{""Q0"":""Sevinir""}"
"2563.999999999942","","survey-multi-choice","45","371060","0.0-45.0","8x8l0","Beyza_akm@hotmail.com","Beyza Akman","d","","Q05","Matematik","{""Q0"":""Matematik""}"
"5707","","survey-multi-choice","46","376772","0.0-46.0","8x8l0","Beyza_akm@hotmail.com","Beyza Akman","d","","A07","küçüktür","{""Q0"":""büyüktür""}"
"6163","","survey-multi-choice","47","382940","0.0-47.0","8x8l0","Beyza_akm@hotmail.com","Beyza Akman","d","","F18","null","{""Q0"":""Sevinir""}"
"3143.000000000058","","survey-multi-choice","48","386091","0.0-48.0","8x8l0","Beyza_akm@hotmail.com","Beyza Akman","d","","Q18","Çilek","{""Q0"":""Çilek""}"
"7530","","survey-multi-choice","49","393627","0.0-49.0","8x8l0","Beyza_akm@hotmail.com","Beyza Akman","d","","A06","büyüktür","{""Q0"":""büyüktür""}"
"7759","","survey-multi-choice","50","401392","0.0-50.0","8x8l0","Beyza_akm@hotmail.com","Beyza Akman","d","","F21","null","{""Q0"":""Üzülür""}"
"2289","","survey-multi-choice","51","403687","0.0-51.0","8x8l0","Beyza_akm@hotmail.com","Beyza Akman","d","","Q21","Odun","{""Q0"":""Odun""}"
"4598","","survey-multi-choice","52","408291","0.0-52.0","8x8l0","Beyza_akm@hotmail.com","Beyza Akman","d","","A02","küçüktür","{""Q0"":""küçüktür""}"
"18850","","survey-multi-choice","53","427150","0.0-53.0","8x8l0","Beyza_akm@hotmail.com","Beyza Akman","d","","C04","null","{""Q0"":""Üzülür""}"
"3106","","survey-multi-choice","54","430262","0.0-54.0","8x8l0","Beyza_akm@hotmail.com","Beyza Akman","d","","Q04","Kamp","{""Q0"":""Kamp""}"
"7527","","survey-multi-choice","55","437795","0.0-55.0","8x8l0","Beyza_akm@hotmail.com","Beyza Akman","d","","A08","küçüktür","{""Q0"":""küçüktür""}"
"18087","","survey-multi-choice","56","455888","0.0-56.0","8x8l0","Beyza_akm@hotmail.com","Beyza Akman","d","","F15","null","{""Q0"":""Sevinir""}"
"2822","","survey-multi-choice","57","458717","0.0-57.0","8x8l0","Beyza_akm@hotmail.com","Beyza Akman","d","","Q15","Altı","{""Q0"":""Altı""}"
"5406.000000000058","","survey-multi-choice","58","464129","0.0-58.0","8x8l0","Beyza_akm@hotmail.com","Beyza Akman","d","","A10","büyüktür","{""Q0"":""küçüktür""}"
"6817.000000000058","","survey-multi-choice","59","470951","0.0-59.0","8x8l0","Beyza_akm@hotmail.com","Beyza Akman","d","","F23","null","{""Q0"":""Üzülür""}"
"2974","","survey-multi-choice","60","473929","0.0-60.0","8x8l0","Beyza_akm@hotmail.com","Beyza Akman","d","","Q23","Çarpışan arabalar","{""Q0"":""Çarpışan arabalar""}"
"5741","","survey-multi-choice","61","479676","0.0-61.0","8x8l0","Beyza_akm@hotmail.com","Beyza Akman","d","","A19","büyüktür","{""Q0"":""küçüktür""}"
"15818","","survey-multi-choice","62","495498","0.0-62.0","8x8l0","Beyza_akm@hotmail.com","Beyza Akman","d","","C06","null","{""Q0"":""Üzülür""}"
"2908.999999999942","","survey-multi-choice","63","498414","0.0-63.0","8x8l0","Beyza_akm@hotmail.com","Beyza Akman","d","","Q06","Müdür","{""Q0"":""Müdür""}"
"6990","","survey-multi-choice","64","505411","0.0-64.0","8x8l0","Beyza_akm@hotmail.com","Beyza Akman","d","","A13","küçüktür","{""Q0"":""büyüktür""}"
"6627.000000000058","","survey-multi-choice","65","512044","0.0-65.0","8x8l0","Beyza_akm@hotmail.com","Beyza Akman","d","","F16","null","{""Q0"":""Sevinir""}"
"2597","","survey-multi-choice","66","514648","0.0-66.0","8x8l0","Beyza_akm@hotmail.com","Beyza Akman","d","","Q16","Kafe","{""Q0"":""Kafe""}"
"6982.999999999942","","survey-multi-choice","67","521637","0.0-67.0","8x8l0","Beyza_akm@hotmail.com","Beyza Akman","d","","A17","küçüktür","{""Q0"":""büyüktür""}"
"9455","","survey-multi-choice","68","531097","0.0-68.0","8x8l0","Beyza_akm@hotmail.com","Beyza Akman","d","","F07","null","{""Q0"":""Sevinir""}"
"3360.9999999998836","","survey-multi-choice","69","534467","0.0-69.0","8x8l0","Beyza_akm@hotmail.com","Beyza Akman","d","","Q07","Kardan adam","{""Q0"":""Kardan adam""}"
"5361","","survey-multi-choice","70","539834","0.0-70.0","8x8l0","Beyza_akm@hotmail.com","Beyza Akman","d","","A23","büyüktür","{""Q0"":""büyüktür""}"
"6091","","survey-multi-choice","71","545931","0.0-71.0","8x8l0","Beyza_akm@hotmail.com","Beyza Akman","d","","F13","null","{""Q0"":""Sevinir""}"
"3860.9999999998836","","survey-multi-choice","72","549798","0.0-72.0","8x8l0","Beyza_akm@hotmail.com","Beyza Akman","d","","Q13","Kars","{""Q0"":""Kars""}"
"11260","","survey-multi-choice","73","561064","0.0-73.0","8x8l0","Beyza_akm@hotmail.com","Beyza Akman","d","","A03","küçüktür","{""Q0"":""küçüktür""}"
