"rt","url","trial_type","trial_index","time_elapsed","internal_node_id","subject","subject_email","subject_name","group","view_history","id","correct","responses"
"16444.700000000004","resources/welcome.html","external-html","0","16474","0.0-0.0","6rggb","","Alexandre pato","z","","","",""
"2462.7999999999993","","instructions","1","18943","0.0-1.0","6rggb","","Alexandre pato","z","[{""page_index"":0,""viewing_time"":2462}]","","",""
"25550.800000000003","","survey-multi-choice","2","44499","0.0-2.0","6rggb","","Alexandre pato","z","","F16","null","{""Q0"":""Sevinir""}"
"5256.600000000006","","survey-multi-choice","3","49765","0.0-3.0","6rggb","","Alexandre pato","z","","Q16","Kafe","{""Q0"":""Kafe""}"
"35455.1","","survey-multi-choice","4","85232","0.0-4.0","6rggb","","Alexandre pato","z","","A20","küçüktür","{""Q0"":""küçüktür""}"
"17622.899999999994","","survey-multi-choice","5","102864","0.0-5.0","6rggb","","Alexandre pato","z","","F23","null","{""Q0"":""Üzülür""}"
"5028","","survey-multi-choice","6","107899","0.0-6.0","6rggb","","Alexandre pato","z","","Q23","Çarpışan arabalar","{""Q0"":""Çarpışan arabalar""}"
"21731.300000000003","","survey-multi-choice","7","129638","0.0-7.0","6rggb","","Alexandre pato","z","","A23","büyüktür","{""Q0"":""büyüktür""}"
"39190.20000000001","","survey-multi-choice","8","168840","0.0-8.0","6rggb","","Alexandre pato","z","","F17","null","{""Q0"":""Sevinir""}"
"3333.7999999999884","","survey-multi-choice","9","172177","0.0-9.0","6rggb","","Alexandre pato","z","","Q17","Öğle yemeği","{""Q0"":""Akşam yemeği""}"
"10630.49999999997","","survey-multi-choice","10","182815","0.0-10.0","6rggb","","Alexandre pato","z","","A22","küçüktür","{""Q0"":""büyüktür""}"
"13970.199999999983","","survey-multi-choice","11","196793","0.0-11.0","6rggb","","Alexandre pato","z","","C04","null","{""Q0"":""Sevinir""}"
"3020.4000000000233","","survey-multi-choice","12","199821","0.0-12.0","6rggb","","Alexandre pato","z","","Q04","Kamp","{""Q0"":""Kamp""}"
"33254.09999999998","","survey-multi-choice","13","233082","0.0-13.0","6rggb","","Alexandre pato","z","","A04","büyüktür","{""Q0"":""büyüktür""}"
"17946.399999999994","","survey-multi-choice","14","251035","0.0-14.0","6rggb","","Alexandre pato","z","","F22","null","{""Q0"":""Sevinir""}"
"8484.299999999988","","survey-multi-choice","15","259527","0.0-15.0","6rggb","","Alexandre pato","z","","Q22","Yoğun","{""Q0"":""Sıkıcı""}"
"17174.100000000035","","survey-multi-choice","16","276710","0.0-16.0","6rggb","","Alexandre pato","z","","A10","büyüktür","{""Q0"":""büyüktür""}"
"9022.499999999942","","survey-multi-choice","17","285748","0.0-17.0","6rggb","","Alexandre pato","z","","F11","null","{""Q0"":""Üzülür""}"
"3078.399999999965","","survey-multi-choice","18","288835","0.0-18.0","6rggb","","Alexandre pato","z","","Q11","Ayakkabı","{""Q0"":""Ayakkabı""}"
"13398.199999999953","","survey-multi-choice","19","302240","0.0-19.0","6rggb","","Alexandre pato","z","","A17","küçüktür","{""Q0"":""küçüktür""}"
"19042.900000000023","","survey-multi-choice","20","321290","0.0-20.0","6rggb","","Alexandre pato","z","","C03","null","{""Q0"":""Üzülür""}"
"3553.2000000000116","","survey-multi-choice","21","324851","0.0-21.0","6rggb","","Alexandre pato","z","","Q03","Ofis","{""Q0"":""Ofis""}"
"13717.600000000035","","survey-multi-choice","22","338581","0.0-22.0","6rggb","","Alexandre pato","z","","A09","küçüktür","{""Q0"":""küçüktür""}"
"23435.400000000023","","survey-multi-choice","23","362023","0.0-23.0","6rggb","","Alexandre pato","z","","F21","null","{""Q0"":""Üzülür""}"
"2593.5999999999767","","survey-multi-choice","24","364629","0.0-24.0","6rggb","","Alexandre pato","z","","Q21","Odun","{""Q0"":""Odun""}"
"11192.899999999965","","survey-multi-choice","25","375829","0.0-25.0","6rggb","","Alexandre pato","z","","A05","küçüktür","{""Q0"":""küçüktür""}"
"23849.20000000007","","survey-multi-choice","26","399687","0.0-26.0","6rggb","","Alexandre pato","z","","F12","null","{""Q0"":""Üzülür""}"
"4055.7999999999884","","survey-multi-choice","27","403749","0.0-27.0","6rggb","","Alexandre pato","z","","Q12","Para biriktirmek","{""Q0"":""Para biriktirmek""}"
"9794.300000000047","","survey-multi-choice","28","413550","0.0-28.0","6rggb","","Alexandre pato","z","","A13","küçüktür","{""Q0"":""küçüktür""}"
"35599.79999999999","","survey-multi-choice","29","449158","0.0-29.0","6rggb","","Alexandre pato","z","","F18","null","{""Q0"":""Sevinir""}"
"12145.700000000012","","survey-multi-choice","30","461311","0.0-30.0","6rggb","","Alexandre pato","z","","Q18","Çilek","{""Q0"":""Çilek""}"
"32920.70000000001","","survey-multi-choice","31","494239","0.0-31.0","6rggb","","Alexandre pato","z","","A18","büyüktür","{""Q0"":""büyüktür""}"
"7710.199999999953","","survey-multi-choice","32","501956","0.0-32.0","6rggb","","Alexandre pato","z","","C05","null","{""Q0"":""Üzülür""}"
"3891.5","","survey-multi-choice","33","505856","0.0-33.0","6rggb","","Alexandre pato","z","","Q05","Matematik","{""Q0"":""Matematik""}"
"14318.599999999919","","survey-multi-choice","34","520183","0.0-34.0","6rggb","","Alexandre pato","z","","A01","küçüktür","{""Q0"":""küçüktür""}"
"28419.099999999977","","survey-multi-choice","35","548608","0.0-35.0","6rggb","","Alexandre pato","z","","F15","null","{""Q0"":""Üzülür""}"
"4800.600000000093","","survey-multi-choice","36","553416","0.0-36.0","6rggb","","Alexandre pato","z","","Q15","Altı","{""Q0"":""Altı""}"
"9782","","survey-multi-choice","37","563203","0.0-37.0","6rggb","","Alexandre pato","z","","A24","büyüktür","{""Q0"":""küçüktür""}"
"13502.5","","survey-multi-choice","38","576712","0.0-38.0","6rggb","","Alexandre pato","z","","F10","null","{""Q0"":""Sevinir""}"
"7050.79999999993","","survey-multi-choice","39","583771","0.0-39.0","6rggb","","Alexandre pato","z","","Q10","Yüksek lisans","{""Q0"":""Yüksek lisans""}"
"8691.300000000047","","survey-multi-choice","40","592469","0.0-40.0","6rggb","","Alexandre pato","z","","A21","büyüktür","{""Q0"":""küçüktür""}"
"14870.199999999953","","survey-multi-choice","41","607346","0.0-41.0","6rggb","","Alexandre pato","z","","F20","null","{""Q0"":""Sevinir""}"
"3376.600000000093","","survey-multi-choice","42","610730","0.0-42.0","6rggb","","Alexandre pato","z","","Q20","Piyango bileti","{""Q0"":""Piyango bileti""}"
"18436.900000000023","","survey-multi-choice","43","629174","0.0-43.0","6rggb","","Alexandre pato","z","","A12","büyüktür","{""Q0"":""büyüktür""}"
"18487.800000000047","","survey-multi-choice","44","647678","0.0-44.0","6rggb","","Alexandre pato","z","","C01","null","{""Q0"":""Üzülür""}"
"10576.70000000007","","survey-multi-choice","45","658265","0.0-45.0","6rggb","","Alexandre pato","z","","Q01","Arda","{""Q0"":""Arda""}"
"7213.300000000047","","survey-multi-choice","46","665484","0.0-46.0","6rggb","","Alexandre pato","z","","A11","büyüktür","{""Q0"":""küçüktür""}"
"8009.699999999953","","survey-multi-choice","47","673501","0.0-47.0","6rggb","","Alexandre pato","z","","F08","null","{""Q0"":""Üzülür""}"
"2896.20000000007","","survey-multi-choice","48","676404","0.0-48.0","6rggb","","Alexandre pato","z","","Q08","Tenis","{""Q0"":""Tenis""}"
"5363.5","","survey-multi-choice","49","681774","0.0-49.0","6rggb","","Alexandre pato","z","","A19","büyüktür","{""Q0"":""büyüktür""}"
"21316.40000000014","","survey-multi-choice","50","703098","0.0-50.0","6rggb","","Alexandre pato","z","","F07","null","{""Q0"":""Üzülür""}"
"5193.600000000093","","survey-multi-choice","51","708299","0.0-51.0","6rggb","","Alexandre pato","z","","Q07","Kardan adam","{""Q0"":""Kardan adam""}"
"10702.900000000023","","survey-multi-choice","52","719008","0.0-52.0","6rggb","","Alexandre pato","z","","A03","küçüktür","{""Q0"":""küçüktür""}"
"16520.199999999953","","survey-multi-choice","53","735536","0.0-53.0","6rggb","","Alexandre pato","z","","C02","null","{""Q0"":""Sevinir""}"
"4989.899999999907","","survey-multi-choice","54","740536","0.0-54.0","6rggb","","Alexandre pato","z","","Q02","Oyuncak bebek","{""Q0"":""Oyuncak bebek""}"
"18714.399999999907","","survey-multi-choice","55","759260","0.0-55.0","6rggb","","Alexandre pato","z","","A16","küçüktür","{""Q0"":""küçüktür""}"
"16522.300000000047","","survey-multi-choice","56","775792","0.0-56.0","6rggb","","Alexandre pato","z","","F24","null","{""Q0"":""Sevinir""}"
"3433.3000000000466","","survey-multi-choice","57","779236","0.0-57.0","6rggb","","Alexandre pato","z","","Q24","Tokyo","{""Q0"":""Tokyo""}"
"34661.69999999995","","survey-multi-choice","58","813904","0.0-58.0","6rggb","","Alexandre pato","z","","A15","büyüktür","{""Q0"":""büyüktür""}"
"11794.199999999953","","survey-multi-choice","59","825707","0.0-59.0","6rggb","","Alexandre pato","z","","F14","null","{""Q0"":""Sevinir""}"
"3857.399999999907","","survey-multi-choice","60","829573","0.0-60.0","6rggb","","Alexandre pato","z","","Q14","Birinci","{""Q0"":""İkinci""}"
"6672.900000000023","","survey-multi-choice","61","836252","0.0-61.0","6rggb","","Alexandre pato","z","","A02","küçüktür","{""Q0"":""küçüktür""}"
"5698.5","","survey-multi-choice","62","841958","0.0-62.0","6rggb","","Alexandre pato","z","","C06","null","{""Q0"":""Sevinir""}"
"3118.79999999993","","survey-multi-choice","63","845083","0.0-63.0","6rggb","","Alexandre pato","z","","Q06","Müdür","{""Q0"":""Müdür""}"
"8382.29999999993","","survey-multi-choice","64","853473","0.0-64.0","6rggb","","Alexandre pato","z","","A08","küçüktür","{""Q0"":""küçüktür""}"
"7970.199999999953","","survey-multi-choice","65","861450","0.0-65.0","6rggb","","Alexandre pato","z","","F19","null","{""Q0"":""Üzülür""}"
"2668.8000000000466","","survey-multi-choice","66","864126","0.0-66.0","6rggb","","Alexandre pato","z","","Q19","Fizik","{""Q0"":""Fizik""}"
"11851.20000000007","","survey-multi-choice","67","875984","0.0-67.0","6rggb","","Alexandre pato","z","","A14","büyüktür","{""Q0"":""büyüktür""}"
"21669.5","","survey-multi-choice","68","897662","0.0-68.0","6rggb","","Alexandre pato","z","","F13","null","{""Q0"":""Sevinir""}"
"2705.5999999999767","","survey-multi-choice","69","900373","0.0-69.0","6rggb","","Alexandre pato","z","","Q13","Kars","{""Q0"":""Kars""}"
"9141.399999999907","","survey-multi-choice","70","909521","0.0-70.0","6rggb","","Alexandre pato","z","","A06","büyüktür","{""Q0"":""büyüktür""}"
"11819.499999999884","","survey-multi-choice","71","921347","0.0-71.0","6rggb","","Alexandre pato","z","","F09","null","{""Q0"":""Sevinir""}"
"3541.6999999999534","","survey-multi-choice","72","924897","0.0-72.0","6rggb","","Alexandre pato","z","","Q09","Yemekhane","{""Q0"":""Yemekhane""}"
"5691.900000000023","","survey-multi-choice","73","930597","0.0-73.0","6rggb","","Alexandre pato","z","","A07","küçüktür","{""Q0"":""küçüktür""}"
