"rt","url","trial_type","trial_index","time_elapsed","internal_node_id","subject","subject_email","subject_name","group","view_history","id","correct","responses"
"42583","resources/welcome.html","external-html","0","42609","0.0-0.0","w0dfc","fkureci@hotmail.com","Fatih Küreci","d","","","",""
"2281","","instructions","1","44896","0.0-1.0","w0dfc","fkureci@hotmail.com","Fatih Küreci","d","[{""page_index"":0,""viewing_time"":2279}]","","",""
"6822","","survey-multi-choice","2","51726","0.0-2.0","w0dfc","fkureci@hotmail.com","Fatih Küreci","d","","F11","null","{""Q0"":""Sevinir""}"
"3796","","survey-multi-choice","3","55528","0.0-3.0","w0dfc","fkureci@hotmail.com","Fatih Küreci","d","","Q11","Ayakkabı","{""Q0"":""Ayakkabı""}"
"22235","","survey-multi-choice","4","77769","0.0-4.0","w0dfc","fkureci@hotmail.com","Fatih Küreci","d","","A08","küçüktür","{""Q0"":""küçüktür""}"
"8265","","survey-multi-choice","5","86040","0.0-5.0","w0dfc","fkureci@hotmail.com","Fatih Küreci","d","","F18","null","{""Q0"":""Sevinir""}"
"2808","","survey-multi-choice","6","88854","0.0-6.0","w0dfc","fkureci@hotmail.com","Fatih Küreci","d","","Q18","Çilek","{""Q0"":""Çilek""}"
"32633.000000000015","","survey-multi-choice","7","121490","0.0-7.0","w0dfc","fkureci@hotmail.com","Fatih Küreci","d","","A12","büyüktür","{""Q0"":""büyüktür""}"
"18602","","survey-multi-choice","8","140096","0.0-8.0","w0dfc","fkureci@hotmail.com","Fatih Küreci","d","","F24","null","{""Q0"":""Sevinir""}"
"5137","","survey-multi-choice","9","145236","0.0-9.0","w0dfc","fkureci@hotmail.com","Fatih Küreci","d","","Q24","Tokyo","{""Q0"":""Londra""}"
"32995","","survey-multi-choice","10","178236","0.0-10.0","w0dfc","fkureci@hotmail.com","Fatih Küreci","d","","A23","büyüktür","{""Q0"":""büyüktür""}"
"11490","","survey-multi-choice","11","189732","0.0-11.0","w0dfc","fkureci@hotmail.com","Fatih Küreci","d","","C03","null","{""Q0"":""Sevinir""}"
"3168","","survey-multi-choice","12","192905","0.0-12.0","w0dfc","fkureci@hotmail.com","Fatih Küreci","d","","Q03","Ofis","{""Q0"":""Ofis""}"
"5293","","survey-multi-choice","13","198204","0.0-13.0","w0dfc","fkureci@hotmail.com","Fatih Küreci","d","","A09","küçüktür","{""Q0"":""küçüktür""}"
"5658","","survey-multi-choice","14","203868","0.0-14.0","w0dfc","fkureci@hotmail.com","Fatih Küreci","d","","F23","null","{""Q0"":""Üzülür""}"
"2149","","survey-multi-choice","15","206022","0.0-15.0","w0dfc","fkureci@hotmail.com","Fatih Küreci","d","","Q23","Çarpışan arabalar","{""Q0"":""Çarpışan arabalar""}"
"6780","","survey-multi-choice","16","212807","0.0-16.0","w0dfc","fkureci@hotmail.com","Fatih Küreci","d","","A04","büyüktür","{""Q0"":""küçüktür""}"
"5904.000000000029","","survey-multi-choice","17","218717","0.0-17.0","w0dfc","fkureci@hotmail.com","Fatih Küreci","d","","F22","null","{""Q0"":""Sevinir""}"
"2603.000000000029","","survey-multi-choice","18","221323","0.0-18.0","w0dfc","fkureci@hotmail.com","Fatih Küreci","d","","Q22","Yoğun","{""Q0"":""Yoğun""}"
"7276","","survey-multi-choice","19","228604","0.0-19.0","w0dfc","fkureci@hotmail.com","Fatih Küreci","d","","A19","büyüktür","{""Q0"":""büyüktür""}"
"8703.99999999997","","survey-multi-choice","20","237313","0.0-20.0","w0dfc","fkureci@hotmail.com","Fatih Küreci","d","","C01","null","{""Q0"":""Sevinir""}"
"2993","","survey-multi-choice","21","240308","0.0-21.0","w0dfc","fkureci@hotmail.com","Fatih Küreci","d","","Q01","Arda","{""Q0"":""Arda""}"
"8998.00000000003","","survey-multi-choice","22","249310","0.0-22.0","w0dfc","fkureci@hotmail.com","Fatih Küreci","d","","A18","büyüktür","{""Q0"":""büyüktür""}"
"10111.99999999997","","survey-multi-choice","23","259428","0.0-23.0","w0dfc","fkureci@hotmail.com","Fatih Küreci","d","","F13","null","{""Q0"":""Sevinir""}"
"1945.999999999971","","survey-multi-choice","24","261381","0.0-24.0","w0dfc","fkureci@hotmail.com","Fatih Küreci","d","","Q13","Kars","{""Q0"":""Kars""}"
"15168","","survey-multi-choice","25","276553","0.0-25.0","w0dfc","fkureci@hotmail.com","Fatih Küreci","d","","A01","küçüktür","{""Q0"":""büyüktür""}"
"7267","","survey-multi-choice","26","283826","0.0-26.0","w0dfc","fkureci@hotmail.com","Fatih Küreci","d","","F20","null","{""Q0"":""Üzülür""}"
"2032","","survey-multi-choice","27","285864","0.0-27.0","w0dfc","fkureci@hotmail.com","Fatih Küreci","d","","Q20","Piyango bileti","{""Q0"":""Piyango bileti""}"
"13828","","survey-multi-choice","28","299698","0.0-28.0","w0dfc","fkureci@hotmail.com","Fatih Küreci","d","","A15","büyüktür","{""Q0"":""büyüktür""}"
"10405.999999999942","","survey-multi-choice","29","310109","0.0-29.0","w0dfc","fkureci@hotmail.com","Fatih Küreci","d","","F21","null","{""Q0"":""Üzülür""}"
"2001.9999999999418","","survey-multi-choice","30","312117","0.0-30.0","w0dfc","fkureci@hotmail.com","Fatih Küreci","d","","Q21","Odun","{""Q0"":""Odun""}"
"5910","","survey-multi-choice","31","318032","0.0-31.0","w0dfc","fkureci@hotmail.com","Fatih Küreci","d","","A16","küçüktür","{""Q0"":""küçüktür""}"
"8041.999999999942","","survey-multi-choice","32","326079","0.0-32.0","w0dfc","fkureci@hotmail.com","Fatih Küreci","d","","C02","null","{""Q0"":""Sevinir""}"
"3269","","survey-multi-choice","33","329353","0.0-33.0","w0dfc","fkureci@hotmail.com","Fatih Küreci","d","","Q02","Oyuncak bebek","{""Q0"":""Oyuncak bebek""}"
"17757","","survey-multi-choice","34","347115","0.0-34.0","w0dfc","fkureci@hotmail.com","Fatih Küreci","d","","A11","büyüktür","{""Q0"":""büyüktür""}"
"6851","","survey-multi-choice","35","353969","0.0-35.0","w0dfc","fkureci@hotmail.com","Fatih Küreci","d","","F07","null","{""Q0"":""Üzülür""}"
"1469","","survey-multi-choice","36","355444","0.0-36.0","w0dfc","fkureci@hotmail.com","Fatih Küreci","d","","Q07","Kardan adam","{""Q0"":""Kardan adam""}"
"9730","","survey-multi-choice","37","365178","0.0-37.0","w0dfc","fkureci@hotmail.com","Fatih Küreci","d","","A07","küçüktür","{""Q0"":""küçüktür""}"
"5985","","survey-multi-choice","38","371170","0.0-38.0","w0dfc","fkureci@hotmail.com","Fatih Küreci","d","","F15","null","{""Q0"":""Üzülür""}"
"2072","","survey-multi-choice","39","373248","0.0-39.0","w0dfc","fkureci@hotmail.com","Fatih Küreci","d","","Q15","Altı","{""Q0"":""Altı""}"
"11850","","survey-multi-choice","40","385103","0.0-40.0","w0dfc","fkureci@hotmail.com","Fatih Küreci","d","","A20","küçüktür","{""Q0"":""küçüktür""}"
"8631","","survey-multi-choice","41","393741","0.0-41.0","w0dfc","fkureci@hotmail.com","Fatih Küreci","d","","F09","null","{""Q0"":""Sevinir""}"
"2429.000000000058","","survey-multi-choice","42","396176","0.0-42.0","w0dfc","fkureci@hotmail.com","Fatih Küreci","d","","Q09","Yemekhane","{""Q0"":""Yemekhane""}"
"20658.99999999994","","survey-multi-choice","43","416841","0.0-43.0","w0dfc","fkureci@hotmail.com","Fatih Küreci","d","","A02","küçüktür","{""Q0"":""küçüktür""}"
"7203.999999999942","","survey-multi-choice","44","424051","0.0-44.0","w0dfc","fkureci@hotmail.com","Fatih Küreci","d","","C06","null","{""Q0"":""Üzülür""}"
"4460","","survey-multi-choice","45","428518","0.0-45.0","w0dfc","fkureci@hotmail.com","Fatih Küreci","d","","Q06","Müdür","{""Q0"":""Müdür""}"
"12755","","survey-multi-choice","46","441278","0.0-46.0","w0dfc","fkureci@hotmail.com","Fatih Küreci","d","","A13","küçüktür","{""Q0"":""küçüktür""}"
"7712","","survey-multi-choice","47","448996","0.0-47.0","w0dfc","fkureci@hotmail.com","Fatih Küreci","d","","F08","null","{""Q0"":""Üzülür""}"
"4241","","survey-multi-choice","48","453243","0.0-48.0","w0dfc","fkureci@hotmail.com","Fatih Küreci","d","","Q08","Tenis","{""Q0"":""Tenis""}"
"9828","","survey-multi-choice","49","463077","0.0-49.0","w0dfc","fkureci@hotmail.com","Fatih Küreci","d","","A10","büyüktür","{""Q0"":""büyüktür""}"
"8042","","survey-multi-choice","50","471125","0.0-50.0","w0dfc","fkureci@hotmail.com","Fatih Küreci","d","","F17","null","{""Q0"":""Sevinir""}"
"2391","","survey-multi-choice","51","473522","0.0-51.0","w0dfc","fkureci@hotmail.com","Fatih Küreci","d","","Q17","Öğle yemeği","{""Q0"":""Akşam yemeği""}"
"6209","","survey-multi-choice","52","479736","0.0-52.0","w0dfc","fkureci@hotmail.com","Fatih Küreci","d","","A03","küçüktür","{""Q0"":""küçüktür""}"
"19793.00000000006","","survey-multi-choice","53","499534","0.0-53.0","w0dfc","fkureci@hotmail.com","Fatih Küreci","d","","C04","null","{""Q0"":""Sevinir""}"
"2600","","survey-multi-choice","54","502141","0.0-54.0","w0dfc","fkureci@hotmail.com","Fatih Küreci","d","","Q04","Kamp","{""Q0"":""Kamp""}"
"4970.000000000058","","survey-multi-choice","55","507118","0.0-55.0","w0dfc","fkureci@hotmail.com","Fatih Küreci","d","","A14","büyüktür","{""Q0"":""büyüktür""}"
"14322","","survey-multi-choice","56","521446","0.0-56.0","w0dfc","fkureci@hotmail.com","Fatih Küreci","d","","F10","null","{""Q0"":""Sevinir""}"
"2119.000000000058","","survey-multi-choice","57","523570","0.0-57.0","w0dfc","fkureci@hotmail.com","Fatih Küreci","d","","Q10","Yüksek lisans","{""Q0"":""Yüksek lisans""}"
"14719.000000000116","","survey-multi-choice","58","538295","0.0-58.0","w0dfc","fkureci@hotmail.com","Fatih Küreci","d","","A17","küçüktür","{""Q0"":""küçüktür""}"
"5497","","survey-multi-choice","59","543798","0.0-59.0","w0dfc","fkureci@hotmail.com","Fatih Küreci","d","","F16","null","{""Q0"":""Sevinir""}"
"1552","","survey-multi-choice","60","545355","0.0-60.0","w0dfc","fkureci@hotmail.com","Fatih Küreci","d","","Q16","Kafe","{""Q0"":""Kafe""}"
"7459","","survey-multi-choice","61","552821","0.0-61.0","w0dfc","fkureci@hotmail.com","Fatih Küreci","d","","A22","küçüktür","{""Q0"":""büyüktür""}"
"8899","","survey-multi-choice","62","561725","0.0-62.0","w0dfc","fkureci@hotmail.com","Fatih Küreci","d","","C05","null","{""Q0"":""Üzülür""}"
"1443","","survey-multi-choice","63","563175","0.0-63.0","w0dfc","fkureci@hotmail.com","Fatih Küreci","d","","Q05","Matematik","{""Q0"":""Matematik""}"
"9378","","survey-multi-choice","64","572557","0.0-64.0","w0dfc","fkureci@hotmail.com","Fatih Küreci","d","","A06","büyüktür","{""Q0"":""büyüktür""}"
"7060","","survey-multi-choice","65","579624","0.0-65.0","w0dfc","fkureci@hotmail.com","Fatih Küreci","d","","F14","null","{""Q0"":""Sevinir""}"
"2632","","survey-multi-choice","66","582260","0.0-66.0","w0dfc","fkureci@hotmail.com","Fatih Küreci","d","","Q14","Birinci","{""Q0"":""İkinci""}"
"5967","","survey-multi-choice","67","588233","0.0-67.0","w0dfc","fkureci@hotmail.com","Fatih Küreci","d","","A24","büyüktür","{""Q0"":""küçüktür""}"
"6058","","survey-multi-choice","68","594295","0.0-68.0","w0dfc","fkureci@hotmail.com","Fatih Küreci","d","","F19","null","{""Q0"":""Üzülür""}"
"5468","","survey-multi-choice","69","599770","0.0-69.0","w0dfc","fkureci@hotmail.com","Fatih Küreci","d","","Q19","Fizik","{""Q0"":""Matematik""}"
"8989","","survey-multi-choice","70","608762","0.0-70.0","w0dfc","fkureci@hotmail.com","Fatih Küreci","d","","A05","küçüktür","{""Q0"":""küçüktür""}"
"5396","","survey-multi-choice","71","614163","0.0-71.0","w0dfc","fkureci@hotmail.com","Fatih Küreci","d","","F12","null","{""Q0"":""Sevinir""}"
"2996","","survey-multi-choice","72","617165","0.0-72.0","w0dfc","fkureci@hotmail.com","Fatih Küreci","d","","Q12","Para biriktirmek","{""Q0"":""Para biriktirmek""}"
"3142","","survey-multi-choice","73","620313","0.0-73.0","w0dfc","fkureci@hotmail.com","Fatih Küreci","d","","A21","büyüktür","{""Q0"":""küçüktür""}"
