"rt","url","trial_type","trial_index","time_elapsed","internal_node_id","subject","subject_email","subject_name","group","view_history","id","correct","responses"
"41185","resources/welcome.html","external-html","0","41234","0.0-0.0","qnqya","serhanaydin98@icloud.com","Serhan Aydın","z","","","",""
"1901.0000000000073","","instructions","1","43140","0.0-1.0","qnqya","serhanaydin98@icloud.com","Serhan Aydın","z","[{""page_index"":0,""viewing_time"":1900}]","","",""
"12826.999999999993","","survey-multi-choice","2","55976","0.0-2.0","qnqya","serhanaydin98@icloud.com","Serhan Aydın","z","","F16","null","{""Q0"":""Sevinir""}"
"4756","","survey-multi-choice","3","60738","0.0-3.0","qnqya","serhanaydin98@icloud.com","Serhan Aydın","z","","Q16","Kafe","{""Q0"":""Kafe""}"
"21181.000000000015","","survey-multi-choice","4","81925","0.0-4.0","qnqya","serhanaydin98@icloud.com","Serhan Aydın","z","","A22","küçüktür","{""Q0"":""büyüktür""}"
"12056","","survey-multi-choice","5","93991","0.0-5.0","qnqya","serhanaydin98@icloud.com","Serhan Aydın","z","","F15","null","{""Q0"":""Üzülür""}"
"3704.0000000000146","","survey-multi-choice","6","97702","0.0-6.0","qnqya","serhanaydin98@icloud.com","Serhan Aydın","z","","Q15","Altı","{""Q0"":""Altı""}"
"3200","","survey-multi-choice","7","100907","0.0-7.0","qnqya","serhanaydin98@icloud.com","Serhan Aydın","z","","A14","büyüktür","{""Q0"":""büyüktür""}"
"7514","","survey-multi-choice","8","108425","0.0-8.0","qnqya","serhanaydin98@icloud.com","Serhan Aydın","z","","F10","null","{""Q0"":""Sevinir""}"
"3761","","survey-multi-choice","9","112190","0.0-9.0","qnqya","serhanaydin98@icloud.com","Serhan Aydın","z","","Q10","Yüksek lisans","{""Q0"":""Yüksek lisans""}"
"2660.9999999999854","","survey-multi-choice","10","114857","0.0-10.0","qnqya","serhanaydin98@icloud.com","Serhan Aydın","z","","A01","küçüktür","{""Q0"":""büyüktür""}"
"12594","","survey-multi-choice","11","127457","0.0-11.0","qnqya","serhanaydin98@icloud.com","Serhan Aydın","z","","C02","null","{""Q0"":""Üzülür""}"
"4026","","survey-multi-choice","12","131490","0.0-12.0","qnqya","serhanaydin98@icloud.com","Serhan Aydın","z","","Q02","Oyuncak bebek","{""Q0"":""Oyuncak bebek""}"
"4877","","survey-multi-choice","13","136373","0.0-13.0","qnqya","serhanaydin98@icloud.com","Serhan Aydın","z","","A15","büyüktür","{""Q0"":""küçüktür""}"
"14563","","survey-multi-choice","14","150941","0.0-14.0","qnqya","serhanaydin98@icloud.com","Serhan Aydın","z","","F20","null","{""Q0"":""Üzülür""}"
"3393","","survey-multi-choice","15","154340","0.0-15.0","qnqya","serhanaydin98@icloud.com","Serhan Aydın","z","","Q20","Piyango bileti","{""Q0"":""Piyango bileti""}"
"3783","","survey-multi-choice","16","158128","0.0-16.0","qnqya","serhanaydin98@icloud.com","Serhan Aydın","z","","A11","büyüktür","{""Q0"":""küçüktür""}"
"16093","","survey-multi-choice","17","174227","0.0-17.0","qnqya","serhanaydin98@icloud.com","Serhan Aydın","z","","F24","null","{""Q0"":""Sevinir""}"
"3211","","survey-multi-choice","18","177444","0.0-18.0","qnqya","serhanaydin98@icloud.com","Serhan Aydın","z","","Q24","Tokyo","{""Q0"":""Tokyo""}"
"4660","","survey-multi-choice","19","182109","0.0-19.0","qnqya","serhanaydin98@icloud.com","Serhan Aydın","z","","A24","büyüktür","{""Q0"":""küçüktür""}"
"9363","","survey-multi-choice","20","191478","0.0-20.0","qnqya","serhanaydin98@icloud.com","Serhan Aydın","z","","C04","null","{""Q0"":""Üzülür""}"
"3125","","survey-multi-choice","21","194611","0.0-21.0","qnqya","serhanaydin98@icloud.com","Serhan Aydın","z","","Q04","Kamp","{""Q0"":""Kamp""}"
"4713","","survey-multi-choice","22","199329","0.0-22.0","qnqya","serhanaydin98@icloud.com","Serhan Aydın","z","","A23","büyüktür","{""Q0"":""büyüktür""}"
"7679.999999999971","","survey-multi-choice","23","207015","0.0-23.0","qnqya","serhanaydin98@icloud.com","Serhan Aydın","z","","F13","null","{""Q0"":""Sevinir""}"
"2275","","survey-multi-choice","24","209296","0.0-24.0","qnqya","serhanaydin98@icloud.com","Serhan Aydın","z","","Q13","Kars","{""Q0"":""Kars""}"
"4676","","survey-multi-choice","25","213978","0.0-25.0","qnqya","serhanaydin98@icloud.com","Serhan Aydın","z","","A10","büyüktür","{""Q0"":""küçüktür""}"
"29083.00000000003","","survey-multi-choice","26","243066","0.0-26.0","qnqya","serhanaydin98@icloud.com","Serhan Aydın","z","","F21","null","{""Q0"":""Üzülür""}"
"2714","","survey-multi-choice","27","245786","0.0-27.0","qnqya","serhanaydin98@icloud.com","Serhan Aydın","z","","Q21","Odun","{""Q0"":""Odun""}"
"4488.999999999971","","survey-multi-choice","28","250281","0.0-28.0","qnqya","serhanaydin98@icloud.com","Serhan Aydın","z","","A07","küçüktür","{""Q0"":""küçüktür""}"
"9630","","survey-multi-choice","29","259916","0.0-29.0","qnqya","serhanaydin98@icloud.com","Serhan Aydın","z","","F22","null","{""Q0"":""Sevinir""}"
"2877","","survey-multi-choice","30","262799","0.0-30.0","qnqya","serhanaydin98@icloud.com","Serhan Aydın","z","","Q22","Yoğun","{""Q0"":""Yoğun""}"
"6513","","survey-multi-choice","31","269317","0.0-31.0","qnqya","serhanaydin98@icloud.com","Serhan Aydın","z","","A04","büyüktür","{""Q0"":""küçüktür""}"
"11825","","survey-multi-choice","32","281148","0.0-32.0","qnqya","serhanaydin98@icloud.com","Serhan Aydın","z","","C01","null","{""Q0"":""Sevinir""}"
"2994","","survey-multi-choice","33","284149","0.0-33.0","qnqya","serhanaydin98@icloud.com","Serhan Aydın","z","","Q01","Arda","{""Q0"":""Arda""}"
"4686","","survey-multi-choice","34","288840","0.0-34.0","qnqya","serhanaydin98@icloud.com","Serhan Aydın","z","","A20","küçüktür","{""Q0"":""küçüktür""}"
"12739","","survey-multi-choice","35","301585","0.0-35.0","qnqya","serhanaydin98@icloud.com","Serhan Aydın","z","","F09","null","{""Q0"":""Sevinir""}"
"2895.000000000058","","survey-multi-choice","36","304486","0.0-36.0","qnqya","serhanaydin98@icloud.com","Serhan Aydın","z","","Q09","Yemekhane","{""Q0"":""Yemekhane""}"
"3560","","survey-multi-choice","37","308052","0.0-37.0","qnqya","serhanaydin98@icloud.com","Serhan Aydın","z","","A05","küçüktür","{""Q0"":""küçüktür""}"
"5486","","survey-multi-choice","38","313545","0.0-38.0","qnqya","serhanaydin98@icloud.com","Serhan Aydın","z","","F23","null","{""Q0"":""Üzülür""}"
"3067.999999999942","","survey-multi-choice","39","316619","0.0-39.0","qnqya","serhanaydin98@icloud.com","Serhan Aydın","z","","Q23","Çarpışan arabalar","{""Q0"":""Çarpışan arabalar""}"
"4911","","survey-multi-choice","40","321535","0.0-40.0","qnqya","serhanaydin98@icloud.com","Serhan Aydın","z","","A21","büyüktür","{""Q0"":""büyüktür""}"
"14027","","survey-multi-choice","41","335569","0.0-41.0","qnqya","serhanaydin98@icloud.com","Serhan Aydın","z","","F07","null","{""Q0"":""Üzülür""}"
"3543.999999999942","","survey-multi-choice","42","339119","0.0-42.0","qnqya","serhanaydin98@icloud.com","Serhan Aydın","z","","Q07","Kardan adam","{""Q0"":""Kardan adam""}"
"3363","","survey-multi-choice","43","342486","0.0-43.0","qnqya","serhanaydin98@icloud.com","Serhan Aydın","z","","A13","küçüktür","{""Q0"":""küçüktür""}"
"7145","","survey-multi-choice","44","349637","0.0-44.0","qnqya","serhanaydin98@icloud.com","Serhan Aydın","z","","C06","null","{""Q0"":""Üzülür""}"
"4295.000000000058","","survey-multi-choice","45","353937","0.0-45.0","qnqya","serhanaydin98@icloud.com","Serhan Aydın","z","","Q06","Müdür","{""Q0"":""Müdür""}"
"5676","","survey-multi-choice","46","359619","0.0-46.0","qnqya","serhanaydin98@icloud.com","Serhan Aydın","z","","A06","büyüktür","{""Q0"":""büyüktür""}"
"21364","","survey-multi-choice","47","380988","0.0-47.0","qnqya","serhanaydin98@icloud.com","Serhan Aydın","z","","F18","null","{""Q0"":""Sevinir""}"
"2343","","survey-multi-choice","48","383337","0.0-48.0","qnqya","serhanaydin98@icloud.com","Serhan Aydın","z","","Q18","Çilek","{""Q0"":""Çilek""}"
"6046","","survey-multi-choice","49","389389","0.0-49.0","qnqya","serhanaydin98@icloud.com","Serhan Aydın","z","","A02","küçüktür","{""Q0"":""küçüktür""}"
"13213","","survey-multi-choice","50","402607","0.0-50.0","qnqya","serhanaydin98@icloud.com","Serhan Aydın","z","","F17","null","{""Q0"":""Üzülür""}"
"4191","","survey-multi-choice","51","406805","0.0-51.0","qnqya","serhanaydin98@icloud.com","Serhan Aydın","z","","Q17","Öğle yemeği","{""Q0"":""Akşam yemeği""}"
"7929","","survey-multi-choice","52","414739","0.0-52.0","qnqya","serhanaydin98@icloud.com","Serhan Aydın","z","","A09","küçüktür","{""Q0"":""küçüktür""}"
"10431.000000000058","","survey-multi-choice","53","425176","0.0-53.0","qnqya","serhanaydin98@icloud.com","Serhan Aydın","z","","C03","null","{""Q0"":""Üzülür""}"
"7126.000000000058","","survey-multi-choice","54","432308","0.0-54.0","qnqya","serhanaydin98@icloud.com","Serhan Aydın","z","","Q03","Ofis","{""Q0"":""Fabrika""}"
"3624.000000000058","","survey-multi-choice","55","435937","0.0-55.0","qnqya","serhanaydin98@icloud.com","Serhan Aydın","z","","A08","küçüktür","{""Q0"":""küçüktür""}"
"6270","","survey-multi-choice","56","442212","0.0-56.0","qnqya","serhanaydin98@icloud.com","Serhan Aydın","z","","F11","null","{""Q0"":""Üzülür""}"
"10927.000000000058","","survey-multi-choice","57","453146","0.0-57.0","qnqya","serhanaydin98@icloud.com","Serhan Aydın","z","","Q11","Ayakkabı","{""Q0"":""Ayakkabı""}"
"9113","","survey-multi-choice","58","462264","0.0-58.0","qnqya","serhanaydin98@icloud.com","Serhan Aydın","z","","A12","büyüktür","{""Q0"":""büyüktür""}"
"22910","","survey-multi-choice","59","485180","0.0-59.0","qnqya","serhanaydin98@icloud.com","Serhan Aydın","z","","F08","null","{""Q0"":""Üzülür""}"
"3139.999999999942","","survey-multi-choice","60","488328","0.0-60.0","qnqya","serhanaydin98@icloud.com","Serhan Aydın","z","","Q08","Tenis","{""Q0"":""Tenis""}"
"4896","","survey-multi-choice","61","493229","0.0-61.0","qnqya","serhanaydin98@icloud.com","Serhan Aydın","z","","A16","küçüktür","{""Q0"":""büyüktür""}"
"6029.999999999942","","survey-multi-choice","62","499265","0.0-62.0","qnqya","serhanaydin98@icloud.com","Serhan Aydın","z","","C05","null","{""Q0"":""Sevinir""}"
"2492.000000000058","","survey-multi-choice","63","501764","0.0-63.0","qnqya","serhanaydin98@icloud.com","Serhan Aydın","z","","Q05","Matematik","{""Q0"":""Matematik""}"
"3528","","survey-multi-choice","64","505297","0.0-64.0","qnqya","serhanaydin98@icloud.com","Serhan Aydın","z","","A03","küçüktür","{""Q0"":""büyüktür""}"
"10478.999999999942","","survey-multi-choice","65","515782","0.0-65.0","qnqya","serhanaydin98@icloud.com","Serhan Aydın","z","","F19","null","{""Q0"":""Üzülür""}"
"2226","","survey-multi-choice","66","518014","0.0-66.0","qnqya","serhanaydin98@icloud.com","Serhan Aydın","z","","Q19","Fizik","{""Q0"":""Fizik""}"
"4096","","survey-multi-choice","67","522115","0.0-67.0","qnqya","serhanaydin98@icloud.com","Serhan Aydın","z","","A17","küçüktür","{""Q0"":""büyüktür""}"
"8076","","survey-multi-choice","68","530197","0.0-68.0","qnqya","serhanaydin98@icloud.com","Serhan Aydın","z","","F12","null","{""Q0"":""Sevinir""}"
"4462","","survey-multi-choice","69","534665","0.0-69.0","qnqya","serhanaydin98@icloud.com","Serhan Aydın","z","","Q12","Para biriktirmek","{""Q0"":""Para biriktirmek""}"
"3877","","survey-multi-choice","70","538547","0.0-70.0","qnqya","serhanaydin98@icloud.com","Serhan Aydın","z","","A18","büyüktür","{""Q0"":""küçüktür""}"
"14400","","survey-multi-choice","71","552952","0.0-71.0","qnqya","serhanaydin98@icloud.com","Serhan Aydın","z","","F14","null","{""Q0"":""Sevinir""}"
"2492","","survey-multi-choice","72","555448","0.0-72.0","qnqya","serhanaydin98@icloud.com","Serhan Aydın","z","","Q14","Birinci","{""Q0"":""İkinci""}"
"3663","","survey-multi-choice","73","559117","0.0-73.0","qnqya","serhanaydin98@icloud.com","Serhan Aydın","z","","A19","büyüktür","{""Q0"":""büyüktür""}"
