"rt","url","trial_type","trial_index","time_elapsed","internal_node_id","subject","subject_email","subject_name","group","view_history","id","correct","responses"
"39216","resources/welcome.html","external-html","0","39339","0.0-0.0","0jtl1","altugg17@hotmail.com","Altuğ Çetin","b","","","",""
"3934.0000000000073","","instructions","1","43277","0.0-1.0","0jtl1","altugg17@hotmail.com","Altuğ Çetin","b","[{""page_index"":0,""viewing_time"":3930}]","","",""
"34412.99999999999","","survey-multi-choice","2","77709","0.0-2.0","0jtl1","altugg17@hotmail.com","Altuğ Çetin","b","","F21","null","{""Q0"":""Üzülür""}"
"4078","","survey-multi-choice","3","81800","0.0-3.0","0jtl1","altugg17@hotmail.com","Altuğ Çetin","b","","Q21","Odun","{""Q0"":""Odun""}"
"16466","","survey-multi-choice","4","98275","0.0-4.0","0jtl1","altugg17@hotmail.com","Altuğ Çetin","b","","A05","küçüktür","{""Q0"":""küçüktür""}"
"32829","","survey-multi-choice","5","131111","0.0-5.0","0jtl1","altugg17@hotmail.com","Altuğ Çetin","b","","F15","null","{""Q0"":""Üzülür""}"
"3229","","survey-multi-choice","6","134347","0.0-6.0","0jtl1","altugg17@hotmail.com","Altuğ Çetin","b","","Q15","Altı","{""Q0"":""Altı""}"
"10211","","survey-multi-choice","7","144567","0.0-7.0","0jtl1","altugg17@hotmail.com","Altuğ Çetin","b","","A14","büyüktür","{""Q0"":""büyüktür""}"
"6627","","survey-multi-choice","8","151203","0.0-8.0","0jtl1","altugg17@hotmail.com","Altuğ Çetin","b","","F17","null","{""Q0"":""Üzülür""}"
"4158.999999999971","","survey-multi-choice","9","155370","0.0-9.0","0jtl1","altugg17@hotmail.com","Altuğ Çetin","b","","Q17","Öğle yemeği","{""Q0"":""Öğle yemeği""}"
"21836","","survey-multi-choice","10","177218","0.0-10.0","0jtl1","altugg17@hotmail.com","Altuğ Çetin","b","","A03","küçüktür","{""Q0"":""küçüktür""}"
"5863","","survey-multi-choice","11","183093","0.0-11.0","0jtl1","altugg17@hotmail.com","Altuğ Çetin","b","","C06","null","{""Q0"":""Üzülür""}"
"4349","","survey-multi-choice","12","187450","0.0-12.0","0jtl1","altugg17@hotmail.com","Altuğ Çetin","b","","Q06","Müdür","{""Q0"":""Müdür""}"
"13145","","survey-multi-choice","13","200602","0.0-13.0","0jtl1","altugg17@hotmail.com","Altuğ Çetin","b","","A23","büyüktür","{""Q0"":""büyüktür""}"
"7333","","survey-multi-choice","14","207946","0.0-14.0","0jtl1","altugg17@hotmail.com","Altuğ Çetin","b","","F07","null","{""Q0"":""Sevinir""}"
"4828","","survey-multi-choice","15","212781","0.0-15.0","0jtl1","altugg17@hotmail.com","Altuğ Çetin","b","","Q07","Kardan adam","{""Q0"":""Kayak""}"
"10044","","survey-multi-choice","16","222836","0.0-16.0","0jtl1","altugg17@hotmail.com","Altuğ Çetin","b","","A13","küçüktür","{""Q0"":""küçüktür""}"
"7429","","survey-multi-choice","17","230276","0.0-17.0","0jtl1","altugg17@hotmail.com","Altuğ Çetin","b","","F18","null","{""Q0"":""Sevinir""}"
"2553.999999999971","","survey-multi-choice","18","232839","0.0-18.0","0jtl1","altugg17@hotmail.com","Altuğ Çetin","b","","Q18","Çilek","{""Q0"":""Çilek""}"
"11223.00000000003","","survey-multi-choice","19","244072","0.0-19.0","0jtl1","altugg17@hotmail.com","Altuğ Çetin","b","","A02","küçüktür","{""Q0"":""küçüktür""}"
"23859","","survey-multi-choice","20","267941","0.0-20.0","0jtl1","altugg17@hotmail.com","Altuğ Çetin","b","","C03","null","{""Q0"":""Üzülür""}"
"3425","","survey-multi-choice","21","271376","0.0-21.0","0jtl1","altugg17@hotmail.com","Altuğ Çetin","b","","Q03","Ofis","{""Q0"":""Fabrika""}"
"14597","","survey-multi-choice","22","285981","0.0-22.0","0jtl1","altugg17@hotmail.com","Altuğ Çetin","b","","A06","büyüktür","{""Q0"":""büyüktür""}"
"8234","","survey-multi-choice","23","294228","0.0-23.0","0jtl1","altugg17@hotmail.com","Altuğ Çetin","b","","F09","null","{""Q0"":""Sevinir""}"
"3051","","survey-multi-choice","24","297285","0.0-24.0","0jtl1","altugg17@hotmail.com","Altuğ Çetin","b","","Q09","Yemekhane","{""Q0"":""Yemekhane""}"
"10596","","survey-multi-choice","25","307890","0.0-25.0","0jtl1","altugg17@hotmail.com","Altuğ Çetin","b","","A01","küçüktür","{""Q0"":""küçüktür""}"
"6883.999999999942","","survey-multi-choice","26","314787","0.0-26.0","0jtl1","altugg17@hotmail.com","Altuğ Çetin","b","","F23","null","{""Q0"":""Üzülür""}"
"4401","","survey-multi-choice","27","319195","0.0-27.0","0jtl1","altugg17@hotmail.com","Altuğ Çetin","b","","Q23","Çarpışan arabalar","{""Q0"":""Çarpışan arabalar""}"
"9903","","survey-multi-choice","28","329107","0.0-28.0","0jtl1","altugg17@hotmail.com","Altuğ Çetin","b","","A19","büyüktür","{""Q0"":""büyüktür""}"
"7268","","survey-multi-choice","29","336388","0.0-29.0","0jtl1","altugg17@hotmail.com","Altuğ Çetin","b","","F11","null","{""Q0"":""Üzülür""}"
"2739.000000000058","","survey-multi-choice","30","339140","0.0-30.0","0jtl1","altugg17@hotmail.com","Altuğ Çetin","b","","Q11","Ayakkabı","{""Q0"":""Ayakkabı""}"
"11423","","survey-multi-choice","31","350583","0.0-31.0","0jtl1","altugg17@hotmail.com","Altuğ Çetin","b","","A22","küçüktür","{""Q0"":""küçüktür""}"
"13292.999999999942","","survey-multi-choice","32","363893","0.0-32.0","0jtl1","altugg17@hotmail.com","Altuğ Çetin","b","","C01","null","{""Q0"":""Sevinir""}"
"2739","","survey-multi-choice","33","366644","0.0-33.0","0jtl1","altugg17@hotmail.com","Altuğ Çetin","b","","Q01","Arda","{""Q0"":""Arda""}"
"11582","","survey-multi-choice","34","378236","0.0-34.0","0jtl1","altugg17@hotmail.com","Altuğ Çetin","b","","A08","küçüktür","{""Q0"":""küçüktür""}"
"18549","","survey-multi-choice","35","396797","0.0-35.0","0jtl1","altugg17@hotmail.com","Altuğ Çetin","b","","F12","null","{""Q0"":""Sevinir""}"
"3309.000000000058","","survey-multi-choice","36","400113","0.0-36.0","0jtl1","altugg17@hotmail.com","Altuğ Çetin","b","","Q12","Para biriktirmek","{""Q0"":""Para biriktirmek""}"
"12414.000000000058","","survey-multi-choice","37","412537","0.0-37.0","0jtl1","altugg17@hotmail.com","Altuğ Çetin","b","","A17","küçüktür","{""Q0"":""küçüktür""}"
"7456","","survey-multi-choice","38","420005","0.0-38.0","0jtl1","altugg17@hotmail.com","Altuğ Çetin","b","","F16","null","{""Q0"":""Sevinir""}"
"4575","","survey-multi-choice","39","424589","0.0-39.0","0jtl1","altugg17@hotmail.com","Altuğ Çetin","b","","Q16","Kafe","{""Q0"":""Kafe""}"
"20166.99999999994","","survey-multi-choice","40","444764","0.0-40.0","0jtl1","altugg17@hotmail.com","Altuğ Çetin","b","","A16","küçüktür","{""Q0"":""küçüktür""}"
"12567","","survey-multi-choice","41","457353","0.0-41.0","0jtl1","altugg17@hotmail.com","Altuğ Çetin","b","","F24","null","{""Q0"":""Sevinir""}"
"4308","","survey-multi-choice","42","461669","0.0-42.0","0jtl1","altugg17@hotmail.com","Altuğ Çetin","b","","Q24","Tokyo","{""Q0"":""Londra""}"
"14109","","survey-multi-choice","43","475786","0.0-43.0","0jtl1","altugg17@hotmail.com","Altuğ Çetin","b","","A24","büyüktür","{""Q0"":""büyüktür""}"
"11817.000000000058","","survey-multi-choice","44","487616","0.0-44.0","0jtl1","altugg17@hotmail.com","Altuğ Çetin","b","","C04","null","{""Q0"":""Üzülür""}"
"3594.999999999942","","survey-multi-choice","45","491216","0.0-45.0","0jtl1","altugg17@hotmail.com","Altuğ Çetin","b","","Q04","Kamp","{""Q0"":""Kamp""}"
"13406","","survey-multi-choice","46","504628","0.0-46.0","0jtl1","altugg17@hotmail.com","Altuğ Çetin","b","","A21","büyüktür","{""Q0"":""büyüktür""}"
"29967","","survey-multi-choice","47","534608","0.0-47.0","0jtl1","altugg17@hotmail.com","Altuğ Çetin","b","","F10","null","{""Q0"":""Sevinir""}"
"3088.9999999998836","","survey-multi-choice","48","537709","0.0-48.0","0jtl1","altugg17@hotmail.com","Altuğ Çetin","b","","Q10","Yüksek lisans","{""Q0"":""Yüksek lisans""}"
"10298","","survey-multi-choice","49","548018","0.0-49.0","0jtl1","altugg17@hotmail.com","Altuğ Çetin","b","","A20","küçüktür","{""Q0"":""küçüktür""}"
"11790","","survey-multi-choice","50","559819","0.0-50.0","0jtl1","altugg17@hotmail.com","Altuğ Çetin","b","","F20","null","{""Q0"":""Üzülür""}"
"4057","","survey-multi-choice","51","563887","0.0-51.0","0jtl1","altugg17@hotmail.com","Altuğ Çetin","b","","Q20","Piyango bileti","{""Q0"":""Piyango bileti""}"
"11962","","survey-multi-choice","52","575861","0.0-52.0","0jtl1","altugg17@hotmail.com","Altuğ Çetin","b","","A18","büyüktür","{""Q0"":""büyüktür""}"
"12956","","survey-multi-choice","53","588829","0.0-53.0","0jtl1","altugg17@hotmail.com","Altuğ Çetin","b","","C02","null","{""Q0"":""Sevinir""}"
"3333","","survey-multi-choice","54","592168","0.0-54.0","0jtl1","altugg17@hotmail.com","Altuğ Çetin","b","","Q02","Oyuncak bebek","{""Q0"":""Oyuncak bebek""}"
"13859","","survey-multi-choice","55","606042","0.0-55.0","0jtl1","altugg17@hotmail.com","Altuğ Çetin","b","","A09","küçüktür","{""Q0"":""küçüktür""}"
"4844","","survey-multi-choice","56","610952","0.0-56.0","0jtl1","altugg17@hotmail.com","Altuğ Çetin","b","","F19","null","{""Q0"":""Üzülür""}"
"2763.9999999998836","","survey-multi-choice","57","613726","0.0-57.0","0jtl1","altugg17@hotmail.com","Altuğ Çetin","b","","Q19","Fizik","{""Q0"":""Fizik""}"
"10567","","survey-multi-choice","58","624306","0.0-58.0","0jtl1","altugg17@hotmail.com","Altuğ Çetin","b","","A12","büyüktür","{""Q0"":""büyüktür""}"
"12037.999999999884","","survey-multi-choice","59","636355","0.0-59.0","0jtl1","altugg17@hotmail.com","Altuğ Çetin","b","","F14","null","{""Q0"":""Sevinir""}"
"2673","","survey-multi-choice","60","639038","0.0-60.0","0jtl1","altugg17@hotmail.com","Altuğ Çetin","b","","Q14","Birinci","{""Q0"":""İkinci""}"
"11572","","survey-multi-choice","61","650620","0.0-61.0","0jtl1","altugg17@hotmail.com","Altuğ Çetin","b","","A07","küçüktür","{""Q0"":""küçüktür""}"
"22501.999999999884","","survey-multi-choice","62","673134","0.0-62.0","0jtl1","altugg17@hotmail.com","Altuğ Çetin","b","","C05","null","{""Q0"":""Sevinir""}"
"2713","","survey-multi-choice","63","675855","0.0-63.0","0jtl1","altugg17@hotmail.com","Altuğ Çetin","b","","Q05","Matematik","{""Q0"":""Matematik""}"
"15070","","survey-multi-choice","64","690933","0.0-64.0","0jtl1","altugg17@hotmail.com","Altuğ Çetin","b","","A10","büyüktür","{""Q0"":""büyüktür""}"
"14443","","survey-multi-choice","65","705388","0.0-65.0","0jtl1","altugg17@hotmail.com","Altuğ Çetin","b","","F22","null","{""Q0"":""Sevinir""}"
"2854","","survey-multi-choice","66","708253","0.0-66.0","0jtl1","altugg17@hotmail.com","Altuğ Çetin","b","","Q22","Yoğun","{""Q0"":""Sıkıcı""}"
"2415","","survey-multi-choice","67","710682","0.0-67.0","0jtl1","altugg17@hotmail.com","Altuğ Çetin","b","","A04","büyüktür","{""Q0"":""küçüktür""}"
"5813.999999999884","","survey-multi-choice","68","716502","0.0-68.0","0jtl1","altugg17@hotmail.com","Altuğ Çetin","b","","F08","null","{""Q0"":""Üzülür""}"
"3201","","survey-multi-choice","69","719710","0.0-69.0","0jtl1","altugg17@hotmail.com","Altuğ Çetin","b","","Q08","Tenis","{""Q0"":""Basketbol""}"
"6539.000000000116","","survey-multi-choice","70","726260","0.0-70.0","0jtl1","altugg17@hotmail.com","Altuğ Çetin","b","","A11","büyüktür","{""Q0"":""küçüktür""}"
"7655","","survey-multi-choice","71","733926","0.0-71.0","0jtl1","altugg17@hotmail.com","Altuğ Çetin","b","","F13","null","{""Q0"":""Sevinir""}"
"3182.0000000001164","","survey-multi-choice","72","737116","0.0-72.0","0jtl1","altugg17@hotmail.com","Altuğ Çetin","b","","Q13","Kars","{""Q0"":""Ardahan""}"
"6323","","survey-multi-choice","73","743450","0.0-73.0","0jtl1","altugg17@hotmail.com","Altuğ Çetin","b","","A15","büyüktür","{""Q0"":""küçüktür""}"
