"rt","url","trial_type","trial_index","time_elapsed","internal_node_id","subject","subject_email","subject_name","group","view_history","id","correct","responses"
"67099","resources/welcome.html","external-html","0","67118","0.0-0.0","z53on","hazalakkin02@gmail.com","Hazal Akkın","d","","","",""
"8187","","instructions","1","75309","0.0-1.0","z53on","hazalakkin02@gmail.com","Hazal Akkın","d","[{""page_index"":0,""viewing_time"":8185}]","","",""
"17140","","survey-multi-choice","2","92457","0.0-2.0","z53on","hazalakkin02@gmail.com","Hazal Akkın","d","","F24","null","{""Q0"":""Sevinir""}"
"22123","","survey-multi-choice","3","114586","0.0-3.0","z53on","hazalakkin02@gmail.com","Hazal Akkın","d","","Q24","Tokyo","{""Q0"":""Tokyo""}"
"9928.000000000015","","survey-multi-choice","4","124520","0.0-4.0","z53on","hazalakkin02@gmail.com","Hazal Akkın","d","","A23","büyüktür","{""Q0"":""büyüktür""}"
"12963","","survey-multi-choice","5","137488","0.0-5.0","z53on","hazalakkin02@gmail.com","Hazal Akkın","d","","F21","null","{""Q0"":""Üzülür""}"
"3281","","survey-multi-choice","6","140774","0.0-6.0","z53on","hazalakkin02@gmail.com","Hazal Akkın","d","","Q21","Odun","{""Q0"":""Odun""}"
"52699","","survey-multi-choice","7","193478","0.0-7.0","z53on","hazalakkin02@gmail.com","Hazal Akkın","d","","A08","küçüktür","{""Q0"":""küçüktür""}"
"14645.99999999997","","survey-multi-choice","8","208129","0.0-8.0","z53on","hazalakkin02@gmail.com","Hazal Akkın","d","","F15","null","{""Q0"":""Sevinir""}"
"4505","","survey-multi-choice","9","212641","0.0-9.0","z53on","hazalakkin02@gmail.com","Hazal Akkın","d","","Q15","Altı","{""Q0"":""Altı""}"
"18541","","survey-multi-choice","10","231186","0.0-10.0","z53on","hazalakkin02@gmail.com","Hazal Akkın","d","","A17","küçüktür","{""Q0"":""küçüktür""}"
"25361","","survey-multi-choice","11","256553","0.0-11.0","z53on","hazalakkin02@gmail.com","Hazal Akkın","d","","C01","null","{""Q0"":""Sevinir""}"
"3053","","survey-multi-choice","12","259611","0.0-12.0","z53on","hazalakkin02@gmail.com","Hazal Akkın","d","","Q01","Arda","{""Q0"":""Arda""}"
"35526","","survey-multi-choice","13","295142","0.0-13.0","z53on","hazalakkin02@gmail.com","Hazal Akkın","d","","A04","büyüktür","{""Q0"":""büyüktür""}"
"22000","","survey-multi-choice","14","317148","0.0-14.0","z53on","hazalakkin02@gmail.com","Hazal Akkın","d","","F08","null","{""Q0"":""Üzülür""}"
"8342","","survey-multi-choice","15","325496","0.0-15.0","z53on","hazalakkin02@gmail.com","Hazal Akkın","d","","Q08","Tenis","{""Q0"":""Basketbol""}"
"14762","","survey-multi-choice","16","340263","0.0-16.0","z53on","hazalakkin02@gmail.com","Hazal Akkın","d","","A20","küçüktür","{""Q0"":""küçüktür""}"
"14404","","survey-multi-choice","17","354674","0.0-17.0","z53on","hazalakkin02@gmail.com","Hazal Akkın","d","","F16","null","{""Q0"":""Sevinir""}"
"2755","","survey-multi-choice","18","357435","0.0-18.0","z53on","hazalakkin02@gmail.com","Hazal Akkın","d","","Q16","Kafe","{""Q0"":""Kafe""}"
"6761.000000000058","","survey-multi-choice","19","364202","0.0-19.0","z53on","hazalakkin02@gmail.com","Hazal Akkın","d","","A13","küçüktür","{""Q0"":""küçüktür""}"
"29014","","survey-multi-choice","20","393222","0.0-20.0","z53on","hazalakkin02@gmail.com","Hazal Akkın","d","","C03","null","{""Q0"":""Üzülür""}"
"4827","","survey-multi-choice","21","398055","0.0-21.0","z53on","hazalakkin02@gmail.com","Hazal Akkın","d","","Q03","Ofis","{""Q0"":""Ofis""}"
"9545.000000000058","","survey-multi-choice","22","407605","0.0-22.0","z53on","hazalakkin02@gmail.com","Hazal Akkın","d","","A22","küçüktür","{""Q0"":""büyüktür""}"
"8906.000000000058","","survey-multi-choice","23","416516","0.0-23.0","z53on","hazalakkin02@gmail.com","Hazal Akkın","d","","F11","null","{""Q0"":""Üzülür""}"
"2902","","survey-multi-choice","24","419424","0.0-24.0","z53on","hazalakkin02@gmail.com","Hazal Akkın","d","","Q11","Ayakkabı","{""Q0"":""Ayakkabı""}"
"28248.00000000006","","survey-multi-choice","25","447678","0.0-25.0","z53on","hazalakkin02@gmail.com","Hazal Akkın","d","","A09","küçüktür","{""Q0"":""küçüktür""}"
"11895","","survey-multi-choice","26","459580","0.0-26.0","z53on","hazalakkin02@gmail.com","Hazal Akkın","d","","F23","null","{""Q0"":""Üzülür""}"
"2662","","survey-multi-choice","27","462248","0.0-27.0","z53on","hazalakkin02@gmail.com","Hazal Akkın","d","","Q23","Çarpışan arabalar","{""Q0"":""Çarpışan arabalar""}"
"9158.999999999942","","survey-multi-choice","28","471414","0.0-28.0","z53on","hazalakkin02@gmail.com","Hazal Akkın","d","","A19","büyüktür","{""Q0"":""büyüktür""}"
"24625","","survey-multi-choice","29","496044","0.0-29.0","z53on","hazalakkin02@gmail.com","Hazal Akkın","d","","F14","null","{""Q0"":""Sevinir""}"
"5068.000000000058","","survey-multi-choice","30","501118","0.0-30.0","z53on","hazalakkin02@gmail.com","Hazal Akkın","d","","Q14","Birinci","{""Q0"":""İkinci""}"
"17432","","survey-multi-choice","31","518556","0.0-31.0","z53on","hazalakkin02@gmail.com","Hazal Akkın","d","","A15","büyüktür","{""Q0"":""büyüktür""}"
"20095","","survey-multi-choice","32","538657","0.0-32.0","z53on","hazalakkin02@gmail.com","Hazal Akkın","d","","C04","null","{""Q0"":""Üzülür""}"
"2844","","survey-multi-choice","33","541507","0.0-33.0","z53on","hazalakkin02@gmail.com","Hazal Akkın","d","","Q04","Kamp","{""Q0"":""Kamp""}"
"26290","","survey-multi-choice","34","567803","0.0-34.0","z53on","hazalakkin02@gmail.com","Hazal Akkın","d","","A14","büyüktür","{""Q0"":""büyüktür""}"
"8490","","survey-multi-choice","35","576298","0.0-35.0","z53on","hazalakkin02@gmail.com","Hazal Akkın","d","","F09","null","{""Q0"":""Sevinir""}"
"3066","","survey-multi-choice","36","579371","0.0-36.0","z53on","hazalakkin02@gmail.com","Hazal Akkın","d","","Q09","Yemekhane","{""Q0"":""Yemekhane""}"
"22891","","survey-multi-choice","37","602264","0.0-37.0","z53on","hazalakkin02@gmail.com","Hazal Akkın","d","","A06","büyüktür","{""Q0"":""küçüktür""}"
"9963","","survey-multi-choice","38","612233","0.0-38.0","z53on","hazalakkin02@gmail.com","Hazal Akkın","d","","F18","null","{""Q0"":""Sevinir""}"
"2626","","survey-multi-choice","39","614864","0.0-39.0","z53on","hazalakkin02@gmail.com","Hazal Akkın","d","","Q18","Çilek","{""Q0"":""Çilek""}"
"12286","","survey-multi-choice","40","627156","0.0-40.0","z53on","hazalakkin02@gmail.com","Hazal Akkın","d","","A10","büyüktür","{""Q0"":""büyüktür""}"
"10277","","survey-multi-choice","41","637438","0.0-41.0","z53on","hazalakkin02@gmail.com","Hazal Akkın","d","","F13","null","{""Q0"":""Sevinir""}"
"1975","","survey-multi-choice","42","639419","0.0-42.0","z53on","hazalakkin02@gmail.com","Hazal Akkın","d","","Q13","Kars","{""Q0"":""Kars""}"
"11854","","survey-multi-choice","43","651279","0.0-43.0","z53on","hazalakkin02@gmail.com","Hazal Akkın","d","","A01","küçüktür","{""Q0"":""küçüktür""}"
"7140","","survey-multi-choice","44","658423","0.0-44.0","z53on","hazalakkin02@gmail.com","Hazal Akkın","d","","C02","null","{""Q0"":""Üzülür""}"
"3512.9999999998836","","survey-multi-choice","45","661942","0.0-45.0","z53on","hazalakkin02@gmail.com","Hazal Akkın","d","","Q02","Oyuncak bebek","{""Q0"":""Oyuncak bebek""}"
"8542","","survey-multi-choice","46","670490","0.0-46.0","z53on","hazalakkin02@gmail.com","Hazal Akkın","d","","A02","küçüktür","{""Q0"":""büyüktür""}"
"6264","","survey-multi-choice","47","676760","0.0-47.0","z53on","hazalakkin02@gmail.com","Hazal Akkın","d","","F19","null","{""Q0"":""Üzülür""}"
"4607","","survey-multi-choice","48","681373","0.0-48.0","z53on","hazalakkin02@gmail.com","Hazal Akkın","d","","Q19","Fizik","{""Q0"":""Fizik""}"
"10214","","survey-multi-choice","49","691593","0.0-49.0","z53on","hazalakkin02@gmail.com","Hazal Akkın","d","","A12","büyüktür","{""Q0"":""büyüktür""}"
"7032.000000000116","","survey-multi-choice","50","698632","0.0-50.0","z53on","hazalakkin02@gmail.com","Hazal Akkın","d","","F22","null","{""Q0"":""Sevinir""}"
"2859","","survey-multi-choice","51","701497","0.0-51.0","z53on","hazalakkin02@gmail.com","Hazal Akkın","d","","Q22","Yoğun","{""Q0"":""Yoğun""}"
"5743","","survey-multi-choice","52","707245","0.0-52.0","z53on","hazalakkin02@gmail.com","Hazal Akkın","d","","A16","küçüktür","{""Q0"":""küçüktür""}"
"6045","","survey-multi-choice","53","713297","0.0-53.0","z53on","hazalakkin02@gmail.com","Hazal Akkın","d","","C05","null","{""Q0"":""Sevinir""}"
"2343","","survey-multi-choice","54","715646","0.0-54.0","z53on","hazalakkin02@gmail.com","Hazal Akkın","d","","Q05","Matematik","{""Q0"":""Matematik""}"
"6761","","survey-multi-choice","55","722412","0.0-55.0","z53on","hazalakkin02@gmail.com","Hazal Akkın","d","","A21","büyüktür","{""Q0"":""büyüktür""}"
"14151","","survey-multi-choice","56","736570","0.0-56.0","z53on","hazalakkin02@gmail.com","Hazal Akkın","d","","F07","null","{""Q0"":""Sevinir""}"
"2872.0000000001164","","survey-multi-choice","57","739449","0.0-57.0","z53on","hazalakkin02@gmail.com","Hazal Akkın","d","","Q07","Kardan adam","{""Q0"":""Kardan adam""}"
"5595.000000000116","","survey-multi-choice","58","745049","0.0-58.0","z53on","hazalakkin02@gmail.com","Hazal Akkın","d","","A07","küçüktür","{""Q0"":""küçüktür""}"
"6180.999999999884","","survey-multi-choice","59","751235","0.0-59.0","z53on","hazalakkin02@gmail.com","Hazal Akkın","d","","F20","null","{""Q0"":""Sevinir""}"
"3460","","survey-multi-choice","60","754701","0.0-60.0","z53on","hazalakkin02@gmail.com","Hazal Akkın","d","","Q20","Piyango bileti","{""Q0"":""Piyango bileti""}"
"7994","","survey-multi-choice","61","762700","0.0-61.0","z53on","hazalakkin02@gmail.com","Hazal Akkın","d","","A03","küçüktür","{""Q0"":""büyüktür""}"
"12018","","survey-multi-choice","62","774725","0.0-62.0","z53on","hazalakkin02@gmail.com","Hazal Akkın","d","","C06","null","{""Q0"":""Sevinir""}"
"3307","","survey-multi-choice","63","778038","0.0-63.0","z53on","hazalakkin02@gmail.com","Hazal Akkın","d","","Q06","Müdür","{""Q0"":""Müdür""}"
"3276","","survey-multi-choice","64","781320","0.0-64.0","z53on","hazalakkin02@gmail.com","Hazal Akkın","d","","A18","büyüktür","{""Q0"":""büyüktür""}"
"5045","","survey-multi-choice","65","786370","0.0-65.0","z53on","hazalakkin02@gmail.com","Hazal Akkın","d","","F12","null","{""Q0"":""Sevinir""}"
"4178","","survey-multi-choice","66","790554","0.0-66.0","z53on","hazalakkin02@gmail.com","Hazal Akkın","d","","Q12","Para biriktirmek","{""Q0"":""Para biriktirmek""}"
"2711.9999999998836","","survey-multi-choice","67","793271","0.0-67.0","z53on","hazalakkin02@gmail.com","Hazal Akkın","d","","A11","büyüktür","{""Q0"":""küçüktür""}"
"4935","","survey-multi-choice","68","798213","0.0-68.0","z53on","hazalakkin02@gmail.com","Hazal Akkın","d","","F17","null","{""Q0"":""Üzülür""}"
"5939","","survey-multi-choice","69","804157","0.0-69.0","z53on","hazalakkin02@gmail.com","Hazal Akkın","d","","Q17","Öğle yemeği","{""Q0"":""Akşam yemeği""}"
"5011.000000000116","","survey-multi-choice","70","809174","0.0-70.0","z53on","hazalakkin02@gmail.com","Hazal Akkın","d","","A24","büyüktür","{""Q0"":""büyüktür""}"
"8796","","survey-multi-choice","71","817977","0.0-71.0","z53on","hazalakkin02@gmail.com","Hazal Akkın","d","","F10","null","{""Q0"":""Sevinir""}"
"2808","","survey-multi-choice","72","820792","0.0-72.0","z53on","hazalakkin02@gmail.com","Hazal Akkın","d","","Q10","Yüksek lisans","{""Q0"":""Lisans""}"
"3696","","survey-multi-choice","73","824493","0.0-73.0","z53on","hazalakkin02@gmail.com","Hazal Akkın","d","","A05","küçüktür","{""Q0"":""küçüktür""}"
