"rt","url","trial_type","trial_index","time_elapsed","internal_node_id","subject","subject_email","subject_name","group","view_history","id","correct","responses"
"27101","resources/welcome.html","external-html","0","27122","0.0-0.0","bgf6r","murathanuyanik2000@icloud.com","Murathan Uyanık","d","","","",""
"3707.0000000000036","","instructions","1","30834","0.0-1.0","bgf6r","murathanuyanik2000@icloud.com","Murathan Uyanık","d","[{""page_index"":0,""viewing_time"":3705}]","","",""
"16625.999999999996","","survey-multi-choice","2","47469","0.0-2.0","bgf6r","murathanuyanik2000@icloud.com","Murathan Uyanık","d","","F24","null","{""Q0"":""Sevinir""}"
"4214","","survey-multi-choice","3","51690","0.0-3.0","bgf6r","murathanuyanik2000@icloud.com","Murathan Uyanık","d","","Q24","Tokyo","{""Q0"":""Tokyo""}"
"10978.999999999985","","survey-multi-choice","4","62674","0.0-4.0","bgf6r","murathanuyanik2000@icloud.com","Murathan Uyanık","d","","A24","büyüktür","{""Q0"":""küçüktür""}"
"15395.999999999993","","survey-multi-choice","5","78075","0.0-5.0","bgf6r","murathanuyanik2000@icloud.com","Murathan Uyanık","d","","F16","null","{""Q0"":""Sevinir""}"
"4385","","survey-multi-choice","6","82466","0.0-6.0","bgf6r","murathanuyanik2000@icloud.com","Murathan Uyanık","d","","Q16","Kafe","{""Q0"":""Kafe""}"
"15590","","survey-multi-choice","7","98062","0.0-7.0","bgf6r","murathanuyanik2000@icloud.com","Murathan Uyanık","d","","A20","küçüktür","{""Q0"":""küçüktür""}"
"8479","","survey-multi-choice","8","106547","0.0-8.0","bgf6r","murathanuyanik2000@icloud.com","Murathan Uyanık","d","","F10","null","{""Q0"":""Sevinir""}"
"11394","","survey-multi-choice","9","117947","0.0-9.0","bgf6r","murathanuyanik2000@icloud.com","Murathan Uyanık","d","","Q10","Yüksek lisans","{""Q0"":""Lisans""}"
"8603","","survey-multi-choice","10","126555","0.0-10.0","bgf6r","murathanuyanik2000@icloud.com","Murathan Uyanık","d","","A22","küçüktür","{""Q0"":""küçüktür""}"
"11884","","survey-multi-choice","11","138445","0.0-11.0","bgf6r","murathanuyanik2000@icloud.com","Murathan Uyanık","d","","C05","null","{""Q0"":""Sevinir""}"
"2996","","survey-multi-choice","12","141447","0.0-12.0","bgf6r","murathanuyanik2000@icloud.com","Murathan Uyanık","d","","Q05","Matematik","{""Q0"":""Matematik""}"
"8482","","survey-multi-choice","13","149935","0.0-13.0","bgf6r","murathanuyanik2000@icloud.com","Murathan Uyanık","d","","A04","büyüktür","{""Q0"":""küçüktür""}"
"6376.999999999971","","survey-multi-choice","14","156317","0.0-14.0","bgf6r","murathanuyanik2000@icloud.com","Murathan Uyanık","d","","F22","null","{""Q0"":""Sevinir""}"
"6080","","survey-multi-choice","15","162404","0.0-15.0","bgf6r","murathanuyanik2000@icloud.com","Murathan Uyanık","d","","Q22","Yoğun","{""Q0"":""Sıkıcı""}"
"7075","","survey-multi-choice","16","169485","0.0-16.0","bgf6r","murathanuyanik2000@icloud.com","Murathan Uyanık","d","","A09","küçüktür","{""Q0"":""küçüktür""}"
"10047","","survey-multi-choice","17","179537","0.0-17.0","bgf6r","murathanuyanik2000@icloud.com","Murathan Uyanık","d","","F08","null","{""Q0"":""Üzülür""}"
"3033","","survey-multi-choice","18","182576","0.0-18.0","bgf6r","murathanuyanik2000@icloud.com","Murathan Uyanık","d","","Q08","Tenis","{""Q0"":""Tenis""}"
"8541","","survey-multi-choice","19","191122","0.0-19.0","bgf6r","murathanuyanik2000@icloud.com","Murathan Uyanık","d","","A08","küçüktür","{""Q0"":""büyüktür""}"
"13237","","survey-multi-choice","20","204364","0.0-20.0","bgf6r","murathanuyanik2000@icloud.com","Murathan Uyanık","d","","C01","null","{""Q0"":""Üzülür""}"
"3540.999999999971","","survey-multi-choice","21","207910","0.0-21.0","bgf6r","murathanuyanik2000@icloud.com","Murathan Uyanık","d","","Q01","Arda","{""Q0"":""Arda""}"
"7044.000000000029","","survey-multi-choice","22","214958","0.0-22.0","bgf6r","murathanuyanik2000@icloud.com","Murathan Uyanık","d","","A10","büyüktür","{""Q0"":""büyüktür""}"
"7929.999999999971","","survey-multi-choice","23","222894","0.0-23.0","bgf6r","murathanuyanik2000@icloud.com","Murathan Uyanık","d","","F15","null","{""Q0"":""Sevinir""}"
"3322","","survey-multi-choice","24","226223","0.0-24.0","bgf6r","murathanuyanik2000@icloud.com","Murathan Uyanık","d","","Q15","Altı","{""Q0"":""Altı""}"
"5550","","survey-multi-choice","25","231778","0.0-25.0","bgf6r","murathanuyanik2000@icloud.com","Murathan Uyanık","d","","A12","büyüktür","{""Q0"":""küçüktür""}"
"9465","","survey-multi-choice","26","241249","0.0-26.0","bgf6r","murathanuyanik2000@icloud.com","Murathan Uyanık","d","","F07","null","{""Q0"":""Üzülür""}"
"5269","","survey-multi-choice","27","246523","0.0-27.0","bgf6r","murathanuyanik2000@icloud.com","Murathan Uyanık","d","","Q07","Kardan adam","{""Q0"":""Kardan adam""}"
"8389","","survey-multi-choice","28","254916","0.0-28.0","bgf6r","murathanuyanik2000@icloud.com","Murathan Uyanık","d","","A17","küçüktür","{""Q0"":""küçüktür""}"
"5659","","survey-multi-choice","29","260579","0.0-29.0","bgf6r","murathanuyanik2000@icloud.com","Murathan Uyanık","d","","F23","null","{""Q0"":""Üzülür""}"
"2747.999999999971","","survey-multi-choice","30","263332","0.0-30.0","bgf6r","murathanuyanik2000@icloud.com","Murathan Uyanık","d","","Q23","Çarpışan arabalar","{""Q0"":""Çarpışan arabalar""}"
"8233","","survey-multi-choice","31","271570","0.0-31.0","bgf6r","murathanuyanik2000@icloud.com","Murathan Uyanık","d","","A18","büyüktür","{""Q0"":""küçüktür""}"
"15655","","survey-multi-choice","32","287230","0.0-32.0","bgf6r","murathanuyanik2000@icloud.com","Murathan Uyanık","d","","C04","null","{""Q0"":""Sevinir""}"
"3015","","survey-multi-choice","33","290251","0.0-33.0","bgf6r","murathanuyanik2000@icloud.com","Murathan Uyanık","d","","Q04","Kamp","{""Q0"":""Kamp""}"
"5809","","survey-multi-choice","34","296066","0.0-34.0","bgf6r","murathanuyanik2000@icloud.com","Murathan Uyanık","d","","A02","küçüktür","{""Q0"":""büyüktür""}"
"11833","","survey-multi-choice","35","307904","0.0-35.0","bgf6r","murathanuyanik2000@icloud.com","Murathan Uyanık","d","","F17","null","{""Q0"":""Sevinir""}"
"4467","","survey-multi-choice","36","312377","0.0-36.0","bgf6r","murathanuyanik2000@icloud.com","Murathan Uyanık","d","","Q17","Öğle yemeği","{""Q0"":""Akşam yemeği""}"
"6126","","survey-multi-choice","37","318508","0.0-37.0","bgf6r","murathanuyanik2000@icloud.com","Murathan Uyanık","d","","A13","küçüktür","{""Q0"":""küçüktür""}"
"13494","","survey-multi-choice","38","332007","0.0-38.0","bgf6r","murathanuyanik2000@icloud.com","Murathan Uyanık","d","","F09","null","{""Q0"":""Sevinir""}"
"4027","","survey-multi-choice","39","336039","0.0-39.0","bgf6r","murathanuyanik2000@icloud.com","Murathan Uyanık","d","","Q09","Yemekhane","{""Q0"":""Yemekhane""}"
"14558","","survey-multi-choice","40","350602","0.0-40.0","bgf6r","murathanuyanik2000@icloud.com","Murathan Uyanık","d","","A07","küçüktür","{""Q0"":""küçüktür""}"
"10519","","survey-multi-choice","41","361127","0.0-41.0","bgf6r","murathanuyanik2000@icloud.com","Murathan Uyanık","d","","F19","null","{""Q0"":""Üzülür""}"
"2129","","survey-multi-choice","42","363262","0.0-42.0","bgf6r","murathanuyanik2000@icloud.com","Murathan Uyanık","d","","Q19","Fizik","{""Q0"":""Fizik""}"
"4529","","survey-multi-choice","43","367796","0.0-43.0","bgf6r","murathanuyanik2000@icloud.com","Murathan Uyanık","d","","A05","küçüktür","{""Q0"":""küçüktür""}"
"15479","","survey-multi-choice","44","383280","0.0-44.0","bgf6r","murathanuyanik2000@icloud.com","Murathan Uyanık","d","","C02","null","{""Q0"":""Üzülür""}"
"4817","","survey-multi-choice","45","388103","0.0-45.0","bgf6r","murathanuyanik2000@icloud.com","Murathan Uyanık","d","","Q02","Oyuncak bebek","{""Q0"":""Oyuncak bebek""}"
"8058","","survey-multi-choice","46","396166","0.0-46.0","bgf6r","murathanuyanik2000@icloud.com","Murathan Uyanık","d","","A03","küçüktür","{""Q0"":""büyüktür""}"
"12427","","survey-multi-choice","47","408599","0.0-47.0","bgf6r","murathanuyanik2000@icloud.com","Murathan Uyanık","d","","F14","null","{""Q0"":""Sevinir""}"
"3846.999999999942","","survey-multi-choice","48","412452","0.0-48.0","bgf6r","murathanuyanik2000@icloud.com","Murathan Uyanık","d","","Q14","Birinci","{""Q0"":""İkinci""}"
"10376","","survey-multi-choice","49","422833","0.0-49.0","bgf6r","murathanuyanik2000@icloud.com","Murathan Uyanık","d","","A11","büyüktür","{""Q0"":""küçüktür""}"
"32971","","survey-multi-choice","50","455810","0.0-50.0","bgf6r","murathanuyanik2000@icloud.com","Murathan Uyanık","d","","F12","null","{""Q0"":""Üzülür""}"
"4126","","survey-multi-choice","51","459941","0.0-51.0","bgf6r","murathanuyanik2000@icloud.com","Murathan Uyanık","d","","Q12","Para biriktirmek","{""Q0"":""Para biriktirmek""}"
"7827","","survey-multi-choice","52","467773","0.0-52.0","bgf6r","murathanuyanik2000@icloud.com","Murathan Uyanık","d","","A06","büyüktür","{""Q0"":""küçüktür""}"
"9330","","survey-multi-choice","53","477109","0.0-53.0","bgf6r","murathanuyanik2000@icloud.com","Murathan Uyanık","d","","C03","null","{""Q0"":""Üzülür""}"
"4073.000000000058","","survey-multi-choice","54","481187","0.0-54.0","bgf6r","murathanuyanik2000@icloud.com","Murathan Uyanık","d","","Q03","Ofis","{""Q0"":""Fabrika""}"
"6908","","survey-multi-choice","55","488100","0.0-55.0","bgf6r","murathanuyanik2000@icloud.com","Murathan Uyanık","d","","A19","büyüktür","{""Q0"":""büyüktür""}"
"22489.99999999994","","survey-multi-choice","56","510595","0.0-56.0","bgf6r","murathanuyanik2000@icloud.com","Murathan Uyanık","d","","F11","null","{""Q0"":""Üzülür""}"
"2878","","survey-multi-choice","57","513479","0.0-57.0","bgf6r","murathanuyanik2000@icloud.com","Murathan Uyanık","d","","Q11","Ayakkabı","{""Q0"":""Ayakkabı""}"
"6776.000000000058","","survey-multi-choice","58","520260","0.0-58.0","bgf6r","murathanuyanik2000@icloud.com","Murathan Uyanık","d","","A23","büyüktür","{""Q0"":""büyüktür""}"
"10835","","survey-multi-choice","59","531103","0.0-59.0","bgf6r","murathanuyanik2000@icloud.com","Murathan Uyanık","d","","F20","null","{""Q0"":""Sevinir""}"
"2489","","survey-multi-choice","60","533597","0.0-60.0","bgf6r","murathanuyanik2000@icloud.com","Murathan Uyanık","d","","Q20","Piyango bileti","{""Q0"":""Piyango bileti""}"
"6581","","survey-multi-choice","61","540184","0.0-61.0","bgf6r","murathanuyanik2000@icloud.com","Murathan Uyanık","d","","A14","büyüktür","{""Q0"":""büyüktür""}"
"6378","","survey-multi-choice","62","546568","0.0-62.0","bgf6r","murathanuyanik2000@icloud.com","Murathan Uyanık","d","","C06","null","{""Q0"":""Üzülür""}"
"4494","","survey-multi-choice","63","551068","0.0-63.0","bgf6r","murathanuyanik2000@icloud.com","Murathan Uyanık","d","","Q06","Müdür","{""Q0"":""Müdür""}"
"8092","","survey-multi-choice","64","559165","0.0-64.0","bgf6r","murathanuyanik2000@icloud.com","Murathan Uyanık","d","","A15","büyüktür","{""Q0"":""küçüktür""}"
"8097","","survey-multi-choice","65","567268","0.0-65.0","bgf6r","murathanuyanik2000@icloud.com","Murathan Uyanık","d","","F21","null","{""Q0"":""Üzülür""}"
"2584","","survey-multi-choice","66","569857","0.0-66.0","bgf6r","murathanuyanik2000@icloud.com","Murathan Uyanık","d","","Q21","Odun","{""Q0"":""Odun""}"
"5977","","survey-multi-choice","67","575839","0.0-67.0","bgf6r","murathanuyanik2000@icloud.com","Murathan Uyanık","d","","A01","küçüktür","{""Q0"":""küçüktür""}"
"11658","","survey-multi-choice","68","587503","0.0-68.0","bgf6r","murathanuyanik2000@icloud.com","Murathan Uyanık","d","","F13","null","{""Q0"":""Üzülür""}"
"5346","","survey-multi-choice","69","592854","0.0-69.0","bgf6r","murathanuyanik2000@icloud.com","Murathan Uyanık","d","","Q13","Kars","{""Q0"":""Kars""}"
"5915","","survey-multi-choice","70","598774","0.0-70.0","bgf6r","murathanuyanik2000@icloud.com","Murathan Uyanık","d","","A21","büyüktür","{""Q0"":""büyüktür""}"
"7034","","survey-multi-choice","71","605815","0.0-71.0","bgf6r","murathanuyanik2000@icloud.com","Murathan Uyanık","d","","F18","null","{""Q0"":""Sevinir""}"
"2223","","survey-multi-choice","72","608043","0.0-72.0","bgf6r","murathanuyanik2000@icloud.com","Murathan Uyanık","d","","Q18","Çilek","{""Q0"":""Çilek""}"
"4125","","survey-multi-choice","73","612173","0.0-73.0","bgf6r","murathanuyanik2000@icloud.com","Murathan Uyanık","d","","A16","küçüktür","{""Q0"":""küçüktür""}"
