"rt","url","trial_type","trial_index","time_elapsed","internal_node_id","subject","subject_email","subject_name","group","view_history","id","correct","responses"
"32642","resources/welcome.html","external-html","0","32776","0.0-0.0","3fq7j","Tuba.can2010@hotmail.com","Tuğba bekar","b","","","",""
"7728","","instructions","1","40508","0.0-1.0","3fq7j","Tuba.can2010@hotmail.com","Tuğba bekar","b","[{""page_index"":0,""viewing_time"":7726}]","","",""
"14820","","survey-multi-choice","2","55335","0.0-2.0","3fq7j","Tuba.can2010@hotmail.com","Tuğba bekar","b","","F24","null","{""Q0"":""Sevinir""}"
"4308","","survey-multi-choice","3","59648","0.0-3.0","3fq7j","Tuba.can2010@hotmail.com","Tuğba bekar","b","","Q24","Tokyo","{""Q0"":""Tokyo""}"
"11127.999999999993","","survey-multi-choice","4","70781","0.0-4.0","3fq7j","Tuba.can2010@hotmail.com","Tuğba bekar","b","","A16","küçüktür","{""Q0"":""küçüktür""}"
"17081","","survey-multi-choice","5","87867","0.0-5.0","3fq7j","Tuba.can2010@hotmail.com","Tuğba bekar","b","","F19","null","{""Q0"":""Üzülür""}"
"2561","","survey-multi-choice","6","90434","0.0-6.0","3fq7j","Tuba.can2010@hotmail.com","Tuğba bekar","b","","Q19","Fizik","{""Q0"":""Fizik""}"
"5910","","survey-multi-choice","7","96350","0.0-7.0","3fq7j","Tuba.can2010@hotmail.com","Tuğba bekar","b","","A04","büyüktür","{""Q0"":""büyüktür""}"
"10569.999999999985","","survey-multi-choice","8","106925","0.0-8.0","3fq7j","Tuba.can2010@hotmail.com","Tuğba bekar","b","","F21","null","{""Q0"":""Üzülür""}"
"3470","","survey-multi-choice","9","110401","0.0-9.0","3fq7j","Tuba.can2010@hotmail.com","Tuğba bekar","b","","Q21","Odun","{""Q0"":""Odun""}"
"12280","","survey-multi-choice","10","122686","0.0-10.0","3fq7j","Tuba.can2010@hotmail.com","Tuğba bekar","b","","A08","küçüktür","{""Q0"":""küçüktür""}"
"12145.999999999985","","survey-multi-choice","11","134837","0.0-11.0","3fq7j","Tuba.can2010@hotmail.com","Tuğba bekar","b","","C02","null","{""Q0"":""Üzülür""}"
"4296","","survey-multi-choice","12","139139","0.0-12.0","3fq7j","Tuba.can2010@hotmail.com","Tuğba bekar","b","","Q02","Oyuncak bebek","{""Q0"":""Oyuncak bebek""}"
"5133","","survey-multi-choice","13","144278","0.0-13.0","3fq7j","Tuba.can2010@hotmail.com","Tuğba bekar","b","","A19","büyüktür","{""Q0"":""büyüktür""}"
"28777","","survey-multi-choice","14","173060","0.0-14.0","3fq7j","Tuba.can2010@hotmail.com","Tuğba bekar","b","","F07","null","{""Q0"":""Üzülür""}"
"3646","","survey-multi-choice","15","176712","0.0-15.0","3fq7j","Tuba.can2010@hotmail.com","Tuğba bekar","b","","Q07","Kardan adam","{""Q0"":""Kardan adam""}"
"12879","","survey-multi-choice","16","189597","0.0-16.0","3fq7j","Tuba.can2010@hotmail.com","Tuğba bekar","b","","A17","küçüktür","{""Q0"":""küçüktür""}"
"26348","","survey-multi-choice","17","215950","0.0-17.0","3fq7j","Tuba.can2010@hotmail.com","Tuğba bekar","b","","F15","null","{""Q0"":""Sevinir""}"
"6177","","survey-multi-choice","18","222134","0.0-18.0","3fq7j","Tuba.can2010@hotmail.com","Tuğba bekar","b","","Q15","Altı","{""Q0"":""Altı""}"
"6283.000000000029","","survey-multi-choice","19","228422","0.0-19.0","3fq7j","Tuba.can2010@hotmail.com","Tuğba bekar","b","","A22","küçüktür","{""Q0"":""küçüktür""}"
"13509","","survey-multi-choice","20","241936","0.0-20.0","3fq7j","Tuba.can2010@hotmail.com","Tuğba bekar","b","","C04","null","{""Q0"":""Üzülür""}"
"2843.000000000029","","survey-multi-choice","21","244785","0.0-21.0","3fq7j","Tuba.can2010@hotmail.com","Tuğba bekar","b","","Q04","Kamp","{""Q0"":""Kamp""}"
"5612","","survey-multi-choice","22","250402","0.0-22.0","3fq7j","Tuba.can2010@hotmail.com","Tuğba bekar","b","","A07","küçüktür","{""Q0"":""küçüktür""}"
"7980","","survey-multi-choice","23","258387","0.0-23.0","3fq7j","Tuba.can2010@hotmail.com","Tuğba bekar","b","","F11","null","{""Q0"":""Üzülür""}"
"2846.999999999971","","survey-multi-choice","24","261240","0.0-24.0","3fq7j","Tuba.can2010@hotmail.com","Tuğba bekar","b","","Q11","Ayakkabı","{""Q0"":""Ayakkabı""}"
"5748","","survey-multi-choice","25","266994","0.0-25.0","3fq7j","Tuba.can2010@hotmail.com","Tuğba bekar","b","","A12","büyüktür","{""Q0"":""büyüktür""}"
"10660","","survey-multi-choice","26","277659","0.0-26.0","3fq7j","Tuba.can2010@hotmail.com","Tuğba bekar","b","","F22","null","{""Q0"":""Sevinir""}"
"3026","","survey-multi-choice","27","280692","0.0-27.0","3fq7j","Tuba.can2010@hotmail.com","Tuğba bekar","b","","Q22","Yoğun","{""Q0"":""Yoğun""}"
"8609","","survey-multi-choice","28","289307","0.0-28.0","3fq7j","Tuba.can2010@hotmail.com","Tuğba bekar","b","","A23","büyüktür","{""Q0"":""küçüktür""}"
"13397","","survey-multi-choice","29","302709","0.0-29.0","3fq7j","Tuba.can2010@hotmail.com","Tuğba bekar","b","","F18","null","{""Q0"":""Sevinir""}"
"3327","","survey-multi-choice","30","306043","0.0-30.0","3fq7j","Tuba.can2010@hotmail.com","Tuğba bekar","b","","Q18","Çilek","{""Q0"":""Çilek""}"
"6595","","survey-multi-choice","31","312643","0.0-31.0","3fq7j","Tuba.can2010@hotmail.com","Tuğba bekar","b","","A05","küçüktür","{""Q0"":""küçüktür""}"
"9903","","survey-multi-choice","32","322552","0.0-32.0","3fq7j","Tuba.can2010@hotmail.com","Tuğba bekar","b","","C01","null","{""Q0"":""Sevinir""}"
"6074","","survey-multi-choice","33","328632","0.0-33.0","3fq7j","Tuba.can2010@hotmail.com","Tuğba bekar","b","","Q01","Arda","{""Q0"":""Arda""}"
"4776","","survey-multi-choice","34","333413","0.0-34.0","3fq7j","Tuba.can2010@hotmail.com","Tuğba bekar","b","","A10","büyüktür","{""Q0"":""büyüktür""}"
"13429","","survey-multi-choice","35","346848","0.0-35.0","3fq7j","Tuba.can2010@hotmail.com","Tuğba bekar","b","","F13","null","{""Q0"":""Sevinir""}"
"2827","","survey-multi-choice","36","349681","0.0-36.0","3fq7j","Tuba.can2010@hotmail.com","Tuğba bekar","b","","Q13","Kars","{""Q0"":""Kars""}"
"6845","","survey-multi-choice","37","356532","0.0-37.0","3fq7j","Tuba.can2010@hotmail.com","Tuğba bekar","b","","A01","küçüktür","{""Q0"":""küçüktür""}"
"15463","","survey-multi-choice","38","372001","0.0-38.0","3fq7j","Tuba.can2010@hotmail.com","Tuğba bekar","b","","F20","null","{""Q0"":""Üzülür""}"
"3378","","survey-multi-choice","39","375385","0.0-39.0","3fq7j","Tuba.can2010@hotmail.com","Tuğba bekar","b","","Q20","Piyango bileti","{""Q0"":""Piyango bileti""}"
"9828.999999999942","","survey-multi-choice","40","385220","0.0-40.0","3fq7j","Tuba.can2010@hotmail.com","Tuğba bekar","b","","A13","küçüktür","{""Q0"":""küçüktür""}"
"8669","","survey-multi-choice","41","393895","0.0-41.0","3fq7j","Tuba.can2010@hotmail.com","Tuğba bekar","b","","F16","null","{""Q0"":""Sevinir""}"
"2593","","survey-multi-choice","42","396494","0.0-42.0","3fq7j","Tuba.can2010@hotmail.com","Tuğba bekar","b","","Q16","Kafe","{""Q0"":""Kafe""}"
"4158","","survey-multi-choice","43","400657","0.0-43.0","3fq7j","Tuba.can2010@hotmail.com","Tuğba bekar","b","","A21","büyüktür","{""Q0"":""büyüktür""}"
"11145","","survey-multi-choice","44","411808","0.0-44.0","3fq7j","Tuba.can2010@hotmail.com","Tuğba bekar","b","","C06","null","{""Q0"":""Sevinir""}"
"3493","","survey-multi-choice","45","415307","0.0-45.0","3fq7j","Tuba.can2010@hotmail.com","Tuğba bekar","b","","Q06","Müdür","{""Q0"":""Müdür""}"
"7613","","survey-multi-choice","46","422925","0.0-46.0","3fq7j","Tuba.can2010@hotmail.com","Tuğba bekar","b","","A24","büyüktür","{""Q0"":""büyüktür""}"
"9394","","survey-multi-choice","47","432325","0.0-47.0","3fq7j","Tuba.can2010@hotmail.com","Tuğba bekar","b","","F23","null","{""Q0"":""Üzülür""}"
"5094.999999999942","","survey-multi-choice","48","437426","0.0-48.0","3fq7j","Tuba.can2010@hotmail.com","Tuğba bekar","b","","Q23","Çarpışan arabalar","{""Q0"":""Çarpışan arabalar""}"
"9852.000000000058","","survey-multi-choice","49","447283","0.0-49.0","3fq7j","Tuba.can2010@hotmail.com","Tuğba bekar","b","","A06","büyüktür","{""Q0"":""küçüktür""}"
"14425","","survey-multi-choice","50","461714","0.0-50.0","3fq7j","Tuba.can2010@hotmail.com","Tuğba bekar","b","","F14","null","{""Q0"":""Sevinir""}"
"14846","","survey-multi-choice","51","476566","0.0-51.0","3fq7j","Tuba.can2010@hotmail.com","Tuğba bekar","b","","Q14","Birinci","{""Q0"":""Birinci""}"
"9110.000000000058","","survey-multi-choice","52","485682","0.0-52.0","3fq7j","Tuba.can2010@hotmail.com","Tuğba bekar","b","","A11","büyüktür","{""Q0"":""büyüktür""}"
"9952","","survey-multi-choice","53","495640","0.0-53.0","3fq7j","Tuba.can2010@hotmail.com","Tuğba bekar","b","","C05","null","{""Q0"":""Sevinir""}"
"11107","","survey-multi-choice","54","506752","0.0-54.0","3fq7j","Tuba.can2010@hotmail.com","Tuğba bekar","b","","Q05","Matematik","{""Q0"":""Matematik""}"
"4628","","survey-multi-choice","55","511386","0.0-55.0","3fq7j","Tuba.can2010@hotmail.com","Tuğba bekar","b","","A18","büyüktür","{""Q0"":""küçüktür""}"
"15430.999999999942","","survey-multi-choice","56","526823","0.0-56.0","3fq7j","Tuba.can2010@hotmail.com","Tuğba bekar","b","","F08","null","{""Q0"":""Üzülür""}"
"8311","","survey-multi-choice","57","535139","0.0-57.0","3fq7j","Tuba.can2010@hotmail.com","Tuğba bekar","b","","Q08","Tenis","{""Q0"":""Tenis""}"
"8645","","survey-multi-choice","58","543789","0.0-58.0","3fq7j","Tuba.can2010@hotmail.com","Tuğba bekar","b","","A09","küçüktür","{""Q0"":""büyüktür""}"
"16428","","survey-multi-choice","59","560228","0.0-59.0","3fq7j","Tuba.can2010@hotmail.com","Tuğba bekar","b","","F12","null","{""Q0"":""Sevinir""}"
"7475","","survey-multi-choice","60","567709","0.0-60.0","3fq7j","Tuba.can2010@hotmail.com","Tuğba bekar","b","","Q12","Para biriktirmek","{""Q0"":""Para biriktirmek""}"
"3813","","survey-multi-choice","61","571528","0.0-61.0","3fq7j","Tuba.can2010@hotmail.com","Tuğba bekar","b","","A02","küçüktür","{""Q0"":""küçüktür""}"
"21735","","survey-multi-choice","62","593269","0.0-62.0","3fq7j","Tuba.can2010@hotmail.com","Tuğba bekar","b","","C03","null","{""Q0"":""Sevinir""}"
"4891","","survey-multi-choice","63","598165","0.0-63.0","3fq7j","Tuba.can2010@hotmail.com","Tuğba bekar","b","","Q03","Ofis","{""Q0"":""Ofis""}"
"4543","","survey-multi-choice","64","602713","0.0-64.0","3fq7j","Tuba.can2010@hotmail.com","Tuğba bekar","b","","A20","küçüktür","{""Q0"":""küçüktür""}"
"12880","","survey-multi-choice","65","615599","0.0-65.0","3fq7j","Tuba.can2010@hotmail.com","Tuğba bekar","b","","F10","null","{""Q0"":""Sevinir""}"
"6478","","survey-multi-choice","66","622083","0.0-66.0","3fq7j","Tuba.can2010@hotmail.com","Tuğba bekar","b","","Q10","Yüksek lisans","{""Q0"":""Lisans""}"
"7795","","survey-multi-choice","67","629883","0.0-67.0","3fq7j","Tuba.can2010@hotmail.com","Tuğba bekar","b","","A14","büyüktür","{""Q0"":""küçüktür""}"
"11131","","survey-multi-choice","68","641019","0.0-68.0","3fq7j","Tuba.can2010@hotmail.com","Tuğba bekar","b","","F09","null","{""Q0"":""Sevinir""}"
"3448","","survey-multi-choice","69","644473","0.0-69.0","3fq7j","Tuba.can2010@hotmail.com","Tuğba bekar","b","","Q09","Yemekhane","{""Q0"":""Yemekhane""}"
"4225","","survey-multi-choice","70","648704","0.0-70.0","3fq7j","Tuba.can2010@hotmail.com","Tuğba bekar","b","","A03","küçüktür","{""Q0"":""küçüktür""}"
"19830","","survey-multi-choice","71","668539","0.0-71.0","3fq7j","Tuba.can2010@hotmail.com","Tuğba bekar","b","","F17","null","{""Q0"":""Üzülür""}"
"2894","","survey-multi-choice","72","671439","0.0-72.0","3fq7j","Tuba.can2010@hotmail.com","Tuğba bekar","b","","Q17","Öğle yemeği","{""Q0"":""Akşam yemeği""}"
"6659.999999999884","","survey-multi-choice","73","678106","0.0-73.0","3fq7j","Tuba.can2010@hotmail.com","Tuğba bekar","b","","A15","büyüktür","{""Q0"":""küçüktür""}"
