"rt","url","trial_type","trial_index","time_elapsed","internal_node_id","subject","subject_email","subject_name","group","view_history","id","correct","responses"
"41511","resources/welcome.html","external-html","0","41530","0.0-0.0","fjy9h","","","d","","","",""
"31274","","instructions","1","72822","0.0-1.0","fjy9h","","","d","[{""page_index"":0,""viewing_time"":31272.000000000015}]","","",""
"12571","","survey-multi-choice","2","85415","0.0-2.0","fjy9h","","","d","","F07","null","{""Q0"":""Üzülür""}"
"6229","","survey-multi-choice","3","91648","0.0-3.0","fjy9h","","","d","","Q07","Kardan adam","{""Q0"":""Kardan adam""}"
"26270","","survey-multi-choice","4","117931","0.0-4.0","fjy9h","","","d","","A12","büyüktür","{""Q0"":""büyüktür""}"
"25015","","survey-multi-choice","5","142959","0.0-5.0","fjy9h","","","d","","F20","null","{""Q0"":""Sevinir""}"
"3784","","survey-multi-choice","6","146750","0.0-6.0","fjy9h","","","d","","Q20","Piyango bileti","{""Q0"":""Piyango bileti""}"
"5905.999999999971","","survey-multi-choice","7","152670","0.0-7.0","fjy9h","","","d","","A02","küçüktür","{""Q0"":""büyüktür""}"
"22727","","survey-multi-choice","8","175404","0.0-8.0","fjy9h","","","d","","F18","null","{""Q0"":""Sevinir""}"
"3822","","survey-multi-choice","9","179238","0.0-9.0","fjy9h","","","d","","Q18","Çilek","{""Q0"":""Çilek""}"
"7621.000000000029","","survey-multi-choice","10","186870","0.0-10.0","fjy9h","","","d","","A23","büyüktür","{""Q0"":""küçüktür""}"
"10294","","survey-multi-choice","11","197171","0.0-11.0","fjy9h","","","d","","C05","null","{""Q0"":""Üzülür""}"
"12393","","survey-multi-choice","12","209577","0.0-12.0","fjy9h","","","d","","Q05","Matematik","{""Q0"":""Matematik""}"
"4319","","survey-multi-choice","13","213902","0.0-13.0","fjy9h","","","d","","A01","küçüktür","{""Q0"":""büyüktür""}"
"16227","","survey-multi-choice","14","230141","0.0-14.0","fjy9h","","","d","","F11","null","{""Q0"":""Üzülür""}"
"5179","","survey-multi-choice","15","235335","0.0-15.0","fjy9h","","","d","","Q11","Ayakkabı","{""Q0"":""Ayakkabı""}"
"3852.000000000029","","survey-multi-choice","16","239191","0.0-16.0","fjy9h","","","d","","A06","büyüktür","{""Q0"":""büyüktür""}"
"7971.999999999971","","survey-multi-choice","17","247175","0.0-17.0","fjy9h","","","d","","F23","null","{""Q0"":""Üzülür""}"
"3072","","survey-multi-choice","18","250255","0.0-18.0","fjy9h","","","d","","Q23","Çarpışan arabalar","{""Q0"":""Çarpışan arabalar""}"
"12607","","survey-multi-choice","19","262868","0.0-19.0","fjy9h","","","d","","A07","küçüktür","{""Q0"":""küçüktür""}"
"15015","","survey-multi-choice","20","277891","0.0-20.0","fjy9h","","","d","","C04","null","{""Q0"":""Sevinir""}"
"17501","","survey-multi-choice","21","295398","0.0-21.0","fjy9h","","","d","","Q04","Kamp","{""Q0"":""Kamp""}"
"10110.000000000058","","survey-multi-choice","22","305516","0.0-22.0","fjy9h","","","d","","A11","büyüktür","{""Q0"":""büyüktür""}"
"24345","","survey-multi-choice","23","329870","0.0-23.0","fjy9h","","","d","","F22","null","{""Q0"":""Sevinir""}"
"6446","","survey-multi-choice","24","336324","0.0-24.0","fjy9h","","","d","","Q22","Yoğun","{""Q0"":""Rahat""}"
"3532","","survey-multi-choice","25","339861","0.0-25.0","fjy9h","","","d","","A24","büyüktür","{""Q0"":""büyüktür""}"
"19040","","survey-multi-choice","26","358909","0.0-26.0","fjy9h","","","d","","F14","null","{""Q0"":""Sevinir""}"
"6115","","survey-multi-choice","27","365030","0.0-27.0","fjy9h","","","d","","Q14","Birinci","{""Q0"":""İkinci""}"
"10509","","survey-multi-choice","28","375544","0.0-28.0","fjy9h","","","d","","A19","büyüktür","{""Q0"":""küçüktür""}"
"9071.000000000058","","survey-multi-choice","29","384628","0.0-29.0","fjy9h","","","d","","F19","null","{""Q0"":""Üzülür""}"
"3688.000000000058","","survey-multi-choice","30","388330","0.0-30.0","fjy9h","","","d","","Q19","Fizik","{""Q0"":""Matematik""}"
"4376","","survey-multi-choice","31","392712","0.0-31.0","fjy9h","","","d","","A09","küçüktür","{""Q0"":""büyüktür""}"
"7810","","survey-multi-choice","32","400536","0.0-32.0","fjy9h","","","d","","C06","null","{""Q0"":""Sevinir""}"
"5778","","survey-multi-choice","33","406322","0.0-33.0","fjy9h","","","d","","Q06","Müdür","{""Q0"":""Müdür""}"
"3916.999999999942","","survey-multi-choice","34","410246","0.0-34.0","fjy9h","","","d","","A13","küçüktür","{""Q0"":""küçüktür""}"
"15762","","survey-multi-choice","35","426024","0.0-35.0","fjy9h","","","d","","F16","null","{""Q0"":""Üzülür""}"
"3052","","survey-multi-choice","36","429084","0.0-36.0","fjy9h","","","d","","Q16","Kafe","{""Q0"":""Kafe""}"
"3722","","survey-multi-choice","37","432819","0.0-37.0","fjy9h","","","d","","A20","küçüktür","{""Q0"":""küçüktür""}"
"22852","","survey-multi-choice","38","455677","0.0-38.0","fjy9h","","","d","","F24","null","{""Q0"":""Üzülür""}"
"3338","","survey-multi-choice","39","459022","0.0-39.0","fjy9h","","","d","","Q24","Tokyo","{""Q0"":""Tokyo""}"
"4855","","survey-multi-choice","40","463883","0.0-40.0","fjy9h","","","d","","A04","büyüktür","{""Q0"":""büyüktür""}"
"9008","","survey-multi-choice","41","472906","0.0-41.0","fjy9h","","","d","","F21","null","{""Q0"":""Üzülür""}"
"3040","","survey-multi-choice","42","475954","0.0-42.0","fjy9h","","","d","","Q21","Odun","{""Q0"":""Odun""}"
"3909.999999999942","","survey-multi-choice","43","479870","0.0-43.0","fjy9h","","","d","","A08","küçüktür","{""Q0"":""küçüktür""}"
"30976","","survey-multi-choice","44","510854","0.0-44.0","fjy9h","","","d","","C03","null","{""Q0"":""Sevinir""}"
"8445","","survey-multi-choice","45","519308","0.0-45.0","fjy9h","","","d","","Q03","Ofis","{""Q0"":""Ofis""}"
"4107.000000000116","","survey-multi-choice","46","523421","0.0-46.0","fjy9h","","","d","","A14","büyüktür","{""Q0"":""küçüktür""}"
"7240.999999999942","","survey-multi-choice","47","530676","0.0-47.0","fjy9h","","","d","","F13","null","{""Q0"":""Sevinir""}"
"3399.9999999998836","","survey-multi-choice","48","534085","0.0-48.0","fjy9h","","","d","","Q13","Kars","{""Q0"":""Kars""}"
"5561","","survey-multi-choice","49","539652","0.0-49.0","fjy9h","","","d","","A10","büyüktür","{""Q0"":""büyüktür""}"
"10726","","survey-multi-choice","50","550391","0.0-50.0","fjy9h","","","d","","F15","null","{""Q0"":""Üzülür""}"
"5961","","survey-multi-choice","51","556364","0.0-51.0","fjy9h","","","d","","Q15","Altı","{""Q0"":""Altı""}"
"3370","","survey-multi-choice","52","559742","0.0-52.0","fjy9h","","","d","","A16","küçüktür","{""Q0"":""büyüktür""}"
"10112","","survey-multi-choice","53","569862","0.0-53.0","fjy9h","","","d","","C01","null","{""Q0"":""Üzülür""}"
"5287","","survey-multi-choice","54","575157","0.0-54.0","fjy9h","","","d","","Q01","Arda","{""Q0"":""Arda""}"
"2943","","survey-multi-choice","55","578112","0.0-55.0","fjy9h","","","d","","A17","küçüktür","{""Q0"":""küçüktür""}"
"22648","","survey-multi-choice","56","600767","0.0-56.0","fjy9h","","","d","","F12","null","{""Q0"":""Sevinir""}"
"7436","","survey-multi-choice","57","608218","0.0-57.0","fjy9h","","","d","","Q12","Para biriktirmek","{""Q0"":""Para kazanmak""}"
"2902","","survey-multi-choice","58","611128","0.0-58.0","fjy9h","","","d","","A05","küçüktür","{""Q0"":""büyüktür""}"
"8191","","survey-multi-choice","59","619325","0.0-59.0","fjy9h","","","d","","F09","null","{""Q0"":""Sevinir""}"
"4735","","survey-multi-choice","60","624064","0.0-60.0","fjy9h","","","d","","Q09","Yemekhane","{""Q0"":""Yemekhane""}"
"3637","","survey-multi-choice","61","627708","0.0-61.0","fjy9h","","","d","","A22","küçüktür","{""Q0"":""küçüktür""}"
"11707","","survey-multi-choice","62","639427","0.0-62.0","fjy9h","","","d","","C02","null","{""Q0"":""Sevinir""}"
"4543","","survey-multi-choice","63","643976","0.0-63.0","fjy9h","","","d","","Q02","Oyuncak bebek","{""Q0"":""Oyuncak bebek""}"
"3294","","survey-multi-choice","64","647282","0.0-64.0","fjy9h","","","d","","A03","küçüktür","{""Q0"":""büyüktür""}"
"8542","","survey-multi-choice","65","655831","0.0-65.0","fjy9h","","","d","","F08","null","{""Q0"":""Üzülür""}"
"3937","","survey-multi-choice","66","659776","0.0-66.0","fjy9h","","","d","","Q08","Tenis","{""Q0"":""Tenis""}"
"4172","","survey-multi-choice","67","663961","0.0-67.0","fjy9h","","","d","","A18","büyüktür","{""Q0"":""büyüktür""}"
"17383","","survey-multi-choice","68","681351","0.0-68.0","fjy9h","","","d","","F10","null","{""Q0"":""Sevinir""}"
"5970","","survey-multi-choice","69","687328","0.0-69.0","fjy9h","","","d","","Q10","Yüksek lisans","{""Q0"":""Lisans""}"
"3810.0000000001164","","survey-multi-choice","70","691150","0.0-70.0","fjy9h","","","d","","A15","büyüktür","{""Q0"":""küçüktür""}"
"18789","","survey-multi-choice","71","709946","0.0-71.0","fjy9h","","","d","","F17","null","{""Q0"":""Üzülür""}"
"4195","","survey-multi-choice","72","714148","0.0-72.0","fjy9h","","","d","","Q17","Öğle yemeği","{""Q0"":""Akşam yemeği""}"
"3287.0000000001164","","survey-multi-choice","73","717446","0.0-73.0","fjy9h","","","d","","A21","büyüktür","{""Q0"":""büyüktür""}"
