"rt","url","trial_type","trial_index","time_elapsed","internal_node_id","subject","subject_email","subject_name","group","view_history","id","correct","responses"
"34427.99999995623","resources/welcome.html","external-html","0","34514","0.0-0.0","7bmyk","meltemarmann@gmail.com","Meltem Arman","d","","","",""
"8227.199999964796","","instructions","1","42749","0.0-1.0","7bmyk","meltemarmann@gmail.com","Meltem Arman","d","[{""page_index"":0,""viewing_time"":8222.200000018347}]","","",""
"20081.200000015087","","survey-multi-choice","2","62848","0.0-2.0","7bmyk","meltemarmann@gmail.com","Meltem Arman","d","","F17","null","{""Q0"":""Üzülür""}"
"3488.7000000453554","","survey-multi-choice","3","66355","0.0-3.0","7bmyk","meltemarmann@gmail.com","Meltem Arman","d","","Q17","Öğle yemeği","{""Q0"":""Akşam yemeği""}"
"17319.900000002235","","survey-multi-choice","4","83689","0.0-4.0","7bmyk","meltemarmann@gmail.com","Meltem Arman","d","","A20","küçüktür","{""Q0"":""küçüktür""}"
"5594.29999999702","","survey-multi-choice","5","89298","0.0-5.0","7bmyk","meltemarmann@gmail.com","Meltem Arman","d","","F22","null","{""Q0"":""Sevinir""}"
"3074.800000002142","","survey-multi-choice","6","92387","0.0-6.0","7bmyk","meltemarmann@gmail.com","Meltem Arman","d","","Q22","Yoğun","{""Q0"":""Yoğun""}"
"7771.899999992456","","survey-multi-choice","7","100175","0.0-7.0","7bmyk","meltemarmann@gmail.com","Meltem Arman","d","","A22","küçüktür","{""Q0"":""büyüktür""}"
"8053.200000023935","","survey-multi-choice","8","108241","0.0-8.0","7bmyk","meltemarmann@gmail.com","Meltem Arman","d","","F07","null","{""Q0"":""Üzülür""}"
"4065.600000030827","","survey-multi-choice","9","112322","0.0-9.0","7bmyk","meltemarmann@gmail.com","Meltem Arman","d","","Q07","Kardan adam","{""Q0"":""Kardan adam""}"
"8440.400000021327","","survey-multi-choice","10","120776","0.0-10.0","7bmyk","meltemarmann@gmail.com","Meltem Arman","d","","A05","küçüktür","{""Q0"":""küçüktür""}"
"9726.699999999255","","survey-multi-choice","11","130519","0.0-11.0","7bmyk","meltemarmann@gmail.com","Meltem Arman","d","","C01","null","{""Q0"":""Üzülür""}"
"2726.699999999255","","survey-multi-choice","12","133263","0.0-12.0","7bmyk","meltemarmann@gmail.com","Meltem Arman","d","","Q01","Arda","{""Q0"":""Arda""}"
"11666.499999992084","","survey-multi-choice","13","144951","0.0-13.0","7bmyk","meltemarmann@gmail.com","Meltem Arman","d","","A06","büyüktür","{""Q0"":""büyüktür""}"
"14389.299999980722","","survey-multi-choice","14","159357","0.0-14.0","7bmyk","meltemarmann@gmail.com","Meltem Arman","d","","F19","null","{""Q0"":""Üzülür""}"
"2098.4000000171363","","survey-multi-choice","15","161471","0.0-15.0","7bmyk","meltemarmann@gmail.com","Meltem Arman","d","","Q19","Fizik","{""Q0"":""Fizik""}"
"10545.799999963492","","survey-multi-choice","16","172031","0.0-16.0","7bmyk","meltemarmann@gmail.com","Meltem Arman","d","","A01","küçüktür","{""Q0"":""küçüktür""}"
"7566.300000005867","","survey-multi-choice","17","179612","0.0-17.0","7bmyk","meltemarmann@gmail.com","Meltem Arman","d","","F10","null","{""Q0"":""Sevinir""}"
"2837.299999955576","","survey-multi-choice","18","182466","0.0-18.0","7bmyk","meltemarmann@gmail.com","Meltem Arman","d","","Q10","Yüksek lisans","{""Q0"":""Yüksek lisans""}"
"10041.800000006333","","survey-multi-choice","19","192522","0.0-19.0","7bmyk","meltemarmann@gmail.com","Meltem Arman","d","","A14","büyüktür","{""Q0"":""büyüktür""}"
"7681.999999971595","","survey-multi-choice","20","200220","0.0-20.0","7bmyk","meltemarmann@gmail.com","Meltem Arman","d","","C05","null","{""Q0"":""Üzülür""}"
"2711.1000000149943","","survey-multi-choice","21","202946","0.0-21.0","7bmyk","meltemarmann@gmail.com","Meltem Arman","d","","Q05","Matematik","{""Q0"":""Matematik""}"
"9230.099999986123","","survey-multi-choice","22","212190","0.0-22.0","7bmyk","meltemarmann@gmail.com","Meltem Arman","d","","A09","küçüktür","{""Q0"":""küçüktür""}"
"7086.300000024494","","survey-multi-choice","23","219290","0.0-23.0","7bmyk","meltemarmann@gmail.com","Meltem Arman","d","","F12","null","{""Q0"":""Sevinir""}"
"4192.999999970198","","survey-multi-choice","24","223501","0.0-24.0","7bmyk","meltemarmann@gmail.com","Meltem Arman","d","","Q12","Para biriktirmek","{""Q0"":""Para biriktirmek""}"
"6904.099999985192","","survey-multi-choice","25","230441","0.0-25.0","7bmyk","meltemarmann@gmail.com","Meltem Arman","d","","A10","büyüktür","{""Q0"":""küçüktür""}"
"6102.000000013504","","survey-multi-choice","26","236559","0.0-26.0","7bmyk","meltemarmann@gmail.com","Meltem Arman","d","","F24","null","{""Q0"":""Sevinir""}"
"1893.2999999960884","","survey-multi-choice","27","238468","0.0-27.0","7bmyk","meltemarmann@gmail.com","Meltem Arman","d","","Q24","Tokyo","{""Q0"":""New York""}"
"6689.0000000130385","","survey-multi-choice","28","245171","0.0-28.0","7bmyk","meltemarmann@gmail.com","Meltem Arman","d","","A21","büyüktür","{""Q0"":""büyüktür""}"
"8869.000000006054","","survey-multi-choice","29","254053","0.0-29.0","7bmyk","meltemarmann@gmail.com","Meltem Arman","d","","F13","null","{""Q0"":""Üzülür""}"
"2688.6999999987893","","survey-multi-choice","30","256758","0.0-30.0","7bmyk","meltemarmann@gmail.com","Meltem Arman","d","","Q13","Kars","{""Q0"":""Kars""}"
"8513.70000001043","","survey-multi-choice","31","265286","0.0-31.0","7bmyk","meltemarmann@gmail.com","Meltem Arman","d","","A13","küçüktür","{""Q0"":""küçüktür""}"
"8613.200000021607","","survey-multi-choice","32","273915","0.0-32.0","7bmyk","meltemarmann@gmail.com","Meltem Arman","d","","C02","null","{""Q0"":""Sevinir""}"
"2865.300000004936","","survey-multi-choice","33","276801","0.0-33.0","7bmyk","meltemarmann@gmail.com","Meltem Arman","d","","Q02","Oyuncak bebek","{""Q0"":""Oyuncak bebek""}"
"4078.899999964051","","survey-multi-choice","34","280895","0.0-34.0","7bmyk","meltemarmann@gmail.com","Meltem Arman","d","","A12","büyüktür","{""Q0"":""büyüktür""}"
"6316.900000034366","","survey-multi-choice","35","287226","0.0-35.0","7bmyk","meltemarmann@gmail.com","Meltem Arman","d","","F11","null","{""Q0"":""Üzülür""}"
"3510.000000009313","","survey-multi-choice","36","290752","0.0-36.0","7bmyk","meltemarmann@gmail.com","Meltem Arman","d","","Q11","Ayakkabı","{""Q0"":""Ayakkabı""}"
"2713.1999999983236","","survey-multi-choice","37","293492","0.0-37.0","7bmyk","meltemarmann@gmail.com","Meltem Arman","d","","A11","büyüktür","{""Q0"":""büyüktür""}"
"11814.699999988079","","survey-multi-choice","38","305320","0.0-38.0","7bmyk","meltemarmann@gmail.com","Meltem Arman","d","","F08","null","{""Q0"":""Üzülür""}"
"9377.79999995837","","survey-multi-choice","39","314713","0.0-39.0","7bmyk","meltemarmann@gmail.com","Meltem Arman","d","","Q08","Tenis","{""Q0"":""Basketbol""}"
"6252.299999992829","","survey-multi-choice","40","320979","0.0-40.0","7bmyk","meltemarmann@gmail.com","Meltem Arman","d","","A16","küçüktür","{""Q0"":""büyüktür""}"
"6030.00000002794","","survey-multi-choice","41","327022","0.0-41.0","7bmyk","meltemarmann@gmail.com","Meltem Arman","d","","F21","null","{""Q0"":""Üzülür""}"
"2549.39999995986","","survey-multi-choice","42","329587","0.0-42.0","7bmyk","meltemarmann@gmail.com","Meltem Arman","d","","Q21","Odun","{""Q0"":""Odun""}"
"3100.700000009965","","survey-multi-choice","43","332702","0.0-43.0","7bmyk","meltemarmann@gmail.com","Meltem Arman","d","","A03","küçüktür","{""Q0"":""küçüktür""}"
"9910.800000012387","","survey-multi-choice","44","342628","0.0-44.0","7bmyk","meltemarmann@gmail.com","Meltem Arman","d","","C06","null","{""Q0"":""Üzülür""}"
"5353.399999963585","","survey-multi-choice","45","348000","0.0-45.0","7bmyk","meltemarmann@gmail.com","Meltem Arman","d","","Q06","Müdür","{""Q0"":""Müdür""}"
"3746.099999989383","","survey-multi-choice","46","351760","0.0-46.0","7bmyk","meltemarmann@gmail.com","Meltem Arman","d","","A23","büyüktür","{""Q0"":""büyüktür""}"
"9516.79999998305","","survey-multi-choice","47","361295","0.0-47.0","7bmyk","meltemarmann@gmail.com","Meltem Arman","d","","F16","null","{""Q0"":""Sevinir""}"
"3330.900000000838","","survey-multi-choice","48","364642","0.0-48.0","7bmyk","meltemarmann@gmail.com","Meltem Arman","d","","Q16","Kafe","{""Q0"":""Kafe""}"
"5169.500000018161","","survey-multi-choice","49","369832","0.0-49.0","7bmyk","meltemarmann@gmail.com","Meltem Arman","d","","A04","büyüktür","{""Q0"":""büyüktür""}"
"9614.999999990687","","survey-multi-choice","50","379462","0.0-50.0","7bmyk","meltemarmann@gmail.com","Meltem Arman","d","","F18","null","{""Q0"":""Sevinir""}"
"2345.3999999910593","","survey-multi-choice","51","381826","0.0-51.0","7bmyk","meltemarmann@gmail.com","Meltem Arman","d","","Q18","Çilek","{""Q0"":""Çilek""}"
"6138.90000001993","","survey-multi-choice","52","387980","0.0-52.0","7bmyk","meltemarmann@gmail.com","Meltem Arman","d","","A19","büyüktür","{""Q0"":""büyüktür""}"
"9181.600000010803","","survey-multi-choice","53","397178","0.0-53.0","7bmyk","meltemarmann@gmail.com","Meltem Arman","d","","C04","null","{""Q0"":""Sevinir""}"
"3239.999999990687","","survey-multi-choice","54","400435","0.0-54.0","7bmyk","meltemarmann@gmail.com","Meltem Arman","d","","Q04","Kamp","{""Q0"":""Kamp""}"
"5492.499999993015","","survey-multi-choice","55","405943","0.0-55.0","7bmyk","meltemarmann@gmail.com","Meltem Arman","d","","A08","küçüktür","{""Q0"":""büyüktür""}"
"11346.200000029057","","survey-multi-choice","56","417302","0.0-56.0","7bmyk","meltemarmann@gmail.com","Meltem Arman","d","","F09","null","{""Q0"":""Sevinir""}"
"4173.699999984819","","survey-multi-choice","57","421491","0.0-57.0","7bmyk","meltemarmann@gmail.com","Meltem Arman","d","","Q09","Yemekhane","{""Q0"":""Yemekhane""}"
"4063.6999999987893","","survey-multi-choice","58","425570","0.0-58.0","7bmyk","meltemarmann@gmail.com","Meltem Arman","d","","A18","büyüktür","{""Q0"":""küçüktür""}"
"11899.100000038743","","survey-multi-choice","59","437487","0.0-59.0","7bmyk","meltemarmann@gmail.com","Meltem Arman","d","","F14","null","{""Q0"":""Sevinir""}"
"3601.4999999897555","","survey-multi-choice","60","441105","0.0-60.0","7bmyk","meltemarmann@gmail.com","Meltem Arman","d","","Q14","Birinci","{""Q0"":""İkinci""}"
"2790.1000000420026","","survey-multi-choice","61","443911","0.0-61.0","7bmyk","meltemarmann@gmail.com","Meltem Arman","d","","A07","küçüktür","{""Q0"":""büyüktür""}"
"9714.600000006612","","survey-multi-choice","62","453644","0.0-62.0","7bmyk","meltemarmann@gmail.com","Meltem Arman","d","","C03","null","{""Q0"":""Üzülür""}"
"3268.1999999913387","","survey-multi-choice","63","456927","0.0-63.0","7bmyk","meltemarmann@gmail.com","Meltem Arman","d","","Q03","Ofis","{""Q0"":""Ofis""}"
"3549.1000000038184","","survey-multi-choice","64","460502","0.0-64.0","7bmyk","meltemarmann@gmail.com","Meltem Arman","d","","A15","büyüktür","{""Q0"":""büyüktür""}"
"9404.099999985192","","survey-multi-choice","65","469923","0.0-65.0","7bmyk","meltemarmann@gmail.com","Meltem Arman","d","","F23","null","{""Q0"":""Üzülür""}"
"3869.399999966845","","survey-multi-choice","66","473811","0.0-66.0","7bmyk","meltemarmann@gmail.com","Meltem Arman","d","","Q23","Çarpışan arabalar","{""Q0"":""Çarpışan arabalar""}"
"4325.099999958184","","survey-multi-choice","67","478153","0.0-67.0","7bmyk","meltemarmann@gmail.com","Meltem Arman","d","","A17","küçüktür","{""Q0"":""büyüktür""}"
"11059.999999997672","","survey-multi-choice","68","489233","0.0-68.0","7bmyk","meltemarmann@gmail.com","Meltem Arman","d","","F15","null","{""Q0"":""Sevinir""}"
"2527.4000000208616","","survey-multi-choice","69","491792","0.0-69.0","7bmyk","meltemarmann@gmail.com","Meltem Arman","d","","Q15","Altı","{""Q0"":""Altı""}"
"2674.4999999646097","","survey-multi-choice","70","494481","0.0-70.0","7bmyk","meltemarmann@gmail.com","Meltem Arman","d","","A02","küçüktür","{""Q0"":""küçüktür""}"
"10289.600000018254","","survey-multi-choice","71","504786","0.0-71.0","7bmyk","meltemarmann@gmail.com","Meltem Arman","d","","F20","null","{""Q0"":""Üzülür""}"
"2824.999999953434","","survey-multi-choice","72","507628","0.0-72.0","7bmyk","meltemarmann@gmail.com","Meltem Arman","d","","Q20","Piyango bileti","{""Q0"":""Piyango bileti""}"
"2392.3999999533407","","survey-multi-choice","73","510036","0.0-73.0","7bmyk","meltemarmann@gmail.com","Meltem Arman","d","","A24","büyüktür","{""Q0"":""küçüktür""}"
