"rt","url","trial_type","trial_index","time_elapsed","internal_node_id","subject","subject_email","subject_name","group","view_history","id","correct","responses"
"106443.5999999996","resources/welcome.html","external-html","0","106638","0.0-0.0","1l8qz","jackalper70@hotmail.com ","Alper Büyükkaya ","d","","","",""
"24504.100000000108","","instructions","1","131147","0.0-1.0","1l8qz","jackalper70@hotmail.com ","Alper Büyükkaya ","d","[{""page_index"":0,""viewing_time"":24502.699999999997}]","","",""
"23210.900000000052","","survey-multi-choice","2","154367","0.0-2.0","1l8qz","jackalper70@hotmail.com ","Alper Büyükkaya ","d","","F14","null","{""Q0"":""Sevinir""}"
"8731.300000000367","","survey-multi-choice","3","163106","0.0-3.0","1l8qz","jackalper70@hotmail.com ","Alper Büyükkaya ","d","","Q14","Birinci","{""Q0"":""Birinci""}"
"25396.499999999825","","survey-multi-choice","4","188509","0.0-4.0","1l8qz","jackalper70@hotmail.com ","Alper Büyükkaya ","d","","A19","büyüktür","{""Q0"":""büyüktür""}"
"12360.700000000186","","survey-multi-choice","5","200876","0.0-5.0","1l8qz","jackalper70@hotmail.com ","Alper Büyükkaya ","d","","F19","null","{""Q0"":""Üzülür""}"
"5313.100000000297","","survey-multi-choice","6","206197","0.0-6.0","1l8qz","jackalper70@hotmail.com ","Alper Büyükkaya ","d","","Q19","Fizik","{""Q0"":""Fizik""}"
"18034.000000000553","","survey-multi-choice","7","224237","0.0-7.0","1l8qz","jackalper70@hotmail.com ","Alper Büyükkaya ","d","","A16","küçüktür","{""Q0"":""küçüktür""}"
"17298.499999999854","","survey-multi-choice","8","241542","0.0-8.0","1l8qz","jackalper70@hotmail.com ","Alper Büyükkaya ","d","","F08","null","{""Q0"":""Üzülür""}"
"4719.9000000000815","","survey-multi-choice","9","246270","0.0-9.0","1l8qz","jackalper70@hotmail.com ","Alper Büyükkaya ","d","","Q08","Tenis","{""Q0"":""Tenis""}"
"16862.90000000008","","survey-multi-choice","10","263139","0.0-10.0","1l8qz","jackalper70@hotmail.com ","Alper Büyükkaya ","d","","A05","küçüktür","{""Q0"":""küçüktür""}"
"17064.1000000005","","survey-multi-choice","11","280210","0.0-11.0","1l8qz","jackalper70@hotmail.com ","Alper Büyükkaya ","d","","C03","null","{""Q0"":""Üzülür""}"
"5512.499999999825","","survey-multi-choice","12","285730","0.0-12.0","1l8qz","jackalper70@hotmail.com ","Alper Büyükkaya ","d","","Q03","Ofis","{""Q0"":""Ofis""}"
"29964.799999999697","","survey-multi-choice","13","315702","0.0-13.0","1l8qz","jackalper70@hotmail.com ","Alper Büyükkaya ","d","","A23","büyüktür","{""Q0"":""büyüktür""}"
"10424","","survey-multi-choice","14","326133","0.0-14.0","1l8qz","jackalper70@hotmail.com ","Alper Büyükkaya ","d","","F16","null","{""Q0"":""Sevinir""}"
"2253.5999999999767","","survey-multi-choice","15","328393","0.0-15.0","1l8qz","jackalper70@hotmail.com ","Alper Büyükkaya ","d","","Q16","Kafe","{""Q0"":""Kafe""}"
"19798.600000000093","","survey-multi-choice","16","348199","0.0-16.0","1l8qz","jackalper70@hotmail.com ","Alper Büyükkaya ","d","","A22","küçüktür","{""Q0"":""büyüktür""}"
"21722.399999999674","","survey-multi-choice","17","369928","0.0-17.0","1l8qz","jackalper70@hotmail.com ","Alper Büyükkaya ","d","","F20","null","{""Q0"":""Sevinir""}"
"3625","","survey-multi-choice","18","373560","0.0-18.0","1l8qz","jackalper70@hotmail.com ","Alper Büyükkaya ","d","","Q20","Piyango bileti","{""Q0"":""Piyango bileti""}"
"26961.800000000047","","survey-multi-choice","19","400550","0.0-19.0","1l8qz","jackalper70@hotmail.com ","Alper Büyükkaya ","d","","A15","büyüktür","{""Q0"":""büyüktür""}"
"16281.600000000268","","survey-multi-choice","20","416839","0.0-20.0","1l8qz","jackalper70@hotmail.com ","Alper Büyükkaya ","d","","C01","null","{""Q0"":""Sevinir""}"
"3580.6999999994878","","survey-multi-choice","21","420426","0.0-21.0","1l8qz","jackalper70@hotmail.com ","Alper Büyükkaya ","d","","Q01","Arda","{""Q0"":""Arda""}"
"30676.00000000035","","survey-multi-choice","22","451109","0.0-22.0","1l8qz","jackalper70@hotmail.com ","Alper Büyükkaya ","d","","A18","büyüktür","{""Q0"":""büyüktür""}"
"14011.700000000012","","survey-multi-choice","23","465127","0.0-23.0","1l8qz","jackalper70@hotmail.com ","Alper Büyükkaya ","d","","F17","null","{""Q0"":""Üzülür""}"
"3623.6999999991385","","survey-multi-choice","24","468758","0.0-24.0","1l8qz","jackalper70@hotmail.com ","Alper Büyükkaya ","d","","Q17","Öğle yemeği","{""Q0"":""Akşam yemeği""}"
"25020.300000000163","","survey-multi-choice","25","493786","0.0-25.0","1l8qz","jackalper70@hotmail.com ","Alper Büyükkaya ","d","","A03","küçüktür","{""Q0"":""küçüktür""}"
"13952.699999999837","","survey-multi-choice","26","507747","0.0-26.0","1l8qz","jackalper70@hotmail.com ","Alper Büyükkaya ","d","","F07","null","{""Q0"":""Üzülür""}"
"7982.899999999965","","survey-multi-choice","27","515736","0.0-27.0","1l8qz","jackalper70@hotmail.com ","Alper Büyükkaya ","d","","Q07","Kardan adam","{""Q0"":""Kardan adam""}"
"19324.999999999884","","survey-multi-choice","28","535068","0.0-28.0","1l8qz","jackalper70@hotmail.com ","Alper Büyükkaya ","d","","A08","küçüktür","{""Q0"":""küçüktür""}"
"10943.899999999325","","survey-multi-choice","29","546019","0.0-29.0","1l8qz","jackalper70@hotmail.com ","Alper Büyükkaya ","d","","F10","null","{""Q0"":""Sevinir""}"
"5253.5000000006985","","survey-multi-choice","30","551281","0.0-30.0","1l8qz","jackalper70@hotmail.com ","Alper Büyükkaya ","d","","Q10","Yüksek lisans","{""Q0"":""Yüksek lisans""}"
"19248.400000000373","","survey-multi-choice","31","570535","0.0-31.0","1l8qz","jackalper70@hotmail.com ","Alper Büyükkaya ","d","","A20","küçüktür","{""Q0"":""büyüktür""}"
"24949.19999999914","","survey-multi-choice","32","595492","0.0-32.0","1l8qz","jackalper70@hotmail.com ","Alper Büyükkaya ","d","","C05","null","{""Q0"":""Üzülür""}"
"3686.6999999983236","","survey-multi-choice","33","599186","0.0-33.0","1l8qz","jackalper70@hotmail.com ","Alper Büyükkaya ","d","","Q05","Matematik","{""Q0"":""Matematik""}"
"15994.30000000028","","survey-multi-choice","34","615188","0.0-34.0","1l8qz","jackalper70@hotmail.com ","Alper Büyükkaya ","d","","A13","küçüktür","{""Q0"":""küçüktür""}"
"10539.700000001118","","survey-multi-choice","35","625735","0.0-35.0","1l8qz","jackalper70@hotmail.com ","Alper Büyükkaya ","d","","F09","null","{""Q0"":""Sevinir""}"
"2855.4999999996508","","survey-multi-choice","36","628597","0.0-36.0","1l8qz","jackalper70@hotmail.com ","Alper Büyükkaya ","d","","Q09","Yemekhane","{""Q0"":""Yemekhane""}"
"24572.400000000955","","survey-multi-choice","37","653177","0.0-37.0","1l8qz","jackalper70@hotmail.com ","Alper Büyükkaya ","d","","A11","büyüktür","{""Q0"":""büyüktür""}"
"8779.399999999441","","survey-multi-choice","38","661964","0.0-38.0","1l8qz","jackalper70@hotmail.com ","Alper Büyükkaya ","d","","F11","null","{""Q0"":""Üzülür""}"
"2677.1000000007916","","survey-multi-choice","39","664649","0.0-39.0","1l8qz","jackalper70@hotmail.com ","Alper Büyükkaya ","d","","Q11","Ayakkabı","{""Q0"":""Ayakkabı""}"
"22740.29999999958","","survey-multi-choice","40","687396","0.0-40.0","1l8qz","jackalper70@hotmail.com ","Alper Büyükkaya ","d","","A07","küçüktür","{""Q0"":""küçüktür""}"
"11612.900000000023","","survey-multi-choice","41","699017","0.0-41.0","1l8qz","jackalper70@hotmail.com ","Alper Büyükkaya ","d","","F18","null","{""Q0"":""Sevinir""}"
"2463.2000000001863","","survey-multi-choice","42","701487","0.0-42.0","1l8qz","jackalper70@hotmail.com ","Alper Büyükkaya ","d","","Q18","Çilek","{""Q0"":""Çilek""}"
"22257.599999999045","","survey-multi-choice","43","723752","0.0-43.0","1l8qz","jackalper70@hotmail.com ","Alper Büyükkaya ","d","","A10","büyüktür","{""Q0"":""büyüktür""}"
"24677.09999999893","","survey-multi-choice","44","748436","0.0-44.0","1l8qz","jackalper70@hotmail.com ","Alper Büyükkaya ","d","","C06","null","{""Q0"":""Sevinir""}"
"5015.3000000008615","","survey-multi-choice","45","753459","0.0-45.0","1l8qz","jackalper70@hotmail.com ","Alper Büyükkaya ","d","","Q06","Müdür","{""Q0"":""Müdür""}"
"28223.90000000084","","survey-multi-choice","46","781691","0.0-46.0","1l8qz","jackalper70@hotmail.com ","Alper Büyükkaya ","d","","A12","büyüktür","{""Q0"":""büyüktür""}"
"34152.69999999867","","survey-multi-choice","47","815850","0.0-47.0","1l8qz","jackalper70@hotmail.com ","Alper Büyükkaya ","d","","F24","null","{""Q0"":""Üzülür""}"
"2534.9999999998836","","survey-multi-choice","48","818394","0.0-48.0","1l8qz","jackalper70@hotmail.com ","Alper Büyükkaya ","d","","Q24","Tokyo","{""Q0"":""Tokyo""}"
"43729.60000000056","","survey-multi-choice","49","862131","0.0-49.0","1l8qz","jackalper70@hotmail.com ","Alper Büyükkaya ","d","","A14","büyüktür","{""Q0"":""büyüktür""}"
"7716.700000000885","","survey-multi-choice","50","869855","0.0-50.0","1l8qz","jackalper70@hotmail.com ","Alper Büyükkaya ","d","","F12","null","{""Q0"":""Sevinir""}"
"3011.099999999744","","survey-multi-choice","51","872873","0.0-51.0","1l8qz","jackalper70@hotmail.com ","Alper Büyükkaya ","d","","Q12","Para biriktirmek","{""Q0"":""Para biriktirmek""}"
"39885.09999999951","","survey-multi-choice","52","912766","0.0-52.0","1l8qz","jackalper70@hotmail.com ","Alper Büyükkaya ","d","","A09","küçüktür","{""Q0"":""küçüktür""}"
"11753.30000000028","","survey-multi-choice","53","924527","0.0-53.0","1l8qz","jackalper70@hotmail.com ","Alper Büyükkaya ","d","","C04","null","{""Q0"":""Üzülür""}"
"4488.000000001164","","survey-multi-choice","54","929022","0.0-54.0","1l8qz","jackalper70@hotmail.com ","Alper Büyükkaya ","d","","Q04","Kamp","{""Q0"":""Kamp""}"
"1437.6000000011409","","survey-multi-choice","55","930468","0.0-55.0","1l8qz","jackalper70@hotmail.com ","Alper Büyükkaya ","d","","A06","büyüktür","{""Q0"":""büyüktür""}"
"7516.600000000908","","survey-multi-choice","56","937991","0.0-56.0","1l8qz","jackalper70@hotmail.com ","Alper Büyükkaya ","d","","F15","null","{""Q0"":""Sevinir""}"
"2861.000000000815","","survey-multi-choice","57","940860","0.0-57.0","1l8qz","jackalper70@hotmail.com ","Alper Büyükkaya ","d","","Q15","Altı","{""Q0"":""Altı""}"
"1395.3999999994412","","survey-multi-choice","58","942263","0.0-58.0","1l8qz","jackalper70@hotmail.com ","Alper Büyükkaya ","d","","A24","büyüktür","{""Q0"":""küçüktür""}"
"1685.4999999995343","","survey-multi-choice","59","943955","0.0-59.0","1l8qz","jackalper70@hotmail.com ","Alper Büyükkaya ","d","","F21","null","{""Q0"":""Sevinir""}"
"1745.1000000000931","","survey-multi-choice","60","945709","0.0-60.0","1l8qz","jackalper70@hotmail.com ","Alper Büyükkaya ","d","","Q21","Odun","{""Q0"":""Odun""}"
"1288.5999999998603","","survey-multi-choice","61","947004","0.0-61.0","1l8qz","jackalper70@hotmail.com ","Alper Büyükkaya ","d","","A21","büyüktür","{""Q0"":""büyüktür""}"
"1311.600000000908","","survey-multi-choice","62","948324","0.0-62.0","1l8qz","jackalper70@hotmail.com ","Alper Büyükkaya ","d","","C02","null","{""Q0"":""Üzülür""}"
"1362.600000000326","","survey-multi-choice","63","949694","0.0-63.0","1l8qz","jackalper70@hotmail.com ","Alper Büyükkaya ","d","","Q02","Oyuncak bebek","{""Q0"":""Oyuncak bebek""}"
"1340.900000001071","","survey-multi-choice","64","951046","0.0-64.0","1l8qz","jackalper70@hotmail.com ","Alper Büyükkaya ","d","","A01","küçüktür","{""Q0"":""küçüktür""}"
"1369.899999999674","","survey-multi-choice","65","952424","0.0-65.0","1l8qz","jackalper70@hotmail.com ","Alper Büyükkaya ","d","","F13","null","{""Q0"":""Sevinir""}"
"1815.8000000003958","","survey-multi-choice","66","954248","0.0-66.0","1l8qz","jackalper70@hotmail.com ","Alper Büyükkaya ","d","","Q13","Kars","{""Q0"":""Batum""}"
"1435.1000000005588","","survey-multi-choice","67","955690","0.0-67.0","1l8qz","jackalper70@hotmail.com ","Alper Büyükkaya ","d","","A04","büyüktür","{""Q0"":""küçüktür""}"
"1546.5999999996275","","survey-multi-choice","68","957244","0.0-68.0","1l8qz","jackalper70@hotmail.com ","Alper Büyükkaya ","d","","F23","null","{""Q0"":""Sevinir""}"
"1731.2999999994645","","survey-multi-choice","69","958988","0.0-69.0","1l8qz","jackalper70@hotmail.com ","Alper Büyükkaya ","d","","Q23","Çarpışan arabalar","{""Q0"":""Güldüren aynalar""}"
"1304.1000000012573","","survey-multi-choice","70","960300","0.0-70.0","1l8qz","jackalper70@hotmail.com ","Alper Büyükkaya ","d","","A02","küçüktür","{""Q0"":""küçüktür""}"
"1336.7999999991152","","survey-multi-choice","71","961643","0.0-71.0","1l8qz","jackalper70@hotmail.com ","Alper Büyükkaya ","d","","F22","null","{""Q0"":""Üzülür""}"
"1553.4000000006054","","survey-multi-choice","72","963206","0.0-72.0","1l8qz","jackalper70@hotmail.com ","Alper Büyükkaya ","d","","Q22","Yoğun","{""Q0"":""Rahat""}"
"1437.0999999991618","","survey-multi-choice","73","964650","0.0-73.0","1l8qz","jackalper70@hotmail.com ","Alper Büyükkaya ","d","","A17","küçüktür","{""Q0"":""büyüktür""}"
