"rt","url","trial_type","trial_index","time_elapsed","internal_node_id","subject","subject_email","subject_name","group","view_history","id","correct","responses"
"74738.415","resources/welcome.html","external-html","0","74838","0.0-0.0","32w2y","mertgocer2000@gmail.com ","Mert Göçer ","b","","","",""
"14073.134999999995","","instructions","1","88928","0.0-1.0","32w2y","mertgocer2000@gmail.com ","Mert Göçer ","b","[{""page_index"":0,""viewing_time"":14066.124999999985}]","","",""
"33465.82000000001","","survey-multi-choice","2","122420","0.0-2.0","32w2y","mertgocer2000@gmail.com ","Mert Göçer ","b","","F22","null","{""Q0"":""Sevinir""}"
"8460.734999999986","","survey-multi-choice","3","130899","0.0-3.0","32w2y","mertgocer2000@gmail.com ","Mert Göçer ","b","","Q22","Yoğun","{""Q0"":""Sıkıcı""}"
"19045.79999999999","","survey-multi-choice","4","149961","0.0-4.0","32w2y","mertgocer2000@gmail.com ","Mert Göçer ","b","","A12","büyüktür","{""Q0"":""büyüktür""}"
"37629.54500000001","","survey-multi-choice","5","187605","0.0-5.0","32w2y","mertgocer2000@gmail.com ","Mert Göçer ","b","","F24","null","{""Q0"":""Üzülür""}"
"4379.869999999995","","survey-multi-choice","6","192018","0.0-6.0","32w2y","mertgocer2000@gmail.com ","Mert Göçer ","b","","Q24","Tokyo","{""Q0"":""Tokyo""}"
"19793.919999999984","","survey-multi-choice","7","211834","0.0-7.0","32w2y","mertgocer2000@gmail.com ","Mert Göçer ","b","","A20","küçüktür","{""Q0"":""küçüktür""}"
"24165.214999999997","","survey-multi-choice","8","236019","0.0-8.0","32w2y","mertgocer2000@gmail.com ","Mert Göçer ","b","","F14","null","{""Q0"":""Üzülür""}"
"7986.889999999985","","survey-multi-choice","9","244023","0.0-9.0","32w2y","mertgocer2000@gmail.com ","Mert Göçer ","b","","Q14","Birinci","{""Q0"":""İkinci""}"
"23030.965000000026","","survey-multi-choice","10","267074","0.0-10.0","32w2y","mertgocer2000@gmail.com ","Mert Göçer ","b","","A08","küçüktür","{""Q0"":""küçüktür""}"
"25005.705000000016","","survey-multi-choice","11","292095","0.0-11.0","32w2y","mertgocer2000@gmail.com ","Mert Göçer ","b","","C04","null","{""Q0"":""Sevinir""}"
"10388.26000000001","","survey-multi-choice","12","302501","0.0-12.0","32w2y","mertgocer2000@gmail.com ","Mert Göçer ","b","","Q04","Kamp","{""Q0"":""Kamp""}"
"23549.405000000028","","survey-multi-choice","13","326064","0.0-13.0","32w2y","mertgocer2000@gmail.com ","Mert Göçer ","b","","A14","büyüktür","{""Q0"":""büyüktür""}"
"21910.214999999967","","survey-multi-choice","14","347989","0.0-14.0","32w2y","mertgocer2000@gmail.com ","Mert Göçer ","b","","F08","null","{""Q0"":""Üzülür""}"
"6339.23000000004","","survey-multi-choice","15","354344","0.0-15.0","32w2y","mertgocer2000@gmail.com ","Mert Göçer ","b","","Q08","Tenis","{""Q0"":""Tenis""}"
"11733.555000000051","","survey-multi-choice","16","366092","0.0-16.0","32w2y","mertgocer2000@gmail.com ","Mert Göçer ","b","","A01","küçüktür","{""Q0"":""küçüktür""}"
"13332.784999999974","","survey-multi-choice","17","379440","0.0-17.0","32w2y","mertgocer2000@gmail.com ","Mert Göçer ","b","","F09","null","{""Q0"":""Üzülür""}"
"5667.099999999977","","survey-multi-choice","18","385124","0.0-18.0","32w2y","mertgocer2000@gmail.com ","Mert Göçer ","b","","Q09","Yemekhane","{""Q0"":""Yemekhane""}"
"13029.785000000033","","survey-multi-choice","19","398170","0.0-19.0","32w2y","mertgocer2000@gmail.com ","Mert Göçer ","b","","A18","büyüktür","{""Q0"":""büyüktür""}"
"17953.85499999998","","survey-multi-choice","20","416138","0.0-20.0","32w2y","mertgocer2000@gmail.com ","Mert Göçer ","b","","C03","null","{""Q0"":""Üzülür""}"
"7982.839999999967","","survey-multi-choice","21","424137","0.0-21.0","32w2y","mertgocer2000@gmail.com ","Mert Göçer ","b","","Q03","Ofis","{""Q0"":""Fabrika""}"
"63184.13500000001","","survey-multi-choice","22","487335","0.0-22.0","32w2y","mertgocer2000@gmail.com ","Mert Göçer ","b","","A02","küçüktür","{""Q0"":""küçüktür""}"
"10999.73999999999","","survey-multi-choice","23","498350","0.0-23.0","32w2y","mertgocer2000@gmail.com ","Mert Göçer ","b","","F23","null","{""Q0"":""Üzülür""}"
"6485.2399999999325","","survey-multi-choice","24","504854","0.0-24.0","32w2y","mertgocer2000@gmail.com ","Mert Göçer ","b","","Q23","Çarpışan arabalar","{""Q0"":""Çarpışan arabalar""}"
"14949.874999999942","","survey-multi-choice","25","519819","0.0-25.0","32w2y","mertgocer2000@gmail.com ","Mert Göçer ","b","","A11","büyüktür","{""Q0"":""büyüktür""}"
"14295.629999999946","","survey-multi-choice","26","534129","0.0-26.0","32w2y","mertgocer2000@gmail.com ","Mert Göçer ","b","","F13","null","{""Q0"":""Üzülür""}"
"4230.79999999993","","survey-multi-choice","27","538376","0.0-27.0","32w2y","mertgocer2000@gmail.com ","Mert Göçer ","b","","Q13","Kars","{""Q0"":""Kars""}"
"8286.135000000126","","survey-multi-choice","28","546678","0.0-28.0","32w2y","mertgocer2000@gmail.com ","Mert Göçer ","b","","A09","küçüktür","{""Q0"":""küçüktür""}"
"11435.964999999967","","survey-multi-choice","29","558146","0.0-29.0","32w2y","mertgocer2000@gmail.com ","Mert Göçer ","b","","F21","null","{""Q0"":""Sevinir""}"
"3488.6650000001537","","survey-multi-choice","30","561651","0.0-30.0","32w2y","mertgocer2000@gmail.com ","Mert Göçer ","b","","Q21","Odun","{""Q0"":""Odun""}"
"13987.88500000001","","survey-multi-choice","31","575654","0.0-31.0","32w2y","mertgocer2000@gmail.com ","Mert Göçer ","b","","A24","büyüktür","{""Q0"":""büyüktür""}"
"28242.81500000006","","survey-multi-choice","32","603915","0.0-32.0","32w2y","mertgocer2000@gmail.com ","Mert Göçer ","b","","C02","null","{""Q0"":""Sevinir""}"
"4542.429999999935","","survey-multi-choice","33","608476","0.0-33.0","32w2y","mertgocer2000@gmail.com ","Mert Göçer ","b","","Q02","Oyuncak bebek","{""Q0"":""Oyuncak bebek""}"
"15542.345000000088","","survey-multi-choice","34","624035","0.0-34.0","32w2y","mertgocer2000@gmail.com ","Mert Göçer ","b","","A13","küçüktür","{""Q0"":""küçüktür""}"
"10101.70000000007","","survey-multi-choice","35","634151","0.0-35.0","32w2y","mertgocer2000@gmail.com ","Mert Göçer ","b","","F18","null","{""Q0"":""Üzülür""}"
"3863.8850000000093","","survey-multi-choice","36","638033","0.0-36.0","32w2y","mertgocer2000@gmail.com ","Mert Göçer ","b","","Q18","Çilek","{""Q0"":""Çilek""}"
"9805.930000000168","","survey-multi-choice","37","647853","0.0-37.0","32w2y","mertgocer2000@gmail.com ","Mert Göçer ","b","","A10","büyüktür","{""Q0"":""büyüktür""}"
"21384.209999999963","","survey-multi-choice","38","669254","0.0-38.0","32w2y","mertgocer2000@gmail.com ","Mert Göçer ","b","","F12","null","{""Q0"":""Üzülür""}"
"14578.455000000075","","survey-multi-choice","39","683850","0.0-39.0","32w2y","mertgocer2000@gmail.com ","Mert Göçer ","b","","Q12","Para biriktirmek","{""Q0"":""Para biriktirmek""}"
"5907.739999999991","","survey-multi-choice","40","689774","0.0-40.0","32w2y","mertgocer2000@gmail.com ","Mert Göçer ","b","","A17","küçüktür","{""Q0"":""küçüktür""}"
"33267.81500000006","","survey-multi-choice","41","723058","0.0-41.0","32w2y","mertgocer2000@gmail.com ","Mert Göçer ","b","","F19","null","{""Q0"":""Sevinir""}"
"3595.4599999999627","","survey-multi-choice","42","726669","0.0-42.0","32w2y","mertgocer2000@gmail.com ","Mert Göçer ","b","","Q19","Fizik","{""Q0"":""Biyoloji""}"
"14685.525000000023","","survey-multi-choice","43","741371","0.0-43.0","32w2y","mertgocer2000@gmail.com ","Mert Göçer ","b","","A07","küçüktür","{""Q0"":""küçüktür""}"
"33366.97999999998","","survey-multi-choice","44","774754","0.0-44.0","32w2y","mertgocer2000@gmail.com ","Mert Göçer ","b","","C01","null","{""Q0"":""Üzülür""}"
"5721.915000000154","","survey-multi-choice","45","780492","0.0-45.0","32w2y","mertgocer2000@gmail.com ","Mert Göçer ","b","","Q01","Arda","{""Q0"":""Arda""}"
"7701.670000000042","","survey-multi-choice","46","788210","0.0-46.0","32w2y","mertgocer2000@gmail.com ","Mert Göçer ","b","","A19","büyüktür","{""Q0"":""büyüktür""}"
"5277.460000000079","","survey-multi-choice","47","793510","0.0-47.0","32w2y","mertgocer2000@gmail.com ","Mert Göçer ","b","","F16","null","{""Q0"":""Üzülür""}"
"7404.804999999935","","survey-multi-choice","48","800934","0.0-48.0","32w2y","mertgocer2000@gmail.com ","Mert Göçer ","b","","Q16","Kafe","{""Q0"":""Restoran""}"
"7610.1849999999395","","survey-multi-choice","49","808562","0.0-49.0","32w2y","mertgocer2000@gmail.com ","Mert Göçer ","b","","A03","küçüktür","{""Q0"":""küçüktür""}"
"11546.23999999999","","survey-multi-choice","50","820128","0.0-50.0","32w2y","mertgocer2000@gmail.com ","Mert Göçer ","b","","F11","null","{""Q0"":""Sevinir""}"
"9235.959999999963","","survey-multi-choice","51","829385","0.0-51.0","32w2y","mertgocer2000@gmail.com ","Mert Göçer ","b","","Q11","Ayakkabı","{""Q0"":""Ayakkabı""}"
"12522.489999999874","","survey-multi-choice","52","841927","0.0-52.0","32w2y","mertgocer2000@gmail.com ","Mert Göçer ","b","","A05","küçüktür","{""Q0"":""küçüktür""}"
"19882.900000000023","","survey-multi-choice","53","861826","0.0-53.0","32w2y","mertgocer2000@gmail.com ","Mert Göçer ","b","","C06","null","{""Q0"":""Sevinir""}"
"4722.354999999981","","survey-multi-choice","54","866566","0.0-54.0","32w2y","mertgocer2000@gmail.com ","Mert Göçer ","b","","Q06","Müdür","{""Q0"":""Müdür""}"
"13831.220000000088","","survey-multi-choice","55","880413","0.0-55.0","32w2y","mertgocer2000@gmail.com ","Mert Göçer ","b","","A06","büyüktür","{""Q0"":""büyüktür""}"
"7930.055000000051","","survey-multi-choice","56","888362","0.0-56.0","32w2y","mertgocer2000@gmail.com ","Mert Göçer ","b","","F17","null","{""Q0"":""Sevinir""}"
"3182.9949999999953","","survey-multi-choice","57","891564","0.0-57.0","32w2y","mertgocer2000@gmail.com ","Mert Göçer ","b","","Q17","Öğle yemeği","{""Q0"":""Akşam yemeği""}"
"2541.854999999865","","survey-multi-choice","58","894123","0.0-58.0","32w2y","mertgocer2000@gmail.com ","Mert Göçer ","b","","A04","büyüktür","{""Q0"":""küçüktür""}"
"13911.045000000042","","survey-multi-choice","59","908052","0.0-59.0","32w2y","mertgocer2000@gmail.com ","Mert Göçer ","b","","F15","null","{""Q0"":""Üzülür""}"
"5400.535000000033","","survey-multi-choice","60","913475","0.0-60.0","32w2y","mertgocer2000@gmail.com ","Mert Göçer ","b","","Q15","Altı","{""Q0"":""Altı""}"
"9710.954999999958","","survey-multi-choice","61","923208","0.0-61.0","32w2y","mertgocer2000@gmail.com ","Mert Göçer ","b","","A15","büyüktür","{""Q0"":""büyüktür""}"
"9569.899999999907","","survey-multi-choice","62","932798","0.0-62.0","32w2y","mertgocer2000@gmail.com ","Mert Göçer ","b","","C05","null","{""Q0"":""Sevinir""}"
"5993.545000000042","","survey-multi-choice","63","938813","0.0-63.0","32w2y","mertgocer2000@gmail.com ","Mert Göçer ","b","","Q05","Matematik","{""Q0"":""Fizik""}"
"6363.645000000019","","survey-multi-choice","64","945193","0.0-64.0","32w2y","mertgocer2000@gmail.com ","Mert Göçer ","b","","A21","büyüktür","{""Q0"":""büyüktür""}"
"2671.445000000065","","survey-multi-choice","65","947881","0.0-65.0","32w2y","mertgocer2000@gmail.com ","Mert Göçer ","b","","F10","null","{""Q0"":""Üzülür""}"
"5645.874999999884","","survey-multi-choice","66","953544","0.0-66.0","32w2y","mertgocer2000@gmail.com ","Mert Göçer ","b","","Q10","Yüksek lisans","{""Q0"":""Yüksek lisans""}"
"5226.790000000037","","survey-multi-choice","67","958788","0.0-67.0","32w2y","mertgocer2000@gmail.com ","Mert Göçer ","b","","A23","büyüktür","{""Q0"":""küçüktür""}"
"1504.4049999999115","","survey-multi-choice","68","960307","0.0-68.0","32w2y","mertgocer2000@gmail.com ","Mert Göçer ","b","","F07","null","{""Q0"":""Sevinir""}"
"1247.259999999893","","survey-multi-choice","69","961574","0.0-69.0","32w2y","mertgocer2000@gmail.com ","Mert Göçer ","b","","Q07","Kardan adam","{""Q0"":""Kartopu savaşı""}"
"1366.859999999986","","survey-multi-choice","70","962958","0.0-70.0","32w2y","mertgocer2000@gmail.com ","Mert Göçer ","b","","A22","küçüktür","{""Q0"":""küçüktür""}"
"1214.7900000000373","","survey-multi-choice","71","964191","0.0-71.0","32w2y","mertgocer2000@gmail.com ","Mert Göçer ","b","","F20","null","{""Q0"":""Üzülür""}"
"1464.8200000000652","","survey-multi-choice","72","965677","0.0-72.0","32w2y","mertgocer2000@gmail.com ","Mert Göçer ","b","","Q20","Piyango bileti","{""Q0"":""Cüzdan""}"
"1532.1999999999534","","survey-multi-choice","73","967229","0.0-73.0","32w2y","mertgocer2000@gmail.com ","Mert Göçer ","b","","A16","küçüktür","{""Q0"":""büyüktür""}"
