"rt","url","trial_type","trial_index","time_elapsed","internal_node_id","subject","subject_email","subject_name","group","view_history","id","correct","responses"
"51117.40000000282","resources/welcome.html","external-html","0","51154","0.0-0.0","yzhym","fatihalperencelik@gmail.com ","Fatih Alperen Çelik","z","","","",""
"7690.399999999499","","instructions","1","58850","0.0-1.0","yzhym","fatihalperencelik@gmail.com ","Fatih Alperen Çelik","z","[{""page_index"":0,""viewing_time"":7688.099999999395}]","","",""
"23885.79999999638","","survey-multi-choice","2","82750","0.0-2.0","yzhym","fatihalperencelik@gmail.com ","Fatih Alperen Çelik","z","","F13","null","{""Q0"":""Sevinir""}"
"17747.1000000005","","survey-multi-choice","3","100508","0.0-3.0","yzhym","fatihalperencelik@gmail.com ","Fatih Alperen Çelik","z","","Q13","Kars","{""Q0"":""Kars""}"
"17609.199999998964","","survey-multi-choice","4","118128","0.0-4.0","yzhym","fatihalperencelik@gmail.com ","Fatih Alperen Çelik","z","","A14","büyüktür","{""Q0"":""büyüktür""}"
"9689.500000000407","","survey-multi-choice","5","127829","0.0-5.0","yzhym","fatihalperencelik@gmail.com ","Fatih Alperen Çelik","z","","F24","null","{""Q0"":""Sevinir""}"
"11720.500000003085","","survey-multi-choice","6","139560","0.0-6.0","yzhym","fatihalperencelik@gmail.com ","Fatih Alperen Çelik","z","","Q24","Tokyo","{""Q0"":""New York""}"
"19290.19999999582","","survey-multi-choice","7","158860","0.0-7.0","yzhym","fatihalperencelik@gmail.com ","Fatih Alperen Çelik","z","","A18","büyüktür","{""Q0"":""büyüktür""}"
"7903.100000003178","","survey-multi-choice","8","166774","0.0-8.0","yzhym","fatihalperencelik@gmail.com ","Fatih Alperen Çelik","z","","F22","null","{""Q0"":""Sevinir""}"
"5493.000000002212","","survey-multi-choice","9","172279","0.0-9.0","yzhym","fatihalperencelik@gmail.com ","Fatih Alperen Çelik","z","","Q22","Yoğun","{""Q0"":""Yoğun""}"
"12926.699999996345","","survey-multi-choice","10","185216","0.0-10.0","yzhym","fatihalperencelik@gmail.com ","Fatih Alperen Çelik","z","","A13","küçüktür","{""Q0"":""küçüktür""}"
"12097.099999999045","","survey-multi-choice","11","197324","0.0-11.0","yzhym","fatihalperencelik@gmail.com ","Fatih Alperen Çelik","z","","C04","null","{""Q0"":""Sevinir""}"
"3561.8000000031316","","survey-multi-choice","12","200897","0.0-12.0","yzhym","fatihalperencelik@gmail.com ","Fatih Alperen Çelik","z","","Q04","Kamp","{""Q0"":""Kamp""}"
"16343.999999997322","","survey-multi-choice","13","217252","0.0-13.0","yzhym","fatihalperencelik@gmail.com ","Fatih Alperen Çelik","z","","A10","büyüktür","{""Q0"":""büyüktür""}"
"10037.899999995716","","survey-multi-choice","14","227301","0.0-14.0","yzhym","fatihalperencelik@gmail.com ","Fatih Alperen Çelik","z","","F16","null","{""Q0"":""Sevinir""}"
"3029.3000000019674","","survey-multi-choice","15","230341","0.0-15.0","yzhym","fatihalperencelik@gmail.com ","Fatih Alperen Çelik","z","","Q16","Kafe","{""Q0"":""Kafe""}"
"7245.39999999979","","survey-multi-choice","16","237597","0.0-16.0","yzhym","fatihalperencelik@gmail.com ","Fatih Alperen Çelik","z","","A19","büyüktür","{""Q0"":""büyüktür""}"
"14522.600000003877","","survey-multi-choice","17","252130","0.0-17.0","yzhym","fatihalperencelik@gmail.com ","Fatih Alperen Çelik","z","","F12","null","{""Q0"":""Sevinir""}"
"8717.299999996612","","survey-multi-choice","18","260859","0.0-18.0","yzhym","fatihalperencelik@gmail.com ","Fatih Alperen Çelik","z","","Q12","Para biriktirmek","{""Q0"":""Para biriktirmek""}"
"16490.79999999958","","survey-multi-choice","19","277361","0.0-19.0","yzhym","fatihalperencelik@gmail.com ","Fatih Alperen Çelik","z","","A11","büyüktür","{""Q0"":""büyüktür""}"
"12278.50000000035","","survey-multi-choice","20","289650","0.0-20.0","yzhym","fatihalperencelik@gmail.com ","Fatih Alperen Çelik","z","","C01","null","{""Q0"":""Üzülür""}"
"12851.300000002084","","survey-multi-choice","21","302514","0.0-21.0","yzhym","fatihalperencelik@gmail.com ","Fatih Alperen Çelik","z","","Q01","Arda","{""Q0"":""Arda""}"
"10822.299999999814","","survey-multi-choice","22","313351","0.0-22.0","yzhym","fatihalperencelik@gmail.com ","Fatih Alperen Çelik","z","","A15","büyüktür","{""Q0"":""büyüktür""}"
"14928.099999997357","","survey-multi-choice","23","328289","0.0-23.0","yzhym","fatihalperencelik@gmail.com ","Fatih Alperen Çelik","z","","F07","null","{""Q0"":""Üzülür""}"
"3715.4000000009546","","survey-multi-choice","24","332016","0.0-24.0","yzhym","fatihalperencelik@gmail.com ","Fatih Alperen Çelik","z","","Q07","Kardan adam","{""Q0"":""Kardan adam""}"
"31299.400000003516","","survey-multi-choice","25","363340","0.0-25.0","yzhym","fatihalperencelik@gmail.com ","Fatih Alperen Çelik","z","","A07","küçüktür","{""Q0"":""küçüktür""}"
"10740.79999999958","","survey-multi-choice","26","374095","0.0-26.0","yzhym","fatihalperencelik@gmail.com ","Fatih Alperen Çelik","z","","F11","null","{""Q0"":""Üzülür""}"
"3315.600000001723","","survey-multi-choice","27","377422","0.0-27.0","yzhym","fatihalperencelik@gmail.com ","Fatih Alperen Çelik","z","","Q11","Ayakkabı","{""Q0"":""Ayakkabı""}"
"78988.7000000017","","survey-multi-choice","28","456420","0.0-28.0","yzhym","fatihalperencelik@gmail.com ","Fatih Alperen Çelik","z","","A22","küçüktür","{""Q0"":""küçüktür""}"
"7574.899999999616","","survey-multi-choice","29","464005","0.0-29.0","yzhym","fatihalperencelik@gmail.com ","Fatih Alperen Çelik","z","","F18","null","{""Q0"":""Sevinir""}"
"3274.9000000039814","","survey-multi-choice","30","467292","0.0-30.0","yzhym","fatihalperencelik@gmail.com ","Fatih Alperen Çelik","z","","Q18","Çilek","{""Q0"":""Çilek""}"
"9758.999999998196","","survey-multi-choice","31","477062","0.0-31.0","yzhym","fatihalperencelik@gmail.com ","Fatih Alperen Çelik","z","","A24","büyüktür","{""Q0"":""büyüktür""}"
"11196.400000000722","","survey-multi-choice","32","488269","0.0-32.0","yzhym","fatihalperencelik@gmail.com ","Fatih Alperen Çelik","z","","C06","null","{""Q0"":""Sevinir""}"
"8768.79999999801","","survey-multi-choice","33","497050","0.0-33.0","yzhym","fatihalperencelik@gmail.com ","Fatih Alperen Çelik","z","","Q06","Müdür","{""Q0"":""Müdür""}"
"38146.70000000484","","survey-multi-choice","34","535207","0.0-34.0","yzhym","fatihalperencelik@gmail.com ","Fatih Alperen Çelik","z","","A02","küçüktür","{""Q0"":""küçüktür""}"
"7046.999999998603","","survey-multi-choice","35","542264","0.0-35.0","yzhym","fatihalperencelik@gmail.com ","Fatih Alperen Çelik","z","","F23","null","{""Q0"":""Üzülür""}"
"6220.900000000256","","survey-multi-choice","36","548496","0.0-36.0","yzhym","fatihalperencelik@gmail.com ","Fatih Alperen Çelik","z","","Q23","Çarpışan arabalar","{""Q0"":""Çarpışan arabalar""}"
"20731.70000000391","","survey-multi-choice","37","569238","0.0-37.0","yzhym","fatihalperencelik@gmail.com ","Fatih Alperen Çelik","z","","A21","büyüktür","{""Q0"":""büyüktür""}"
"12493.799999996554","","survey-multi-choice","38","581743","0.0-38.0","yzhym","fatihalperencelik@gmail.com ","Fatih Alperen Çelik","z","","F17","null","{""Q0"":""Üzülür""}"
"4754.300000000512","","survey-multi-choice","39","586508","0.0-39.0","yzhym","fatihalperencelik@gmail.com ","Fatih Alperen Çelik","z","","Q17","Öğle yemeği","{""Q0"":""Kahvaltı""}"
"7672.299999998417","","survey-multi-choice","40","594190","0.0-40.0","yzhym","fatihalperencelik@gmail.com ","Fatih Alperen Çelik","z","","A09","küçüktür","{""Q0"":""küçüktür""}"
"1425.4000000001397","","survey-multi-choice","41","595623","0.0-41.0","yzhym","fatihalperencelik@gmail.com ","Fatih Alperen Çelik","z","","F14","null","{""Q0"":""Sevinir""}"
"1187.2000000003027","","survey-multi-choice","42","596819","0.0-42.0","yzhym","fatihalperencelik@gmail.com ","Fatih Alperen Çelik","z","","Q14","Birinci","{""Q0"":""İkinci""}"
"1110.899999999674","","survey-multi-choice","43","597938","0.0-43.0","yzhym","fatihalperencelik@gmail.com ","Fatih Alperen Çelik","z","","A23","büyüktür","{""Q0"":""büyüktür""}"
"1173.1000000000931","","survey-multi-choice","44","599122","0.0-44.0","yzhym","fatihalperencelik@gmail.com ","Fatih Alperen Çelik","z","","C03","null","{""Q0"":""Üzülür""}"
"1247.2000000051921","","survey-multi-choice","45","600381","0.0-45.0","yzhym","fatihalperencelik@gmail.com ","Fatih Alperen Çelik","z","","Q03","Ofis","{""Q0"":""Mağaza""}"
"1066.599999998347","","survey-multi-choice","46","601458","0.0-46.0","yzhym","fatihalperencelik@gmail.com ","Fatih Alperen Çelik","z","","A01","küçüktür","{""Q0"":""büyüktür""}"
"1089.700000004028","","survey-multi-choice","47","602558","0.0-47.0","yzhym","fatihalperencelik@gmail.com ","Fatih Alperen Çelik","z","","F10","null","{""Q0"":""Üzülür""}"
"1469.2999999970198","","survey-multi-choice","48","604040","0.0-48.0","yzhym","fatihalperencelik@gmail.com ","Fatih Alperen Çelik","z","","Q10","Yüksek lisans","{""Q0"":""Önlisans""}"
"1629.600000000326","","survey-multi-choice","49","605681","0.0-49.0","yzhym","fatihalperencelik@gmail.com ","Fatih Alperen Çelik","z","","A04","büyüktür","{""Q0"":""küçüktür""}"
"1116.9999999983702","","survey-multi-choice","50","606808","0.0-50.0","yzhym","fatihalperencelik@gmail.com ","Fatih Alperen Çelik","z","","F08","null","{""Q0"":""Sevinir""}"
"1196.700000000419","","survey-multi-choice","51","608016","0.0-51.0","yzhym","fatihalperencelik@gmail.com ","Fatih Alperen Çelik","z","","Q08","Tenis","{""Q0"":""Sırıkla atlama""}"
"1060.399999994901","","survey-multi-choice","52","609088","0.0-52.0","yzhym","fatihalperencelik@gmail.com ","Fatih Alperen Çelik","z","","A16","küçüktür","{""Q0"":""büyüktür""}"
"1636.299999998184","","survey-multi-choice","53","610737","0.0-53.0","yzhym","fatihalperencelik@gmail.com ","Fatih Alperen Çelik","z","","C05","null","{""Q0"":""Üzülür""}"
"1365.799999999581","","survey-multi-choice","54","612115","0.0-54.0","yzhym","fatihalperencelik@gmail.com ","Fatih Alperen Çelik","z","","Q05","Matematik","{""Q0"":""Edebiyat""}"
"1210.800000000745","","survey-multi-choice","55","613336","0.0-55.0","yzhym","fatihalperencelik@gmail.com ","Fatih Alperen Çelik","z","","A03","küçüktür","{""Q0"":""küçüktür""}"
"1166.9000000037486","","survey-multi-choice","56","614513","0.0-56.0","yzhym","fatihalperencelik@gmail.com ","Fatih Alperen Çelik","z","","F21","null","{""Q0"":""Üzülür""}"
"2159.9999999962747","","survey-multi-choice","57","616686","0.0-57.0","yzhym","fatihalperencelik@gmail.com ","Fatih Alperen Çelik","z","","Q21","Odun","{""Q0"":""Çöp""}"
"1262.9999999989523","","survey-multi-choice","58","617961","0.0-58.0","yzhym","fatihalperencelik@gmail.com ","Fatih Alperen Çelik","z","","A17","küçüktür","{""Q0"":""küçüktür""}"
"2919.9999999981374","","survey-multi-choice","59","620892","0.0-59.0","yzhym","fatihalperencelik@gmail.com ","Fatih Alperen Çelik","z","","F20","null","{""Q0"":""Üzülür""}"
"1345.6000000005588","","survey-multi-choice","60","622251","0.0-60.0","yzhym","fatihalperencelik@gmail.com ","Fatih Alperen Çelik","z","","Q20","Piyango bileti","{""Q0"":""Para""}"
"1305.9999999968568","","survey-multi-choice","61","623568","0.0-61.0","yzhym","fatihalperencelik@gmail.com ","Fatih Alperen Çelik","z","","A08","küçüktür","{""Q0"":""küçüktür""}"
"1403.600000005099","","survey-multi-choice","62","624983","0.0-62.0","yzhym","fatihalperencelik@gmail.com ","Fatih Alperen Çelik","z","","C02","null","{""Q0"":""Üzülür""}"
"1295.3000000052853","","survey-multi-choice","63","626292","0.0-63.0","yzhym","fatihalperencelik@gmail.com ","Fatih Alperen Çelik","z","","Q02","Oyuncak bebek","{""Q0"":""Ayakkabı""}"
"1319.1000000006752","","survey-multi-choice","64","627622","0.0-64.0","yzhym","fatihalperencelik@gmail.com ","Fatih Alperen Çelik","z","","A20","küçüktür","{""Q0"":""küçüktür""}"
"1173.5000000044238","","survey-multi-choice","65","628808","0.0-65.0","yzhym","fatihalperencelik@gmail.com ","Fatih Alperen Çelik","z","","F19","null","{""Q0"":""Üzülür""}"
"1237.5000000029104","","survey-multi-choice","66","630057","0.0-66.0","yzhym","fatihalperencelik@gmail.com ","Fatih Alperen Çelik","z","","Q19","Fizik","{""Q0"":""Matematik""}"
"1757.8000000067987","","survey-multi-choice","67","631826","0.0-67.0","yzhym","fatihalperencelik@gmail.com ","Fatih Alperen Çelik","z","","A05","küçüktür","{""Q0"":""küçüktür""}"
"2486.799999998766","","survey-multi-choice","68","634324","0.0-68.0","yzhym","fatihalperencelik@gmail.com ","Fatih Alperen Çelik","z","","F15","null","{""Q0"":""Sevinir""}"
"2079.9000000043306","","survey-multi-choice","69","636422","0.0-69.0","yzhym","fatihalperencelik@gmail.com ","Fatih Alperen Çelik","z","","Q15","Altı","{""Q0"":""Altı""}"
"1312.2999999978347","","survey-multi-choice","70","637746","0.0-70.0","yzhym","fatihalperencelik@gmail.com ","Fatih Alperen Çelik","z","","A06","büyüktür","{""Q0"":""küçüktür""}"
"1284.6000000062631","","survey-multi-choice","71","639041","0.0-71.0","yzhym","fatihalperencelik@gmail.com ","Fatih Alperen Çelik","z","","F09","null","{""Q0"":""Sevinir""}"
"1736.2999999969034","","survey-multi-choice","72","640790","0.0-72.0","yzhym","fatihalperencelik@gmail.com ","Fatih Alperen Çelik","z","","Q09","Yemekhane","{""Q0"":""Kantin""}"
"2559.1999999961117","","survey-multi-choice","73","643360","0.0-73.0","yzhym","fatihalperencelik@gmail.com ","Fatih Alperen Çelik","z","","A12","büyüktür","{""Q0"":""küçüktür""}"
