"rt","url","trial_type","trial_index","time_elapsed","internal_node_id","subject","subject_email","subject_name","group","view_history","id","correct","responses"
"39178","resources/welcome.html","external-html","0","39243","0.0-0.0","l92hj","eliflndemir@gmail.com","Elif Demir","b","","","",""
"50240","","instructions","1","89491","0.0-1.0","l92hj","eliflndemir@gmail.com","Elif Demir","b","[{""page_index"":0,""viewing_time"":50237}]","","",""
"8100","","survey-multi-choice","2","97605","0.0-2.0","l92hj","eliflndemir@gmail.com","Elif Demir","b","","F15","null","{""Q0"":""Sevinir""}"
"5319.000000000015","","survey-multi-choice","3","102929","0.0-3.0","l92hj","eliflndemir@gmail.com","Elif Demir","b","","Q15","Altı","{""Q0"":""Altı""}"
"33713","","survey-multi-choice","4","136649","0.0-4.0","l92hj","eliflndemir@gmail.com","Elif Demir","b","","A03","küçüktür","{""Q0"":""büyüktür""}"
"12861","","survey-multi-choice","5","149520","0.0-5.0","l92hj","eliflndemir@gmail.com","Elif Demir","b","","F07","null","{""Q0"":""Üzülür""}"
"4186","","survey-multi-choice","6","153712","0.0-6.0","l92hj","eliflndemir@gmail.com","Elif Demir","b","","Q07","Kardan adam","{""Q0"":""Kardan adam""}"
"5496","","survey-multi-choice","7","159212","0.0-7.0","l92hj","eliflndemir@gmail.com","Elif Demir","b","","A18","büyüktür","{""Q0"":""büyüktür""}"
"10008","","survey-multi-choice","8","169223","0.0-8.0","l92hj","eliflndemir@gmail.com","Elif Demir","b","","F17","null","{""Q0"":""Üzülür""}"
"3239.999999999971","","survey-multi-choice","9","172466","0.0-9.0","l92hj","eliflndemir@gmail.com","Elif Demir","b","","Q17","Öğle yemeği","{""Q0"":""Akşam yemeği""}"
"4160.000000000029","","survey-multi-choice","10","176631","0.0-10.0","l92hj","eliflndemir@gmail.com","Elif Demir","b","","A20","küçüktür","{""Q0"":""küçüktür""}"
"9518","","survey-multi-choice","11","186155","0.0-11.0","l92hj","eliflndemir@gmail.com","Elif Demir","b","","C02","null","{""Q0"":""Üzülür""}"
"3056","","survey-multi-choice","12","189215","0.0-12.0","l92hj","eliflndemir@gmail.com","Elif Demir","b","","Q02","Oyuncak bebek","{""Q0"":""Oyuncak bebek""}"
"3146","","survey-multi-choice","13","192367","0.0-13.0","l92hj","eliflndemir@gmail.com","Elif Demir","b","","A06","büyüktür","{""Q0"":""küçüktür""}"
"6890","","survey-multi-choice","14","199263","0.0-14.0","l92hj","eliflndemir@gmail.com","Elif Demir","b","","F08","null","{""Q0"":""Üzülür""}"
"7684","","survey-multi-choice","15","206953","0.0-15.0","l92hj","eliflndemir@gmail.com","Elif Demir","b","","Q08","Tenis","{""Q0"":""Basketbol""}"
"5861","","survey-multi-choice","16","212819","0.0-16.0","l92hj","eliflndemir@gmail.com","Elif Demir","b","","A22","küçüktür","{""Q0"":""büyüktür""}"
"10178","","survey-multi-choice","17","223003","0.0-17.0","l92hj","eliflndemir@gmail.com","Elif Demir","b","","F10","null","{""Q0"":""Sevinir""}"
"5156","","survey-multi-choice","18","228164","0.0-18.0","l92hj","eliflndemir@gmail.com","Elif Demir","b","","Q10","Yüksek lisans","{""Q0"":""Lisans""}"
"3179.000000000029","","survey-multi-choice","19","231350","0.0-19.0","l92hj","eliflndemir@gmail.com","Elif Demir","b","","A04","büyüktür","{""Q0"":""küçüktür""}"
"10645","","survey-multi-choice","20","242001","0.0-20.0","l92hj","eliflndemir@gmail.com","Elif Demir","b","","C01","null","{""Q0"":""Sevinir""}"
"2927","","survey-multi-choice","21","244935","0.0-21.0","l92hj","eliflndemir@gmail.com","Elif Demir","b","","Q01","Arda","{""Q0"":""Arda""}"
"7242.000000000029","","survey-multi-choice","22","252183","0.0-22.0","l92hj","eliflndemir@gmail.com","Elif Demir","b","","A11","büyüktür","{""Q0"":""büyüktür""}"
"16235","","survey-multi-choice","23","268425","0.0-23.0","l92hj","eliflndemir@gmail.com","Elif Demir","b","","F13","null","{""Q0"":""Sevinir""}"
"2708","","survey-multi-choice","24","271139","0.0-24.0","l92hj","eliflndemir@gmail.com","Elif Demir","b","","Q13","Kars","{""Q0"":""Kars""}"
"2922","","survey-multi-choice","25","274068","0.0-25.0","l92hj","eliflndemir@gmail.com","Elif Demir","b","","A12","büyüktür","{""Q0"":""küçüktür""}"
"7594","","survey-multi-choice","26","281670","0.0-26.0","l92hj","eliflndemir@gmail.com","Elif Demir","b","","F12","null","{""Q0"":""Sevinir""}"
"2396.000000000058","","survey-multi-choice","27","284072","0.0-27.0","l92hj","eliflndemir@gmail.com","Elif Demir","b","","Q12","Para biriktirmek","{""Q0"":""Para biriktirmek""}"
"2770","","survey-multi-choice","28","286849","0.0-28.0","l92hj","eliflndemir@gmail.com","Elif Demir","b","","A13","küçüktür","{""Q0"":""büyüktür""}"
"6546","","survey-multi-choice","29","293402","0.0-29.0","l92hj","eliflndemir@gmail.com","Elif Demir","b","","F24","null","{""Q0"":""Sevinir""}"
"2527","","survey-multi-choice","30","295936","0.0-30.0","l92hj","eliflndemir@gmail.com","Elif Demir","b","","Q24","Tokyo","{""Q0"":""Tokyo""}"
"3139","","survey-multi-choice","31","299082","0.0-31.0","l92hj","eliflndemir@gmail.com","Elif Demir","b","","A08","küçüktür","{""Q0"":""büyüktür""}"
"9378","","survey-multi-choice","32","308467","0.0-32.0","l92hj","eliflndemir@gmail.com","Elif Demir","b","","C03","null","{""Q0"":""Sevinir""}"
"3326.999999999942","","survey-multi-choice","33","311802","0.0-33.0","l92hj","eliflndemir@gmail.com","Elif Demir","b","","Q03","Ofis","{""Q0"":""Ofis""}"
"2891.999999999942","","survey-multi-choice","34","314701","0.0-34.0","l92hj","eliflndemir@gmail.com","Elif Demir","b","","A24","büyüktür","{""Q0"":""küçüktür""}"
"5792.999999999942","","survey-multi-choice","35","320500","0.0-35.0","l92hj","eliflndemir@gmail.com","Elif Demir","b","","F19","null","{""Q0"":""Üzülür""}"
"2335","","survey-multi-choice","36","322842","0.0-36.0","l92hj","eliflndemir@gmail.com","Elif Demir","b","","Q19","Fizik","{""Q0"":""Fizik""}"
"7103","","survey-multi-choice","37","329950","0.0-37.0","l92hj","eliflndemir@gmail.com","Elif Demir","b","","A10","büyüktür","{""Q0"":""büyüktür""}"
"11130.999999999942","","survey-multi-choice","38","341088","0.0-38.0","l92hj","eliflndemir@gmail.com","Elif Demir","b","","F14","null","{""Q0"":""Sevinir""}"
"2861.999999999942","","survey-multi-choice","39","343958","0.0-39.0","l92hj","eliflndemir@gmail.com","Elif Demir","b","","Q14","Birinci","{""Q0"":""İkinci""}"
"3026","","survey-multi-choice","40","346990","0.0-40.0","l92hj","eliflndemir@gmail.com","Elif Demir","b","","A02","küçüktür","{""Q0"":""küçüktür""}"
"6711.000000000058","","survey-multi-choice","41","353708","0.0-41.0","l92hj","eliflndemir@gmail.com","Elif Demir","b","","F20","null","{""Q0"":""Üzülür""}"
"2591","","survey-multi-choice","42","356306","0.0-42.0","l92hj","eliflndemir@gmail.com","Elif Demir","b","","Q20","Piyango bileti","{""Q0"":""Piyango bileti""}"
"4308","","survey-multi-choice","43","360620","0.0-43.0","l92hj","eliflndemir@gmail.com","Elif Demir","b","","A15","büyüktür","{""Q0"":""büyüktür""}"
"13780","","survey-multi-choice","44","374407","0.0-44.0","l92hj","eliflndemir@gmail.com","Elif Demir","b","","C06","null","{""Q0"":""Üzülür""}"
"3225","","survey-multi-choice","45","377638","0.0-45.0","l92hj","eliflndemir@gmail.com","Elif Demir","b","","Q06","Müdür","{""Q0"":""Müdür""}"
"3443","","survey-multi-choice","46","381088","0.0-46.0","l92hj","eliflndemir@gmail.com","Elif Demir","b","","A14","büyüktür","{""Q0"":""küçüktür""}"
"5794","","survey-multi-choice","47","386889","0.0-47.0","l92hj","eliflndemir@gmail.com","Elif Demir","b","","F16","null","{""Q0"":""Sevinir""}"
"1963","","survey-multi-choice","48","388858","0.0-48.0","l92hj","eliflndemir@gmail.com","Elif Demir","b","","Q16","Kafe","{""Q0"":""Kafe""}"
"9546","","survey-multi-choice","49","398410","0.0-49.0","l92hj","eliflndemir@gmail.com","Elif Demir","b","","A16","küçüktür","{""Q0"":""büyüktür""}"
"6973","","survey-multi-choice","50","405387","0.0-50.0","l92hj","eliflndemir@gmail.com","Elif Demir","b","","F21","null","{""Q0"":""Üzülür""}"
"2331.999999999942","","survey-multi-choice","51","407727","0.0-51.0","l92hj","eliflndemir@gmail.com","Elif Demir","b","","Q21","Odun","{""Q0"":""Odun""}"
"8444","","survey-multi-choice","52","416177","0.0-52.0","l92hj","eliflndemir@gmail.com","Elif Demir","b","","A05","küçüktür","{""Q0"":""küçüktür""}"
"10773","","survey-multi-choice","53","426957","0.0-53.0","l92hj","eliflndemir@gmail.com","Elif Demir","b","","C04","null","{""Q0"":""Üzülür""}"
"5375","","survey-multi-choice","54","432337","0.0-54.0","l92hj","eliflndemir@gmail.com","Elif Demir","b","","Q04","Kamp","{""Q0"":""Kamp""}"
"8333","","survey-multi-choice","55","440676","0.0-55.0","l92hj","eliflndemir@gmail.com","Elif Demir","b","","A21","büyüktür","{""Q0"":""küçüktür""}"
"13359","","survey-multi-choice","56","454041","0.0-56.0","l92hj","eliflndemir@gmail.com","Elif Demir","b","","F22","null","{""Q0"":""Sevinir""}"
"3396","","survey-multi-choice","57","457444","0.0-57.0","l92hj","eliflndemir@gmail.com","Elif Demir","b","","Q22","Yoğun","{""Q0"":""Yoğun""}"
"21927.00000000006","","survey-multi-choice","58","479375","0.0-58.0","l92hj","eliflndemir@gmail.com","Elif Demir","b","","A19","büyüktür","{""Q0"":""küçüktür""}"
"7911","","survey-multi-choice","59","487293","0.0-59.0","l92hj","eliflndemir@gmail.com","Elif Demir","b","","F11","null","{""Q0"":""Üzülür""}"
"2907","","survey-multi-choice","60","490206","0.0-60.0","l92hj","eliflndemir@gmail.com","Elif Demir","b","","Q11","Ayakkabı","{""Q0"":""Ayakkabı""}"
"4612","","survey-multi-choice","61","494825","0.0-61.0","l92hj","eliflndemir@gmail.com","Elif Demir","b","","A23","büyüktür","{""Q0"":""büyüktür""}"
"5014","","survey-multi-choice","62","499845","0.0-62.0","l92hj","eliflndemir@gmail.com","Elif Demir","b","","C05","null","{""Q0"":""Sevinir""}"
"1642.9999999999418","","survey-multi-choice","63","501495","0.0-63.0","l92hj","eliflndemir@gmail.com","Elif Demir","b","","Q05","Matematik","{""Q0"":""Matematik""}"
"15049.000000000058","","survey-multi-choice","64","516553","0.0-64.0","l92hj","eliflndemir@gmail.com","Elif Demir","b","","A17","küçüktür","{""Q0"":""büyüktür""}"
"9198.999999999942","","survey-multi-choice","65","525756","0.0-65.0","l92hj","eliflndemir@gmail.com","Elif Demir","b","","F09","null","{""Q0"":""Sevinir""}"
"2983","","survey-multi-choice","66","528747","0.0-66.0","l92hj","eliflndemir@gmail.com","Elif Demir","b","","Q09","Yemekhane","{""Q0"":""Yemekhane""}"
"14357","","survey-multi-choice","67","543109","0.0-67.0","l92hj","eliflndemir@gmail.com","Elif Demir","b","","A07","küçüktür","{""Q0"":""büyüktür""}"
"6632","","survey-multi-choice","68","549749","0.0-68.0","l92hj","eliflndemir@gmail.com","Elif Demir","b","","F18","null","{""Q0"":""Sevinir""}"
"2007","","survey-multi-choice","69","551763","0.0-69.0","l92hj","eliflndemir@gmail.com","Elif Demir","b","","Q18","Çilek","{""Q0"":""Çilek""}"
"10942","","survey-multi-choice","70","562711","0.0-70.0","l92hj","eliflndemir@gmail.com","Elif Demir","b","","A01","küçüktür","{""Q0"":""küçüktür""}"
"5586","","survey-multi-choice","71","568303","0.0-71.0","l92hj","eliflndemir@gmail.com","Elif Demir","b","","F23","null","{""Q0"":""Üzülür""}"
"2572","","survey-multi-choice","72","570881","0.0-72.0","l92hj","eliflndemir@gmail.com","Elif Demir","b","","Q23","Çarpışan arabalar","{""Q0"":""Çarpışan arabalar""}"
"33061","","survey-multi-choice","73","603947","0.0-73.0","l92hj","eliflndemir@gmail.com","Elif Demir","b","","A09","küçüktür","{""Q0"":""küçüktür""}"
