"rt","url","trial_type","trial_index","time_elapsed","internal_node_id","subject","subject_email","subject_name","group","view_history","id","correct","responses"
"41435","resources/welcome.html","external-html","0","41460","0.0-0.0","at8cj","Alp.kurtulus@gmail.com","Alp Kurtulus","b","","","",""
"1979","","instructions","1","43443","0.0-1.0","at8cj","Alp.kurtulus@gmail.com","Alp Kurtulus","b","[{""page_index"":0,""viewing_time"":1977}]","","",""
"32000","","survey-multi-choice","2","75454","0.0-2.0","at8cj","Alp.kurtulus@gmail.com","Alp Kurtulus","b","","F24","null","{""Q0"":""Sevinir""}"
"3371.0000000000146","","survey-multi-choice","3","78830","0.0-3.0","at8cj","Alp.kurtulus@gmail.com","Alp Kurtulus","b","","Q24","Tokyo","{""Q0"":""Tokyo""}"
"32267","","survey-multi-choice","4","111104","0.0-4.0","at8cj","Alp.kurtulus@gmail.com","Alp Kurtulus","b","","A23","büyüktür","{""Q0"":""büyüktür""}"
"33124.999999999985","","survey-multi-choice","5","144236","0.0-5.0","at8cj","Alp.kurtulus@gmail.com","Alp Kurtulus","b","","F08","null","{""Q0"":""Üzülür""}"
"3743","","survey-multi-choice","6","147985","0.0-6.0","at8cj","Alp.kurtulus@gmail.com","Alp Kurtulus","b","","Q08","Tenis","{""Q0"":""Tenis""}"
"15427","","survey-multi-choice","7","163419","0.0-7.0","at8cj","Alp.kurtulus@gmail.com","Alp Kurtulus","b","","A24","büyüktür","{""Q0"":""büyüktür""}"
"34314","","survey-multi-choice","8","197740","0.0-8.0","at8cj","Alp.kurtulus@gmail.com","Alp Kurtulus","b","","F13","null","{""Q0"":""Üzülür""}"
"2390.000000000029","","survey-multi-choice","9","200136","0.0-9.0","at8cj","Alp.kurtulus@gmail.com","Alp Kurtulus","b","","Q13","Kars","{""Q0"":""Kars""}"
"13211.99999999997","","survey-multi-choice","10","213354","0.0-10.0","at8cj","Alp.kurtulus@gmail.com","Alp Kurtulus","b","","A19","büyüktür","{""Q0"":""büyüktür""}"
"35858","","survey-multi-choice","11","249217","0.0-11.0","at8cj","Alp.kurtulus@gmail.com","Alp Kurtulus","b","","C02","null","{""Q0"":""Üzülür""}"
"3170","","survey-multi-choice","12","252393","0.0-12.0","at8cj","Alp.kurtulus@gmail.com","Alp Kurtulus","b","","Q02","Oyuncak bebek","{""Q0"":""Oyuncak bebek""}"
"14441.99999999997","","survey-multi-choice","13","266841","0.0-13.0","at8cj","Alp.kurtulus@gmail.com","Alp Kurtulus","b","","A18","büyüktür","{""Q0"":""büyüktür""}"
"7327.999999999942","","survey-multi-choice","14","274176","0.0-14.0","at8cj","Alp.kurtulus@gmail.com","Alp Kurtulus","b","","F18","null","{""Q0"":""Sevinir""}"
"1775","","survey-multi-choice","15","275957","0.0-15.0","at8cj","Alp.kurtulus@gmail.com","Alp Kurtulus","b","","Q18","Çilek","{""Q0"":""Çilek""}"
"12695","","survey-multi-choice","16","288659","0.0-16.0","at8cj","Alp.kurtulus@gmail.com","Alp Kurtulus","b","","A10","büyüktür","{""Q0"":""büyüktür""}"
"7412","","survey-multi-choice","17","296078","0.0-17.0","at8cj","Alp.kurtulus@gmail.com","Alp Kurtulus","b","","F14","null","{""Q0"":""Sevinir""}"
"3429","","survey-multi-choice","18","299512","0.0-18.0","at8cj","Alp.kurtulus@gmail.com","Alp Kurtulus","b","","Q14","Birinci","{""Q0"":""İkinci""}"
"21227","","survey-multi-choice","19","320745","0.0-19.0","at8cj","Alp.kurtulus@gmail.com","Alp Kurtulus","b","","A06","büyüktür","{""Q0"":""büyüktür""}"
"15630","","survey-multi-choice","20","336382","0.0-20.0","at8cj","Alp.kurtulus@gmail.com","Alp Kurtulus","b","","C03","null","{""Q0"":""Üzülür""}"
"6076","","survey-multi-choice","21","342463","0.0-21.0","at8cj","Alp.kurtulus@gmail.com","Alp Kurtulus","b","","Q03","Ofis","{""Q0"":""Ofis""}"
"18166","","survey-multi-choice","22","360637","0.0-22.0","at8cj","Alp.kurtulus@gmail.com","Alp Kurtulus","b","","A07","küçüktür","{""Q0"":""küçüktür""}"
"12889.000000000058","","survey-multi-choice","23","373533","0.0-23.0","at8cj","Alp.kurtulus@gmail.com","Alp Kurtulus","b","","F09","null","{""Q0"":""Sevinir""}"
"2644.999999999942","","survey-multi-choice","24","376183","0.0-24.0","at8cj","Alp.kurtulus@gmail.com","Alp Kurtulus","b","","Q09","Yemekhane","{""Q0"":""Yemekhane""}"
"11396","","survey-multi-choice","25","387585","0.0-25.0","at8cj","Alp.kurtulus@gmail.com","Alp Kurtulus","b","","A15","büyüktür","{""Q0"":""büyüktür""}"
"12990","","survey-multi-choice","26","400582","0.0-26.0","at8cj","Alp.kurtulus@gmail.com","Alp Kurtulus","b","","F12","null","{""Q0"":""Üzülür""}"
"4495","","survey-multi-choice","27","405083","0.0-27.0","at8cj","Alp.kurtulus@gmail.com","Alp Kurtulus","b","","Q12","Para biriktirmek","{""Q0"":""Para biriktirmek""}"
"9977","","survey-multi-choice","28","415066","0.0-28.0","at8cj","Alp.kurtulus@gmail.com","Alp Kurtulus","b","","A04","büyüktür","{""Q0"":""büyüktür""}"
"8910","","survey-multi-choice","29","423982","0.0-29.0","at8cj","Alp.kurtulus@gmail.com","Alp Kurtulus","b","","F11","null","{""Q0"":""Üzülür""}"
"2661","","survey-multi-choice","30","426648","0.0-30.0","at8cj","Alp.kurtulus@gmail.com","Alp Kurtulus","b","","Q11","Ayakkabı","{""Q0"":""Ayakkabı""}"
"10896.000000000058","","survey-multi-choice","31","437550","0.0-31.0","at8cj","Alp.kurtulus@gmail.com","Alp Kurtulus","b","","A09","küçüktür","{""Q0"":""küçüktür""}"
"12310.999999999942","","survey-multi-choice","32","449867","0.0-32.0","at8cj","Alp.kurtulus@gmail.com","Alp Kurtulus","b","","C04","null","{""Q0"":""Üzülür""}"
"2945","","survey-multi-choice","33","452818","0.0-33.0","at8cj","Alp.kurtulus@gmail.com","Alp Kurtulus","b","","Q04","Kamp","{""Q0"":""Kamp""}"
"13899","","survey-multi-choice","34","466722","0.0-34.0","at8cj","Alp.kurtulus@gmail.com","Alp Kurtulus","b","","A22","küçüktür","{""Q0"":""küçüktür""}"
"21777.99999999994","","survey-multi-choice","35","488508","0.0-35.0","at8cj","Alp.kurtulus@gmail.com","Alp Kurtulus","b","","F21","null","{""Q0"":""Üzülür""}"
"2226","","survey-multi-choice","36","490739","0.0-36.0","at8cj","Alp.kurtulus@gmail.com","Alp Kurtulus","b","","Q21","Odun","{""Q0"":""Odun""}"
"8561","","survey-multi-choice","37","499307","0.0-37.0","at8cj","Alp.kurtulus@gmail.com","Alp Kurtulus","b","","A03","küçüktür","{""Q0"":""küçüktür""}"
"32042","","survey-multi-choice","38","531355","0.0-38.0","at8cj","Alp.kurtulus@gmail.com","Alp Kurtulus","b","","F20","null","{""Q0"":""Sevinir""}"
"2244","","survey-multi-choice","39","533604","0.0-39.0","at8cj","Alp.kurtulus@gmail.com","Alp Kurtulus","b","","Q20","Piyango bileti","{""Q0"":""Piyango bileti""}"
"10447","","survey-multi-choice","40","544058","0.0-40.0","at8cj","Alp.kurtulus@gmail.com","Alp Kurtulus","b","","A21","büyüktür","{""Q0"":""büyüktür""}"
"18447","","survey-multi-choice","41","562511","0.0-41.0","at8cj","Alp.kurtulus@gmail.com","Alp Kurtulus","b","","F19","null","{""Q0"":""Üzülür""}"
"2957.0000000001164","","survey-multi-choice","42","565474","0.0-42.0","at8cj","Alp.kurtulus@gmail.com","Alp Kurtulus","b","","Q19","Fizik","{""Q0"":""Fizik""}"
"7645","","survey-multi-choice","43","573123","0.0-43.0","at8cj","Alp.kurtulus@gmail.com","Alp Kurtulus","b","","A13","küçüktür","{""Q0"":""küçüktür""}"
"18511","","survey-multi-choice","44","591640","0.0-44.0","at8cj","Alp.kurtulus@gmail.com","Alp Kurtulus","b","","C01","null","{""Q0"":""Sevinir""}"
"5473.999999999884","","survey-multi-choice","45","597119","0.0-45.0","at8cj","Alp.kurtulus@gmail.com","Alp Kurtulus","b","","Q01","Arda","{""Q0"":""Arda""}"
"24887","","survey-multi-choice","46","622009","0.0-46.0","at8cj","Alp.kurtulus@gmail.com","Alp Kurtulus","b","","A01","küçüktür","{""Q0"":""küçüktür""}"
"7245","","survey-multi-choice","47","629261","0.0-47.0","at8cj","Alp.kurtulus@gmail.com","Alp Kurtulus","b","","F17","null","{""Q0"":""Üzülür""}"
"2946","","survey-multi-choice","48","632213","0.0-48.0","at8cj","Alp.kurtulus@gmail.com","Alp Kurtulus","b","","Q17","Öğle yemeği","{""Q0"":""Akşam yemeği""}"
"14844","","survey-multi-choice","49","647065","0.0-49.0","at8cj","Alp.kurtulus@gmail.com","Alp Kurtulus","b","","A16","küçüktür","{""Q0"":""küçüktür""}"
"13907","","survey-multi-choice","50","660979","0.0-50.0","at8cj","Alp.kurtulus@gmail.com","Alp Kurtulus","b","","F15","null","{""Q0"":""Üzülür""}"
"28210","","survey-multi-choice","51","689195","0.0-51.0","at8cj","Alp.kurtulus@gmail.com","Alp Kurtulus","b","","Q15","Altı","{""Q0"":""Altı""}"
"11501","","survey-multi-choice","52","700703","0.0-52.0","at8cj","Alp.kurtulus@gmail.com","Alp Kurtulus","b","","A14","büyüktür","{""Q0"":""büyüktür""}"
"13272","","survey-multi-choice","53","713982","0.0-53.0","at8cj","Alp.kurtulus@gmail.com","Alp Kurtulus","b","","C05","null","{""Q0"":""Üzülür""}"
"1747","","survey-multi-choice","54","715734","0.0-54.0","at8cj","Alp.kurtulus@gmail.com","Alp Kurtulus","b","","Q05","Matematik","{""Q0"":""Matematik""}"
"19963.000000000116","","survey-multi-choice","55","735703","0.0-55.0","at8cj","Alp.kurtulus@gmail.com","Alp Kurtulus","b","","A11","büyüktür","{""Q0"":""büyüktür""}"
"10791.000000000116","","survey-multi-choice","56","746501","0.0-56.0","at8cj","Alp.kurtulus@gmail.com","Alp Kurtulus","b","","F22","null","{""Q0"":""Sevinir""}"
"8414","","survey-multi-choice","57","754920","0.0-57.0","at8cj","Alp.kurtulus@gmail.com","Alp Kurtulus","b","","Q22","Yoğun","{""Q0"":""Yoğun""}"
"29910","","survey-multi-choice","58","784837","0.0-58.0","at8cj","Alp.kurtulus@gmail.com","Alp Kurtulus","b","","A02","küçüktür","{""Q0"":""büyüktür""}"
"8291","","survey-multi-choice","59","793135","0.0-59.0","at8cj","Alp.kurtulus@gmail.com","Alp Kurtulus","b","","F10","null","{""Q0"":""Üzülür""}"
"4479","","survey-multi-choice","60","797619","0.0-60.0","at8cj","Alp.kurtulus@gmail.com","Alp Kurtulus","b","","Q10","Yüksek lisans","{""Q0"":""Yüksek lisans""}"
"9678","","survey-multi-choice","61","807303","0.0-61.0","at8cj","Alp.kurtulus@gmail.com","Alp Kurtulus","b","","A05","küçüktür","{""Q0"":""küçüktür""}"
"26561","","survey-multi-choice","62","833870","0.0-62.0","at8cj","Alp.kurtulus@gmail.com","Alp Kurtulus","b","","C06","null","{""Q0"":""Üzülür""}"
"5460.999999999884","","survey-multi-choice","63","839337","0.0-63.0","at8cj","Alp.kurtulus@gmail.com","Alp Kurtulus","b","","Q06","Müdür","{""Q0"":""Müdür""}"
"10810.999999999884","","survey-multi-choice","64","850153","0.0-64.0","at8cj","Alp.kurtulus@gmail.com","Alp Kurtulus","b","","A08","küçüktür","{""Q0"":""büyüktür""}"
"12765","","survey-multi-choice","65","862923","0.0-65.0","at8cj","Alp.kurtulus@gmail.com","Alp Kurtulus","b","","F16","null","{""Q0"":""Sevinir""}"
"3424.9999999998836","","survey-multi-choice","66","866354","0.0-66.0","at8cj","Alp.kurtulus@gmail.com","Alp Kurtulus","b","","Q16","Kafe","{""Q0"":""Kafe""}"
"10062","","survey-multi-choice","67","876421","0.0-67.0","at8cj","Alp.kurtulus@gmail.com","Alp Kurtulus","b","","A17","küçüktür","{""Q0"":""küçüktür""}"
"5813","","survey-multi-choice","68","882239","0.0-68.0","at8cj","Alp.kurtulus@gmail.com","Alp Kurtulus","b","","F23","null","{""Q0"":""Üzülür""}"
"3443.0000000001164","","survey-multi-choice","69","885688","0.0-69.0","at8cj","Alp.kurtulus@gmail.com","Alp Kurtulus","b","","Q23","Çarpışan arabalar","{""Q0"":""Çarpışan arabalar""}"
"8310","","survey-multi-choice","70","894005","0.0-70.0","at8cj","Alp.kurtulus@gmail.com","Alp Kurtulus","b","","A12","büyüktür","{""Q0"":""büyüktür""}"
"23800","","survey-multi-choice","71","917811","0.0-71.0","at8cj","Alp.kurtulus@gmail.com","Alp Kurtulus","b","","F07","null","{""Q0"":""Üzülür""}"
"5776","","survey-multi-choice","72","923593","0.0-72.0","at8cj","Alp.kurtulus@gmail.com","Alp Kurtulus","b","","Q07","Kardan adam","{""Q0"":""Kardan adam""}"
"9596","","survey-multi-choice","73","933194","0.0-73.0","at8cj","Alp.kurtulus@gmail.com","Alp Kurtulus","b","","A20","küçüktür","{""Q0"":""küçüktür""}"
