"rt","url","trial_type","trial_index","time_elapsed","internal_node_id","subject","subject_email","subject_name","group","view_history","id","correct","responses"
"46875","resources/welcome.html","external-html","0","46970","0.0-0.0","q3f3o","biskinmertcan@gmail.com","Mertcan Bişkin","d","","","",""
"4971.000000000007","","instructions","1","51947","0.0-1.0","q3f3o","biskinmertcan@gmail.com","Mertcan Bişkin","d","[{""page_index"":0,""viewing_time"":4967}]","","",""
"18821","","survey-multi-choice","2","70776","0.0-2.0","q3f3o","biskinmertcan@gmail.com","Mertcan Bişkin","d","","F20","null","{""Q0"":""Üzülür""}"
"4101","","survey-multi-choice","3","74884","0.0-3.0","q3f3o","biskinmertcan@gmail.com","Mertcan Bişkin","d","","Q20","Piyango bileti","{""Q0"":""Piyango bileti""}"
"25778","","survey-multi-choice","4","100672","0.0-4.0","q3f3o","biskinmertcan@gmail.com","Mertcan Bişkin","d","","A06","büyüktür","{""Q0"":""küçüktür""}"
"13429","","survey-multi-choice","5","114107","0.0-5.0","q3f3o","biskinmertcan@gmail.com","Mertcan Bişkin","d","","F16","null","{""Q0"":""Sevinir""}"
"4157","","survey-multi-choice","6","118271","0.0-6.0","q3f3o","biskinmertcan@gmail.com","Mertcan Bişkin","d","","Q16","Kafe","{""Q0"":""Kafe""}"
"15115.00000000003","","survey-multi-choice","7","133393","0.0-7.0","q3f3o","biskinmertcan@gmail.com","Mertcan Bişkin","d","","A24","büyüktür","{""Q0"":""küçüktür""}"
"17460","","survey-multi-choice","8","150859","0.0-8.0","q3f3o","biskinmertcan@gmail.com","Mertcan Bişkin","d","","F14","null","{""Q0"":""Sevinir""}"
"4355","","survey-multi-choice","9","155220","0.0-9.0","q3f3o","biskinmertcan@gmail.com","Mertcan Bişkin","d","","Q14","Birinci","{""Q0"":""İkinci""}"
"10965","","survey-multi-choice","10","166192","0.0-10.0","q3f3o","biskinmertcan@gmail.com","Mertcan Bişkin","d","","A10","büyüktür","{""Q0"":""büyüktür""}"
"19375","","survey-multi-choice","11","185573","0.0-11.0","q3f3o","biskinmertcan@gmail.com","Mertcan Bişkin","d","","C04","null","{""Q0"":""Üzülür""}"
"4030","","survey-multi-choice","12","189609","0.0-12.0","q3f3o","biskinmertcan@gmail.com","Mertcan Bişkin","d","","Q04","Kamp","{""Q0"":""Kamp""}"
"10205.00000000003","","survey-multi-choice","13","199821","0.0-13.0","q3f3o","biskinmertcan@gmail.com","Mertcan Bişkin","d","","A21","büyüktür","{""Q0"":""büyüktür""}"
"10351","","survey-multi-choice","14","210179","0.0-14.0","q3f3o","biskinmertcan@gmail.com","Mertcan Bişkin","d","","F15","null","{""Q0"":""Sevinir""}"
"5557","","survey-multi-choice","15","215743","0.0-15.0","q3f3o","biskinmertcan@gmail.com","Mertcan Bişkin","d","","Q15","Altı","{""Q0"":""Altı""}"
"7277","","survey-multi-choice","16","223026","0.0-16.0","q3f3o","biskinmertcan@gmail.com","Mertcan Bişkin","d","","A01","küçüktür","{""Q0"":""küçüktür""}"
"18943.00000000003","","survey-multi-choice","17","241977","0.0-17.0","q3f3o","biskinmertcan@gmail.com","Mertcan Bişkin","d","","F09","null","{""Q0"":""Sevinir""}"
"3960","","survey-multi-choice","18","245945","0.0-18.0","q3f3o","biskinmertcan@gmail.com","Mertcan Bişkin","d","","Q09","Yemekhane","{""Q0"":""Yemekhane""}"
"8106.999999999971","","survey-multi-choice","19","254059","0.0-19.0","q3f3o","biskinmertcan@gmail.com","Mertcan Bişkin","d","","A02","küçüktür","{""Q0"":""küçüktür""}"
"10228.99999999997","","survey-multi-choice","20","264294","0.0-20.0","q3f3o","biskinmertcan@gmail.com","Mertcan Bişkin","d","","C03","null","{""Q0"":""Üzülür""}"
"5543","","survey-multi-choice","21","269846","0.0-21.0","q3f3o","biskinmertcan@gmail.com","Mertcan Bişkin","d","","Q03","Ofis","{""Q0"":""Ofis""}"
"17109","","survey-multi-choice","22","286963","0.0-22.0","q3f3o","biskinmertcan@gmail.com","Mertcan Bişkin","d","","A17","küçüktür","{""Q0"":""küçüktür""}"
"12278","","survey-multi-choice","23","299249","0.0-23.0","q3f3o","biskinmertcan@gmail.com","Mertcan Bişkin","d","","F08","null","{""Q0"":""Üzülür""}"
"1905","","survey-multi-choice","24","301161","0.0-24.0","q3f3o","biskinmertcan@gmail.com","Mertcan Bişkin","d","","Q08","Tenis","{""Q0"":""Tenis""}"
"16232","","survey-multi-choice","25","317399","0.0-25.0","q3f3o","biskinmertcan@gmail.com","Mertcan Bişkin","d","","A13","küçüktür","{""Q0"":""küçüktür""}"
"17231","","survey-multi-choice","26","334637","0.0-26.0","q3f3o","biskinmertcan@gmail.com","Mertcan Bişkin","d","","F12","null","{""Q0"":""Üzülür""}"
"2603","","survey-multi-choice","27","337245","0.0-27.0","q3f3o","biskinmertcan@gmail.com","Mertcan Bişkin","d","","Q12","Para biriktirmek","{""Q0"":""Para biriktirmek""}"
"32170.00000000006","","survey-multi-choice","28","369420","0.0-28.0","q3f3o","biskinmertcan@gmail.com","Mertcan Bişkin","d","","A04","büyüktür","{""Q0"":""küçüktür""}"
"9174","","survey-multi-choice","29","378600","0.0-29.0","q3f3o","biskinmertcan@gmail.com","Mertcan Bişkin","d","","F22","null","{""Q0"":""Sevinir""}"
"4527.000000000058","","survey-multi-choice","30","383135","0.0-30.0","q3f3o","biskinmertcan@gmail.com","Mertcan Bişkin","d","","Q22","Yoğun","{""Q0"":""Yoğun""}"
"20944.00000000006","","survey-multi-choice","31","404087","0.0-31.0","q3f3o","biskinmertcan@gmail.com","Mertcan Bişkin","d","","A07","küçüktür","{""Q0"":""küçüktür""}"
"9563","","survey-multi-choice","32","413658","0.0-32.0","q3f3o","biskinmertcan@gmail.com","Mertcan Bişkin","d","","C06","null","{""Q0"":""Üzülür""}"
"4052","","survey-multi-choice","33","417721","0.0-33.0","q3f3o","biskinmertcan@gmail.com","Mertcan Bişkin","d","","Q06","Müdür","{""Q0"":""Müdür""}"
"9313","","survey-multi-choice","34","427039","0.0-34.0","q3f3o","biskinmertcan@gmail.com","Mertcan Bişkin","d","","A05","küçüktür","{""Q0"":""küçüktür""}"
"26010.99999999994","","survey-multi-choice","35","453051","0.0-35.0","q3f3o","biskinmertcan@gmail.com","Mertcan Bişkin","d","","F13","null","{""Q0"":""Sevinir""}"
"2976","","survey-multi-choice","36","456034","0.0-36.0","q3f3o","biskinmertcan@gmail.com","Mertcan Bişkin","d","","Q13","Kars","{""Q0"":""Kars""}"
"12508.000000000058","","survey-multi-choice","37","468550","0.0-37.0","q3f3o","biskinmertcan@gmail.com","Mertcan Bişkin","d","","A19","büyüktür","{""Q0"":""büyüktür""}"
"17094.00000000006","","survey-multi-choice","38","485650","0.0-38.0","q3f3o","biskinmertcan@gmail.com","Mertcan Bişkin","d","","F21","null","{""Q0"":""Üzülür""}"
"3775","","survey-multi-choice","39","489431","0.0-39.0","q3f3o","biskinmertcan@gmail.com","Mertcan Bişkin","d","","Q21","Odun","{""Q0"":""Odun""}"
"18612","","survey-multi-choice","40","508050","0.0-40.0","q3f3o","biskinmertcan@gmail.com","Mertcan Bişkin","d","","A08","küçüktür","{""Q0"":""küçüktür""}"
"11860","","survey-multi-choice","41","519920","0.0-41.0","q3f3o","biskinmertcan@gmail.com","Mertcan Bişkin","d","","F10","null","{""Q0"":""Sevinir""}"
"3122.999999999942","","survey-multi-choice","42","523051","0.0-42.0","q3f3o","biskinmertcan@gmail.com","Mertcan Bişkin","d","","Q10","Yüksek lisans","{""Q0"":""Yüksek lisans""}"
"23762","","survey-multi-choice","43","546820","0.0-43.0","q3f3o","biskinmertcan@gmail.com","Mertcan Bişkin","d","","A14","büyüktür","{""Q0"":""büyüktür""}"
"10463","","survey-multi-choice","44","557290","0.0-44.0","q3f3o","biskinmertcan@gmail.com","Mertcan Bişkin","d","","C02","null","{""Q0"":""Sevinir""}"
"5008","","survey-multi-choice","45","562305","0.0-45.0","q3f3o","biskinmertcan@gmail.com","Mertcan Bişkin","d","","Q02","Oyuncak bebek","{""Q0"":""Oyuncak bebek""}"
"16970","","survey-multi-choice","46","579281","0.0-46.0","q3f3o","biskinmertcan@gmail.com","Mertcan Bişkin","d","","A11","büyüktür","{""Q0"":""büyüktür""}"
"12611","","survey-multi-choice","47","591895","0.0-47.0","q3f3o","biskinmertcan@gmail.com","Mertcan Bişkin","d","","F11","null","{""Q0"":""Üzülür""}"
"2492","","survey-multi-choice","48","594393","0.0-48.0","q3f3o","biskinmertcan@gmail.com","Mertcan Bişkin","d","","Q11","Ayakkabı","{""Q0"":""Ayakkabı""}"
"11159.999999999884","","survey-multi-choice","49","605559","0.0-49.0","q3f3o","biskinmertcan@gmail.com","Mertcan Bişkin","d","","A15","büyüktür","{""Q0"":""küçüktür""}"
"8575","","survey-multi-choice","50","614140","0.0-50.0","q3f3o","biskinmertcan@gmail.com","Mertcan Bişkin","d","","F19","null","{""Q0"":""Üzülür""}"
"3928","","survey-multi-choice","51","618075","0.0-51.0","q3f3o","biskinmertcan@gmail.com","Mertcan Bişkin","d","","Q19","Fizik","{""Q0"":""Fizik""}"
"12001","","survey-multi-choice","52","630083","0.0-52.0","q3f3o","biskinmertcan@gmail.com","Mertcan Bişkin","d","","A22","küçüktür","{""Q0"":""küçüktür""}"
"18659","","survey-multi-choice","53","648746","0.0-53.0","q3f3o","biskinmertcan@gmail.com","Mertcan Bişkin","d","","C01","null","{""Q0"":""Üzülür""}"
"4276","","survey-multi-choice","54","653029","0.0-54.0","q3f3o","biskinmertcan@gmail.com","Mertcan Bişkin","d","","Q01","Arda","{""Q0"":""Arda""}"
"10393","","survey-multi-choice","55","663429","0.0-55.0","q3f3o","biskinmertcan@gmail.com","Mertcan Bişkin","d","","A18","büyüktür","{""Q0"":""büyüktür""}"
"19580","","survey-multi-choice","56","683016","0.0-56.0","q3f3o","biskinmertcan@gmail.com","Mertcan Bişkin","d","","F18","null","{""Q0"":""Sevinir""}"
"2676","","survey-multi-choice","57","685698","0.0-57.0","q3f3o","biskinmertcan@gmail.com","Mertcan Bişkin","d","","Q18","Çilek","{""Q0"":""Çilek""}"
"17959","","survey-multi-choice","58","703664","0.0-58.0","q3f3o","biskinmertcan@gmail.com","Mertcan Bişkin","d","","A03","küçüktür","{""Q0"":""küçüktür""}"
"17093.999999999884","","survey-multi-choice","59","720767","0.0-59.0","q3f3o","biskinmertcan@gmail.com","Mertcan Bişkin","d","","F17","null","{""Q0"":""Üzülür""}"
"8826","","survey-multi-choice","60","729601","0.0-60.0","q3f3o","biskinmertcan@gmail.com","Mertcan Bişkin","d","","Q17","Öğle yemeği","{""Q0"":""Kahvaltı""}"
"6623","","survey-multi-choice","61","736231","0.0-61.0","q3f3o","biskinmertcan@gmail.com","Mertcan Bişkin","d","","A23","büyüktür","{""Q0"":""büyüktür""}"
"7346","","survey-multi-choice","62","743584","0.0-62.0","q3f3o","biskinmertcan@gmail.com","Mertcan Bişkin","d","","C05","null","{""Q0"":""Üzülür""}"
"2676.0000000001164","","survey-multi-choice","63","746269","0.0-63.0","q3f3o","biskinmertcan@gmail.com","Mertcan Bişkin","d","","Q05","Matematik","{""Q0"":""Matematik""}"
"6811.000000000116","","survey-multi-choice","64","753086","0.0-64.0","q3f3o","biskinmertcan@gmail.com","Mertcan Bişkin","d","","A09","küçüktür","{""Q0"":""küçüktür""}"
"7719.000000000116","","survey-multi-choice","65","760812","0.0-65.0","q3f3o","biskinmertcan@gmail.com","Mertcan Bişkin","d","","F07","null","{""Q0"":""Üzülür""}"
"4816","","survey-multi-choice","66","765635","0.0-66.0","q3f3o","biskinmertcan@gmail.com","Mertcan Bişkin","d","","Q07","Kardan adam","{""Q0"":""Kardan adam""}"
"10891.999999999884","","survey-multi-choice","67","776536","0.0-67.0","q3f3o","biskinmertcan@gmail.com","Mertcan Bişkin","d","","A20","küçüktür","{""Q0"":""küçüktür""}"
"7636","","survey-multi-choice","68","784179","0.0-68.0","q3f3o","biskinmertcan@gmail.com","Mertcan Bişkin","d","","F23","null","{""Q0"":""Üzülür""}"
"5806","","survey-multi-choice","69","789989","0.0-69.0","q3f3o","biskinmertcan@gmail.com","Mertcan Bişkin","d","","Q23","Çarpışan arabalar","{""Q0"":""Çarpışan arabalar""}"
"4674.999999999884","","survey-multi-choice","70","794669","0.0-70.0","q3f3o","biskinmertcan@gmail.com","Mertcan Bişkin","d","","A12","büyüktür","{""Q0"":""küçüktür""}"
"11413","","survey-multi-choice","71","806089","0.0-71.0","q3f3o","biskinmertcan@gmail.com","Mertcan Bişkin","d","","F24","null","{""Q0"":""Sevinir""}"
"4024","","survey-multi-choice","72","810122","0.0-72.0","q3f3o","biskinmertcan@gmail.com","Mertcan Bişkin","d","","Q24","Tokyo","{""Q0"":""New York""}"
"2543","","survey-multi-choice","73","812670","0.0-73.0","q3f3o","biskinmertcan@gmail.com","Mertcan Bişkin","d","","A16","küçüktür","{""Q0"":""küçüktür""}"
