"rt","url","trial_type","trial_index","time_elapsed","internal_node_id","subject","subject_email","subject_name","group","view_history","id","correct","responses"
"45184","resources/welcome.html","external-html","0","45289","0.0-0.0","gfb45","berru-yilmaz@hotmail.com","Berru Ayşe Yılmaz","b","","","",""
"4385","","instructions","1","49690","0.0-1.0","gfb45","berru-yilmaz@hotmail.com","Berru Ayşe Yılmaz","b","[{""page_index"":0,""viewing_time"":4378}]","","",""
"8085.999999999993","","survey-multi-choice","2","57816","0.0-2.0","gfb45","berru-yilmaz@hotmail.com","Berru Ayşe Yılmaz","b","","F23","null","{""Q0"":""Üzülür""}"
"3272.0000000000073","","survey-multi-choice","3","61106","0.0-3.0","gfb45","berru-yilmaz@hotmail.com","Berru Ayşe Yılmaz","b","","Q23","Çarpışan arabalar","{""Q0"":""Çarpışan arabalar""}"
"5765","","survey-multi-choice","4","66880","0.0-4.0","gfb45","berru-yilmaz@hotmail.com","Berru Ayşe Yılmaz","b","","A24","büyüktür","{""Q0"":""büyüktür""}"
"29084","","survey-multi-choice","5","95969","0.0-5.0","gfb45","berru-yilmaz@hotmail.com","Berru Ayşe Yılmaz","b","","F15","null","{""Q0"":""Sevinir""}"
"2734","","survey-multi-choice","6","98710","0.0-6.0","gfb45","berru-yilmaz@hotmail.com","Berru Ayşe Yılmaz","b","","Q15","Altı","{""Q0"":""Altı""}"
"4942","","survey-multi-choice","7","103659","0.0-7.0","gfb45","berru-yilmaz@hotmail.com","Berru Ayşe Yılmaz","b","","A12","büyüktür","{""Q0"":""büyüktür""}"
"9996","","survey-multi-choice","8","113663","0.0-8.0","gfb45","berru-yilmaz@hotmail.com","Berru Ayşe Yılmaz","b","","F16","null","{""Q0"":""Sevinir""}"
"2675","","survey-multi-choice","9","116344","0.0-9.0","gfb45","berru-yilmaz@hotmail.com","Berru Ayşe Yılmaz","b","","Q16","Kafe","{""Q0"":""Kafe""}"
"3213.0000000000146","","survey-multi-choice","10","119563","0.0-10.0","gfb45","berru-yilmaz@hotmail.com","Berru Ayşe Yılmaz","b","","A22","küçüktür","{""Q0"":""büyüktür""}"
"11168","","survey-multi-choice","11","130738","0.0-11.0","gfb45","berru-yilmaz@hotmail.com","Berru Ayşe Yılmaz","b","","C02","null","{""Q0"":""Üzülür""}"
"2858.999999999971","","survey-multi-choice","12","133609","0.0-12.0","gfb45","berru-yilmaz@hotmail.com","Berru Ayşe Yılmaz","b","","Q02","Oyuncak bebek","{""Q0"":""Oyuncak bebek""}"
"4085","","survey-multi-choice","13","137704","0.0-13.0","gfb45","berru-yilmaz@hotmail.com","Berru Ayşe Yılmaz","b","","A01","küçüktür","{""Q0"":""büyüktür""}"
"7809","","survey-multi-choice","14","145526","0.0-14.0","gfb45","berru-yilmaz@hotmail.com","Berru Ayşe Yılmaz","b","","F20","null","{""Q0"":""Sevinir""}"
"2251.000000000029","","survey-multi-choice","15","147791","0.0-15.0","gfb45","berru-yilmaz@hotmail.com","Berru Ayşe Yılmaz","b","","Q20","Piyango bileti","{""Q0"":""Piyango bileti""}"
"6795","","survey-multi-choice","16","154596","0.0-16.0","gfb45","berru-yilmaz@hotmail.com","Berru Ayşe Yılmaz","b","","A02","küçüktür","{""Q0"":""büyüktür""}"
"14787","","survey-multi-choice","17","169391","0.0-17.0","gfb45","berru-yilmaz@hotmail.com","Berru Ayşe Yılmaz","b","","F09","null","{""Q0"":""Üzülür""}"
"3322.999999999971","","survey-multi-choice","18","172727","0.0-18.0","gfb45","berru-yilmaz@hotmail.com","Berru Ayşe Yılmaz","b","","Q09","Yemekhane","{""Q0"":""Yemekhane""}"
"4357","","survey-multi-choice","19","177094","0.0-19.0","gfb45","berru-yilmaz@hotmail.com","Berru Ayşe Yılmaz","b","","A09","küçüktür","{""Q0"":""büyüktür""}"
"5605","","survey-multi-choice","20","182714","0.0-20.0","gfb45","berru-yilmaz@hotmail.com","Berru Ayşe Yılmaz","b","","C06","null","{""Q0"":""Üzülür""}"
"2468","","survey-multi-choice","21","185196","0.0-21.0","gfb45","berru-yilmaz@hotmail.com","Berru Ayşe Yılmaz","b","","Q06","Müdür","{""Q0"":""Müdür""}"
"3641","","survey-multi-choice","22","188866","0.0-22.0","gfb45","berru-yilmaz@hotmail.com","Berru Ayşe Yılmaz","b","","A14","büyüktür","{""Q0"":""büyüktür""}"
"8905","","survey-multi-choice","23","197792","0.0-23.0","gfb45","berru-yilmaz@hotmail.com","Berru Ayşe Yılmaz","b","","F18","null","{""Q0"":""Sevinir""}"
"4339","","survey-multi-choice","24","202143","0.0-24.0","gfb45","berru-yilmaz@hotmail.com","Berru Ayşe Yılmaz","b","","Q18","Çilek","{""Q0"":""Çilek""}"
"2370","","survey-multi-choice","25","204527","0.0-25.0","gfb45","berru-yilmaz@hotmail.com","Berru Ayşe Yılmaz","b","","A03","küçüktür","{""Q0"":""büyüktür""}"
"7139","","survey-multi-choice","26","211676","0.0-26.0","gfb45","berru-yilmaz@hotmail.com","Berru Ayşe Yılmaz","b","","F22","null","{""Q0"":""Sevinir""}"
"3604","","survey-multi-choice","27","215292","0.0-27.0","gfb45","berru-yilmaz@hotmail.com","Berru Ayşe Yılmaz","b","","Q22","Yoğun","{""Q0"":""Yoğun""}"
"6675","","survey-multi-choice","28","221978","0.0-28.0","gfb45","berru-yilmaz@hotmail.com","Berru Ayşe Yılmaz","b","","A11","büyüktür","{""Q0"":""büyüktür""}"
"6938","","survey-multi-choice","29","228928","0.0-29.0","gfb45","berru-yilmaz@hotmail.com","Berru Ayşe Yılmaz","b","","F08","null","{""Q0"":""Üzülür""}"
"2988","","survey-multi-choice","30","231929","0.0-30.0","gfb45","berru-yilmaz@hotmail.com","Berru Ayşe Yılmaz","b","","Q08","Tenis","{""Q0"":""Tenis""}"
"8608.00000000003","","survey-multi-choice","31","240546","0.0-31.0","gfb45","berru-yilmaz@hotmail.com","Berru Ayşe Yılmaz","b","","A05","küçüktür","{""Q0"":""küçüktür""}"
"5470","","survey-multi-choice","32","246029","0.0-32.0","gfb45","berru-yilmaz@hotmail.com","Berru Ayşe Yılmaz","b","","C05","null","{""Q0"":""Sevinir""}"
"4469","","survey-multi-choice","33","250511","0.0-33.0","gfb45","berru-yilmaz@hotmail.com","Berru Ayşe Yılmaz","b","","Q05","Matematik","{""Q0"":""Matematik""}"
"2672.000000000029","","survey-multi-choice","34","253195","0.0-34.0","gfb45","berru-yilmaz@hotmail.com","Berru Ayşe Yılmaz","b","","A18","büyüktür","{""Q0"":""büyüktür""}"
"10923","","survey-multi-choice","35","264128","0.0-35.0","gfb45","berru-yilmaz@hotmail.com","Berru Ayşe Yılmaz","b","","F19","null","{""Q0"":""Üzülür""}"
"2236","","survey-multi-choice","36","266381","0.0-36.0","gfb45","berru-yilmaz@hotmail.com","Berru Ayşe Yılmaz","b","","Q19","Fizik","{""Q0"":""Fizik""}"
"2517","","survey-multi-choice","37","268910","0.0-37.0","gfb45","berru-yilmaz@hotmail.com","Berru Ayşe Yılmaz","b","","A16","küçüktür","{""Q0"":""büyüktür""}"
"51649.99999999994","","survey-multi-choice","38","320574","0.0-38.0","gfb45","berru-yilmaz@hotmail.com","Berru Ayşe Yılmaz","b","","F11","null","{""Q0"":""Sevinir""}"
"2425","","survey-multi-choice","39","323016","0.0-39.0","gfb45","berru-yilmaz@hotmail.com","Berru Ayşe Yılmaz","b","","Q11","Ayakkabı","{""Q0"":""Ayakkabı""}"
"2185","","survey-multi-choice","40","325217","0.0-40.0","gfb45","berru-yilmaz@hotmail.com","Berru Ayşe Yılmaz","b","","A10","büyüktür","{""Q0"":""büyüktür""}"
"4809.000000000058","","survey-multi-choice","41","330031","0.0-41.0","gfb45","berru-yilmaz@hotmail.com","Berru Ayşe Yılmaz","b","","F12","null","{""Q0"":""Üzülür""}"
"4111","","survey-multi-choice","42","334158","0.0-42.0","gfb45","berru-yilmaz@hotmail.com","Berru Ayşe Yılmaz","b","","Q12","Para biriktirmek","{""Q0"":""Para biriktirmek""}"
"3551","","survey-multi-choice","43","337714","0.0-43.0","gfb45","berru-yilmaz@hotmail.com","Berru Ayşe Yılmaz","b","","A06","büyüktür","{""Q0"":""büyüktür""}"
"5150.000000000058","","survey-multi-choice","44","342870","0.0-44.0","gfb45","berru-yilmaz@hotmail.com","Berru Ayşe Yılmaz","b","","C01","null","{""Q0"":""Sevinir""}"
"2354","","survey-multi-choice","45","345232","0.0-45.0","gfb45","berru-yilmaz@hotmail.com","Berru Ayşe Yılmaz","b","","Q01","Arda","{""Q0"":""Arda""}"
"3267","","survey-multi-choice","46","348504","0.0-46.0","gfb45","berru-yilmaz@hotmail.com","Berru Ayşe Yılmaz","b","","A15","büyüktür","{""Q0"":""küçüktür""}"
"5736","","survey-multi-choice","47","354246","0.0-47.0","gfb45","berru-yilmaz@hotmail.com","Berru Ayşe Yılmaz","b","","F14","null","{""Q0"":""Sevinir""}"
"4813","","survey-multi-choice","48","359069","0.0-48.0","gfb45","berru-yilmaz@hotmail.com","Berru Ayşe Yılmaz","b","","Q14","Birinci","{""Q0"":""Birinci""}"
"44422","","survey-multi-choice","49","403499","0.0-49.0","gfb45","berru-yilmaz@hotmail.com","Berru Ayşe Yılmaz","b","","A20","küçüktür","{""Q0"":""küçüktür""}"
"6572","","survey-multi-choice","50","410083","0.0-50.0","gfb45","berru-yilmaz@hotmail.com","Berru Ayşe Yılmaz","b","","F07","null","{""Q0"":""Üzülür""}"
"5712","","survey-multi-choice","51","415806","0.0-51.0","gfb45","berru-yilmaz@hotmail.com","Berru Ayşe Yılmaz","b","","Q07","Kardan adam","{""Q0"":""Kartopu savaşı""}"
"2236","","survey-multi-choice","52","418054","0.0-52.0","gfb45","berru-yilmaz@hotmail.com","Berru Ayşe Yılmaz","b","","A08","küçüktür","{""Q0"":""büyüktür""}"
"11819","","survey-multi-choice","53","429883","0.0-53.0","gfb45","berru-yilmaz@hotmail.com","Berru Ayşe Yılmaz","b","","C03","null","{""Q0"":""Sevinir""}"
"4077","","survey-multi-choice","54","433972","0.0-54.0","gfb45","berru-yilmaz@hotmail.com","Berru Ayşe Yılmaz","b","","Q03","Ofis","{""Q0"":""Ofis""}"
"3000","","survey-multi-choice","55","436988","0.0-55.0","gfb45","berru-yilmaz@hotmail.com","Berru Ayşe Yılmaz","b","","A23","büyüktür","{""Q0"":""büyüktür""}"
"9014","","survey-multi-choice","56","446010","0.0-56.0","gfb45","berru-yilmaz@hotmail.com","Berru Ayşe Yılmaz","b","","F10","null","{""Q0"":""Sevinir""}"
"3904","","survey-multi-choice","57","449919","0.0-57.0","gfb45","berru-yilmaz@hotmail.com","Berru Ayşe Yılmaz","b","","Q10","Yüksek lisans","{""Q0"":""Yüksek lisans""}"
"4254.000000000058","","survey-multi-choice","58","454185","0.0-58.0","gfb45","berru-yilmaz@hotmail.com","Berru Ayşe Yılmaz","b","","A19","büyüktür","{""Q0"":""büyüktür""}"
"7441","","survey-multi-choice","59","461638","0.0-59.0","gfb45","berru-yilmaz@hotmail.com","Berru Ayşe Yılmaz","b","","F24","null","{""Q0"":""Sevinir""}"
"2022.9999999999418","","survey-multi-choice","60","463672","0.0-60.0","gfb45","berru-yilmaz@hotmail.com","Berru Ayşe Yılmaz","b","","Q24","Tokyo","{""Q0"":""Tokyo""}"
"2871.000000000058","","survey-multi-choice","61","466555","0.0-61.0","gfb45","berru-yilmaz@hotmail.com","Berru Ayşe Yılmaz","b","","A21","büyüktür","{""Q0"":""küçüktür""}"
"12681.999999999942","","survey-multi-choice","62","479248","0.0-62.0","gfb45","berru-yilmaz@hotmail.com","Berru Ayşe Yılmaz","b","","C04","null","{""Q0"":""Üzülür""}"
"3554.999999999942","","survey-multi-choice","63","482812","0.0-63.0","gfb45","berru-yilmaz@hotmail.com","Berru Ayşe Yılmaz","b","","Q04","Kamp","{""Q0"":""Kamp""}"
"3190","","survey-multi-choice","64","486011","0.0-64.0","gfb45","berru-yilmaz@hotmail.com","Berru Ayşe Yılmaz","b","","A04","büyüktür","{""Q0"":""küçüktür""}"
"17087","","survey-multi-choice","65","503111","0.0-65.0","gfb45","berru-yilmaz@hotmail.com","Berru Ayşe Yılmaz","b","","F13","null","{""Q0"":""Sevinir""}"
"3636","","survey-multi-choice","66","506758","0.0-66.0","gfb45","berru-yilmaz@hotmail.com","Berru Ayşe Yılmaz","b","","Q13","Kars","{""Q0"":""Kars""}"
"1582","","survey-multi-choice","67","508350","0.0-67.0","gfb45","berru-yilmaz@hotmail.com","Berru Ayşe Yılmaz","b","","A13","küçüktür","{""Q0"":""küçüktür""}"
"4515","","survey-multi-choice","68","512874","0.0-68.0","gfb45","berru-yilmaz@hotmail.com","Berru Ayşe Yılmaz","b","","F17","null","{""Q0"":""Sevinir""}"
"2220.000000000058","","survey-multi-choice","69","515110","0.0-69.0","gfb45","berru-yilmaz@hotmail.com","Berru Ayşe Yılmaz","b","","Q17","Öğle yemeği","{""Q0"":""Akşam yemeği""}"
"1851","","survey-multi-choice","70","516972","0.0-70.0","gfb45","berru-yilmaz@hotmail.com","Berru Ayşe Yılmaz","b","","A07","küçüktür","{""Q0"":""büyüktür""}"
"44395","","survey-multi-choice","71","561376","0.0-71.0","gfb45","berru-yilmaz@hotmail.com","Berru Ayşe Yılmaz","b","","F21","null","{""Q0"":""Üzülür""}"
"2190","","survey-multi-choice","72","563578","0.0-72.0","gfb45","berru-yilmaz@hotmail.com","Berru Ayşe Yılmaz","b","","Q21","Odun","{""Q0"":""Odun""}"
"3563","","survey-multi-choice","73","567153","0.0-73.0","gfb45","berru-yilmaz@hotmail.com","Berru Ayşe Yılmaz","b","","A17","küçüktür","{""Q0"":""küçüktür""}"
