"rt","url","trial_type","trial_index","time_elapsed","internal_node_id","subject","subject_email","subject_name","group","view_history","id","correct","responses"
"20882.300000000003","resources/welcome.html","external-html","0","20891","0.0-0.0","jykt5","caglar.fatmaa@outlook.com","Fatma Çağlar","b","","","",""
"1479","","instructions","1","22374","0.0-1.0","jykt5","caglar.fatmaa@outlook.com","Fatma Çağlar","b","[{""page_index"":0,""viewing_time"":1471.300000000003}]","","",""
"31291.800000000007","","survey-multi-choice","2","53672","0.0-2.0","jykt5","caglar.fatmaa@outlook.com","Fatma Çağlar","b","","F17","null","{""Q0"":""Üzülür""}"
"3802.5","","survey-multi-choice","3","57483","0.0-3.0","jykt5","caglar.fatmaa@outlook.com","Fatma Çağlar","b","","Q17","Öğle yemeği","{""Q0"":""Akşam yemeği""}"
"12183.600000000006","","survey-multi-choice","4","69679","0.0-4.0","jykt5","caglar.fatmaa@outlook.com","Fatma Çağlar","b","","A10","büyüktür","{""Q0"":""büyüktür""}"
"8352.199999999997","","survey-multi-choice","5","78038","0.0-5.0","jykt5","caglar.fatmaa@outlook.com","Fatma Çağlar","b","","F15","null","{""Q0"":""Üzülür""}"
"3605.199999999997","","survey-multi-choice","6","81650","0.0-6.0","jykt5","caglar.fatmaa@outlook.com","Fatma Çağlar","b","","Q15","Altı","{""Q0"":""Altı""}"
"9303.599999999991","","survey-multi-choice","7","90959","0.0-7.0","jykt5","caglar.fatmaa@outlook.com","Fatma Çağlar","b","","A01","küçüktür","{""Q0"":""küçüktür""}"
"11703.900000000009","","survey-multi-choice","8","102670","0.0-8.0","jykt5","caglar.fatmaa@outlook.com","Fatma Çağlar","b","","F12","null","{""Q0"":""Sevinir""}"
"3659.5","","survey-multi-choice","9","106337","0.0-9.0","jykt5","caglar.fatmaa@outlook.com","Fatma Çağlar","b","","Q12","Para biriktirmek","{""Q0"":""Para biriktirmek""}"
"10374.799999999988","","survey-multi-choice","10","116719","0.0-10.0","jykt5","caglar.fatmaa@outlook.com","Fatma Çağlar","b","","A16","küçüktür","{""Q0"":""küçüktür""}"
"21858.40000000001","","survey-multi-choice","11","138586","0.0-11.0","jykt5","caglar.fatmaa@outlook.com","Fatma Çağlar","b","","C02","null","{""Q0"":""Üzülür""}"
"4462.799999999988","","survey-multi-choice","12","143054","0.0-12.0","jykt5","caglar.fatmaa@outlook.com","Fatma Çağlar","b","","Q02","Oyuncak bebek","{""Q0"":""Oyuncak bebek""}"
"3275","","survey-multi-choice","13","146336","0.0-13.0","jykt5","caglar.fatmaa@outlook.com","Fatma Çağlar","b","","A13","küçüktür","{""Q0"":""büyüktür""}"
"12267.399999999994","","survey-multi-choice","14","158608","0.0-14.0","jykt5","caglar.fatmaa@outlook.com","Fatma Çağlar","b","","F13","null","{""Q0"":""Sevinir""}"
"4426.8000000000175","","survey-multi-choice","15","163042","0.0-15.0","jykt5","caglar.fatmaa@outlook.com","Fatma Çağlar","b","","Q13","Kars","{""Q0"":""Kars""}"
"2584.100000000006","","survey-multi-choice","16","165632","0.0-16.0","jykt5","caglar.fatmaa@outlook.com","Fatma Çağlar","b","","A12","büyüktür","{""Q0"":""büyüktür""}"
"6035.199999999953","","survey-multi-choice","17","171672","0.0-17.0","jykt5","caglar.fatmaa@outlook.com","Fatma Çağlar","b","","F07","null","{""Q0"":""Sevinir""}"
"5219.5","","survey-multi-choice","18","176897","0.0-18.0","jykt5","caglar.fatmaa@outlook.com","Fatma Çağlar","b","","Q07","Kardan adam","{""Q0"":""Kardan adam""}"
"3901.7000000000116","","survey-multi-choice","19","180804","0.0-19.0","jykt5","caglar.fatmaa@outlook.com","Fatma Çağlar","b","","A18","büyüktür","{""Q0"":""küçüktür""}"
"13976.900000000023","","survey-multi-choice","20","194788","0.0-20.0","jykt5","caglar.fatmaa@outlook.com","Fatma Çağlar","b","","C03","null","{""Q0"":""Sevinir""}"
"8080.3000000000175","","survey-multi-choice","21","202874","0.0-21.0","jykt5","caglar.fatmaa@outlook.com","Fatma Çağlar","b","","Q03","Ofis","{""Q0"":""Ofis""}"
"24286.600000000035","","survey-multi-choice","22","227168","0.0-22.0","jykt5","caglar.fatmaa@outlook.com","Fatma Çağlar","b","","A07","küçüktür","{""Q0"":""küçüktür""}"
"6650.100000000006","","survey-multi-choice","23","233826","0.0-23.0","jykt5","caglar.fatmaa@outlook.com","Fatma Çağlar","b","","F22","null","{""Q0"":""Sevinir""}"
"3649.999999999971","","survey-multi-choice","24","237483","0.0-24.0","jykt5","caglar.fatmaa@outlook.com","Fatma Çağlar","b","","Q22","Yoğun","{""Q0"":""Yoğun""}"
"8816.700000000012","","survey-multi-choice","25","246306","0.0-25.0","jykt5","caglar.fatmaa@outlook.com","Fatma Çağlar","b","","A14","büyüktür","{""Q0"":""büyüktür""}"
"7835.8000000000175","","survey-multi-choice","26","254147","0.0-26.0","jykt5","caglar.fatmaa@outlook.com","Fatma Çağlar","b","","F08","null","{""Q0"":""Üzülür""}"
"6057.299999999988","","survey-multi-choice","27","260212","0.0-27.0","jykt5","caglar.fatmaa@outlook.com","Fatma Çağlar","b","","Q08","Tenis","{""Q0"":""Tenis""}"
"10021.399999999965","","survey-multi-choice","28","270242","0.0-28.0","jykt5","caglar.fatmaa@outlook.com","Fatma Çağlar","b","","A11","büyüktür","{""Q0"":""büyüktür""}"
"10099.399999999965","","survey-multi-choice","29","280348","0.0-29.0","jykt5","caglar.fatmaa@outlook.com","Fatma Çağlar","b","","F09","null","{""Q0"":""Sevinir""}"
"3611.2000000000116","","survey-multi-choice","30","283964","0.0-30.0","jykt5","caglar.fatmaa@outlook.com","Fatma Çağlar","b","","Q09","Yemekhane","{""Q0"":""Yemekhane""}"
"9570.200000000012","","survey-multi-choice","31","293542","0.0-31.0","jykt5","caglar.fatmaa@outlook.com","Fatma Çağlar","b","","A09","küçüktür","{""Q0"":""küçüktür""}"
"10717.900000000023","","survey-multi-choice","32","304267","0.0-32.0","jykt5","caglar.fatmaa@outlook.com","Fatma Çağlar","b","","C04","null","{""Q0"":""Üzülür""}"
"2862.5","","survey-multi-choice","33","307140","0.0-33.0","jykt5","caglar.fatmaa@outlook.com","Fatma Çağlar","b","","Q04","Kamp","{""Q0"":""Kamp""}"
"9035.900000000023","","survey-multi-choice","34","316183","0.0-34.0","jykt5","caglar.fatmaa@outlook.com","Fatma Çağlar","b","","A17","küçüktür","{""Q0"":""küçüktür""}"
"10094.299999999988","","survey-multi-choice","35","326285","0.0-35.0","jykt5","caglar.fatmaa@outlook.com","Fatma Çağlar","b","","F18","null","{""Q0"":""Sevinir""}"
"3102.3000000000466","","survey-multi-choice","36","329395","0.0-36.0","jykt5","caglar.fatmaa@outlook.com","Fatma Çağlar","b","","Q18","Çilek","{""Q0"":""Çilek""}"
"27648","","survey-multi-choice","37","357048","0.0-37.0","jykt5","caglar.fatmaa@outlook.com","Fatma Çağlar","b","","A23","büyüktür","{""Q0"":""büyüktür""}"
"7944.700000000012","","survey-multi-choice","38","364999","0.0-38.0","jykt5","caglar.fatmaa@outlook.com","Fatma Çağlar","b","","F11","null","{""Q0"":""Üzülür""}"
"2707.899999999965","","survey-multi-choice","39","367716","0.0-39.0","jykt5","caglar.fatmaa@outlook.com","Fatma Çağlar","b","","Q11","Ayakkabı","{""Q0"":""Ayakkabı""}"
"3970.2999999999884","","survey-multi-choice","40","371691","0.0-40.0","jykt5","caglar.fatmaa@outlook.com","Fatma Çağlar","b","","A22","küçüktür","{""Q0"":""büyüktür""}"
"7162.700000000012","","survey-multi-choice","41","378860","0.0-41.0","jykt5","caglar.fatmaa@outlook.com","Fatma Çağlar","b","","F23","null","{""Q0"":""Üzülür""}"
"3801.9000000000233","","survey-multi-choice","42","382669","0.0-42.0","jykt5","caglar.fatmaa@outlook.com","Fatma Çağlar","b","","Q23","Çarpışan arabalar","{""Q0"":""Çarpışan arabalar""}"
"14835.299999999988","","survey-multi-choice","43","397511","0.0-43.0","jykt5","caglar.fatmaa@outlook.com","Fatma Çağlar","b","","A04","büyüktür","{""Q0"":""büyüktür""}"
"7566.599999999977","","survey-multi-choice","44","405090","0.0-44.0","jykt5","caglar.fatmaa@outlook.com","Fatma Çağlar","b","","C06","null","{""Q0"":""Sevinir""}"
"3892.999999999942","","survey-multi-choice","45","408990","0.0-45.0","jykt5","caglar.fatmaa@outlook.com","Fatma Çağlar","b","","Q06","Müdür","{""Q0"":""Müdür""}"
"3136.2999999999884","","survey-multi-choice","46","412133","0.0-46.0","jykt5","caglar.fatmaa@outlook.com","Fatma Çağlar","b","","A24","büyüktür","{""Q0"":""küçüktür""}"
"7405.599999999977","","survey-multi-choice","47","419546","0.0-47.0","jykt5","caglar.fatmaa@outlook.com","Fatma Çağlar","b","","F21","null","{""Q0"":""Üzülür""}"
"2857.999999999942","","survey-multi-choice","48","422414","0.0-48.0","jykt5","caglar.fatmaa@outlook.com","Fatma Çağlar","b","","Q21","Odun","{""Q0"":""Odun""}"
"5088.399999999965","","survey-multi-choice","49","427510","0.0-49.0","jykt5","caglar.fatmaa@outlook.com","Fatma Çağlar","b","","A15","büyüktür","{""Q0"":""küçüktür""}"
"6727.400000000023","","survey-multi-choice","50","434244","0.0-50.0","jykt5","caglar.fatmaa@outlook.com","Fatma Çağlar","b","","F20","null","{""Q0"":""Sevinir""}"
"2911.499999999942","","survey-multi-choice","51","437160","0.0-51.0","jykt5","caglar.fatmaa@outlook.com","Fatma Çağlar","b","","Q20","Piyango bileti","{""Q0"":""Piyango bileti""}"
"7049.700000000012","","survey-multi-choice","52","444221","0.0-52.0","jykt5","caglar.fatmaa@outlook.com","Fatma Çağlar","b","","A05","küçüktür","{""Q0"":""büyüktür""}"
"28217.399999999965","","survey-multi-choice","53","472443","0.0-53.0","jykt5","caglar.fatmaa@outlook.com","Fatma Çağlar","b","","C05","null","{""Q0"":""Sevinir""}"
"2814.8000000000466","","survey-multi-choice","54","475263","0.0-54.0","jykt5","caglar.fatmaa@outlook.com","Fatma Çağlar","b","","Q05","Matematik","{""Q0"":""Matematik""}"
"9363.700000000012","","survey-multi-choice","55","484634","0.0-55.0","jykt5","caglar.fatmaa@outlook.com","Fatma Çağlar","b","","A06","büyüktür","{""Q0"":""büyüktür""}"
"10845.5","","survey-multi-choice","56","495493","0.0-56.0","jykt5","caglar.fatmaa@outlook.com","Fatma Çağlar","b","","F10","null","{""Q0"":""Sevinir""}"
"4911.399999999965","","survey-multi-choice","57","500414","0.0-57.0","jykt5","caglar.fatmaa@outlook.com","Fatma Çağlar","b","","Q10","Yüksek lisans","{""Q0"":""Yüksek lisans""}"
"4445.900000000023","","survey-multi-choice","58","504868","0.0-58.0","jykt5","caglar.fatmaa@outlook.com","Fatma Çağlar","b","","A02","küçüktür","{""Q0"":""küçüktür""}"
"7560.999999999942","","survey-multi-choice","59","512437","0.0-59.0","jykt5","caglar.fatmaa@outlook.com","Fatma Çağlar","b","","F16","null","{""Q0"":""Sevinir""}"
"4070.000000000058","","survey-multi-choice","60","516515","0.0-60.0","jykt5","caglar.fatmaa@outlook.com","Fatma Çağlar","b","","Q16","Kafe","{""Q0"":""Kafe""}"
"4772.799999999988","","survey-multi-choice","61","521297","0.0-61.0","jykt5","caglar.fatmaa@outlook.com","Fatma Çağlar","b","","A19","büyüktür","{""Q0"":""büyüktür""}"
"9720.299999999872","","survey-multi-choice","62","531022","0.0-62.0","jykt5","caglar.fatmaa@outlook.com","Fatma Çağlar","b","","C01","null","{""Q0"":""Sevinir""}"
"4976.20000000007","","survey-multi-choice","63","536006","0.0-63.0","jykt5","caglar.fatmaa@outlook.com","Fatma Çağlar","b","","Q01","Arda","{""Q0"":""Arda""}"
"6283.79999999993","","survey-multi-choice","64","542295","0.0-64.0","jykt5","caglar.fatmaa@outlook.com","Fatma Çağlar","b","","A03","küçüktür","{""Q0"":""küçüktür""}"
"7758.5","","survey-multi-choice","65","550060","0.0-65.0","jykt5","caglar.fatmaa@outlook.com","Fatma Çağlar","b","","F19","null","{""Q0"":""Üzülür""}"
"3186.9000000001397","","survey-multi-choice","66","553252","0.0-66.0","jykt5","caglar.fatmaa@outlook.com","Fatma Çağlar","b","","Q19","Fizik","{""Q0"":""Matematik""}"
"4942.300000000047","","survey-multi-choice","67","558202","0.0-67.0","jykt5","caglar.fatmaa@outlook.com","Fatma Çağlar","b","","A20","küçüktür","{""Q0"":""küçüktür""}"
"11535.800000000047","","survey-multi-choice","68","569748","0.0-68.0","jykt5","caglar.fatmaa@outlook.com","Fatma Çağlar","b","","F14","null","{""Q0"":""Sevinir""}"
"7475.5","","survey-multi-choice","69","577231","0.0-69.0","jykt5","caglar.fatmaa@outlook.com","Fatma Çağlar","b","","Q14","Birinci","{""Q0"":""İkinci""}"
"3914","","survey-multi-choice","70","581150","0.0-70.0","jykt5","caglar.fatmaa@outlook.com","Fatma Çağlar","b","","A21","büyüktür","{""Q0"":""küçüktür""}"
"6838.09999999986","","survey-multi-choice","71","587995","0.0-71.0","jykt5","caglar.fatmaa@outlook.com","Fatma Çağlar","b","","F24","null","{""Q0"":""Üzülür""}"
"2443.79999999993","","survey-multi-choice","72","590445","0.0-72.0","jykt5","caglar.fatmaa@outlook.com","Fatma Çağlar","b","","Q24","Tokyo","{""Q0"":""Tokyo""}"
"4168.199999999953","","survey-multi-choice","73","594620","0.0-73.0","jykt5","caglar.fatmaa@outlook.com","Fatma Çağlar","b","","A08","küçüktür","{""Q0"":""küçüktür""}"
