"rt","url","trial_type","trial_index","time_elapsed","internal_node_id","subject","subject_email","subject_name","group","view_history","id","correct","responses"
"59749.00000000001","resources/welcome.html","external-html","0","59775","0.0-0.0","2z4bv","nakpunar","Nurettin Can Akpunar","z","","","",""
"26649","","instructions","1","86428","0.0-1.0","2z4bv","nakpunar","Nurettin Can Akpunar","z","[{""page_index"":0,""viewing_time"":26647}]","","",""
"23834","","survey-multi-choice","2","110268","0.0-2.0","2z4bv","nakpunar","Nurettin Can Akpunar","z","","F24","null","{""Q0"":""Sevinir""}"
"5807","","survey-multi-choice","3","116082","0.0-3.0","2z4bv","nakpunar","Nurettin Can Akpunar","z","","Q24","Tokyo","{""Q0"":""Tokyo""}"
"15776","","survey-multi-choice","4","131864","0.0-4.0","2z4bv","nakpunar","Nurettin Can Akpunar","z","","A13","küçüktür","{""Q0"":""küçüktür""}"
"14499","","survey-multi-choice","5","146367","0.0-5.0","2z4bv","nakpunar","Nurettin Can Akpunar","z","","F10","null","{""Q0"":""Sevinir""}"
"3387","","survey-multi-choice","6","149761","0.0-6.0","2z4bv","nakpunar","Nurettin Can Akpunar","z","","Q10","Yüksek lisans","{""Q0"":""Yüksek lisans""}"
"6994","","survey-multi-choice","7","156760","0.0-7.0","2z4bv","nakpunar","Nurettin Can Akpunar","z","","A06","büyüktür","{""Q0"":""büyüktür""}"
"10102","","survey-multi-choice","8","166868","0.0-8.0","2z4bv","nakpunar","Nurettin Can Akpunar","z","","F09","null","{""Q0"":""Sevinir""}"
"4244","","survey-multi-choice","9","171118","0.0-9.0","2z4bv","nakpunar","Nurettin Can Akpunar","z","","Q09","Yemekhane","{""Q0"":""Yemekhane""}"
"11494","","survey-multi-choice","10","182618","0.0-10.0","2z4bv","nakpunar","Nurettin Can Akpunar","z","","A20","küçüktür","{""Q0"":""küçüktür""}"
"14163","","survey-multi-choice","11","196786","0.0-11.0","2z4bv","nakpunar","Nurettin Can Akpunar","z","","C01","null","{""Q0"":""Üzülür""}"
"5140","","survey-multi-choice","12","201933","0.0-12.0","2z4bv","nakpunar","Nurettin Can Akpunar","z","","Q01","Arda","{""Q0"":""Arda""}"
"8066","","survey-multi-choice","13","210005","0.0-13.0","2z4bv","nakpunar","Nurettin Can Akpunar","z","","A18","büyüktür","{""Q0"":""büyüktür""}"
"10307","","survey-multi-choice","14","220318","0.0-14.0","2z4bv","nakpunar","Nurettin Can Akpunar","z","","F23","null","{""Q0"":""Üzülür""}"
"2981","","survey-multi-choice","15","223306","0.0-15.0","2z4bv","nakpunar","Nurettin Can Akpunar","z","","Q23","Çarpışan arabalar","{""Q0"":""Çarpışan arabalar""}"
"7326.000000000029","","survey-multi-choice","16","230638","0.0-16.0","2z4bv","nakpunar","Nurettin Can Akpunar","z","","A23","büyüktür","{""Q0"":""büyüktür""}"
"10109","","survey-multi-choice","17","240752","0.0-17.0","2z4bv","nakpunar","Nurettin Can Akpunar","z","","F21","null","{""Q0"":""Üzülür""}"
"2732","","survey-multi-choice","18","243490","0.0-18.0","2z4bv","nakpunar","Nurettin Can Akpunar","z","","Q21","Odun","{""Q0"":""Odun""}"
"6542.999999999971","","survey-multi-choice","19","250038","0.0-19.0","2z4bv","nakpunar","Nurettin Can Akpunar","z","","A17","küçüktür","{""Q0"":""küçüktür""}"
"8068.999999999971","","survey-multi-choice","20","258112","0.0-20.0","2z4bv","nakpunar","Nurettin Can Akpunar","z","","C03","null","{""Q0"":""Üzülür""}"
"6439.000000000029","","survey-multi-choice","21","264557","0.0-21.0","2z4bv","nakpunar","Nurettin Can Akpunar","z","","Q03","Ofis","{""Q0"":""Ofis""}"
"11964","","survey-multi-choice","22","276526","0.0-22.0","2z4bv","nakpunar","Nurettin Can Akpunar","z","","A08","küçüktür","{""Q0"":""küçüktür""}"
"10100","","survey-multi-choice","23","286628","0.0-23.0","2z4bv","nakpunar","Nurettin Can Akpunar","z","","F13","null","{""Q0"":""Üzülür""}"
"2456","","survey-multi-choice","24","289090","0.0-24.0","2z4bv","nakpunar","Nurettin Can Akpunar","z","","Q13","Kars","{""Q0"":""Kars""}"
"4280","","survey-multi-choice","25","293376","0.0-25.0","2z4bv","nakpunar","Nurettin Can Akpunar","z","","A19","büyüktür","{""Q0"":""büyüktür""}"
"12041","","survey-multi-choice","26","305422","0.0-26.0","2z4bv","nakpunar","Nurettin Can Akpunar","z","","F15","null","{""Q0"":""Sevinir""}"
"3633","","survey-multi-choice","27","309060","0.0-27.0","2z4bv","nakpunar","Nurettin Can Akpunar","z","","Q15","Altı","{""Q0"":""Altı""}"
"8643","","survey-multi-choice","28","317710","0.0-28.0","2z4bv","nakpunar","Nurettin Can Akpunar","z","","A12","büyüktür","{""Q0"":""büyüktür""}"
"6440","","survey-multi-choice","29","324155","0.0-29.0","2z4bv","nakpunar","Nurettin Can Akpunar","z","","F22","null","{""Q0"":""Sevinir""}"
"3267","","survey-multi-choice","30","327429","0.0-30.0","2z4bv","nakpunar","Nurettin Can Akpunar","z","","Q22","Yoğun","{""Q0"":""Yoğun""}"
"19009.00000000006","","survey-multi-choice","31","346446","0.0-31.0","2z4bv","nakpunar","Nurettin Can Akpunar","z","","A02","küçüktür","{""Q0"":""küçüktür""}"
"8477","","survey-multi-choice","32","354928","0.0-32.0","2z4bv","nakpunar","Nurettin Can Akpunar","z","","C02","null","{""Q0"":""Sevinir""}"
"2826.000000000058","","survey-multi-choice","33","357760","0.0-33.0","2z4bv","nakpunar","Nurettin Can Akpunar","z","","Q02","Oyuncak bebek","{""Q0"":""Oyuncak bebek""}"
"11395","","survey-multi-choice","34","369160","0.0-34.0","2z4bv","nakpunar","Nurettin Can Akpunar","z","","A15","büyüktür","{""Q0"":""büyüktür""}"
"14381","","survey-multi-choice","35","383547","0.0-35.0","2z4bv","nakpunar","Nurettin Can Akpunar","z","","F17","null","{""Q0"":""Sevinir""}"
"3626","","survey-multi-choice","36","387180","0.0-36.0","2z4bv","nakpunar","Nurettin Can Akpunar","z","","Q17","Öğle yemeği","{""Q0"":""Akşam yemeği""}"
"16230","","survey-multi-choice","37","403416","0.0-37.0","2z4bv","nakpunar","Nurettin Can Akpunar","z","","A05","küçüktür","{""Q0"":""küçüktür""}"
"7858.999999999942","","survey-multi-choice","38","411280","0.0-38.0","2z4bv","nakpunar","Nurettin Can Akpunar","z","","F18","null","{""Q0"":""Sevinir""}"
"2485","","survey-multi-choice","39","413771","0.0-39.0","2z4bv","nakpunar","Nurettin Can Akpunar","z","","Q18","Çilek","{""Q0"":""Çilek""}"
"11325","","survey-multi-choice","40","425098","0.0-40.0","2z4bv","nakpunar","Nurettin Can Akpunar","z","","A11","büyüktür","{""Q0"":""büyüktür""}"
"9313","","survey-multi-choice","41","434417","0.0-41.0","2z4bv","nakpunar","Nurettin Can Akpunar","z","","F07","null","{""Q0"":""Üzülür""}"
"3745","","survey-multi-choice","42","438168","0.0-42.0","2z4bv","nakpunar","Nurettin Can Akpunar","z","","Q07","Kardan adam","{""Q0"":""Kardan adam""}"
"14144","","survey-multi-choice","43","452317","0.0-43.0","2z4bv","nakpunar","Nurettin Can Akpunar","z","","A01","küçüktür","{""Q0"":""küçüktür""}"
"14645","","survey-multi-choice","44","466968","0.0-44.0","2z4bv","nakpunar","Nurettin Can Akpunar","z","","C04","null","{""Q0"":""Sevinir""}"
"2524.999999999942","","survey-multi-choice","45","469499","0.0-45.0","2z4bv","nakpunar","Nurettin Can Akpunar","z","","Q04","Kamp","{""Q0"":""Kamp""}"
"6881.999999999942","","survey-multi-choice","46","476387","0.0-46.0","2z4bv","nakpunar","Nurettin Can Akpunar","z","","A14","büyüktür","{""Q0"":""büyüktür""}"
"12577","","survey-multi-choice","47","488969","0.0-47.0","2z4bv","nakpunar","Nurettin Can Akpunar","z","","F12","null","{""Q0"":""Sevinir""}"
"2927","","survey-multi-choice","48","491902","0.0-48.0","2z4bv","nakpunar","Nurettin Can Akpunar","z","","Q12","Para biriktirmek","{""Q0"":""Para biriktirmek""}"
"10779","","survey-multi-choice","49","502688","0.0-49.0","2z4bv","nakpunar","Nurettin Can Akpunar","z","","A03","küçüktür","{""Q0"":""küçüktür""}"
"11145.000000000058","","survey-multi-choice","50","513838","0.0-50.0","2z4bv","nakpunar","Nurettin Can Akpunar","z","","F08","null","{""Q0"":""Üzülür""}"
"11457.999999999942","","survey-multi-choice","51","525302","0.0-51.0","2z4bv","nakpunar","Nurettin Can Akpunar","z","","Q08","Tenis","{""Q0"":""Basketbol""}"
"9332","","survey-multi-choice","52","534639","0.0-52.0","2z4bv","nakpunar","Nurettin Can Akpunar","z","","A09","küçüktür","{""Q0"":""küçüktür""}"
"7128","","survey-multi-choice","53","541774","0.0-53.0","2z4bv","nakpunar","Nurettin Can Akpunar","z","","C06","null","{""Q0"":""Üzülür""}"
"5228","","survey-multi-choice","54","547008","0.0-54.0","2z4bv","nakpunar","Nurettin Can Akpunar","z","","Q06","Müdür","{""Q0"":""Müdür""}"
"10911","","survey-multi-choice","55","557925","0.0-55.0","2z4bv","nakpunar","Nurettin Can Akpunar","z","","A21","büyüktür","{""Q0"":""büyüktür""}"
"12158","","survey-multi-choice","56","570089","0.0-56.0","2z4bv","nakpunar","Nurettin Can Akpunar","z","","F14","null","{""Q0"":""Üzülür""}"
"2930","","survey-multi-choice","57","573026","0.0-57.0","2z4bv","nakpunar","Nurettin Can Akpunar","z","","Q14","Birinci","{""Q0"":""İkinci""}"
"8845","","survey-multi-choice","58","581876","0.0-58.0","2z4bv","nakpunar","Nurettin Can Akpunar","z","","A16","küçüktür","{""Q0"":""küçüktür""}"
"8111","","survey-multi-choice","59","589993","0.0-59.0","2z4bv","nakpunar","Nurettin Can Akpunar","z","","F19","null","{""Q0"":""Üzülür""}"
"2593.0000000001164","","survey-multi-choice","60","592593","0.0-60.0","2z4bv","nakpunar","Nurettin Can Akpunar","z","","Q19","Fizik","{""Q0"":""Fizik""}"
"10027","","survey-multi-choice","61","602627","0.0-61.0","2z4bv","nakpunar","Nurettin Can Akpunar","z","","A07","küçüktür","{""Q0"":""küçüktür""}"
"13779","","survey-multi-choice","62","616412","0.0-62.0","2z4bv","nakpunar","Nurettin Can Akpunar","z","","C05","null","{""Q0"":""Üzülür""}"
"3278","","survey-multi-choice","63","619696","0.0-63.0","2z4bv","nakpunar","Nurettin Can Akpunar","z","","Q05","Matematik","{""Q0"":""Matematik""}"
"22895","","survey-multi-choice","64","642596","0.0-64.0","2z4bv","nakpunar","Nurettin Can Akpunar","z","","A04","büyüktür","{""Q0"":""büyüktür""}"
"7377","","survey-multi-choice","65","649978","0.0-65.0","2z4bv","nakpunar","Nurettin Can Akpunar","z","","F20","null","{""Q0"":""Üzülür""}"
"2577","","survey-multi-choice","66","652562","0.0-66.0","2z4bv","nakpunar","Nurettin Can Akpunar","z","","Q20","Piyango bileti","{""Q0"":""Piyango bileti""}"
"13129","","survey-multi-choice","67","665697","0.0-67.0","2z4bv","nakpunar","Nurettin Can Akpunar","z","","A10","büyüktür","{""Q0"":""büyüktür""}"
"7736.000000000116","","survey-multi-choice","68","673438","0.0-68.0","2z4bv","nakpunar","Nurettin Can Akpunar","z","","F11","null","{""Q0"":""Üzülür""}"
"2238.0000000001164","","survey-multi-choice","69","675684","0.0-69.0","2z4bv","nakpunar","Nurettin Can Akpunar","z","","Q11","Ayakkabı","{""Q0"":""Ayakkabı""}"
"22743","","survey-multi-choice","70","698433","0.0-70.0","2z4bv","nakpunar","Nurettin Can Akpunar","z","","A24","büyüktür","{""Q0"":""büyüktür""}"
"7395","","survey-multi-choice","71","705835","0.0-71.0","2z4bv","nakpunar","Nurettin Can Akpunar","z","","F16","null","{""Q0"":""Sevinir""}"
"2739","","survey-multi-choice","72","708581","0.0-72.0","2z4bv","nakpunar","Nurettin Can Akpunar","z","","Q16","Kafe","{""Q0"":""Kafe""}"
"16350","","survey-multi-choice","73","724937","0.0-73.0","2z4bv","nakpunar","Nurettin Can Akpunar","z","","A22","küçüktür","{""Q0"":""küçüktür""}"
