"rt","url","trial_type","trial_index","time_elapsed","internal_node_id","subject","subject_email","subject_name","group","view_history","id","correct","responses"
"21998","resources/welcome.html","external-html","0","22007","0.0-0.0","smrpx","nilgulrabia@hotmail.com","Nilgül Rabia Çiğdem","z","","","",""
"2090","","instructions","1","24102","0.0-1.0","smrpx","nilgulrabia@hotmail.com","Nilgül Rabia Çiğdem","z","[{""page_index"":0,""viewing_time"":2088}]","","",""
"10641","","survey-multi-choice","2","34748","0.0-2.0","smrpx","nilgulrabia@hotmail.com","Nilgül Rabia Çiğdem","z","","F12","null","{""Q0"":""Sevinir""}"
"7705","","survey-multi-choice","3","42460","0.0-3.0","smrpx","nilgulrabia@hotmail.com","Nilgül Rabia Çiğdem","z","","Q12","Para biriktirmek","{""Q0"":""Para kazanmak""}"
"10927","","survey-multi-choice","4","53392","0.0-4.0","smrpx","nilgulrabia@hotmail.com","Nilgül Rabia Çiğdem","z","","A03","küçüktür","{""Q0"":""küçüktür""}"
"19968","","survey-multi-choice","5","73365","0.0-5.0","smrpx","nilgulrabia@hotmail.com","Nilgül Rabia Çiğdem","z","","F08","null","{""Q0"":""Üzülür""}"
"6013.000000000015","","survey-multi-choice","6","79384","0.0-6.0","smrpx","nilgulrabia@hotmail.com","Nilgül Rabia Çiğdem","z","","Q08","Tenis","{""Q0"":""Tenis""}"
"8559.999999999985","","survey-multi-choice","7","87950","0.0-7.0","smrpx","nilgulrabia@hotmail.com","Nilgül Rabia Çiğdem","z","","A09","küçüktür","{""Q0"":""büyüktür""}"
"24208.000000000015","","survey-multi-choice","8","112164","0.0-8.0","smrpx","nilgulrabia@hotmail.com","Nilgül Rabia Çiğdem","z","","F13","null","{""Q0"":""Üzülür""}"
"2946.9999999999854","","survey-multi-choice","9","115116","0.0-9.0","smrpx","nilgulrabia@hotmail.com","Nilgül Rabia Çiğdem","z","","Q13","Kars","{""Q0"":""Kars""}"
"5662","","survey-multi-choice","10","120784","0.0-10.0","smrpx","nilgulrabia@hotmail.com","Nilgül Rabia Çiğdem","z","","A04","büyüktür","{""Q0"":""küçüktür""}"
"11844","","survey-multi-choice","11","132633","0.0-11.0","smrpx","nilgulrabia@hotmail.com","Nilgül Rabia Çiğdem","z","","C01","null","{""Q0"":""Üzülür""}"
"3368.000000000029","","survey-multi-choice","12","136008","0.0-12.0","smrpx","nilgulrabia@hotmail.com","Nilgül Rabia Çiğdem","z","","Q01","Arda","{""Q0"":""Arda""}"
"3605.000000000029","","survey-multi-choice","13","139620","0.0-13.0","smrpx","nilgulrabia@hotmail.com","Nilgül Rabia Çiğdem","z","","A12","büyüktür","{""Q0"":""küçüktür""}"
"7175","","survey-multi-choice","14","146800","0.0-14.0","smrpx","nilgulrabia@hotmail.com","Nilgül Rabia Çiğdem","z","","F19","null","{""Q0"":""Üzülür""}"
"4483","","survey-multi-choice","15","151289","0.0-15.0","smrpx","nilgulrabia@hotmail.com","Nilgül Rabia Çiğdem","z","","Q19","Fizik","{""Q0"":""Matematik""}"
"8277.00000000003","","survey-multi-choice","16","159572","0.0-16.0","smrpx","nilgulrabia@hotmail.com","Nilgül Rabia Çiğdem","z","","A14","büyüktür","{""Q0"":""büyüktür""}"
"8246.99999999997","","survey-multi-choice","17","167825","0.0-17.0","smrpx","nilgulrabia@hotmail.com","Nilgül Rabia Çiğdem","z","","F23","null","{""Q0"":""Üzülür""}"
"4890","","survey-multi-choice","18","172722","0.0-18.0","smrpx","nilgulrabia@hotmail.com","Nilgül Rabia Çiğdem","z","","Q23","Çarpışan arabalar","{""Q0"":""Çarpışan arabalar""}"
"7062.999999999971","","survey-multi-choice","19","179790","0.0-19.0","smrpx","nilgulrabia@hotmail.com","Nilgül Rabia Çiğdem","z","","A01","küçüktür","{""Q0"":""büyüktür""}"
"9565","","survey-multi-choice","20","189360","0.0-20.0","smrpx","nilgulrabia@hotmail.com","Nilgül Rabia Çiğdem","z","","C05","null","{""Q0"":""Üzülür""}"
"2874","","survey-multi-choice","21","192242","0.0-21.0","smrpx","nilgulrabia@hotmail.com","Nilgül Rabia Çiğdem","z","","Q05","Matematik","{""Q0"":""Matematik""}"
"4404","","survey-multi-choice","22","196652","0.0-22.0","smrpx","nilgulrabia@hotmail.com","Nilgül Rabia Çiğdem","z","","A11","büyüktür","{""Q0"":""küçüktür""}"
"7753","","survey-multi-choice","23","204410","0.0-23.0","smrpx","nilgulrabia@hotmail.com","Nilgül Rabia Çiğdem","z","","F22","null","{""Q0"":""Sevinir""}"
"3427","","survey-multi-choice","24","207844","0.0-24.0","smrpx","nilgulrabia@hotmail.com","Nilgül Rabia Çiğdem","z","","Q22","Yoğun","{""Q0"":""Yoğun""}"
"5746.000000000029","","survey-multi-choice","25","213596","0.0-25.0","smrpx","nilgulrabia@hotmail.com","Nilgül Rabia Çiğdem","z","","A15","büyüktür","{""Q0"":""büyüktür""}"
"9022","","survey-multi-choice","26","222625","0.0-26.0","smrpx","nilgulrabia@hotmail.com","Nilgül Rabia Çiğdem","z","","F11","null","{""Q0"":""Üzülür""}"
"3601","","survey-multi-choice","27","226230","0.0-27.0","smrpx","nilgulrabia@hotmail.com","Nilgül Rabia Çiğdem","z","","Q11","Ayakkabı","{""Q0"":""Ayakkabı""}"
"9814","","survey-multi-choice","28","236051","0.0-28.0","smrpx","nilgulrabia@hotmail.com","Nilgül Rabia Çiğdem","z","","A08","küçüktür","{""Q0"":""küçüktür""}"
"9968","","survey-multi-choice","29","246030","0.0-29.0","smrpx","nilgulrabia@hotmail.com","Nilgül Rabia Çiğdem","z","","F14","null","{""Q0"":""Sevinir""}"
"3245.999999999971","","survey-multi-choice","30","249283","0.0-30.0","smrpx","nilgulrabia@hotmail.com","Nilgül Rabia Çiğdem","z","","Q14","Birinci","{""Q0"":""İkinci""}"
"4961","","survey-multi-choice","31","254250","0.0-31.0","smrpx","nilgulrabia@hotmail.com","Nilgül Rabia Çiğdem","z","","A24","büyüktür","{""Q0"":""küçüktür""}"
"10864","","survey-multi-choice","32","265119","0.0-32.0","smrpx","nilgulrabia@hotmail.com","Nilgül Rabia Çiğdem","z","","C06","null","{""Q0"":""Sevinir""}"
"8868","","survey-multi-choice","33","273993","0.0-33.0","smrpx","nilgulrabia@hotmail.com","Nilgül Rabia Çiğdem","z","","Q06","Müdür","{""Q0"":""Müdür""}"
"3820","","survey-multi-choice","34","277820","0.0-34.0","smrpx","nilgulrabia@hotmail.com","Nilgül Rabia Çiğdem","z","","A02","küçüktür","{""Q0"":""büyüktür""}"
"10894","","survey-multi-choice","35","288720","0.0-35.0","smrpx","nilgulrabia@hotmail.com","Nilgül Rabia Çiğdem","z","","F17","null","{""Q0"":""Sevinir""}"
"3665","","survey-multi-choice","36","292391","0.0-36.0","smrpx","nilgulrabia@hotmail.com","Nilgül Rabia Çiğdem","z","","Q17","Öğle yemeği","{""Q0"":""Akşam yemeği""}"
"4571","","survey-multi-choice","37","296975","0.0-37.0","smrpx","nilgulrabia@hotmail.com","Nilgül Rabia Çiğdem","z","","A21","büyüktür","{""Q0"":""büyüktür""}"
"9176.000000000058","","survey-multi-choice","38","306158","0.0-38.0","smrpx","nilgulrabia@hotmail.com","Nilgül Rabia Çiğdem","z","","F20","null","{""Q0"":""Sevinir""}"
"3295","","survey-multi-choice","39","309459","0.0-39.0","smrpx","nilgulrabia@hotmail.com","Nilgül Rabia Çiğdem","z","","Q20","Piyango bileti","{""Q0"":""Piyango bileti""}"
"3943.000000000058","","survey-multi-choice","40","313408","0.0-40.0","smrpx","nilgulrabia@hotmail.com","Nilgül Rabia Çiğdem","z","","A10","büyüktür","{""Q0"":""büyüktür""}"
"10831","","survey-multi-choice","41","324244","0.0-41.0","smrpx","nilgulrabia@hotmail.com","Nilgül Rabia Çiğdem","z","","F15","null","{""Q0"":""Üzülür""}"
"4108.000000000058","","survey-multi-choice","42","328359","0.0-42.0","smrpx","nilgulrabia@hotmail.com","Nilgül Rabia Çiğdem","z","","Q15","Altı","{""Q0"":""Altı""}"
"8945","","survey-multi-choice","43","337310","0.0-43.0","smrpx","nilgulrabia@hotmail.com","Nilgül Rabia Çiğdem","z","","A17","küçüktür","{""Q0"":""küçüktür""}"
"10569","","survey-multi-choice","44","347885","0.0-44.0","smrpx","nilgulrabia@hotmail.com","Nilgül Rabia Çiğdem","z","","C03","null","{""Q0"":""Üzülür""}"
"3340","","survey-multi-choice","45","351230","0.0-45.0","smrpx","nilgulrabia@hotmail.com","Nilgül Rabia Çiğdem","z","","Q03","Ofis","{""Q0"":""Ofis""}"
"8094","","survey-multi-choice","46","359330","0.0-46.0","smrpx","nilgulrabia@hotmail.com","Nilgül Rabia Çiğdem","z","","A13","küçüktür","{""Q0"":""küçüktür""}"
"9894.999999999942","","survey-multi-choice","47","369230","0.0-47.0","smrpx","nilgulrabia@hotmail.com","Nilgül Rabia Çiğdem","z","","F21","null","{""Q0"":""Üzülür""}"
"2402","","survey-multi-choice","48","371639","0.0-48.0","smrpx","nilgulrabia@hotmail.com","Nilgül Rabia Çiğdem","z","","Q21","Odun","{""Q0"":""Odun""}"
"3983","","survey-multi-choice","49","375630","0.0-49.0","smrpx","nilgulrabia@hotmail.com","Nilgül Rabia Çiğdem","z","","A07","küçüktür","{""Q0"":""büyüktür""}"
"18501","","survey-multi-choice","50","394137","0.0-50.0","smrpx","nilgulrabia@hotmail.com","Nilgül Rabia Çiğdem","z","","F16","null","{""Q0"":""Sevinir""}"
"2862","","survey-multi-choice","51","397005","0.0-51.0","smrpx","nilgulrabia@hotmail.com","Nilgül Rabia Çiğdem","z","","Q16","Kafe","{""Q0"":""Kafe""}"
"3056.000000000058","","survey-multi-choice","52","400068","0.0-52.0","smrpx","nilgulrabia@hotmail.com","Nilgül Rabia Çiğdem","z","","A22","küçüktür","{""Q0"":""büyüktür""}"
"11168","","survey-multi-choice","53","411243","0.0-53.0","smrpx","nilgulrabia@hotmail.com","Nilgül Rabia Çiğdem","z","","C02","null","{""Q0"":""Sevinir""}"
"4109.000000000058","","survey-multi-choice","54","415359","0.0-54.0","smrpx","nilgulrabia@hotmail.com","Nilgül Rabia Çiğdem","z","","Q02","Oyuncak bebek","{""Q0"":""Oyuncak bebek""}"
"4155.000000000058","","survey-multi-choice","55","419520","0.0-55.0","smrpx","nilgulrabia@hotmail.com","Nilgül Rabia Çiğdem","z","","A05","küçüktür","{""Q0"":""küçüktür""}"
"9489.000000000058","","survey-multi-choice","56","429015","0.0-56.0","smrpx","nilgulrabia@hotmail.com","Nilgül Rabia Çiğdem","z","","F18","null","{""Q0"":""Sevinir""}"
"2991","","survey-multi-choice","57","432012","0.0-57.0","smrpx","nilgulrabia@hotmail.com","Nilgül Rabia Çiğdem","z","","Q18","Çilek","{""Q0"":""Çilek""}"
"4899.999999999942","","survey-multi-choice","58","436920","0.0-58.0","smrpx","nilgulrabia@hotmail.com","Nilgül Rabia Çiğdem","z","","A23","büyüktür","{""Q0"":""büyüktür""}"
"12550","","survey-multi-choice","59","449476","0.0-59.0","smrpx","nilgulrabia@hotmail.com","Nilgül Rabia Çiğdem","z","","F10","null","{""Q0"":""Sevinir""}"
"8745","","survey-multi-choice","60","458228","0.0-60.0","smrpx","nilgulrabia@hotmail.com","Nilgül Rabia Çiğdem","z","","Q10","Yüksek lisans","{""Q0"":""Yüksek lisans""}"
"3454.999999999942","","survey-multi-choice","61","461689","0.0-61.0","smrpx","nilgulrabia@hotmail.com","Nilgül Rabia Çiğdem","z","","A19","büyüktür","{""Q0"":""büyüktür""}"
"10869","","survey-multi-choice","62","472564","0.0-62.0","smrpx","nilgulrabia@hotmail.com","Nilgül Rabia Çiğdem","z","","C04","null","{""Q0"":""Sevinir""}"
"2878","","survey-multi-choice","63","475448","0.0-63.0","smrpx","nilgulrabia@hotmail.com","Nilgül Rabia Çiğdem","z","","Q04","Kamp","{""Q0"":""Kamp""}"
"3574","","survey-multi-choice","64","479027","0.0-64.0","smrpx","nilgulrabia@hotmail.com","Nilgül Rabia Çiğdem","z","","A16","küçüktür","{""Q0"":""büyüktür""}"
"10563.000000000058","","survey-multi-choice","65","489597","0.0-65.0","smrpx","nilgulrabia@hotmail.com","Nilgül Rabia Çiğdem","z","","F24","null","{""Q0"":""Sevinir""}"
"3643.999999999942","","survey-multi-choice","66","493247","0.0-66.0","smrpx","nilgulrabia@hotmail.com","Nilgül Rabia Çiğdem","z","","Q24","Tokyo","{""Q0"":""Tokyo""}"
"4226","","survey-multi-choice","67","497479","0.0-67.0","smrpx","nilgulrabia@hotmail.com","Nilgül Rabia Çiğdem","z","","A20","küçüktür","{""Q0"":""küçüktür""}"
"8709","","survey-multi-choice","68","506194","0.0-68.0","smrpx","nilgulrabia@hotmail.com","Nilgül Rabia Çiğdem","z","","F07","null","{""Q0"":""Üzülür""}"
"7118","","survey-multi-choice","69","513317","0.0-69.0","smrpx","nilgulrabia@hotmail.com","Nilgül Rabia Çiğdem","z","","Q07","Kardan adam","{""Q0"":""Kardan adam""}"
"4294","","survey-multi-choice","70","517617","0.0-70.0","smrpx","nilgulrabia@hotmail.com","Nilgül Rabia Çiğdem","z","","A06","büyüktür","{""Q0"":""büyüktür""}"
"8058.000000000175","","survey-multi-choice","71","525681","0.0-71.0","smrpx","nilgulrabia@hotmail.com","Nilgül Rabia Çiğdem","z","","F09","null","{""Q0"":""Sevinir""}"
"2850.0000000001164","","survey-multi-choice","72","528537","0.0-72.0","smrpx","nilgulrabia@hotmail.com","Nilgül Rabia Çiğdem","z","","Q09","Yemekhane","{""Q0"":""Yemekhane""}"
"5011","","survey-multi-choice","73","533553","0.0-73.0","smrpx","nilgulrabia@hotmail.com","Nilgül Rabia Çiğdem","z","","A18","büyüktür","{""Q0"":""büyüktür""}"
