"rt","url","trial_type","trial_index","time_elapsed","internal_node_id","subject","subject_email","subject_name","group","view_history","id","correct","responses"
"36049.20000000857","resources/welcome.html","external-html","0","36146","0.0-0.0","75ooy","mesutturkmennn@gmail.com ","Mesut Türkmen","d","","","",""
"25112.900000007357","","instructions","1","61269","0.0-1.0","75ooy","mesutturkmennn@gmail.com ","Mesut Türkmen","d","[{""page_index"":0,""viewing_time"":25108.500000002095}]","","",""
"18693.799999993644","","survey-multi-choice","2","79980","0.0-2.0","75ooy","mesutturkmennn@gmail.com ","Mesut Türkmen","d","","F24","null","{""Q0"":""Sevinir""}"
"4758.700000005774","","survey-multi-choice","3","84748","0.0-3.0","75ooy","mesutturkmennn@gmail.com ","Mesut Türkmen","d","","Q24","Tokyo","{""Q0"":""Tokyo""}"
"16533.800000004703","","survey-multi-choice","4","101297","0.0-4.0","75ooy","mesutturkmennn@gmail.com ","Mesut Türkmen","d","","A23","büyüktür","{""Q0"":""büyüktür""}"
"10829.100000002654","","survey-multi-choice","5","112142","0.0-5.0","75ooy","mesutturkmennn@gmail.com ","Mesut Türkmen","d","","F10","null","{""Q0"":""Sevinir""}"
"4495.899999994435","","survey-multi-choice","6","116649","0.0-6.0","75ooy","mesutturkmennn@gmail.com ","Mesut Türkmen","d","","Q10","Yüksek lisans","{""Q0"":""Yüksek lisans""}"
"8381.399999998393","","survey-multi-choice","7","125046","0.0-7.0","75ooy","mesutturkmennn@gmail.com ","Mesut Türkmen","d","","A09","küçüktür","{""Q0"":""küçüktür""}"
"17161.999999996624","","survey-multi-choice","8","142215","0.0-8.0","75ooy","mesutturkmennn@gmail.com ","Mesut Türkmen","d","","F19","null","{""Q0"":""Sevinir""}"
"2619.5000000006985","","survey-multi-choice","9","144848","0.0-9.0","75ooy","mesutturkmennn@gmail.com ","Mesut Türkmen","d","","Q19","Fizik","{""Q0"":""Fizik""}"
"17721.099999995204","","survey-multi-choice","10","162587","0.0-10.0","75ooy","mesutturkmennn@gmail.com ","Mesut Türkmen","d","","A20","küçüktür","{""Q0"":""küçüktür""}"
"19667.09999999148","","survey-multi-choice","11","182272","0.0-11.0","75ooy","mesutturkmennn@gmail.com ","Mesut Türkmen","d","","C06","null","{""Q0"":""Üzülür""}"
"4089.399999997113","","survey-multi-choice","12","186377","0.0-12.0","75ooy","mesutturkmennn@gmail.com ","Mesut Türkmen","d","","Q06","Müdür","{""Q0"":""Müdür""}"
"7427.900000009686","","survey-multi-choice","13","193816","0.0-13.0","75ooy","mesutturkmennn@gmail.com ","Mesut Türkmen","d","","A19","büyüktür","{""Q0"":""büyüktür""}"
"6673.399999999674","","survey-multi-choice","14","200505","0.0-14.0","75ooy","mesutturkmennn@gmail.com ","Mesut Türkmen","d","","F23","null","{""Q0"":""Üzülür""}"
"3284.400000004098","","survey-multi-choice","15","203804","0.0-15.0","75ooy","mesutturkmennn@gmail.com ","Mesut Türkmen","d","","Q23","Çarpışan arabalar","{""Q0"":""Çarpışan arabalar""}"
"14636.599999997998","","survey-multi-choice","16","218458","0.0-16.0","75ooy","mesutturkmennn@gmail.com ","Mesut Türkmen","d","","A01","küçüktür","{""Q0"":""küçüktür""}"
"11337.500000008731","","survey-multi-choice","17","229809","0.0-17.0","75ooy","mesutturkmennn@gmail.com ","Mesut Türkmen","d","","F12","null","{""Q0"":""Sevinir""}"
"4562.900000004447","","survey-multi-choice","18","234402","0.0-18.0","75ooy","mesutturkmennn@gmail.com ","Mesut Türkmen","d","","Q12","Para biriktirmek","{""Q0"":""Para biriktirmek""}"
"9091.499999994994","","survey-multi-choice","19","243511","0.0-19.0","75ooy","mesutturkmennn@gmail.com ","Mesut Türkmen","d","","A03","küçüktür","{""Q0"":""küçüktür""}"
"11622.000000003027","","survey-multi-choice","20","255150","0.0-20.0","75ooy","mesutturkmennn@gmail.com ","Mesut Türkmen","d","","C01","null","{""Q0"":""Sevinir""}"
"3101.8000000040047","","survey-multi-choice","21","258268","0.0-21.0","75ooy","mesutturkmennn@gmail.com ","Mesut Türkmen","d","","Q01","Arda","{""Q0"":""Arda""}"
"9590.700000000652","","survey-multi-choice","22","267882","0.0-22.0","75ooy","mesutturkmennn@gmail.com ","Mesut Türkmen","d","","A24","büyüktür","{""Q0"":""küçüktür""}"
"10154.099999999744","","survey-multi-choice","23","278062","0.0-23.0","75ooy","mesutturkmennn@gmail.com ","Mesut Türkmen","d","","F20","null","{""Q0"":""Üzülür""}"
"2739.800000010291","","survey-multi-choice","24","280878","0.0-24.0","75ooy","mesutturkmennn@gmail.com ","Mesut Türkmen","d","","Q20","Piyango bileti","{""Q0"":""Piyango bileti""}"
"22858.09999999765","","survey-multi-choice","25","303751","0.0-25.0","75ooy","mesutturkmennn@gmail.com ","Mesut Türkmen","d","","A21","büyüktür","{""Q0"":""büyüktür""}"
"7608.000000007451","","survey-multi-choice","26","311377","0.0-26.0","75ooy","mesutturkmennn@gmail.com ","Mesut Türkmen","d","","F16","null","{""Q0"":""Sevinir""}"
"2799.1000000038184","","survey-multi-choice","27","314210","0.0-27.0","75ooy","mesutturkmennn@gmail.com ","Mesut Türkmen","d","","Q16","Kafe","{""Q0"":""Kafe""}"
"10455.900000000838","","survey-multi-choice","28","324677","0.0-28.0","75ooy","mesutturkmennn@gmail.com ","Mesut Türkmen","d","","A16","küçüktür","{""Q0"":""küçüktür""}"
"5826.400000005378","","survey-multi-choice","29","330525","0.0-29.0","75ooy","mesutturkmennn@gmail.com ","Mesut Türkmen","d","","F17","null","{""Q0"":""Üzülür""}"
"2923.799999989569","","survey-multi-choice","30","333460","0.0-30.0","75ooy","mesutturkmennn@gmail.com ","Mesut Türkmen","d","","Q17","Öğle yemeği","{""Q0"":""Akşam yemeği""}"
"8285.699999993085","","survey-multi-choice","31","341764","0.0-31.0","75ooy","mesutturkmennn@gmail.com ","Mesut Türkmen","d","","A04","büyüktür","{""Q0"":""küçüktür""}"
"7784.1000000044005","","survey-multi-choice","32","349560","0.0-32.0","75ooy","mesutturkmennn@gmail.com ","Mesut Türkmen","d","","C03","null","{""Q0"":""Üzülür""}"
"5298.2000000047265","","survey-multi-choice","33","354872","0.0-33.0","75ooy","mesutturkmennn@gmail.com ","Mesut Türkmen","d","","Q03","Ofis","{""Q0"":""Ofis""}"
"7686.199999996461","","survey-multi-choice","34","362569","0.0-34.0","75ooy","mesutturkmennn@gmail.com ","Mesut Türkmen","d","","A13","küçüktür","{""Q0"":""küçüktür""}"
"9560.799999992014","","survey-multi-choice","35","372137","0.0-35.0","75ooy","mesutturkmennn@gmail.com ","Mesut Türkmen","d","","F18","null","{""Q0"":""Sevinir""}"
"2564.299999998184","","survey-multi-choice","36","374717","0.0-36.0","75ooy","mesutturkmennn@gmail.com ","Mesut Türkmen","d","","Q18","Çilek","{""Q0"":""Çilek""}"
"10607.300000003306","","survey-multi-choice","37","385337","0.0-37.0","75ooy","mesutturkmennn@gmail.com ","Mesut Türkmen","d","","A02","küçüktür","{""Q0"":""küçüktür""}"
"6863.299999997253","","survey-multi-choice","38","392215","0.0-38.0","75ooy","mesutturkmennn@gmail.com ","Mesut Türkmen","d","","F09","null","{""Q0"":""Sevinir""}"
"3679.199999998673","","survey-multi-choice","39","395911","0.0-39.0","75ooy","mesutturkmennn@gmail.com ","Mesut Türkmen","d","","Q09","Yemekhane","{""Q0"":""Yemekhane""}"
"7591.899999999441","","survey-multi-choice","40","403521","0.0-40.0","75ooy","mesutturkmennn@gmail.com ","Mesut Türkmen","d","","A22","küçüktür","{""Q0"":""küçüktür""}"
"11293.499999999767","","survey-multi-choice","41","414831","0.0-41.0","75ooy","mesutturkmennn@gmail.com ","Mesut Türkmen","d","","F13","null","{""Q0"":""Sevinir""}"
"2151.2999999977183","","survey-multi-choice","42","417006","0.0-42.0","75ooy","mesutturkmennn@gmail.com ","Mesut Türkmen","d","","Q13","Kars","{""Q0"":""Kars""}"
"9987.999999997555","","survey-multi-choice","43","427008","0.0-43.0","75ooy","mesutturkmennn@gmail.com ","Mesut Türkmen","d","","A15","büyüktür","{""Q0"":""küçüktür""}"
"6340.500000005704","","survey-multi-choice","44","433368","0.0-44.0","75ooy","mesutturkmennn@gmail.com ","Mesut Türkmen","d","","C05","null","{""Q0"":""Sevinir""}"
"2531.4000000071246","","survey-multi-choice","45","435915","0.0-45.0","75ooy","mesutturkmennn@gmail.com ","Mesut Türkmen","d","","Q05","Matematik","{""Q0"":""Matematik""}"
"10303.40000000433","","survey-multi-choice","46","446240","0.0-46.0","75ooy","mesutturkmennn@gmail.com ","Mesut Türkmen","d","","A11","büyüktür","{""Q0"":""büyüktür""}"
"9682.100000005448","","survey-multi-choice","47","455946","0.0-47.0","75ooy","mesutturkmennn@gmail.com ","Mesut Türkmen","d","","F08","null","{""Q0"":""Üzülür""}"
"2753.7000000011176","","survey-multi-choice","48","458717","0.0-48.0","75ooy","mesutturkmennn@gmail.com ","Mesut Türkmen","d","","Q08","Tenis","{""Q0"":""Tenis""}"
"13453.200000003562","","survey-multi-choice","49","472185","0.0-49.0","75ooy","mesutturkmennn@gmail.com ","Mesut Türkmen","d","","A10","büyüktür","{""Q0"":""büyüktür""}"
"6097.5000000034925","","survey-multi-choice","50","478298","0.0-50.0","75ooy","mesutturkmennn@gmail.com ","Mesut Türkmen","d","","F11","null","{""Q0"":""Sevinir""}"
"2614.6999999909895","","survey-multi-choice","51","480931","0.0-51.0","75ooy","mesutturkmennn@gmail.com ","Mesut Türkmen","d","","Q11","Ayakkabı","{""Q0"":""Ayakkabı""}"
"12377.299999992829","","survey-multi-choice","52","493326","0.0-52.0","75ooy","mesutturkmennn@gmail.com ","Mesut Türkmen","d","","A07","küçüktür","{""Q0"":""büyüktür""}"
"8885.099999999511","","survey-multi-choice","53","502240","0.0-53.0","75ooy","mesutturkmennn@gmail.com ","Mesut Türkmen","d","","C02","null","{""Q0"":""Sevinir""}"
"2864.900000000489","","survey-multi-choice","54","505122","0.0-54.0","75ooy","mesutturkmennn@gmail.com ","Mesut Türkmen","d","","Q02","Oyuncak bebek","{""Q0"":""Oyuncak bebek""}"
"6209.000000002561","","survey-multi-choice","55","511347","0.0-55.0","75ooy","mesutturkmennn@gmail.com ","Mesut Türkmen","d","","A05","küçüktür","{""Q0"":""küçüktür""}"
"6297.200000000885","","survey-multi-choice","56","517664","0.0-56.0","75ooy","mesutturkmennn@gmail.com ","Mesut Türkmen","d","","F21","null","{""Q0"":""Üzülür""}"
"2577.6000000041677","","survey-multi-choice","57","520257","0.0-57.0","75ooy","mesutturkmennn@gmail.com ","Mesut Türkmen","d","","Q21","Odun","{""Q0"":""Odun""}"
"23936.600000000908","","survey-multi-choice","58","544210","0.0-58.0","75ooy","mesutturkmennn@gmail.com ","Mesut Türkmen","d","","A12","büyüktür","{""Q0"":""büyüktür""}"
"9945.300000006682","","survey-multi-choice","59","554171","0.0-59.0","75ooy","mesutturkmennn@gmail.com ","Mesut Türkmen","d","","F22","null","{""Q0"":""Sevinir""}"
"3279.499999989639","","survey-multi-choice","60","557469","0.0-60.0","75ooy","mesutturkmennn@gmail.com ","Mesut Türkmen","d","","Q22","Yoğun","{""Q0"":""Yoğun""}"
"16052.999999999884","","survey-multi-choice","61","573540","0.0-61.0","75ooy","mesutturkmennn@gmail.com ","Mesut Türkmen","d","","A18","büyüktür","{""Q0"":""büyüktür""}"
"11581.79999999993","","survey-multi-choice","62","585136","0.0-62.0","75ooy","mesutturkmennn@gmail.com ","Mesut Türkmen","d","","C04","null","{""Q0"":""Üzülür""}"
"2904.8000000038883","","survey-multi-choice","63","588065","0.0-63.0","75ooy","mesutturkmennn@gmail.com ","Mesut Türkmen","d","","Q04","Kamp","{""Q0"":""Kamp""}"
"9785.19999999844","","survey-multi-choice","64","597866","0.0-64.0","75ooy","mesutturkmennn@gmail.com ","Mesut Türkmen","d","","A14","büyüktür","{""Q0"":""büyüktür""}"
"11537.299999996321","","survey-multi-choice","65","609415","0.0-65.0","75ooy","mesutturkmennn@gmail.com ","Mesut Türkmen","d","","F14","null","{""Q0"":""Üzülür""}"
"3088.3000000030734","","survey-multi-choice","66","612519","0.0-66.0","75ooy","mesutturkmennn@gmail.com ","Mesut Türkmen","d","","Q14","Birinci","{""Q0"":""İkinci""}"
"10918.20000000007","","survey-multi-choice","67","623460","0.0-67.0","75ooy","mesutturkmennn@gmail.com ","Mesut Türkmen","d","","A08","küçüktür","{""Q0"":""küçüktür""}"
"8716.099999990547","","survey-multi-choice","68","632200","0.0-68.0","75ooy","mesutturkmennn@gmail.com ","Mesut Türkmen","d","","F07","null","{""Q0"":""Sevinir""}"
"9244.599999990896","","survey-multi-choice","69","641485","0.0-69.0","75ooy","mesutturkmennn@gmail.com ","Mesut Türkmen","d","","Q07","Kardan adam","{""Q0"":""Kayak""}"
"6196.199999991222","","survey-multi-choice","70","647696","0.0-70.0","75ooy","mesutturkmennn@gmail.com ","Mesut Türkmen","d","","A06","büyüktür","{""Q0"":""büyüktür""}"
"13477.599999998347","","survey-multi-choice","71","661190","0.0-71.0","75ooy","mesutturkmennn@gmail.com ","Mesut Türkmen","d","","F15","null","{""Q0"":""Sevinir""}"
"11748.300000006566","","survey-multi-choice","72","672966","0.0-72.0","75ooy","mesutturkmennn@gmail.com ","Mesut Türkmen","d","","Q15","Altı","{""Q0"":""Dokuz""}"
"8365.399999995134","","survey-multi-choice","73","681344","0.0-73.0","75ooy","mesutturkmennn@gmail.com ","Mesut Türkmen","d","","A17","küçüktür","{""Q0"":""küçüktür""}"
