"rt","url","trial_type","trial_index","time_elapsed","internal_node_id","subject","subject_email","subject_name","group","view_history","id","correct","responses"
"27423","resources/welcome.html","external-html","0","27447","0.0-0.0","pa833","Busecam99@hotmail.com","Buse Çam","z","","","",""
"1768","","instructions","1","29221","0.0-1.0","pa833","Busecam99@hotmail.com","Buse Çam","z","[{""page_index"":0,""viewing_time"":1766.0000000000036}]","","",""
"19917.000000000007","","survey-multi-choice","2","49147","0.0-2.0","pa833","Busecam99@hotmail.com","Buse Çam","z","","F19","null","{""Q0"":""Sevinir""}"
"3507","","survey-multi-choice","3","52661","0.0-3.0","pa833","Busecam99@hotmail.com","Buse Çam","z","","Q19","Fizik","{""Q0"":""Fizik""}"
"15520","","survey-multi-choice","4","68187","0.0-4.0","pa833","Busecam99@hotmail.com","Buse Çam","z","","A12","büyüktür","{""Q0"":""küçüktür""}"
"10249","","survey-multi-choice","5","78443","0.0-5.0","pa833","Busecam99@hotmail.com","Buse Çam","z","","F20","null","{""Q0"":""Üzülür""}"
"3188","","survey-multi-choice","6","81638","0.0-6.0","pa833","Busecam99@hotmail.com","Buse Çam","z","","Q20","Piyango bileti","{""Q0"":""Piyango bileti""}"
"11813","","survey-multi-choice","7","93455","0.0-7.0","pa833","Busecam99@hotmail.com","Buse Çam","z","","A02","küçüktür","{""Q0"":""büyüktür""}"
"8763","","survey-multi-choice","8","102224","0.0-8.0","pa833","Busecam99@hotmail.com","Buse Çam","z","","F07","null","{""Q0"":""Üzülür""}"
"5989.999999999985","","survey-multi-choice","9","108221","0.0-9.0","pa833","Busecam99@hotmail.com","Buse Çam","z","","Q07","Kardan adam","{""Q0"":""Kardan adam""}"
"4568","","survey-multi-choice","10","112792","0.0-10.0","pa833","Busecam99@hotmail.com","Buse Çam","z","","A08","küçüktür","{""Q0"":""büyüktür""}"
"11278","","survey-multi-choice","11","124076","0.0-11.0","pa833","Busecam99@hotmail.com","Buse Çam","z","","C02","null","{""Q0"":""Sevinir""}"
"4894.000000000015","","survey-multi-choice","12","128976","0.0-12.0","pa833","Busecam99@hotmail.com","Buse Çam","z","","Q02","Oyuncak bebek","{""Q0"":""Oyuncak bebek""}"
"3292.0000000000146","","survey-multi-choice","13","132274","0.0-13.0","pa833","Busecam99@hotmail.com","Buse Çam","z","","A04","büyüktür","{""Q0"":""büyüktür""}"
"8540.00000000003","","survey-multi-choice","14","140821","0.0-14.0","pa833","Busecam99@hotmail.com","Buse Çam","z","","F21","null","{""Q0"":""Üzülür""}"
"3342","","survey-multi-choice","15","144171","0.0-15.0","pa833","Busecam99@hotmail.com","Buse Çam","z","","Q21","Odun","{""Q0"":""Odun""}"
"3487","","survey-multi-choice","16","147663","0.0-16.0","pa833","Busecam99@hotmail.com","Buse Çam","z","","A05","küçüktür","{""Q0"":""küçüktür""}"
"8033","","survey-multi-choice","17","155703","0.0-17.0","pa833","Busecam99@hotmail.com","Buse Çam","z","","F08","null","{""Q0"":""Üzülür""}"
"3762","","survey-multi-choice","18","159470","0.0-18.0","pa833","Busecam99@hotmail.com","Buse Çam","z","","Q08","Tenis","{""Q0"":""Tenis""}"
"2505.000000000029","","survey-multi-choice","19","161982","0.0-19.0","pa833","Busecam99@hotmail.com","Buse Çam","z","","A11","büyüktür","{""Q0"":""küçüktür""}"
"12524.99999999997","","survey-multi-choice","20","174512","0.0-20.0","pa833","Busecam99@hotmail.com","Buse Çam","z","","C05","null","{""Q0"":""Üzülür""}"
"4732","","survey-multi-choice","21","179251","0.0-21.0","pa833","Busecam99@hotmail.com","Buse Çam","z","","Q05","Matematik","{""Q0"":""Fizik""}"
"2411","","survey-multi-choice","22","181667","0.0-22.0","pa833","Busecam99@hotmail.com","Buse Çam","z","","A14","büyüktür","{""Q0"":""büyüktür""}"
"9945","","survey-multi-choice","23","191618","0.0-23.0","pa833","Busecam99@hotmail.com","Buse Çam","z","","F16","null","{""Q0"":""Sevinir""}"
"3111","","survey-multi-choice","24","194734","0.0-24.0","pa833","Busecam99@hotmail.com","Buse Çam","z","","Q16","Kafe","{""Q0"":""Kafe""}"
"2345","","survey-multi-choice","25","197085","0.0-25.0","pa833","Busecam99@hotmail.com","Buse Çam","z","","A23","büyüktür","{""Q0"":""küçüktür""}"
"9248.00000000003","","survey-multi-choice","26","206337","0.0-26.0","pa833","Busecam99@hotmail.com","Buse Çam","z","","F17","null","{""Q0"":""Üzülür""}"
"3682","","survey-multi-choice","27","210021","0.0-27.0","pa833","Busecam99@hotmail.com","Buse Çam","z","","Q17","Öğle yemeği","{""Q0"":""Akşam yemeği""}"
"2158","","survey-multi-choice","28","212186","0.0-28.0","pa833","Busecam99@hotmail.com","Buse Çam","z","","A20","küçüktür","{""Q0"":""küçüktür""}"
"9462","","survey-multi-choice","29","221654","0.0-29.0","pa833","Busecam99@hotmail.com","Buse Çam","z","","F10","null","{""Q0"":""Sevinir""}"
"4647.000000000029","","survey-multi-choice","30","226308","0.0-30.0","pa833","Busecam99@hotmail.com","Buse Çam","z","","Q10","Yüksek lisans","{""Q0"":""Yüksek lisans""}"
"2109","","survey-multi-choice","31","228422","0.0-31.0","pa833","Busecam99@hotmail.com","Buse Çam","z","","A22","küçüktür","{""Q0"":""büyüktür""}"
"9409","","survey-multi-choice","32","237837","0.0-32.0","pa833","Busecam99@hotmail.com","Buse Çam","z","","C03","null","{""Q0"":""Sevinir""}"
"2850","","survey-multi-choice","33","240692","0.0-33.0","pa833","Busecam99@hotmail.com","Buse Çam","z","","Q03","Ofis","{""Q0"":""Ofis""}"
"1925","","survey-multi-choice","34","242623","0.0-34.0","pa833","Busecam99@hotmail.com","Buse Çam","z","","A18","büyüktür","{""Q0"":""küçüktür""}"
"6375","","survey-multi-choice","35","249004","0.0-35.0","pa833","Busecam99@hotmail.com","Buse Çam","z","","F11","null","{""Q0"":""Üzülür""}"
"3341.999999999971","","survey-multi-choice","36","252352","0.0-36.0","pa833","Busecam99@hotmail.com","Buse Çam","z","","Q11","Ayakkabı","{""Q0"":""Ayakkabı""}"
"1963.000000000029","","survey-multi-choice","37","254322","0.0-37.0","pa833","Busecam99@hotmail.com","Buse Çam","z","","A10","büyüktür","{""Q0"":""küçüktür""}"
"7864.000000000058","","survey-multi-choice","38","262197","0.0-38.0","pa833","Busecam99@hotmail.com","Buse Çam","z","","F09","null","{""Q0"":""Sevinir""}"
"3609","","survey-multi-choice","39","265812","0.0-39.0","pa833","Busecam99@hotmail.com","Buse Çam","z","","Q09","Yemekhane","{""Q0"":""Yemekhane""}"
"2177","","survey-multi-choice","40","267994","0.0-40.0","pa833","Busecam99@hotmail.com","Buse Çam","z","","A19","büyüktür","{""Q0"":""küçüktür""}"
"7071","","survey-multi-choice","41","275071","0.0-41.0","pa833","Busecam99@hotmail.com","Buse Çam","z","","F13","null","{""Q0"":""Sevinir""}"
"2603","","survey-multi-choice","42","277681","0.0-42.0","pa833","Busecam99@hotmail.com","Buse Çam","z","","Q13","Kars","{""Q0"":""Kars""}"
"1956","","survey-multi-choice","43","279642","0.0-43.0","pa833","Busecam99@hotmail.com","Buse Çam","z","","A09","küçüktür","{""Q0"":""küçüktür""}"
"5592","","survey-multi-choice","44","285240","0.0-44.0","pa833","Busecam99@hotmail.com","Buse Çam","z","","C06","null","{""Q0"":""Üzülür""}"
"3864","","survey-multi-choice","45","289112","0.0-45.0","pa833","Busecam99@hotmail.com","Buse Çam","z","","Q06","Müdür","{""Q0"":""Müdür""}"
"2080","","survey-multi-choice","46","291198","0.0-46.0","pa833","Busecam99@hotmail.com","Buse Çam","z","","A07","küçüktür","{""Q0"":""büyüktür""}"
"10191","","survey-multi-choice","47","301397","0.0-47.0","pa833","Busecam99@hotmail.com","Buse Çam","z","","F18","null","{""Q0"":""Sevinir""}"
"3529","","survey-multi-choice","48","304932","0.0-48.0","pa833","Busecam99@hotmail.com","Buse Çam","z","","Q18","Çilek","{""Q0"":""Çilek""}"
"2075","","survey-multi-choice","49","307014","0.0-49.0","pa833","Busecam99@hotmail.com","Buse Çam","z","","A16","küçüktür","{""Q0"":""büyüktür""}"
"7798","","survey-multi-choice","50","314818","0.0-50.0","pa833","Busecam99@hotmail.com","Buse Çam","z","","F14","null","{""Q0"":""Sevinir""}"
"4845","","survey-multi-choice","51","319669","0.0-51.0","pa833","Busecam99@hotmail.com","Buse Çam","z","","Q14","Birinci","{""Q0"":""İkinci""}"
"2225","","survey-multi-choice","52","321901","0.0-52.0","pa833","Busecam99@hotmail.com","Buse Çam","z","","A17","küçüktür","{""Q0"":""küçüktür""}"
"8062","","survey-multi-choice","53","329969","0.0-53.0","pa833","Busecam99@hotmail.com","Buse Çam","z","","C01","null","{""Q0"":""Sevinir""}"
"3006.000000000058","","survey-multi-choice","54","332983","0.0-54.0","pa833","Busecam99@hotmail.com","Buse Çam","z","","Q01","Arda","{""Q0"":""Arda""}"
"2225","","survey-multi-choice","55","335214","0.0-55.0","pa833","Busecam99@hotmail.com","Buse Çam","z","","A01","küçüktür","{""Q0"":""küçüktür""}"
"6076.999999999942","","survey-multi-choice","56","341299","0.0-56.0","pa833","Busecam99@hotmail.com","Buse Çam","z","","F23","null","{""Q0"":""Üzülür""}"
"2799","","survey-multi-choice","57","344104","0.0-57.0","pa833","Busecam99@hotmail.com","Buse Çam","z","","Q23","Çarpışan arabalar","{""Q0"":""Çarpışan arabalar""}"
"4453","","survey-multi-choice","58","348563","0.0-58.0","pa833","Busecam99@hotmail.com","Buse Çam","z","","A15","büyüktür","{""Q0"":""büyüktür""}"
"8469","","survey-multi-choice","59","357039","0.0-59.0","pa833","Busecam99@hotmail.com","Buse Çam","z","","F24","null","{""Q0"":""Sevinir""}"
"2643","","survey-multi-choice","60","359688","0.0-60.0","pa833","Busecam99@hotmail.com","Buse Çam","z","","Q24","Tokyo","{""Q0"":""Tokyo""}"
"1977","","survey-multi-choice","61","361672","0.0-61.0","pa833","Busecam99@hotmail.com","Buse Çam","z","","A21","büyüktür","{""Q0"":""küçüktür""}"
"22613","","survey-multi-choice","62","384291","0.0-62.0","pa833","Busecam99@hotmail.com","Buse Çam","z","","C04","null","{""Q0"":""Üzülür""}"
"2759","","survey-multi-choice","63","387058","0.0-63.0","pa833","Busecam99@hotmail.com","Buse Çam","z","","Q04","Kamp","{""Q0"":""Kamp""}"
"1935","","survey-multi-choice","64","388999","0.0-64.0","pa833","Busecam99@hotmail.com","Buse Çam","z","","A24","büyüktür","{""Q0"":""küçüktür""}"
"10140","","survey-multi-choice","65","399143","0.0-65.0","pa833","Busecam99@hotmail.com","Buse Çam","z","","F15","null","{""Q0"":""Sevinir""}"
"3561","","survey-multi-choice","66","402711","0.0-66.0","pa833","Busecam99@hotmail.com","Buse Çam","z","","Q15","Altı","{""Q0"":""Altı""}"
"1942","","survey-multi-choice","67","404660","0.0-67.0","pa833","Busecam99@hotmail.com","Buse Çam","z","","A03","küçüktür","{""Q0"":""büyüktür""}"
"9611.999999999942","","survey-multi-choice","68","414278","0.0-68.0","pa833","Busecam99@hotmail.com","Buse Çam","z","","F12","null","{""Q0"":""Sevinir""}"
"4227","","survey-multi-choice","69","418511","0.0-69.0","pa833","Busecam99@hotmail.com","Buse Çam","z","","Q12","Para biriktirmek","{""Q0"":""Para biriktirmek""}"
"2178.999999999942","","survey-multi-choice","70","420696","0.0-70.0","pa833","Busecam99@hotmail.com","Buse Çam","z","","A06","büyüktür","{""Q0"":""küçüktür""}"
"8040.000000000058","","survey-multi-choice","71","428743","0.0-71.0","pa833","Busecam99@hotmail.com","Buse Çam","z","","F22","null","{""Q0"":""Sevinir""}"
"3350","","survey-multi-choice","72","432099","0.0-72.0","pa833","Busecam99@hotmail.com","Buse Çam","z","","Q22","Yoğun","{""Q0"":""Yoğun""}"
"2142","","survey-multi-choice","73","434248","0.0-73.0","pa833","Busecam99@hotmail.com","Buse Çam","z","","A13","küçüktür","{""Q0"":""küçüktür""}"
