"rt","url","trial_type","trial_index","time_elapsed","internal_node_id","subject","subject_email","subject_name","group","view_history","id","correct","responses"
"93610","resources/welcome.html","external-html","0","93832","0.0-0.0","rknah","yagmurinan27@gmail.com","Yağmur İnan","d","","","",""
"20194","","instructions","1","114035","0.0-1.0","rknah","yagmurinan27@gmail.com","Yağmur İnan","d","[{""page_index"":0,""viewing_time"":20186}]","","",""
"15425","","survey-multi-choice","2","129488","0.0-2.0","rknah","yagmurinan27@gmail.com","Yağmur İnan","d","","F14","null","{""Q0"":""Sevinir""}"
"4858","","survey-multi-choice","3","134364","0.0-3.0","rknah","yagmurinan27@gmail.com","Yağmur İnan","d","","Q14","Birinci","{""Q0"":""İkinci""}"
"33233","","survey-multi-choice","4","167607","0.0-4.0","rknah","yagmurinan27@gmail.com","Yağmur İnan","d","","A15","büyüktür","{""Q0"":""küçüktür""}"
"8616","","survey-multi-choice","5","176236","0.0-5.0","rknah","yagmurinan27@gmail.com","Yağmur İnan","d","","F10","null","{""Q0"":""Sevinir""}"
"3371","","survey-multi-choice","6","179614","0.0-6.0","rknah","yagmurinan27@gmail.com","Yağmur İnan","d","","Q10","Yüksek lisans","{""Q0"":""Yüksek lisans""}"
"54006","","survey-multi-choice","7","233631","0.0-7.0","rknah","yagmurinan27@gmail.com","Yağmur İnan","d","","A23","büyüktür","{""Q0"":""büyüktür""}"
"10402.00000000003","","survey-multi-choice","8","244043","0.0-8.0","rknah","yagmurinan27@gmail.com","Yağmur İnan","d","","F24","null","{""Q0"":""Sevinir""}"
"2275.999999999971","","survey-multi-choice","9","246330","0.0-9.0","rknah","yagmurinan27@gmail.com","Yağmur İnan","d","","Q24","Tokyo","{""Q0"":""Tokyo""}"
"84397","","survey-multi-choice","10","330735","0.0-10.0","rknah","yagmurinan27@gmail.com","Yağmur İnan","d","","A18","büyüktür","{""Q0"":""küçüktür""}"
"20255","","survey-multi-choice","11","350998","0.0-11.0","rknah","yagmurinan27@gmail.com","Yağmur İnan","d","","C04","null","{""Q0"":""Sevinir""}"
"3509.000000000058","","survey-multi-choice","12","354520","0.0-12.0","rknah","yagmurinan27@gmail.com","Yağmur İnan","d","","Q04","Kamp","{""Q0"":""Kamp""}"
"35973","","survey-multi-choice","13","390506","0.0-13.0","rknah","yagmurinan27@gmail.com","Yağmur İnan","d","","A02","küçüktür","{""Q0"":""küçüktür""}"
"6886.000000000058","","survey-multi-choice","14","397406","0.0-14.0","rknah","yagmurinan27@gmail.com","Yağmur İnan","d","","F16","null","{""Q0"":""Sevinir""}"
"3104","","survey-multi-choice","15","400524","0.0-15.0","rknah","yagmurinan27@gmail.com","Yağmur İnan","d","","Q16","Kafe","{""Q0"":""Kafe""}"
"25472","","survey-multi-choice","16","426008","0.0-16.0","rknah","yagmurinan27@gmail.com","Yağmur İnan","d","","A04","büyüktür","{""Q0"":""büyüktür""}"
"7358","","survey-multi-choice","17","433381","0.0-17.0","rknah","yagmurinan27@gmail.com","Yağmur İnan","d","","F23","null","{""Q0"":""Üzülür""}"
"4157.999999999942","","survey-multi-choice","18","437551","0.0-18.0","rknah","yagmurinan27@gmail.com","Yağmur İnan","d","","Q23","Çarpışan arabalar","{""Q0"":""Çarpışan arabalar""}"
"26285.00000000006","","survey-multi-choice","19","463844","0.0-19.0","rknah","yagmurinan27@gmail.com","Yağmur İnan","d","","A08","küçüktür","{""Q0"":""küçüktür""}"
"10038.999999999942","","survey-multi-choice","20","473896","0.0-20.0","rknah","yagmurinan27@gmail.com","Yağmur İnan","d","","C02","null","{""Q0"":""Üzülür""}"
"3937.000000000058","","survey-multi-choice","21","477848","0.0-21.0","rknah","yagmurinan27@gmail.com","Yağmur İnan","d","","Q02","Oyuncak bebek","{""Q0"":""Oyuncak bebek""}"
"10363","","survey-multi-choice","22","488223","0.0-22.0","rknah","yagmurinan27@gmail.com","Yağmur İnan","d","","A16","küçüktür","{""Q0"":""küçüktür""}"
"6701","","survey-multi-choice","23","494935","0.0-23.0","rknah","yagmurinan27@gmail.com","Yağmur İnan","d","","F22","null","{""Q0"":""Sevinir""}"
"4633","","survey-multi-choice","24","499582","0.0-24.0","rknah","yagmurinan27@gmail.com","Yağmur İnan","d","","Q22","Yoğun","{""Q0"":""Yoğun""}"
"22258","","survey-multi-choice","25","521852","0.0-25.0","rknah","yagmurinan27@gmail.com","Yağmur İnan","d","","A09","küçüktür","{""Q0"":""küçüktür""}"
"7906","","survey-multi-choice","26","529767","0.0-26.0","rknah","yagmurinan27@gmail.com","Yağmur İnan","d","","F18","null","{""Q0"":""Sevinir""}"
"2976","","survey-multi-choice","27","532757","0.0-27.0","rknah","yagmurinan27@gmail.com","Yağmur İnan","d","","Q18","Çilek","{""Q0"":""Çilek""}"
"18080","","survey-multi-choice","28","550853","0.0-28.0","rknah","yagmurinan27@gmail.com","Yağmur İnan","d","","A10","büyüktür","{""Q0"":""büyüktür""}"
"10333","","survey-multi-choice","29","561197","0.0-29.0","rknah","yagmurinan27@gmail.com","Yağmur İnan","d","","F20","null","{""Q0"":""Üzülür""}"
"3070.0000000001164","","survey-multi-choice","30","564279","0.0-30.0","rknah","yagmurinan27@gmail.com","Yağmur İnan","d","","Q20","Piyango bileti","{""Q0"":""Piyango bileti""}"
"23179","","survey-multi-choice","31","587473","0.0-31.0","rknah","yagmurinan27@gmail.com","Yağmur İnan","d","","A06","büyüktür","{""Q0"":""küçüktür""}"
"8553","","survey-multi-choice","32","596037","0.0-32.0","rknah","yagmurinan27@gmail.com","Yağmur İnan","d","","C03","null","{""Q0"":""Sevinir""}"
"3953.0000000001164","","survey-multi-choice","33","600004","0.0-33.0","rknah","yagmurinan27@gmail.com","Yağmur İnan","d","","Q03","Ofis","{""Q0"":""Ofis""}"
"10923","","survey-multi-choice","34","610940","0.0-34.0","rknah","yagmurinan27@gmail.com","Yağmur İnan","d","","A13","küçüktür","{""Q0"":""küçüktür""}"
"7185","","survey-multi-choice","35","618138","0.0-35.0","rknah","yagmurinan27@gmail.com","Yağmur İnan","d","","F07","null","{""Q0"":""Üzülür""}"
"4768","","survey-multi-choice","36","622921","0.0-36.0","rknah","yagmurinan27@gmail.com","Yağmur İnan","d","","Q07","Kardan adam","{""Q0"":""Kardan adam""}"
"6042.000000000116","","survey-multi-choice","37","628974","0.0-37.0","rknah","yagmurinan27@gmail.com","Yağmur İnan","d","","A19","büyüktür","{""Q0"":""büyüktür""}"
"7051","","survey-multi-choice","38","636040","0.0-38.0","rknah","yagmurinan27@gmail.com","Yağmur İnan","d","","F13","null","{""Q0"":""Sevinir""}"
"2904","","survey-multi-choice","39","638956","0.0-39.0","rknah","yagmurinan27@gmail.com","Yağmur İnan","d","","Q13","Kars","{""Q0"":""Kars""}"
"13001.000000000116","","survey-multi-choice","40","651974","0.0-40.0","rknah","yagmurinan27@gmail.com","Yağmur İnan","d","","A11","büyüktür","{""Q0"":""büyüktür""}"
"11984","","survey-multi-choice","41","663969","0.0-41.0","rknah","yagmurinan27@gmail.com","Yağmur İnan","d","","F09","null","{""Q0"":""Sevinir""}"
"3109.9999999998836","","survey-multi-choice","42","667092","0.0-42.0","rknah","yagmurinan27@gmail.com","Yağmur İnan","d","","Q09","Yemekhane","{""Q0"":""Yemekhane""}"
"13603","","survey-multi-choice","43","680702","0.0-43.0","rknah","yagmurinan27@gmail.com","Yağmur İnan","d","","A22","küçüktür","{""Q0"":""küçüktür""}"
"7856","","survey-multi-choice","44","688570","0.0-44.0","rknah","yagmurinan27@gmail.com","Yağmur İnan","d","","C06","null","{""Q0"":""Sevinir""}"
"5972","","survey-multi-choice","45","694553","0.0-45.0","rknah","yagmurinan27@gmail.com","Yağmur İnan","d","","Q06","Müdür","{""Q0"":""Müdür""}"
"13784","","survey-multi-choice","46","708348","0.0-46.0","rknah","yagmurinan27@gmail.com","Yağmur İnan","d","","A05","küçüktür","{""Q0"":""küçüktür""}"
"6114.000000000116","","survey-multi-choice","47","714474","0.0-47.0","rknah","yagmurinan27@gmail.com","Yağmur İnan","d","","F15","null","{""Q0"":""Sevinir""}"
"4181","","survey-multi-choice","48","718666","0.0-48.0","rknah","yagmurinan27@gmail.com","Yağmur İnan","d","","Q15","Altı","{""Q0"":""Altı""}"
"14656","","survey-multi-choice","49","733334","0.0-49.0","rknah","yagmurinan27@gmail.com","Yağmur İnan","d","","A03","küçüktür","{""Q0"":""küçüktür""}"
"6819.999999999884","","survey-multi-choice","50","740167","0.0-50.0","rknah","yagmurinan27@gmail.com","Yağmur İnan","d","","F08","null","{""Q0"":""Üzülür""}"
"3347","","survey-multi-choice","51","743529","0.0-51.0","rknah","yagmurinan27@gmail.com","Yağmur İnan","d","","Q08","Tenis","{""Q0"":""Tenis""}"
"10865","","survey-multi-choice","52","754406","0.0-52.0","rknah","yagmurinan27@gmail.com","Yağmur İnan","d","","A24","büyüktür","{""Q0"":""büyüktür""}"
"7556","","survey-multi-choice","53","761972","0.0-53.0","rknah","yagmurinan27@gmail.com","Yağmur İnan","d","","C01","null","{""Q0"":""Sevinir""}"
"5531","","survey-multi-choice","54","767519","0.0-54.0","rknah","yagmurinan27@gmail.com","Yağmur İnan","d","","Q01","Arda","{""Q0"":""Arda""}"
"14120","","survey-multi-choice","55","781652","0.0-55.0","rknah","yagmurinan27@gmail.com","Yağmur İnan","d","","A12","büyüktür","{""Q0"":""büyüktür""}"
"7889","","survey-multi-choice","56","789553","0.0-56.0","rknah","yagmurinan27@gmail.com","Yağmur İnan","d","","F11","null","{""Q0"":""Üzülür""}"
"3050","","survey-multi-choice","57","792616","0.0-57.0","rknah","yagmurinan27@gmail.com","Yağmur İnan","d","","Q11","Ayakkabı","{""Q0"":""Ayakkabı""}"
"4382","","survey-multi-choice","58","797004","0.0-58.0","rknah","yagmurinan27@gmail.com","Yağmur İnan","d","","A07","küçüktür","{""Q0"":""küçüktür""}"
"9556","","survey-multi-choice","59","806572","0.0-59.0","rknah","yagmurinan27@gmail.com","Yağmur İnan","d","","F12","null","{""Q0"":""Sevinir""}"
"3623","","survey-multi-choice","60","810208","0.0-60.0","rknah","yagmurinan27@gmail.com","Yağmur İnan","d","","Q12","Para biriktirmek","{""Q0"":""Para biriktirmek""}"
"11940","","survey-multi-choice","61","822159","0.0-61.0","rknah","yagmurinan27@gmail.com","Yağmur İnan","d","","A01","küçüktür","{""Q0"":""büyüktür""}"
"5122","","survey-multi-choice","62","827291","0.0-62.0","rknah","yagmurinan27@gmail.com","Yağmur İnan","d","","C05","null","{""Q0"":""Sevinir""}"
"3001","","survey-multi-choice","63","830305","0.0-63.0","rknah","yagmurinan27@gmail.com","Yağmur İnan","d","","Q05","Matematik","{""Q0"":""Matematik""}"
"6908","","survey-multi-choice","64","837225","0.0-64.0","rknah","yagmurinan27@gmail.com","Yağmur İnan","d","","A17","küçüktür","{""Q0"":""küçüktür""}"
"7741","","survey-multi-choice","65","844979","0.0-65.0","rknah","yagmurinan27@gmail.com","Yağmur İnan","d","","F21","null","{""Q0"":""Üzülür""}"
"3284","","survey-multi-choice","66","848275","0.0-66.0","rknah","yagmurinan27@gmail.com","Yağmur İnan","d","","Q21","Odun","{""Q0"":""Odun""}"
"5655.999999999884","","survey-multi-choice","67","853942","0.0-67.0","rknah","yagmurinan27@gmail.com","Yağmur İnan","d","","A14","büyüktür","{""Q0"":""büyüktür""}"
"9972","","survey-multi-choice","68","863925","0.0-68.0","rknah","yagmurinan27@gmail.com","Yağmur İnan","d","","F17","null","{""Q0"":""Üzülür""}"
"3138","","survey-multi-choice","69","867076","0.0-69.0","rknah","yagmurinan27@gmail.com","Yağmur İnan","d","","Q17","Öğle yemeği","{""Q0"":""Akşam yemeği""}"
"4254","","survey-multi-choice","70","871342","0.0-70.0","rknah","yagmurinan27@gmail.com","Yağmur İnan","d","","A21","büyüktür","{""Q0"":""büyüktür""}"
"7190","","survey-multi-choice","71","878546","0.0-71.0","rknah","yagmurinan27@gmail.com","Yağmur İnan","d","","F19","null","{""Q0"":""Üzülür""}"
"3370.9999999998836","","survey-multi-choice","72","881926","0.0-72.0","rknah","yagmurinan27@gmail.com","Yağmur İnan","d","","Q19","Fizik","{""Q0"":""Biyoloji""}"
"4033","","survey-multi-choice","73","885971","0.0-73.0","rknah","yagmurinan27@gmail.com","Yağmur İnan","d","","A20","küçüktür","{""Q0"":""büyüktür""}"
