"rt","url","trial_type","trial_index","time_elapsed","internal_node_id","subject","subject_email","subject_name","group","view_history","id","correct","responses"
"24724.699999999757","resources/welcome.html","external-html","0","24781","0.0-0.0","hdxwt","ahmetcelik@etu.edu.tr","Ahmet Çelik ","d","","","",""
"3960.0000000000364","","instructions","1","28746","0.0-1.0","hdxwt","ahmetcelik@etu.edu.tr","Ahmet Çelik ","d","[{""page_index"":0,""viewing_time"":3956.79999999993}]","","",""
"28341.599999999744","","survey-multi-choice","2","57100","0.0-2.0","hdxwt","ahmetcelik@etu.edu.tr","Ahmet Çelik ","d","","F17","null","{""Q0"":""Üzülür""}"
"6034.200000000055","","survey-multi-choice","3","63147","0.0-3.0","hdxwt","ahmetcelik@etu.edu.tr","Ahmet Çelik ","d","","Q17","Öğle yemeği","{""Q0"":""Akşam yemeği""}"
"30884.10000000021","","survey-multi-choice","4","94040","0.0-4.0","hdxwt","ahmetcelik@etu.edu.tr","Ahmet Çelik ","d","","A18","büyüktür","{""Q0"":""küçüktür""}"
"17945.49999999981","","survey-multi-choice","5","111994","0.0-5.0","hdxwt","ahmetcelik@etu.edu.tr","Ahmet Çelik ","d","","F12","null","{""Q0"":""Sevinir""}"
"9749.100000000006","","survey-multi-choice","6","121752","0.0-6.0","hdxwt","ahmetcelik@etu.edu.tr","Ahmet Çelik ","d","","Q12","Para biriktirmek","{""Q0"":""Para kazanmak""}"
"17140.800000000134","","survey-multi-choice","7","138901","0.0-7.0","hdxwt","ahmetcelik@etu.edu.tr","Ahmet Çelik ","d","","A22","küçüktür","{""Q0"":""küçüktür""}"
"15578.000000000437","","survey-multi-choice","8","154486","0.0-8.0","hdxwt","ahmetcelik@etu.edu.tr","Ahmet Çelik ","d","","F23","null","{""Q0"":""Üzülür""}"
"4905.600000000035","","survey-multi-choice","9","159403","0.0-9.0","hdxwt","ahmetcelik@etu.edu.tr","Ahmet Çelik ","d","","Q23","Çarpışan arabalar","{""Q0"":""Çarpışan arabalar""}"
"35907.49999999936","","survey-multi-choice","10","195325","0.0-10.0","hdxwt","ahmetcelik@etu.edu.tr","Ahmet Çelik ","d","","A04","büyüktür","{""Q0"":""küçüktür""}"
"40204.30000000031","","survey-multi-choice","11","235542","0.0-11.0","hdxwt","ahmetcelik@etu.edu.tr","Ahmet Çelik ","d","","C03","null","{""Q0"":""Üzülür""}"
"4330.799999999726","","survey-multi-choice","12","239884","0.0-12.0","hdxwt","ahmetcelik@etu.edu.tr","Ahmet Çelik ","d","","Q03","Ofis","{""Q0"":""Ofis""}"
"10197.800000000832","","survey-multi-choice","13","250091","0.0-13.0","hdxwt","ahmetcelik@etu.edu.tr","Ahmet Çelik ","d","","A19","büyüktür","{""Q0"":""büyüktür""}"
"9302.200000000099","","survey-multi-choice","14","259406","0.0-14.0","hdxwt","ahmetcelik@etu.edu.tr","Ahmet Çelik ","d","","F19","null","{""Q0"":""Üzülür""}"
"3183.1999999994878","","survey-multi-choice","15","262601","0.0-15.0","hdxwt","ahmetcelik@etu.edu.tr","Ahmet Çelik ","d","","Q19","Fizik","{""Q0"":""Fizik""}"
"16971.39999999944","","survey-multi-choice","16","279584","0.0-16.0","hdxwt","ahmetcelik@etu.edu.tr","Ahmet Çelik ","d","","A11","büyüktür","{""Q0"":""büyüktür""}"
"15101.899999999616","","survey-multi-choice","17","294697","0.0-17.0","hdxwt","ahmetcelik@etu.edu.tr","Ahmet Çelik ","d","","F18","null","{""Q0"":""Sevinir""}"
"3211.29999999993","","survey-multi-choice","18","297922","0.0-18.0","hdxwt","ahmetcelik@etu.edu.tr","Ahmet Çelik ","d","","Q18","Çilek","{""Q0"":""Çilek""}"
"14617.49999999936","","survey-multi-choice","19","312549","0.0-19.0","hdxwt","ahmetcelik@etu.edu.tr","Ahmet Çelik ","d","","A14","büyüktür","{""Q0"":""büyüktür""}"
"10718.899999999907","","survey-multi-choice","20","323279","0.0-20.0","hdxwt","ahmetcelik@etu.edu.tr","Ahmet Çelik ","d","","C05","null","{""Q0"":""Sevinir""}"
"4286.500000000175","","survey-multi-choice","21","327579","0.0-21.0","hdxwt","ahmetcelik@etu.edu.tr","Ahmet Çelik ","d","","Q05","Matematik","{""Q0"":""Matematik""}"
"26760.200000000594","","survey-multi-choice","22","354351","0.0-22.0","hdxwt","ahmetcelik@etu.edu.tr","Ahmet Çelik ","d","","A01","küçüktür","{""Q0"":""küçüktür""}"
"13577.19999999972","","survey-multi-choice","23","367939","0.0-23.0","hdxwt","ahmetcelik@etu.edu.tr","Ahmet Çelik ","d","","F15","null","{""Q0"":""Üzülür""}"
"4445.499999999767","","survey-multi-choice","24","372399","0.0-24.0","hdxwt","ahmetcelik@etu.edu.tr","Ahmet Çelik ","d","","Q15","Altı","{""Q0"":""Altı""}"
"20527.100000000268","","survey-multi-choice","25","392938","0.0-25.0","hdxwt","ahmetcelik@etu.edu.tr","Ahmet Çelik ","d","","A23","büyüktür","{""Q0"":""büyüktür""}"
"11856.89999999979","","survey-multi-choice","26","404805","0.0-26.0","hdxwt","ahmetcelik@etu.edu.tr","Ahmet Çelik ","d","","F09","null","{""Q0"":""Sevinir""}"
"3080.3999999998487","","survey-multi-choice","27","407900","0.0-27.0","hdxwt","ahmetcelik@etu.edu.tr","Ahmet Çelik ","d","","Q09","Yemekhane","{""Q0"":""Yemekhane""}"
"37984.39999999938","","survey-multi-choice","28","445899","0.0-28.0","hdxwt","ahmetcelik@etu.edu.tr","Ahmet Çelik ","d","","A08","küçüktür","{""Q0"":""küçüktür""}"
"11292.599999999744","","survey-multi-choice","29","457204","0.0-29.0","hdxwt","ahmetcelik@etu.edu.tr","Ahmet Çelik ","d","","F10","null","{""Q0"":""Sevinir""}"
"2519.000000000233","","survey-multi-choice","30","459734","0.0-30.0","hdxwt","ahmetcelik@etu.edu.tr","Ahmet Çelik ","d","","Q10","Yüksek lisans","{""Q0"":""Yüksek lisans""}"
"12444.599999999802","","survey-multi-choice","31","472188","0.0-31.0","hdxwt","ahmetcelik@etu.edu.tr","Ahmet Çelik ","d","","A15","büyüktür","{""Q0"":""küçüktür""}"
"24404.80000000028","","survey-multi-choice","32","496606","0.0-32.0","hdxwt","ahmetcelik@etu.edu.tr","Ahmet Çelik ","d","","C04","null","{""Q0"":""Üzülür""}"
"2773.700000000652","","survey-multi-choice","33","499388","0.0-33.0","hdxwt","ahmetcelik@etu.edu.tr","Ahmet Çelik ","d","","Q04","Kamp","{""Q0"":""Kamp""}"
"16206.500000000233","","survey-multi-choice","34","515605","0.0-34.0","hdxwt","ahmetcelik@etu.edu.tr","Ahmet Çelik ","d","","A12","büyüktür","{""Q0"":""büyüktür""}"
"12524.699999999895","","survey-multi-choice","35","528141","0.0-35.0","hdxwt","ahmetcelik@etu.edu.tr","Ahmet Çelik ","d","","F07","null","{""Q0"":""Sevinir""}"
"7533.099999999744","","survey-multi-choice","36","535688","0.0-36.0","hdxwt","ahmetcelik@etu.edu.tr","Ahmet Çelik ","d","","Q07","Kardan adam","{""Q0"":""Kardan adam""}"
"42323.10000000056","","survey-multi-choice","37","578022","0.0-37.0","hdxwt","ahmetcelik@etu.edu.tr","Ahmet Çelik ","d","","A24","büyüktür","{""Q0"":""büyüktür""}"
"24775.20000000007","","survey-multi-choice","38","602809","0.0-38.0","hdxwt","ahmetcelik@etu.edu.tr","Ahmet Çelik ","d","","F24","null","{""Q0"":""Sevinir""}"
"2213.299999999348","","survey-multi-choice","39","605036","0.0-39.0","hdxwt","ahmetcelik@etu.edu.tr","Ahmet Çelik ","d","","Q24","Tokyo","{""Q0"":""Tokyo""}"
"11660.099999999977","","survey-multi-choice","40","616709","0.0-40.0","hdxwt","ahmetcelik@etu.edu.tr","Ahmet Çelik ","d","","A13","küçüktür","{""Q0"":""küçüktür""}"
"8418.800000000396","","survey-multi-choice","41","625140","0.0-41.0","hdxwt","ahmetcelik@etu.edu.tr","Ahmet Çelik ","d","","F22","null","{""Q0"":""Sevinir""}"
"2802.0999999998603","","survey-multi-choice","42","627956","0.0-42.0","hdxwt","ahmetcelik@etu.edu.tr","Ahmet Çelik ","d","","Q22","Yoğun","{""Q0"":""Yoğun""}"
"23536.199999999604","","survey-multi-choice","43","651509","0.0-43.0","hdxwt","ahmetcelik@etu.edu.tr","Ahmet Çelik ","d","","A03","küçüktür","{""Q0"":""küçüktür""}"
"30843.899999999907","","survey-multi-choice","44","682366","0.0-44.0","hdxwt","ahmetcelik@etu.edu.tr","Ahmet Çelik ","d","","C01","null","{""Q0"":""Üzülür""}"
"2675.599999999511","","survey-multi-choice","45","685056","0.0-45.0","hdxwt","ahmetcelik@etu.edu.tr","Ahmet Çelik ","d","","Q01","Arda","{""Q0"":""Arda""}"
"18527.299999999697","","survey-multi-choice","46","703595","0.0-46.0","hdxwt","ahmetcelik@etu.edu.tr","Ahmet Çelik ","d","","A07","küçüktür","{""Q0"":""küçüktür""}"
"26694.00000000035","","survey-multi-choice","47","730299","0.0-47.0","hdxwt","ahmetcelik@etu.edu.tr","Ahmet Çelik ","d","","F11","null","{""Q0"":""Üzülür""}"
"1912.800000000163","","survey-multi-choice","48","732222","0.0-48.0","hdxwt","ahmetcelik@etu.edu.tr","Ahmet Çelik ","d","","Q11","Ayakkabı","{""Q0"":""Ayakkabı""}"
"19115.299999999464","","survey-multi-choice","49","751348","0.0-49.0","hdxwt","ahmetcelik@etu.edu.tr","Ahmet Çelik ","d","","A20","küçüktür","{""Q0"":""büyüktür""}"
"16383.900000000722","","survey-multi-choice","50","767745","0.0-50.0","hdxwt","ahmetcelik@etu.edu.tr","Ahmet Çelik ","d","","F08","null","{""Q0"":""Üzülür""}"
"2491","","survey-multi-choice","51","770248","0.0-51.0","hdxwt","ahmetcelik@etu.edu.tr","Ahmet Çelik ","d","","Q08","Tenis","{""Q0"":""Tenis""}"
"20256.699999999953","","survey-multi-choice","52","790518","0.0-52.0","hdxwt","ahmetcelik@etu.edu.tr","Ahmet Çelik ","d","","A17","küçüktür","{""Q0"":""büyüktür""}"
"14447.599999999511","","survey-multi-choice","53","804976","0.0-53.0","hdxwt","ahmetcelik@etu.edu.tr","Ahmet Çelik ","d","","C06","null","{""Q0"":""Üzülür""}"
"1951.3000000006286","","survey-multi-choice","54","806939","0.0-54.0","hdxwt","ahmetcelik@etu.edu.tr","Ahmet Çelik ","d","","Q06","Müdür","{""Q0"":""Müdür""}"
"7275.70000000007","","survey-multi-choice","55","814224","0.0-55.0","hdxwt","ahmetcelik@etu.edu.tr","Ahmet Çelik ","d","","A02","küçüktür","{""Q0"":""küçüktür""}"
"8396.600000000093","","survey-multi-choice","56","822633","0.0-56.0","hdxwt","ahmetcelik@etu.edu.tr","Ahmet Çelik ","d","","F20","null","{""Q0"":""Üzülür""}"
"1928.3999999997905","","survey-multi-choice","57","824589","0.0-57.0","hdxwt","ahmetcelik@etu.edu.tr","Ahmet Çelik ","d","","Q20","Piyango bileti","{""Q0"":""Piyango bileti""}"
"4114.70000000007","","survey-multi-choice","58","828720","0.0-58.0","hdxwt","ahmetcelik@etu.edu.tr","Ahmet Çelik ","d","","A06","büyüktür","{""Q0"":""büyüktür""}"
"5032.100000000442","","survey-multi-choice","59","833766","0.0-59.0","hdxwt","ahmetcelik@etu.edu.tr","Ahmet Çelik ","d","","F21","null","{""Q0"":""Sevinir""}"
"3506.9999999996508","","survey-multi-choice","60","837289","0.0-60.0","hdxwt","ahmetcelik@etu.edu.tr","Ahmet Çelik ","d","","Q21","Odun","{""Q0"":""Kozalak""}"
"5518.199999999488","","survey-multi-choice","61","842818","0.0-61.0","hdxwt","ahmetcelik@etu.edu.tr","Ahmet Çelik ","d","","A05","küçüktür","{""Q0"":""büyüktür""}"
"8734.800000000163","","survey-multi-choice","62","851565","0.0-62.0","hdxwt","ahmetcelik@etu.edu.tr","Ahmet Çelik ","d","","C02","null","{""Q0"":""Sevinir""}"
"3833.400000000489","","survey-multi-choice","63","855409","0.0-63.0","hdxwt","ahmetcelik@etu.edu.tr","Ahmet Çelik ","d","","Q02","Oyuncak bebek","{""Q0"":""Oyuncak bebek""}"
"4182.099999999977","","survey-multi-choice","64","859608","0.0-64.0","hdxwt","ahmetcelik@etu.edu.tr","Ahmet Çelik ","d","","A09","küçüktür","{""Q0"":""büyüktür""}"
"6029.70000000007","","survey-multi-choice","65","865647","0.0-65.0","hdxwt","ahmetcelik@etu.edu.tr","Ahmet Çelik ","d","","F13","null","{""Q0"":""Üzülür""}"
"3732.3000000005122","","survey-multi-choice","66","869395","0.0-66.0","hdxwt","ahmetcelik@etu.edu.tr","Ahmet Çelik ","d","","Q13","Kars","{""Q0"":""Kars""}"
"3629.5999999993946","","survey-multi-choice","67","873040","0.0-67.0","hdxwt","ahmetcelik@etu.edu.tr","Ahmet Çelik ","d","","A21","büyüktür","{""Q0"":""büyüktür""}"
"3093.5","","survey-multi-choice","68","876142","0.0-68.0","hdxwt","ahmetcelik@etu.edu.tr","Ahmet Çelik ","d","","F16","null","{""Q0"":""Sevinir""}"
"3750.5","","survey-multi-choice","69","879922","0.0-69.0","hdxwt","ahmetcelik@etu.edu.tr","Ahmet Çelik ","d","","Q16","Kafe","{""Q0"":""Restoran""}"
"3367.79999999993","","survey-multi-choice","70","883303","0.0-70.0","hdxwt","ahmetcelik@etu.edu.tr","Ahmet Çelik ","d","","A16","küçüktür","{""Q0"":""küçüktür""}"
"4841.9000000003725","","survey-multi-choice","71","888159","0.0-71.0","hdxwt","ahmetcelik@etu.edu.tr","Ahmet Çelik ","d","","F14","null","{""Q0"":""Üzülür""}"
"4040.700000000419","","survey-multi-choice","72","892214","0.0-72.0","hdxwt","ahmetcelik@etu.edu.tr","Ahmet Çelik ","d","","Q14","Birinci","{""Q0"":""Üçüncü""}"
"3772.600000000326","","survey-multi-choice","73","896000","0.0-73.0","hdxwt","ahmetcelik@etu.edu.tr","Ahmet Çelik ","d","","A10","büyüktür","{""Q0"":""büyüktür""}"
