"rt","url","trial_type","trial_index","time_elapsed","internal_node_id","subject","subject_email","subject_name","group","view_history","id","correct","responses"
"34146","resources/welcome.html","external-html","0","34260","0.0-0.0","e7em3","hiilaalbb@gmail.com","Hilal Baş","b","","","",""
"25036.000000000007","","instructions","1","59303","0.0-1.0","e7em3","hiilaalbb@gmail.com","Hilal Baş","b","[{""page_index"":0,""viewing_time"":25031}]","","",""
"25418","","survey-multi-choice","2","84752","0.0-2.0","e7em3","hiilaalbb@gmail.com","Hilal Baş","b","","F17","null","{""Q0"":""Üzülür""}"
"5777","","survey-multi-choice","3","90537","0.0-3.0","e7em3","hiilaalbb@gmail.com","Hilal Baş","b","","Q17","Öğle yemeği","{""Q0"":""Akşam yemeği""}"
"5255","","survey-multi-choice","4","95801","0.0-4.0","e7em3","hiilaalbb@gmail.com","Hilal Baş","b","","A04","büyüktür","{""Q0"":""büyüktür""}"
"13130","","survey-multi-choice","5","108941","0.0-5.0","e7em3","hiilaalbb@gmail.com","Hilal Baş","b","","F24","null","{""Q0"":""Sevinir""}"
"8286","","survey-multi-choice","6","117233","0.0-6.0","e7em3","hiilaalbb@gmail.com","Hilal Baş","b","","Q24","Tokyo","{""Q0"":""Tokyo""}"
"17981","","survey-multi-choice","7","135225","0.0-7.0","e7em3","hiilaalbb@gmail.com","Hilal Baş","b","","A19","büyüktür","{""Q0"":""büyüktür""}"
"16332","","survey-multi-choice","8","151568","0.0-8.0","e7em3","hiilaalbb@gmail.com","Hilal Baş","b","","F08","null","{""Q0"":""Üzülür""}"
"3839.999999999971","","survey-multi-choice","9","155416","0.0-9.0","e7em3","hiilaalbb@gmail.com","Hilal Baş","b","","Q08","Tenis","{""Q0"":""Tenis""}"
"18731.00000000003","","survey-multi-choice","10","174158","0.0-10.0","e7em3","hiilaalbb@gmail.com","Hilal Baş","b","","A20","küçüktür","{""Q0"":""küçüktür""}"
"18114.00000000003","","survey-multi-choice","11","192283","0.0-11.0","e7em3","hiilaalbb@gmail.com","Hilal Baş","b","","C01","null","{""Q0"":""Sevinir""}"
"3410","","survey-multi-choice","12","195702","0.0-12.0","e7em3","hiilaalbb@gmail.com","Hilal Baş","b","","Q01","Arda","{""Q0"":""Arda""}"
"15499","","survey-multi-choice","13","211209","0.0-13.0","e7em3","hiilaalbb@gmail.com","Hilal Baş","b","","A13","küçüktür","{""Q0"":""küçüktür""}"
"12924.99999999997","","survey-multi-choice","14","224142","0.0-14.0","e7em3","hiilaalbb@gmail.com","Hilal Baş","b","","F23","null","{""Q0"":""Üzülür""}"
"6267","","survey-multi-choice","15","230415","0.0-15.0","e7em3","hiilaalbb@gmail.com","Hilal Baş","b","","Q23","Çarpışan arabalar","{""Q0"":""Çarpışan arabalar""}"
"7448","","survey-multi-choice","16","237870","0.0-16.0","e7em3","hiilaalbb@gmail.com","Hilal Baş","b","","A08","küçüktür","{""Q0"":""büyüktür""}"
"11829","","survey-multi-choice","17","249709","0.0-17.0","e7em3","hiilaalbb@gmail.com","Hilal Baş","b","","F16","null","{""Q0"":""Sevinir""}"
"2924","","survey-multi-choice","18","252644","0.0-18.0","e7em3","hiilaalbb@gmail.com","Hilal Baş","b","","Q16","Kafe","{""Q0"":""Kafe""}"
"26154","","survey-multi-choice","19","278806","0.0-19.0","e7em3","hiilaalbb@gmail.com","Hilal Baş","b","","A15","büyüktür","{""Q0"":""büyüktür""}"
"6996","","survey-multi-choice","20","285809","0.0-20.0","e7em3","hiilaalbb@gmail.com","Hilal Baş","b","","C05","null","{""Q0"":""Sevinir""}"
"3196","","survey-multi-choice","21","289014","0.0-21.0","e7em3","hiilaalbb@gmail.com","Hilal Baş","b","","Q05","Matematik","{""Q0"":""Matematik""}"
"6356.000000000058","","survey-multi-choice","22","295380","0.0-22.0","e7em3","hiilaalbb@gmail.com","Hilal Baş","b","","A02","küçüktür","{""Q0"":""büyüktür""}"
"24353","","survey-multi-choice","23","319741","0.0-23.0","e7em3","hiilaalbb@gmail.com","Hilal Baş","b","","F20","null","{""Q0"":""Üzülür""}"
"3079","","survey-multi-choice","24","322825","0.0-24.0","e7em3","hiilaalbb@gmail.com","Hilal Baş","b","","Q20","Piyango bileti","{""Q0"":""Piyango bileti""}"
"12515","","survey-multi-choice","25","335348","0.0-25.0","e7em3","hiilaalbb@gmail.com","Hilal Baş","b","","A22","küçüktür","{""Q0"":""küçüktür""}"
"20069","","survey-multi-choice","26","355429","0.0-26.0","e7em3","hiilaalbb@gmail.com","Hilal Baş","b","","F18","null","{""Q0"":""Sevinir""}"
"3023.999999999942","","survey-multi-choice","27","358463","0.0-27.0","e7em3","hiilaalbb@gmail.com","Hilal Baş","b","","Q18","Çilek","{""Q0"":""Çilek""}"
"11431.000000000058","","survey-multi-choice","28","369904","0.0-28.0","e7em3","hiilaalbb@gmail.com","Hilal Baş","b","","A11","büyüktür","{""Q0"":""küçüktür""}"
"13938","","survey-multi-choice","29","383854","0.0-29.0","e7em3","hiilaalbb@gmail.com","Hilal Baş","b","","F19","null","{""Q0"":""Üzülür""}"
"2880","","survey-multi-choice","30","386742","0.0-30.0","e7em3","hiilaalbb@gmail.com","Hilal Baş","b","","Q19","Fizik","{""Q0"":""Fizik""}"
"11272","","survey-multi-choice","31","398026","0.0-31.0","e7em3","hiilaalbb@gmail.com","Hilal Baş","b","","A23","büyüktür","{""Q0"":""büyüktür""}"
"11220","","survey-multi-choice","32","409256","0.0-32.0","e7em3","hiilaalbb@gmail.com","Hilal Baş","b","","C06","null","{""Q0"":""Üzülür""}"
"4122","","survey-multi-choice","33","413389","0.0-33.0","e7em3","hiilaalbb@gmail.com","Hilal Baş","b","","Q06","Müdür","{""Q0"":""Müdür""}"
"2475","","survey-multi-choice","34","415874","0.0-34.0","e7em3","hiilaalbb@gmail.com","Hilal Baş","b","","A01","küçüktür","{""Q0"":""büyüktür""}"
"6195","","survey-multi-choice","35","422075","0.0-35.0","e7em3","hiilaalbb@gmail.com","Hilal Baş","b","","F15","null","{""Q0"":""Üzülür""}"
"2657","","survey-multi-choice","36","424740","0.0-36.0","e7em3","hiilaalbb@gmail.com","Hilal Baş","b","","Q15","Altı","{""Q0"":""Altı""}"
"10277","","survey-multi-choice","37","435026","0.0-37.0","e7em3","hiilaalbb@gmail.com","Hilal Baş","b","","A14","büyüktür","{""Q0"":""büyüktür""}"
"6049","","survey-multi-choice","38","441086","0.0-38.0","e7em3","hiilaalbb@gmail.com","Hilal Baş","b","","F14","null","{""Q0"":""Sevinir""}"
"3305","","survey-multi-choice","39","444398","0.0-39.0","e7em3","hiilaalbb@gmail.com","Hilal Baş","b","","Q14","Birinci","{""Q0"":""İkinci""}"
"3331","","survey-multi-choice","40","447735","0.0-40.0","e7em3","hiilaalbb@gmail.com","Hilal Baş","b","","A10","büyüktür","{""Q0"":""büyüktür""}"
"33076","","survey-multi-choice","41","480818","0.0-41.0","e7em3","hiilaalbb@gmail.com","Hilal Baş","b","","F10","null","{""Q0"":""Sevinir""}"
"2992.000000000058","","survey-multi-choice","42","483817","0.0-42.0","e7em3","hiilaalbb@gmail.com","Hilal Baş","b","","Q10","Yüksek lisans","{""Q0"":""Yüksek lisans""}"
"2053","","survey-multi-choice","43","485879","0.0-43.0","e7em3","hiilaalbb@gmail.com","Hilal Baş","b","","A12","büyüktür","{""Q0"":""küçüktür""}"
"7655","","survey-multi-choice","44","493545","0.0-44.0","e7em3","hiilaalbb@gmail.com","Hilal Baş","b","","C02","null","{""Q0"":""Üzülür""}"
"3102","","survey-multi-choice","45","496657","0.0-45.0","e7em3","hiilaalbb@gmail.com","Hilal Baş","b","","Q02","Oyuncak bebek","{""Q0"":""Oyuncak bebek""}"
"9746","","survey-multi-choice","46","506410","0.0-46.0","e7em3","hiilaalbb@gmail.com","Hilal Baş","b","","A17","küçüktür","{""Q0"":""küçüktür""}"
"6870.000000000058","","survey-multi-choice","47","513292","0.0-47.0","e7em3","hiilaalbb@gmail.com","Hilal Baş","b","","F11","null","{""Q0"":""Üzülür""}"
"2664.999999999942","","survey-multi-choice","48","515971","0.0-48.0","e7em3","hiilaalbb@gmail.com","Hilal Baş","b","","Q11","Ayakkabı","{""Q0"":""Ayakkabı""}"
"9446","","survey-multi-choice","49","525426","0.0-49.0","e7em3","hiilaalbb@gmail.com","Hilal Baş","b","","A16","küçüktür","{""Q0"":""küçüktür""}"
"12156","","survey-multi-choice","50","537589","0.0-50.0","e7em3","hiilaalbb@gmail.com","Hilal Baş","b","","F07","null","{""Q0"":""Üzülür""}"
"3348","","survey-multi-choice","51","540947","0.0-51.0","e7em3","hiilaalbb@gmail.com","Hilal Baş","b","","Q07","Kardan adam","{""Q0"":""Kardan adam""}"
"1920","","survey-multi-choice","52","542873","0.0-52.0","e7em3","hiilaalbb@gmail.com","Hilal Baş","b","","A06","büyüktür","{""Q0"":""büyüktür""}"
"10299.000000000116","","survey-multi-choice","53","553184","0.0-53.0","e7em3","hiilaalbb@gmail.com","Hilal Baş","b","","C03","null","{""Q0"":""Sevinir""}"
"3016.0000000001164","","survey-multi-choice","54","556207","0.0-54.0","e7em3","hiilaalbb@gmail.com","Hilal Baş","b","","Q03","Ofis","{""Q0"":""Ofis""}"
"1642","","survey-multi-choice","55","557858","0.0-55.0","e7em3","hiilaalbb@gmail.com","Hilal Baş","b","","A18","büyüktür","{""Q0"":""büyüktür""}"
"39957","","survey-multi-choice","56","597825","0.0-56.0","e7em3","hiilaalbb@gmail.com","Hilal Baş","b","","F13","null","{""Q0"":""Sevinir""}"
"2218.0000000001164","","survey-multi-choice","57","600054","0.0-57.0","e7em3","hiilaalbb@gmail.com","Hilal Baş","b","","Q13","Kars","{""Q0"":""Kars""}"
"12712","","survey-multi-choice","58","612775","0.0-58.0","e7em3","hiilaalbb@gmail.com","Hilal Baş","b","","A03","küçüktür","{""Q0"":""küçüktür""}"
"11490","","survey-multi-choice","59","624275","0.0-59.0","e7em3","hiilaalbb@gmail.com","Hilal Baş","b","","F22","null","{""Q0"":""Sevinir""}"
"3043","","survey-multi-choice","60","627327","0.0-60.0","e7em3","hiilaalbb@gmail.com","Hilal Baş","b","","Q22","Yoğun","{""Q0"":""Yoğun""}"
"1589","","survey-multi-choice","61","628937","0.0-61.0","e7em3","hiilaalbb@gmail.com","Hilal Baş","b","","A21","büyüktür","{""Q0"":""büyüktür""}"
"11942","","survey-multi-choice","62","640887","0.0-62.0","e7em3","hiilaalbb@gmail.com","Hilal Baş","b","","C04","null","{""Q0"":""Üzülür""}"
"2358","","survey-multi-choice","63","643251","0.0-63.0","e7em3","hiilaalbb@gmail.com","Hilal Baş","b","","Q04","Kamp","{""Q0"":""Kamp""}"
"6955","","survey-multi-choice","64","650215","0.0-64.0","e7em3","hiilaalbb@gmail.com","Hilal Baş","b","","A05","küçüktür","{""Q0"":""küçüktür""}"
"28407","","survey-multi-choice","65","678629","0.0-65.0","e7em3","hiilaalbb@gmail.com","Hilal Baş","b","","F21","null","{""Q0"":""Üzülür""}"
"2436","","survey-multi-choice","66","681073","0.0-66.0","e7em3","hiilaalbb@gmail.com","Hilal Baş","b","","Q21","Odun","{""Q0"":""Odun""}"
"1714","","survey-multi-choice","67","682798","0.0-67.0","e7em3","hiilaalbb@gmail.com","Hilal Baş","b","","A24","büyüktür","{""Q0"":""küçüktür""}"
"6876.000000000116","","survey-multi-choice","68","689681","0.0-68.0","e7em3","hiilaalbb@gmail.com","Hilal Baş","b","","F12","null","{""Q0"":""Sevinir""}"
"2732","","survey-multi-choice","69","692424","0.0-69.0","e7em3","hiilaalbb@gmail.com","Hilal Baş","b","","Q12","Para biriktirmek","{""Q0"":""Para biriktirmek""}"
"7543","","survey-multi-choice","70","699976","0.0-70.0","e7em3","hiilaalbb@gmail.com","Hilal Baş","b","","A09","küçüktür","{""Q0"":""büyüktür""}"
"6587.000000000116","","survey-multi-choice","71","706570","0.0-71.0","e7em3","hiilaalbb@gmail.com","Hilal Baş","b","","F09","null","{""Q0"":""Sevinir""}"
"3690.0000000001164","","survey-multi-choice","72","710272","0.0-72.0","e7em3","hiilaalbb@gmail.com","Hilal Baş","b","","Q09","Yemekhane","{""Q0"":""Yemekhane""}"
"11510","","survey-multi-choice","73","721794","0.0-73.0","e7em3","hiilaalbb@gmail.com","Hilal Baş","b","","A07","küçüktür","{""Q0"":""küçüktür""}"
