"rt","url","trial_type","trial_index","time_elapsed","internal_node_id","subject","subject_email","subject_name","group","view_history","id","correct","responses"
"42325.800000005984","resources/welcome.html","external-html","0","42445","0.0-0.0","sctq3","Kemalim17@windowslive.com","Kemal demirel","b","","","",""
"3040.2999999932945","","instructions","1","45493","0.0-1.0","sctq3","Kemalim17@windowslive.com","Kemal demirel","b","[{""page_index"":0,""viewing_time"":3036.6999999969266}]","","",""
"23304.000000003725","","survey-multi-choice","2","68821","0.0-2.0","sctq3","Kemalim17@windowslive.com","Kemal demirel","b","","F21","null","{""Q0"":""Üzülür""}"
"8834.799999996903","","survey-multi-choice","3","77671","0.0-3.0","sctq3","Kemalim17@windowslive.com","Kemal demirel","b","","Q21","Odun","{""Q0"":""Çöp""}"
"9782.800000000861","","survey-multi-choice","4","87468","0.0-4.0","sctq3","Kemalim17@windowslive.com","Kemal demirel","b","","A24","büyüktür","{""Q0"":""küçüktür""}"
"10651.10000000277","","survey-multi-choice","5","98131","0.0-5.0","sctq3","Kemalim17@windowslive.com","Kemal demirel","b","","F08","null","{""Q0"":""Sevinir""}"
"7551.7000000108965","","survey-multi-choice","6","105706","0.0-6.0","sctq3","Kemalim17@windowslive.com","Kemal demirel","b","","Q08","Tenis","{""Q0"":""Sırıkla atlama""}"
"11381.599999993341","","survey-multi-choice","7","117100","0.0-7.0","sctq3","Kemalim17@windowslive.com","Kemal demirel","b","","A11","büyüktür","{""Q0"":""küçüktür""}"
"41673.49999998987","","survey-multi-choice","8","158787","0.0-8.0","sctq3","Kemalim17@windowslive.com","Kemal demirel","b","","F14","null","{""Q0"":""Sevinir""}"
"5309.299999993527","","survey-multi-choice","9","164111","0.0-9.0","sctq3","Kemalim17@windowslive.com","Kemal demirel","b","","Q14","Birinci","{""Q0"":""İkinci""}"
"28093.900000007125","","survey-multi-choice","10","192223","0.0-10.0","sctq3","Kemalim17@windowslive.com","Kemal demirel","b","","A18","büyüktür","{""Q0"":""küçüktür""}"
"25511.2999999983","","survey-multi-choice","11","217750","0.0-11.0","sctq3","Kemalim17@windowslive.com","Kemal demirel","b","","C01","null","{""Q0"":""Sevinir""}"
"3583.9000000123633","","survey-multi-choice","12","221349","0.0-12.0","sctq3","Kemalim17@windowslive.com","Kemal demirel","b","","Q01","Arda","{""Q0"":""Arda""}"
"11019.000000000233","","survey-multi-choice","13","232382","0.0-13.0","sctq3","Kemalim17@windowslive.com","Kemal demirel","b","","A04","büyüktür","{""Q0"":""büyüktür""}"
"28069.799999997485","","survey-multi-choice","14","260466","0.0-14.0","sctq3","Kemalim17@windowslive.com","Kemal demirel","b","","F16","null","{""Q0"":""Sevinir""}"
"3039.600000003702","","survey-multi-choice","15","263521","0.0-15.0","sctq3","Kemalim17@windowslive.com","Kemal demirel","b","","Q16","Kafe","{""Q0"":""Kafe""}"
"11468.09999999823","","survey-multi-choice","16","275004","0.0-16.0","sctq3","Kemalim17@windowslive.com","Kemal demirel","b","","A16","küçüktür","{""Q0"":""küçüktür""}"
"14070.300000006682","","survey-multi-choice","17","289088","0.0-17.0","sctq3","Kemalim17@windowslive.com","Kemal demirel","b","","F23","null","{""Q0"":""Üzülür""}"
"2820.39999999688","","survey-multi-choice","18","291924","0.0-18.0","sctq3","Kemalim17@windowslive.com","Kemal demirel","b","","Q23","Çarpışan arabalar","{""Q0"":""Çarpışan arabalar""}"
"15103.900000001886","","survey-multi-choice","19","307043","0.0-19.0","sctq3","Kemalim17@windowslive.com","Kemal demirel","b","","A20","küçüktür","{""Q0"":""küçüktür""}"
"8142.900000006193","","survey-multi-choice","20","315197","0.0-20.0","sctq3","Kemalim17@windowslive.com","Kemal demirel","b","","C02","null","{""Q0"":""Üzülür""}"
"4757.79999999213","","survey-multi-choice","21","319971","0.0-21.0","sctq3","Kemalim17@windowslive.com","Kemal demirel","b","","Q02","Oyuncak bebek","{""Q0"":""Oyuncak bebek""}"
"31469.40000000177","","survey-multi-choice","22","351455","0.0-22.0","sctq3","Kemalim17@windowslive.com","Kemal demirel","b","","A22","küçüktür","{""Q0"":""küçüktür""}"
"13093.600000007427","","survey-multi-choice","23","364565","0.0-23.0","sctq3","Kemalim17@windowslive.com","Kemal demirel","b","","F09","null","{""Q0"":""Sevinir""}"
"3893.1999999913387","","survey-multi-choice","24","368476","0.0-24.0","sctq3","Kemalim17@windowslive.com","Kemal demirel","b","","Q09","Yemekhane","{""Q0"":""Yemekhane""}"
"28664.600000003702","","survey-multi-choice","25","397186","0.0-25.0","sctq3","Kemalim17@windowslive.com","Kemal demirel","b","","A01","küçüktür","{""Q0"":""büyüktür""}"
"14808.799999998882","","survey-multi-choice","26","412009","0.0-26.0","sctq3","Kemalim17@windowslive.com","Kemal demirel","b","","F10","null","{""Q0"":""Sevinir""}"
"3660.700000007637","","survey-multi-choice","27","415684","0.0-27.0","sctq3","Kemalim17@windowslive.com","Kemal demirel","b","","Q10","Yüksek lisans","{""Q0"":""Yüksek lisans""}"
"24033.99999999965","","survey-multi-choice","28","439731","0.0-28.0","sctq3","Kemalim17@windowslive.com","Kemal demirel","b","","A07","küçüktür","{""Q0"":""küçüktür""}"
"36369.39999999595","","survey-multi-choice","29","476117","0.0-29.0","sctq3","Kemalim17@windowslive.com","Kemal demirel","b","","F15","null","{""Q0"":""Sevinir""}"
"3097.0000000088476","","survey-multi-choice","30","479229","0.0-30.0","sctq3","Kemalim17@windowslive.com","Kemal demirel","b","","Q15","Altı","{""Q0"":""Altı""}"
"6625.499999994645","","survey-multi-choice","31","485869","0.0-31.0","sctq3","Kemalim17@windowslive.com","Kemal demirel","b","","A17","küçüktür","{""Q0"":""küçüktür""}"
"7584.600000001956","","survey-multi-choice","32","493469","0.0-32.0","sctq3","Kemalim17@windowslive.com","Kemal demirel","b","","C05","null","{""Q0"":""Sevinir""}"
"3448.1999999989057","","survey-multi-choice","33","496932","0.0-33.0","sctq3","Kemalim17@windowslive.com","Kemal demirel","b","","Q05","Matematik","{""Q0"":""Matematik""}"
"7200.299999996787","","survey-multi-choice","34","504149","0.0-34.0","sctq3","Kemalim17@windowslive.com","Kemal demirel","b","","A15","büyüktür","{""Q0"":""büyüktür""}"
"8219.100000002072","","survey-multi-choice","35","512384","0.0-35.0","sctq3","Kemalim17@windowslive.com","Kemal demirel","b","","F18","null","{""Q0"":""Sevinir""}"
"2157.2999999916647","","survey-multi-choice","36","514559","0.0-36.0","sctq3","Kemalim17@windowslive.com","Kemal demirel","b","","Q18","Çilek","{""Q0"":""Çilek""}"
"8551.900000005844","","survey-multi-choice","37","523125","0.0-37.0","sctq3","Kemalim17@windowslive.com","Kemal demirel","b","","A05","küçüktür","{""Q0"":""küçüktür""}"
"7800.3999999928055","","survey-multi-choice","38","530940","0.0-38.0","sctq3","Kemalim17@windowslive.com","Kemal demirel","b","","F11","null","{""Q0"":""Üzülür""}"
"2786.2000000022817","","survey-multi-choice","39","533743","0.0-39.0","sctq3","Kemalim17@windowslive.com","Kemal demirel","b","","Q11","Ayakkabı","{""Q0"":""Ayakkabı""}"
"18115.79999999958","","survey-multi-choice","40","551872","0.0-40.0","sctq3","Kemalim17@windowslive.com","Kemal demirel","b","","A06","büyüktür","{""Q0"":""büyüktür""}"
"15512.000000002445","","survey-multi-choice","41","567401","0.0-41.0","sctq3","Kemalim17@windowslive.com","Kemal demirel","b","","F20","null","{""Q0"":""Sevinir""}"
"2500.1999999949476","","survey-multi-choice","42","569917","0.0-42.0","sctq3","Kemalim17@windowslive.com","Kemal demirel","b","","Q20","Piyango bileti","{""Q0"":""Piyango bileti""}"
"17201.00000000093","","survey-multi-choice","43","587132","0.0-43.0","sctq3","Kemalim17@windowslive.com","Kemal demirel","b","","A09","küçüktür","{""Q0"":""küçüktür""}"
"17315.00000000233","","survey-multi-choice","44","604465","0.0-44.0","sctq3","Kemalim17@windowslive.com","Kemal demirel","b","","C04","null","{""Q0"":""Üzülür""}"
"5125.500000009197","","survey-multi-choice","45","609608","0.0-45.0","sctq3","Kemalim17@windowslive.com","Kemal demirel","b","","Q04","Kamp","{""Q0"":""Tatil köyü""}"
"13962.39999998943","","survey-multi-choice","46","623586","0.0-46.0","sctq3","Kemalim17@windowslive.com","Kemal demirel","b","","A10","büyüktür","{""Q0"":""büyüktür""}"
"26185.700000001816","","survey-multi-choice","47","649789","0.0-47.0","sctq3","Kemalim17@windowslive.com","Kemal demirel","b","","F24","null","{""Q0"":""Sevinir""}"
"2567.1999999904074","","survey-multi-choice","48","652371","0.0-48.0","sctq3","Kemalim17@windowslive.com","Kemal demirel","b","","Q24","Tokyo","{""Q0"":""Tokyo""}"
"24836.599999995087","","survey-multi-choice","49","677221","0.0-49.0","sctq3","Kemalim17@windowslive.com","Kemal demirel","b","","A21","büyüktür","{""Q0"":""küçüktür""}"
"10448.399999993853","","survey-multi-choice","50","687683","0.0-50.0","sctq3","Kemalim17@windowslive.com","Kemal demirel","b","","F07","null","{""Q0"":""Üzülür""}"
"6007.800000006682","","survey-multi-choice","51","693719","0.0-51.0","sctq3","Kemalim17@windowslive.com","Kemal demirel","b","","Q07","Kardan adam","{""Q0"":""Kartopu savaşı""}"
"6476.399999999558","","survey-multi-choice","52","700212","0.0-52.0","sctq3","Kemalim17@windowslive.com","Kemal demirel","b","","A03","küçüktür","{""Q0"":""küçüktür""}"
"20440.100000007078","","survey-multi-choice","53","720666","0.0-53.0","sctq3","Kemalim17@windowslive.com","Kemal demirel","b","","C06","null","{""Q0"":""Üzülür""}"
"7596.899999989546","","survey-multi-choice","54","728279","0.0-54.0","sctq3","Kemalim17@windowslive.com","Kemal demirel","b","","Q06","Müdür","{""Q0"":""Müdür""}"
"5240.399999995134","","survey-multi-choice","55","733532","0.0-55.0","sctq3","Kemalim17@windowslive.com","Kemal demirel","b","","A12","büyüktür","{""Q0"":""büyüktür""}"
"9771.099999998114","","survey-multi-choice","56","743318","0.0-56.0","sctq3","Kemalim17@windowslive.com","Kemal demirel","b","","F17","null","{""Q0"":""Sevinir""}"
"3114.399999991292","","survey-multi-choice","57","746448","0.0-57.0","sctq3","Kemalim17@windowslive.com","Kemal demirel","b","","Q17","Öğle yemeği","{""Q0"":""Akşam yemeği""}"
"3999.4000000006054","","survey-multi-choice","58","750460","0.0-58.0","sctq3","Kemalim17@windowslive.com","Kemal demirel","b","","A13","küçüktür","{""Q0"":""küçüktür""}"
"14588.799999997718","","survey-multi-choice","59","765063","0.0-59.0","sctq3","Kemalim17@windowslive.com","Kemal demirel","b","","F12","null","{""Q0"":""Üzülür""}"
"3072.7999999944586","","survey-multi-choice","60","768153","0.0-60.0","sctq3","Kemalim17@windowslive.com","Kemal demirel","b","","Q12","Para biriktirmek","{""Q0"":""Para biriktirmek""}"
"6872.200000012526","","survey-multi-choice","61","775041","0.0-61.0","sctq3","Kemalim17@windowslive.com","Kemal demirel","b","","A19","büyüktür","{""Q0"":""büyüktür""}"
"8763.699999995879","","survey-multi-choice","62","783819","0.0-62.0","sctq3","Kemalim17@windowslive.com","Kemal demirel","b","","C03","null","{""Q0"":""Sevinir""}"
"4289.6999999939","","survey-multi-choice","63","788126","0.0-63.0","sctq3","Kemalim17@windowslive.com","Kemal demirel","b","","Q03","Ofis","{""Q0"":""Mağaza""}"
"8129.500000010012","","survey-multi-choice","64","796276","0.0-64.0","sctq3","Kemalim17@windowslive.com","Kemal demirel","b","","A08","küçüktür","{""Q0"":""küçüktür""}"
"12907.00000000652","","survey-multi-choice","65","809197","0.0-65.0","sctq3","Kemalim17@windowslive.com","Kemal demirel","b","","F19","null","{""Q0"":""Sevinir""}"
"2070.5999999918276","","survey-multi-choice","66","811285","0.0-66.0","sctq3","Kemalim17@windowslive.com","Kemal demirel","b","","Q19","Fizik","{""Q0"":""Fizik""}"
"12380.000000004657","","survey-multi-choice","67","823680","0.0-67.0","sctq3","Kemalim17@windowslive.com","Kemal demirel","b","","A23","büyüktür","{""Q0"":""büyüktür""}"
"7556.400000001304","","survey-multi-choice","68","831253","0.0-68.0","sctq3","Kemalim17@windowslive.com","Kemal demirel","b","","F13","null","{""Q0"":""Sevinir""}"
"2983.200000002398","","survey-multi-choice","69","834272","0.0-69.0","sctq3","Kemalim17@windowslive.com","Kemal demirel","b","","Q13","Kars","{""Q0"":""Kars""}"
"4261.40000000305","","survey-multi-choice","70","838548","0.0-70.0","sctq3","Kemalim17@windowslive.com","Kemal demirel","b","","A02","küçüktür","{""Q0"":""küçüktür""}"
"8869.600000005448","","survey-multi-choice","71","847434","0.0-71.0","sctq3","Kemalim17@windowslive.com","Kemal demirel","b","","F22","null","{""Q0"":""Sevinir""}"
"3265.5000000086147","","survey-multi-choice","72","850717","0.0-72.0","sctq3","Kemalim17@windowslive.com","Kemal demirel","b","","Q22","Yoğun","{""Q0"":""Yoğun""}"
"8031.499999997322","","survey-multi-choice","73","858765","0.0-73.0","sctq3","Kemalim17@windowslive.com","Kemal demirel","b","","A14","büyüktür","{""Q0"":""küçüktür""}"
