"rt","url","trial_type","trial_index","time_elapsed","internal_node_id","subject","subject_email","subject_name","group","view_history","id","correct","responses"
"27404.099999999744","resources/welcome.html","external-html","0","27595","0.0-0.0","audmj","zakinekaya05@gmail.com","Zakine Kaya","d","","","",""
"16606.499999994412","","instructions","1","44207","0.0-1.0","audmj","zakinekaya05@gmail.com","Zakine Kaya","d","[{""page_index"":0,""viewing_time"":16598.199999993085}]","","",""
"15109.700000000885","","survey-multi-choice","2","59331","0.0-2.0","audmj","zakinekaya05@gmail.com","Zakine Kaya","d","","F24","null","{""Q0"":""Sevinir""}"
"6716.400000004796","","survey-multi-choice","3","66059","0.0-3.0","audmj","zakinekaya05@gmail.com","Zakine Kaya","d","","Q24","Tokyo","{""Q0"":""Tokyo""}"
"24052.20000000554","","survey-multi-choice","4","90123","0.0-4.0","audmj","zakinekaya05@gmail.com","Zakine Kaya","d","","A20","küçüktür","{""Q0"":""büyüktür""}"
"37692.699999999604","","survey-multi-choice","5","127824","0.0-5.0","audmj","zakinekaya05@gmail.com","Zakine Kaya","d","","F13","null","{""Q0"":""Sevinir""}"
"4342.100000008941","","survey-multi-choice","6","132177","0.0-6.0","audmj","zakinekaya05@gmail.com","Zakine Kaya","d","","Q13","Kars","{""Q0"":""Kars""}"
"22038.59999999986","","survey-multi-choice","7","154225","0.0-7.0","audmj","zakinekaya05@gmail.com","Zakine Kaya","d","","A02","küçüktür","{""Q0"":""büyüktür""}"
"26131.399999998393","","survey-multi-choice","8","180365","0.0-8.0","audmj","zakinekaya05@gmail.com","Zakine Kaya","d","","F17","null","{""Q0"":""Üzülür""}"
"4355.4000000003725","","survey-multi-choice","9","184730","0.0-9.0","audmj","zakinekaya05@gmail.com","Zakine Kaya","d","","Q17","Öğle yemeği","{""Q0"":""Akşam yemeği""}"
"10216.099999990547","","survey-multi-choice","10","194955","0.0-10.0","audmj","zakinekaya05@gmail.com","Zakine Kaya","d","","A16","küçüktür","{""Q0"":""büyüktür""}"
"24049.200000008568","","survey-multi-choice","11","219016","0.0-11.0","audmj","zakinekaya05@gmail.com","Zakine Kaya","d","","C05","null","{""Q0"":""Sevinir""}"
"4296.799999996438","","survey-multi-choice","12","223322","0.0-12.0","audmj","zakinekaya05@gmail.com","Zakine Kaya","d","","Q05","Matematik","{""Q0"":""Matematik""}"
"4360.300000000279","","survey-multi-choice","13","227693","0.0-13.0","audmj","zakinekaya05@gmail.com","Zakine Kaya","d","","A04","büyüktür","{""Q0"":""küçüktür""}"
"15779.699999999139","","survey-multi-choice","14","243483","0.0-14.0","audmj","zakinekaya05@gmail.com","Zakine Kaya","d","","F08","null","{""Q0"":""Üzülür""}"
"6620.100000000093","","survey-multi-choice","15","250115","0.0-15.0","audmj","zakinekaya05@gmail.com","Zakine Kaya","d","","Q08","Tenis","{""Q0"":""Tenis""}"
"8795.4000000027","","survey-multi-choice","16","258920","0.0-16.0","audmj","zakinekaya05@gmail.com","Zakine Kaya","d","","A07","küçüktür","{""Q0"":""küçüktür""}"
"9384.900000004563","","survey-multi-choice","17","268315","0.0-17.0","audmj","zakinekaya05@gmail.com","Zakine Kaya","d","","F07","null","{""Q0"":""Üzülür""}"
"8429.300000003423","","survey-multi-choice","18","276755","0.0-18.0","audmj","zakinekaya05@gmail.com","Zakine Kaya","d","","Q07","Kardan adam","{""Q0"":""Kardan adam""}"
"5313.699999998789","","survey-multi-choice","19","282078","0.0-19.0","audmj","zakinekaya05@gmail.com","Zakine Kaya","d","","A12","büyüktür","{""Q0"":""büyüktür""}"
"27706.200000000536","","survey-multi-choice","20","309795","0.0-20.0","audmj","zakinekaya05@gmail.com","Zakine Kaya","d","","C01","null","{""Q0"":""Üzülür""}"
"12230.000000010477","","survey-multi-choice","21","322036","0.0-21.0","audmj","zakinekaya05@gmail.com","Zakine Kaya","d","","Q01","Arda","{""Q0"":""Arda""}"
"12788.199999995413","","survey-multi-choice","22","334835","0.0-22.0","audmj","zakinekaya05@gmail.com","Zakine Kaya","d","","A21","büyüktür","{""Q0"":""küçüktür""}"
"12404.899999994086","","survey-multi-choice","23","347250","0.0-23.0","audmj","zakinekaya05@gmail.com","Zakine Kaya","d","","F23","null","{""Q0"":""Üzülür""}"
"3499.8999999952503","","survey-multi-choice","24","350760","0.0-24.0","audmj","zakinekaya05@gmail.com","Zakine Kaya","d","","Q23","Çarpışan arabalar","{""Q0"":""Çarpışan arabalar""}"
"9247.300000002724","","survey-multi-choice","25","360032","0.0-25.0","audmj","zakinekaya05@gmail.com","Zakine Kaya","d","","A08","küçüktür","{""Q0"":""büyüktür""}"
"15138.699999995879","","survey-multi-choice","26","375183","0.0-26.0","audmj","zakinekaya05@gmail.com","Zakine Kaya","d","","F21","null","{""Q0"":""Üzülür""}"
"4151.499999992666","","survey-multi-choice","27","379347","0.0-27.0","audmj","zakinekaya05@gmail.com","Zakine Kaya","d","","Q21","Odun","{""Q0"":""Odun""}"
"3824.89999999234","","survey-multi-choice","28","383179","0.0-28.0","audmj","zakinekaya05@gmail.com","Zakine Kaya","d","","A03","küçüktür","{""Q0"":""büyüktür""}"
"22059.20000000333","","survey-multi-choice","29","405248","0.0-29.0","audmj","zakinekaya05@gmail.com","Zakine Kaya","d","","F12","null","{""Q0"":""Sevinir""}"
"4081.2000000005355","","survey-multi-choice","30","409342","0.0-30.0","audmj","zakinekaya05@gmail.com","Zakine Kaya","d","","Q12","Para biriktirmek","{""Q0"":""Para biriktirmek""}"
"8684.09999999858","","survey-multi-choice","31","418035","0.0-31.0","audmj","zakinekaya05@gmail.com","Zakine Kaya","d","","A14","büyüktür","{""Q0"":""büyüktür""}"
"15683.900000003632","","survey-multi-choice","32","433729","0.0-32.0","audmj","zakinekaya05@gmail.com","Zakine Kaya","d","","C06","null","{""Q0"":""Üzülür""}"
"4382.7000000019325","","survey-multi-choice","33","438123","0.0-33.0","audmj","zakinekaya05@gmail.com","Zakine Kaya","d","","Q06","Müdür","{""Q0"":""Müdür""}"
"14238.59999999695","","survey-multi-choice","34","452370","0.0-34.0","audmj","zakinekaya05@gmail.com","Zakine Kaya","d","","A09","küçüktür","{""Q0"":""büyüktür""}"
"17633.00000000163","","survey-multi-choice","35","470014","0.0-35.0","audmj","zakinekaya05@gmail.com","Zakine Kaya","d","","F09","null","{""Q0"":""Sevinir""}"
"3456.90000000468","","survey-multi-choice","36","473482","0.0-36.0","audmj","zakinekaya05@gmail.com","Zakine Kaya","d","","Q09","Yemekhane","{""Q0"":""Yemekhane""}"
"7806.199999991804","","survey-multi-choice","37","481298","0.0-37.0","audmj","zakinekaya05@gmail.com","Zakine Kaya","d","","A01","küçüktür","{""Q0"":""büyüktür""}"
"7682.700000004843","","survey-multi-choice","38","488991","0.0-38.0","audmj","zakinekaya05@gmail.com","Zakine Kaya","d","","F22","null","{""Q0"":""Sevinir""}"
"5442.600000009406","","survey-multi-choice","39","494446","0.0-39.0","audmj","zakinekaya05@gmail.com","Zakine Kaya","d","","Q22","Yoğun","{""Q0"":""Yoğun""}"
"12422.399999995832","","survey-multi-choice","40","506880","0.0-40.0","audmj","zakinekaya05@gmail.com","Zakine Kaya","d","","A05","küçüktür","{""Q0"":""küçüktür""}"
"16385.20000000426","","survey-multi-choice","41","523277","0.0-41.0","audmj","zakinekaya05@gmail.com","Zakine Kaya","d","","F18","null","{""Q0"":""Sevinir""}"
"2888.8000000006286","","survey-multi-choice","42","526181","0.0-42.0","audmj","zakinekaya05@gmail.com","Zakine Kaya","d","","Q18","Çilek","{""Q0"":""Çilek""}"
"10273.300000000745","","survey-multi-choice","43","536466","0.0-43.0","audmj","zakinekaya05@gmail.com","Zakine Kaya","d","","A24","büyüktür","{""Q0"":""büyüktür""}"
"15805.999999996857","","survey-multi-choice","44","552283","0.0-44.0","audmj","zakinekaya05@gmail.com","Zakine Kaya","d","","C04","null","{""Q0"":""Üzülür""}"
"3140.79999999376","","survey-multi-choice","45","555437","0.0-45.0","audmj","zakinekaya05@gmail.com","Zakine Kaya","d","","Q04","Kamp","{""Q0"":""Kamp""}"
"4931.1000000016065","","survey-multi-choice","46","560377","0.0-46.0","audmj","zakinekaya05@gmail.com","Zakine Kaya","d","","A06","büyüktür","{""Q0"":""küçüktür""}"
"9410.799999997835","","survey-multi-choice","47","569798","0.0-47.0","audmj","zakinekaya05@gmail.com","Zakine Kaya","d","","F10","null","{""Q0"":""Sevinir""}"
"3286.499999987427","","survey-multi-choice","48","573096","0.0-48.0","audmj","zakinekaya05@gmail.com","Zakine Kaya","d","","Q10","Yüksek lisans","{""Q0"":""Yüksek lisans""}"
"13145.900000003166","","survey-multi-choice","49","586251","0.0-49.0","audmj","zakinekaya05@gmail.com","Zakine Kaya","d","","A11","büyüktür","{""Q0"":""büyüktür""}"
"15313.69999999879","","survey-multi-choice","50","601575","0.0-50.0","audmj","zakinekaya05@gmail.com","Zakine Kaya","d","","F20","null","{""Q0"":""Üzülür""}"
"2856.8000000086613","","survey-multi-choice","51","604442","0.0-51.0","audmj","zakinekaya05@gmail.com","Zakine Kaya","d","","Q20","Piyango bileti","{""Q0"":""Piyango bileti""}"
"9809.09999999858","","survey-multi-choice","52","614262","0.0-52.0","audmj","zakinekaya05@gmail.com","Zakine Kaya","d","","A10","büyüktür","{""Q0"":""küçüktür""}"
"8602.799999993294","","survey-multi-choice","53","622875","0.0-53.0","audmj","zakinekaya05@gmail.com","Zakine Kaya","d","","C02","null","{""Q0"":""Sevinir""}"
"3881.3000000081956","","survey-multi-choice","54","626775","0.0-54.0","audmj","zakinekaya05@gmail.com","Zakine Kaya","d","","Q02","Oyuncak bebek","{""Q0"":""Oyuncak bebek""}"
"19848.400000002584","","survey-multi-choice","55","646632","0.0-55.0","audmj","zakinekaya05@gmail.com","Zakine Kaya","d","","A13","küçüktür","{""Q0"":""büyüktür""}"
"20541.89999999653","","survey-multi-choice","56","667185","0.0-56.0","audmj","zakinekaya05@gmail.com","Zakine Kaya","d","","F19","null","{""Q0"":""Üzülür""}"
"2573.3000000036554","","survey-multi-choice","57","669769","0.0-57.0","audmj","zakinekaya05@gmail.com","Zakine Kaya","d","","Q19","Fizik","{""Q0"":""Fizik""}"
"31501.499999998487","","survey-multi-choice","58","701281","0.0-58.0","audmj","zakinekaya05@gmail.com","Zakine Kaya","d","","A19","büyüktür","{""Q0"":""küçüktür""}"
"12367.400000002817","","survey-multi-choice","59","713659","0.0-59.0","audmj","zakinekaya05@gmail.com","Zakine Kaya","d","","F11","null","{""Q0"":""Üzülür""}"
"3193.7999999936437","","survey-multi-choice","60","716864","0.0-60.0","audmj","zakinekaya05@gmail.com","Zakine Kaya","d","","Q11","Ayakkabı","{""Q0"":""Ayakkabı""}"
"3865.0000000052387","","survey-multi-choice","61","720740","0.0-61.0","audmj","zakinekaya05@gmail.com","Zakine Kaya","d","","A15","büyüktür","{""Q0"":""büyüktür""}"
"15784.400000004098","","survey-multi-choice","62","736534","0.0-62.0","audmj","zakinekaya05@gmail.com","Zakine Kaya","d","","C03","null","{""Q0"":""Üzülür""}"
"7702.399999994668","","survey-multi-choice","63","744248","0.0-63.0","audmj","zakinekaya05@gmail.com","Zakine Kaya","d","","Q03","Ofis","{""Q0"":""Ofis""}"
"4063.800000003539","","survey-multi-choice","64","748323","0.0-64.0","audmj","zakinekaya05@gmail.com","Zakine Kaya","d","","A18","büyüktür","{""Q0"":""küçüktür""}"
"8361.000000004424","","survey-multi-choice","65","756694","0.0-65.0","audmj","zakinekaya05@gmail.com","Zakine Kaya","d","","F15","null","{""Q0"":""Sevinir""}"
"3425.3000000026077","","survey-multi-choice","66","760132","0.0-66.0","audmj","zakinekaya05@gmail.com","Zakine Kaya","d","","Q15","Altı","{""Q0"":""Altı""}"
"4181.700000001001","","survey-multi-choice","67","764325","0.0-67.0","audmj","zakinekaya05@gmail.com","Zakine Kaya","d","","A23","büyüktür","{""Q0"":""küçüktür""}"
"9268.199999991339","","survey-multi-choice","68","773602","0.0-68.0","audmj","zakinekaya05@gmail.com","Zakine Kaya","d","","F14","null","{""Q0"":""Sevinir""}"
"4581.500000000233","","survey-multi-choice","69","778199","0.0-69.0","audmj","zakinekaya05@gmail.com","Zakine Kaya","d","","Q14","Birinci","{""Q0"":""İkinci""}"
"18879.80000000971","","survey-multi-choice","70","797089","0.0-70.0","audmj","zakinekaya05@gmail.com","Zakine Kaya","d","","A17","küçüktür","{""Q0"":""küçüktür""}"
"30552.20000000554","","survey-multi-choice","71","827653","0.0-71.0","audmj","zakinekaya05@gmail.com","Zakine Kaya","d","","F16","null","{""Q0"":""Sevinir""}"
"3025.3000000084285","","survey-multi-choice","72","830689","0.0-72.0","audmj","zakinekaya05@gmail.com","Zakine Kaya","d","","Q16","Kafe","{""Q0"":""Kafe""}"
"4391.999999992549","","survey-multi-choice","73","835091","0.0-73.0","audmj","zakinekaya05@gmail.com","Zakine Kaya","d","","A22","küçüktür","{""Q0"":""büyüktür""}"
