"rt","url","trial_type","trial_index","time_elapsed","internal_node_id","subject","subject_email","subject_name","group","view_history","id","correct","responses"
"60167.399999918416","resources/welcome.html","external-html","0","60271","0.0-0.0","shm5s","a.tugcesen06@hotmail.com ","Tuğçe Şen","d","","","",""
"11214.60000006482","","instructions","1","71495","0.0-1.0","shm5s","a.tugcesen06@hotmail.com ","Tuğçe Şen","d","[{""page_index"":0,""viewing_time"":11207.799999974668}]","","",""
"36432.599999941885","","survey-multi-choice","2","107949","0.0-2.0","shm5s","a.tugcesen06@hotmail.com ","Tuğçe Şen","d","","F13","null","{""Q0"":""Sevinir""}"
"3794.2999999504536","","survey-multi-choice","3","111755","0.0-3.0","shm5s","a.tugcesen06@hotmail.com ","Tuğçe Şen","d","","Q13","Kars","{""Q0"":""Kars""}"
"11618.999999947846","","survey-multi-choice","4","123385","0.0-4.0","shm5s","a.tugcesen06@hotmail.com ","Tuğçe Şen","d","","A21","büyüktür","{""Q0"":""büyüktür""}"
"7060.400000074878","","survey-multi-choice","5","130456","0.0-5.0","shm5s","a.tugcesen06@hotmail.com ","Tuğçe Şen","d","","F12","null","{""Q0"":""Sevinir""}"
"4297.5000001024455","","survey-multi-choice","6","134767","0.0-6.0","shm5s","a.tugcesen06@hotmail.com ","Tuğçe Şen","d","","Q12","Para biriktirmek","{""Q0"":""Para biriktirmek""}"
"15278.20000005886","","survey-multi-choice","7","150057","0.0-7.0","shm5s","a.tugcesen06@hotmail.com ","Tuğçe Şen","d","","A23","büyüktür","{""Q0"":""büyüktür""}"
"13407.49999997206","","survey-multi-choice","8","163477","0.0-8.0","shm5s","a.tugcesen06@hotmail.com ","Tuğçe Şen","d","","F18","null","{""Q0"":""Sevinir""}"
"3084.2999999877065","","survey-multi-choice","9","166572","0.0-9.0","shm5s","a.tugcesen06@hotmail.com ","Tuğçe Şen","d","","Q18","Çilek","{""Q0"":""Çilek""}"
"7336.499999975786","","survey-multi-choice","10","173921","0.0-10.0","shm5s","a.tugcesen06@hotmail.com ","Tuğçe Şen","d","","A18","büyüktür","{""Q0"":""küçüktür""}"
"15263.599999947473","","survey-multi-choice","11","189197","0.0-11.0","shm5s","a.tugcesen06@hotmail.com ","Tuğçe Şen","d","","C02","null","{""Q0"":""Üzülür""}"
"3080.19999996759","","survey-multi-choice","12","192291","0.0-12.0","shm5s","a.tugcesen06@hotmail.com ","Tuğçe Şen","d","","Q02","Oyuncak bebek","{""Q0"":""Oyuncak bebek""}"
"8038.600000087172","","survey-multi-choice","13","200339","0.0-13.0","shm5s","a.tugcesen06@hotmail.com ","Tuğçe Şen","d","","A03","küçüktür","{""Q0"":""büyüktür""}"
"16156.999999890104","","survey-multi-choice","14","216509","0.0-14.0","shm5s","a.tugcesen06@hotmail.com ","Tuğçe Şen","d","","F24","null","{""Q0"":""Sevinir""}"
"2939.900000113994","","survey-multi-choice","15","219461","0.0-15.0","shm5s","a.tugcesen06@hotmail.com ","Tuğçe Şen","d","","Q24","Tokyo","{""Q0"":""Tokyo""}"
"7332.200000062585","","survey-multi-choice","16","226806","0.0-16.0","shm5s","a.tugcesen06@hotmail.com ","Tuğçe Şen","d","","A22","küçüktür","{""Q0"":""büyüktür""}"
"12961.799999931827","","survey-multi-choice","17","239778","0.0-17.0","shm5s","a.tugcesen06@hotmail.com ","Tuğçe Şen","d","","F20","null","{""Q0"":""Üzülür""}"
"5031.399999978021","","survey-multi-choice","18","244822","0.0-18.0","shm5s","a.tugcesen06@hotmail.com ","Tuğçe Şen","d","","Q20","Piyango bileti","{""Q0"":""Piyango bileti""}"
"6433.799999998882","","survey-multi-choice","19","251266","0.0-19.0","shm5s","a.tugcesen06@hotmail.com ","Tuğçe Şen","d","","A10","büyüktür","{""Q0"":""büyüktür""}"
"11791.599999880418","","survey-multi-choice","20","263068","0.0-20.0","shm5s","a.tugcesen06@hotmail.com ","Tuğçe Şen","d","","C04","null","{""Q0"":""Sevinir""}"
"2738.0999999586493","","survey-multi-choice","21","265818","0.0-21.0","shm5s","a.tugcesen06@hotmail.com ","Tuğçe Şen","d","","Q04","Kamp","{""Q0"":""Kamp""}"
"10696.400000015274","","survey-multi-choice","22","276526","0.0-22.0","shm5s","a.tugcesen06@hotmail.com ","Tuğçe Şen","d","","A09","küçüktür","{""Q0"":""büyüktür""}"
"14110.799999907613","","survey-multi-choice","23","290647","0.0-23.0","shm5s","a.tugcesen06@hotmail.com ","Tuğçe Şen","d","","F15","null","{""Q0"":""Üzülür""}"
"2876.399999950081","","survey-multi-choice","24","293536","0.0-24.0","shm5s","a.tugcesen06@hotmail.com ","Tuğçe Şen","d","","Q15","Altı","{""Q0"":""Altı""}"
"13903.9000000339","","survey-multi-choice","25","307479","0.0-25.0","shm5s","a.tugcesen06@hotmail.com ","Tuğçe Şen","d","","A11","büyüktür","{""Q0"":""küçüktür""}"
"10694.099999964237","","survey-multi-choice","26","318188","0.0-26.0","shm5s","a.tugcesen06@hotmail.com ","Tuğçe Şen","d","","F11","null","{""Q0"":""Üzülür""}"
"3335.1000000257045","","survey-multi-choice","27","321534","0.0-27.0","shm5s","a.tugcesen06@hotmail.com ","Tuğçe Şen","d","","Q11","Ayakkabı","{""Q0"":""Ayakkabı""}"
"10696.500000078231","","survey-multi-choice","28","332244","0.0-28.0","shm5s","a.tugcesen06@hotmail.com ","Tuğçe Şen","d","","A17","küçüktür","{""Q0"":""küçüktür""}"
"7602.299999911338","","survey-multi-choice","29","339858","0.0-29.0","shm5s","a.tugcesen06@hotmail.com ","Tuğçe Şen","d","","F19","null","{""Q0"":""Üzülür""}"
"6923.300000140443","","survey-multi-choice","30","346794","0.0-30.0","shm5s","a.tugcesen06@hotmail.com ","Tuğçe Şen","d","","Q19","Fizik","{""Q0"":""Fizik""}"
"24560.900000156835","","survey-multi-choice","31","371367","0.0-31.0","shm5s","a.tugcesen06@hotmail.com ","Tuğçe Şen","d","","A16","küçüktür","{""Q0"":""küçüktür""}"
"11333.400000119582","","survey-multi-choice","32","382712","0.0-32.0","shm5s","a.tugcesen06@hotmail.com ","Tuğçe Şen","d","","C05","null","{""Q0"":""Sevinir""}"
"5265.600000042468","","survey-multi-choice","33","387991","0.0-33.0","shm5s","a.tugcesen06@hotmail.com ","Tuğçe Şen","d","","Q05","Matematik","{""Q0"":""Matematik""}"
"9588.299999944866","","survey-multi-choice","34","397591","0.0-34.0","shm5s","a.tugcesen06@hotmail.com ","Tuğçe Şen","d","","A19","büyüktür","{""Q0"":""büyüktür""}"
"16535.300000105053","","survey-multi-choice","35","414139","0.0-35.0","shm5s","a.tugcesen06@hotmail.com ","Tuğçe Şen","d","","F14","null","{""Q0"":""Sevinir""}"
"2967.000000178814","","survey-multi-choice","36","417120","0.0-36.0","shm5s","a.tugcesen06@hotmail.com ","Tuğçe Şen","d","","Q14","Birinci","{""Q0"":""İkinci""}"
"5213.999999919906","","survey-multi-choice","37","422346","0.0-37.0","shm5s","a.tugcesen06@hotmail.com ","Tuğçe Şen","d","","A05","küçüktür","{""Q0"":""küçüktür""}"
"17540.700000012293","","survey-multi-choice","38","439899","0.0-38.0","shm5s","a.tugcesen06@hotmail.com ","Tuğçe Şen","d","","F16","null","{""Q0"":""Sevinir""}"
"3712.000000057742","","survey-multi-choice","39","443625","0.0-39.0","shm5s","a.tugcesen06@hotmail.com ","Tuğçe Şen","d","","Q16","Kafe","{""Q0"":""Kafe""}"
"10229.200000176206","","survey-multi-choice","40","453864","0.0-40.0","shm5s","a.tugcesen06@hotmail.com ","Tuğçe Şen","d","","A01","küçüktür","{""Q0"":""büyüktür""}"
"14284.999999916181","","survey-multi-choice","41","468161","0.0-41.0","shm5s","a.tugcesen06@hotmail.com ","Tuğçe Şen","d","","F10","null","{""Q0"":""Sevinir""}"
"3357.100000139326","","survey-multi-choice","42","471533","0.0-42.0","shm5s","a.tugcesen06@hotmail.com ","Tuğçe Şen","d","","Q10","Yüksek lisans","{""Q0"":""Yüksek lisans""}"
"14900.699999881908","","survey-multi-choice","43","486446","0.0-43.0","shm5s","a.tugcesen06@hotmail.com ","Tuğçe Şen","d","","A02","küçüktür","{""Q0"":""küçüktür""}"
"14794.80000003241","","survey-multi-choice","44","501252","0.0-44.0","shm5s","a.tugcesen06@hotmail.com ","Tuğçe Şen","d","","C06","null","{""Q0"":""Üzülür""}"
"2921.000000089407","","survey-multi-choice","45","504184","0.0-45.0","shm5s","a.tugcesen06@hotmail.com ","Tuğçe Şen","d","","Q06","Müdür","{""Q0"":""Müdür""}"
"6941.300000064075","","survey-multi-choice","46","511136","0.0-46.0","shm5s","a.tugcesen06@hotmail.com ","Tuğçe Şen","d","","A06","büyüktür","{""Q0"":""küçüktür""}"
"16583.999999798834","","survey-multi-choice","47","527730","0.0-47.0","shm5s","a.tugcesen06@hotmail.com ","Tuğçe Şen","d","","F07","null","{""Q0"":""Üzülür""}"
"3737.2999999206513","","survey-multi-choice","48","531479","0.0-48.0","shm5s","a.tugcesen06@hotmail.com ","Tuğçe Şen","d","","Q07","Kardan adam","{""Q0"":""Kardan adam""}"
"10911.799999885261","","survey-multi-choice","49","542403","0.0-49.0","shm5s","a.tugcesen06@hotmail.com ","Tuğçe Şen","d","","A14","büyüktür","{""Q0"":""büyüktür""}"
"16428.199999965727","","survey-multi-choice","50","558845","0.0-50.0","shm5s","a.tugcesen06@hotmail.com ","Tuğçe Şen","d","","F21","null","{""Q0"":""Üzülür""}"
"3047.499999869615","","survey-multi-choice","51","561910","0.0-51.0","shm5s","a.tugcesen06@hotmail.com ","Tuğçe Şen","d","","Q21","Odun","{""Q0"":""Odun""}"
"12476.999999955297","","survey-multi-choice","52","574400","0.0-52.0","shm5s","a.tugcesen06@hotmail.com ","Tuğçe Şen","d","","A24","büyüktür","{""Q0"":""büyüktür""}"
"16913.60000008717","","survey-multi-choice","53","591327","0.0-53.0","shm5s","a.tugcesen06@hotmail.com ","Tuğçe Şen","d","","C01","null","{""Q0"":""Üzülür""}"
"3043.800000101328","","survey-multi-choice","54","594385","0.0-54.0","shm5s","a.tugcesen06@hotmail.com ","Tuğçe Şen","d","","Q01","Arda","{""Q0"":""Arda""}"
"8950.200000079349","","survey-multi-choice","55","603347","0.0-55.0","shm5s","a.tugcesen06@hotmail.com ","Tuğçe Şen","d","","A04","büyüktür","{""Q0"":""büyüktür""}"
"9510.200000135228","","survey-multi-choice","56","612871","0.0-56.0","shm5s","a.tugcesen06@hotmail.com ","Tuğçe Şen","d","","F23","null","{""Q0"":""Üzülür""}"
"2636.699999915436","","survey-multi-choice","57","615524","0.0-57.0","shm5s","a.tugcesen06@hotmail.com ","Tuğçe Şen","d","","Q23","Çarpışan arabalar","{""Q0"":""Çarpışan arabalar""}"
"7066.600000020117","","survey-multi-choice","58","622603","0.0-58.0","shm5s","a.tugcesen06@hotmail.com ","Tuğçe Şen","d","","A07","küçüktür","{""Q0"":""büyüktür""}"
"9571.8999998644","","survey-multi-choice","59","632188","0.0-59.0","shm5s","a.tugcesen06@hotmail.com ","Tuğçe Şen","d","","F17","null","{""Q0"":""Sevinir""}"
"2317.8999999072403","","survey-multi-choice","60","634521","0.0-60.0","shm5s","a.tugcesen06@hotmail.com ","Tuğçe Şen","d","","Q17","Öğle yemeği","{""Q0"":""Akşam yemeği""}"
"13604.300000006333","","survey-multi-choice","61","648137","0.0-61.0","shm5s","a.tugcesen06@hotmail.com ","Tuğçe Şen","d","","A08","küçüktür","{""Q0"":""büyüktür""}"
"6264.399999985471","","survey-multi-choice","62","654413","0.0-62.0","shm5s","a.tugcesen06@hotmail.com ","Tuğçe Şen","d","","C03","null","{""Q0"":""Üzülür""}"
"3163.799999980256","","survey-multi-choice","63","657590","0.0-63.0","shm5s","a.tugcesen06@hotmail.com ","Tuğçe Şen","d","","Q03","Ofis","{""Q0"":""Ofis""}"
"8535.799999954179","","survey-multi-choice","64","666154","0.0-64.0","shm5s","a.tugcesen06@hotmail.com ","Tuğçe Şen","d","","A20","küçüktür","{""Q0"":""küçüktür""}"
"12507.299999939278","","survey-multi-choice","65","678675","0.0-65.0","shm5s","a.tugcesen06@hotmail.com ","Tuğçe Şen","d","","F09","null","{""Q0"":""Sevinir""}"
"4967.799999983981","","survey-multi-choice","66","683657","0.0-66.0","shm5s","a.tugcesen06@hotmail.com ","Tuğçe Şen","d","","Q09","Yemekhane","{""Q0"":""Yemekhane""}"
"9373.700000112876","","survey-multi-choice","67","693041","0.0-67.0","shm5s","a.tugcesen06@hotmail.com ","Tuğçe Şen","d","","A13","küçüktür","{""Q0"":""küçüktür""}"
"13659.899999853224","","survey-multi-choice","68","706715","0.0-68.0","shm5s","a.tugcesen06@hotmail.com ","Tuğçe Şen","d","","F22","null","{""Q0"":""Sevinir""}"
"2695.9999999962747","","survey-multi-choice","69","709439","0.0-69.0","shm5s","a.tugcesen06@hotmail.com ","Tuğçe Şen","d","","Q22","Yoğun","{""Q0"":""Yoğun""}"
"15256.400000071153","","survey-multi-choice","70","724708","0.0-70.0","shm5s","a.tugcesen06@hotmail.com ","Tuğçe Şen","d","","A15","büyüktür","{""Q0"":""küçüktür""}"
"9565.199999837205","","survey-multi-choice","71","734286","0.0-71.0","shm5s","a.tugcesen06@hotmail.com ","Tuğçe Şen","d","","F08","null","{""Q0"":""Üzülür""}"
"2744.1000000108033","","survey-multi-choice","72","737047","0.0-72.0","shm5s","a.tugcesen06@hotmail.com ","Tuğçe Şen","d","","Q08","Tenis","{""Q0"":""Tenis""}"
"30889.80000000447","","survey-multi-choice","73","767948","0.0-73.0","shm5s","a.tugcesen06@hotmail.com ","Tuğçe Şen","d","","A12","büyüktür","{""Q0"":""büyüktür""}"
