"rt","url","trial_type","trial_index","time_elapsed","internal_node_id","subject","subject_email","subject_name","group","view_history","id","correct","responses"
"53643.09999998659","resources/welcome.html","external-html","0","53896","0.0-0.0","8glke","suveydasanli@gmail.com","Süveyda Şanlı","z","","","",""
"54380.39999996545","","instructions","1","108281","0.0-1.0","8glke","suveydasanli@gmail.com","Süveyda Şanlı","z","[{""page_index"":0,""viewing_time"":54377.89999996312}]","","",""
"11160.399999993388","","survey-multi-choice","2","119453","0.0-2.0","8glke","suveydasanli@gmail.com","Süveyda Şanlı","z","","F17","null","{""Q0"":""Üzülür""}"
"4466.100000019651","","survey-multi-choice","3","123930","0.0-3.0","8glke","suveydasanli@gmail.com","Süveyda Şanlı","z","","Q17","Öğle yemeği","{""Q0"":""Akşam yemeği""}"
"25277.000000001863","","survey-multi-choice","4","149216","0.0-4.0","8glke","suveydasanli@gmail.com","Süveyda Şanlı","z","","A06","büyüktür","{""Q0"":""küçüktür""}"
"11528.200000000652","","survey-multi-choice","5","160754","0.0-5.0","8glke","suveydasanli@gmail.com","Süveyda Şanlı","z","","F07","null","{""Q0"":""Sevinir""}"
"9997.099999978673","","survey-multi-choice","6","170759","0.0-6.0","8glke","suveydasanli@gmail.com","Süveyda Şanlı","z","","Q07","Kardan adam","{""Q0"":""Kardan adam""}"
"12444.000000017695","","survey-multi-choice","7","183212","0.0-7.0","8glke","suveydasanli@gmail.com","Süveyda Şanlı","z","","A24","büyüktür","{""Q0"":""büyüktür""}"
"7613.500000035856","","survey-multi-choice","8","190834","0.0-8.0","8glke","suveydasanli@gmail.com","Süveyda Şanlı","z","","F12","null","{""Q0"":""Sevinir""}"
"2954.0999999735504","","survey-multi-choice","9","193799","0.0-9.0","8glke","suveydasanli@gmail.com","Süveyda Şanlı","z","","Q12","Para biriktirmek","{""Q0"":""Para biriktirmek""}"
"14357.499999983702","","survey-multi-choice","10","208165","0.0-10.0","8glke","suveydasanli@gmail.com","Süveyda Şanlı","z","","A16","küçüktür","{""Q0"":""küçüktür""}"
"25411.699999996927","","survey-multi-choice","11","233586","0.0-11.0","8glke","suveydasanli@gmail.com","Süveyda Şanlı","z","","C04","null","{""Q0"":""Sevinir""}"
"2701.7000000341795","","survey-multi-choice","12","236297","0.0-12.0","8glke","suveydasanli@gmail.com","Süveyda Şanlı","z","","Q04","Kamp","{""Q0"":""Kamp""}"
"13498.699999996461","","survey-multi-choice","13","249803","0.0-13.0","8glke","suveydasanli@gmail.com","Süveyda Şanlı","z","","A01","küçüktür","{""Q0"":""küçüktür""}"
"8246.400000003632","","survey-multi-choice","14","258060","0.0-14.0","8glke","suveydasanli@gmail.com","Süveyda Şanlı","z","","F19","null","{""Q0"":""Üzülür""}"
"3249.8999999952503","","survey-multi-choice","15","261320","0.0-15.0","8glke","suveydasanli@gmail.com","Süveyda Şanlı","z","","Q19","Fizik","{""Q0"":""Fizik""}"
"18156.69999999227","","survey-multi-choice","16","279485","0.0-16.0","8glke","suveydasanli@gmail.com","Süveyda Şanlı","z","","A21","büyüktür","{""Q0"":""büyüktür""}"
"7265.400000032969","","survey-multi-choice","17","286759","0.0-17.0","8glke","suveydasanli@gmail.com","Süveyda Şanlı","z","","F16","null","{""Q0"":""Sevinir""}"
"3158.400000014808","","survey-multi-choice","18","289937","0.0-18.0","8glke","suveydasanli@gmail.com","Süveyda Şanlı","z","","Q16","Kafe","{""Q0"":""Kafe""}"
"18136.8000000366","","survey-multi-choice","19","308083","0.0-19.0","8glke","suveydasanli@gmail.com","Süveyda Şanlı","z","","A11","büyüktür","{""Q0"":""büyüktür""}"
"9283.200000005309","","survey-multi-choice","20","317375","0.0-20.0","8glke","suveydasanli@gmail.com","Süveyda Şanlı","z","","C03","null","{""Q0"":""Sevinir""}"
"4785.700000007637","","survey-multi-choice","21","322169","0.0-21.0","8glke","suveydasanli@gmail.com","Süveyda Şanlı","z","","Q03","Ofis","{""Q0"":""Ofis""}"
"10179.000000003725","","survey-multi-choice","22","332357","0.0-22.0","8glke","suveydasanli@gmail.com","Süveyda Şanlı","z","","A15","büyüktür","{""Q0"":""büyüktür""}"
"7863.7999999918975","","survey-multi-choice","23","340229","0.0-23.0","8glke","suveydasanli@gmail.com","Süveyda Şanlı","z","","F21","null","{""Q0"":""Üzülür""}"
"2473.199999949429","","survey-multi-choice","24","342713","0.0-24.0","8glke","suveydasanli@gmail.com","Süveyda Şanlı","z","","Q21","Odun","{""Q0"":""Odun""}"
"17637.999999977183","","survey-multi-choice","25","360382","0.0-25.0","8glke","suveydasanli@gmail.com","Süveyda Şanlı","z","","A22","küçüktür","{""Q0"":""büyüktür""}"
"12947.499999951106","","survey-multi-choice","26","373342","0.0-26.0","8glke","suveydasanli@gmail.com","Süveyda Şanlı","z","","F15","null","{""Q0"":""Üzülür""}"
"2702.900000032969","","survey-multi-choice","27","376056","0.0-27.0","8glke","suveydasanli@gmail.com","Süveyda Şanlı","z","","Q15","Altı","{""Q0"":""Altı""}"
"7267.900000035297","","survey-multi-choice","28","383332","0.0-28.0","8glke","suveydasanli@gmail.com","Süveyda Şanlı","z","","A09","küçüktür","{""Q0"":""büyüktür""}"
"9579.900000011548","","survey-multi-choice","29","392920","0.0-29.0","8glke","suveydasanli@gmail.com","Süveyda Şanlı","z","","F22","null","{""Q0"":""Üzülür""}"
"2638.5000000009313","","survey-multi-choice","30","395568","0.0-30.0","8glke","suveydasanli@gmail.com","Süveyda Şanlı","z","","Q22","Yoğun","{""Q0"":""Yoğun""}"
"6118.000000016764","","survey-multi-choice","31","401694","0.0-31.0","8glke","suveydasanli@gmail.com","Süveyda Şanlı","z","","A18","büyüktür","{""Q0"":""büyüktür""}"
"8927.800000004936","","survey-multi-choice","32","410631","0.0-32.0","8glke","suveydasanli@gmail.com","Süveyda Şanlı","z","","C02","null","{""Q0"":""Sevinir""}"
"3239.899999985937","","survey-multi-choice","33","413881","0.0-33.0","8glke","suveydasanli@gmail.com","Süveyda Şanlı","z","","Q02","Oyuncak bebek","{""Q0"":""Oyuncak bebek""}"
"11324.200000031851","","survey-multi-choice","34","425214","0.0-34.0","8glke","suveydasanli@gmail.com","Süveyda Şanlı","z","","A03","küçüktür","{""Q0"":""büyüktür""}"
"7966.100000019651","","survey-multi-choice","35","433189","0.0-35.0","8glke","suveydasanli@gmail.com","Süveyda Şanlı","z","","F08","null","{""Q0"":""Üzülür""}"
"6049.39999995986","","survey-multi-choice","36","439249","0.0-36.0","8glke","suveydasanli@gmail.com","Süveyda Şanlı","z","","Q08","Tenis","{""Q0"":""Tenis""}"
"9148.099999991246","","survey-multi-choice","37","448405","0.0-37.0","8glke","suveydasanli@gmail.com","Süveyda Şanlı","z","","A14","büyüktür","{""Q0"":""büyüktür""}"
"10198.299999989104","","survey-multi-choice","38","458612","0.0-38.0","8glke","suveydasanli@gmail.com","Süveyda Şanlı","z","","F14","null","{""Q0"":""Sevinir""}"
"3519.9000000138767","","survey-multi-choice","39","462142","0.0-39.0","8glke","suveydasanli@gmail.com","Süveyda Şanlı","z","","Q14","Birinci","{""Q0"":""İkinci""}"
"17419.80000003241","","survey-multi-choice","40","479571","0.0-40.0","8glke","suveydasanli@gmail.com","Süveyda Şanlı","z","","A20","küçüktür","{""Q0"":""büyüktür""}"
"13572.899999970105","","survey-multi-choice","41","493153","0.0-41.0","8glke","suveydasanli@gmail.com","Süveyda Şanlı","z","","F13","null","{""Q0"":""Sevinir""}"
"2425.39999994915","","survey-multi-choice","42","495589","0.0-42.0","8glke","suveydasanli@gmail.com","Süveyda Şanlı","z","","Q13","Kars","{""Q0"":""Kars""}"
"6012.400000006892","","survey-multi-choice","43","501611","0.0-43.0","8glke","suveydasanli@gmail.com","Süveyda Şanlı","z","","A12","büyüktür","{""Q0"":""küçüktür""}"
"8581.700000038836","","survey-multi-choice","44","510201","0.0-44.0","8glke","suveydasanli@gmail.com","Süveyda Şanlı","z","","C05","null","{""Q0"":""Sevinir""}"
"4249.300000024959","","survey-multi-choice","45","514462","0.0-45.0","8glke","suveydasanli@gmail.com","Süveyda Şanlı","z","","Q05","Matematik","{""Q0"":""Matematik""}"
"6202.700000023469","","survey-multi-choice","46","520673","0.0-46.0","8glke","suveydasanli@gmail.com","Süveyda Şanlı","z","","A05","küçüktür","{""Q0"":""büyüktür""}"
"11578.70000001276","","survey-multi-choice","47","532260","0.0-47.0","8glke","suveydasanli@gmail.com","Süveyda Şanlı","z","","F09","null","{""Q0"":""Sevinir""}"
"2987.0000000228174","","survey-multi-choice","48","535257","0.0-48.0","8glke","suveydasanli@gmail.com","Süveyda Şanlı","z","","Q09","Yemekhane","{""Q0"":""Yemekhane""}"
"4732.40000003716","","survey-multi-choice","49","539999","0.0-49.0","8glke","suveydasanli@gmail.com","Süveyda Şanlı","z","","A19","büyüktür","{""Q0"":""büyüktür""}"
"7417.0000000158325","","survey-multi-choice","50","547425","0.0-50.0","8glke","suveydasanli@gmail.com","Süveyda Şanlı","z","","F23","null","{""Q0"":""Üzülür""}"
"3968.9000000362284","","survey-multi-choice","51","551404","0.0-51.0","8glke","suveydasanli@gmail.com","Süveyda Şanlı","z","","Q23","Çarpışan arabalar","{""Q0"":""Çarpışan arabalar""}"
"13760.799999989104","","survey-multi-choice","52","565174","0.0-52.0","8glke","suveydasanli@gmail.com","Süveyda Şanlı","z","","A07","küçüktür","{""Q0"":""küçüktür""}"
"7913.700000033714","","survey-multi-choice","53","573112","0.0-53.0","8glke","suveydasanli@gmail.com","Süveyda Şanlı","z","","C06","null","{""Q0"":""Üzülür""}"
"4536.000000021886","","survey-multi-choice","54","577658","0.0-54.0","8glke","suveydasanli@gmail.com","Süveyda Şanlı","z","","Q06","Müdür","{""Q0"":""Müdür""}"
"18566.800000029616","","survey-multi-choice","55","596235","0.0-55.0","8glke","suveydasanli@gmail.com","Süveyda Şanlı","z","","A10","büyüktür","{""Q0"":""büyüktür""}"
"10443.800000008196","","survey-multi-choice","56","606690","0.0-56.0","8glke","suveydasanli@gmail.com","Süveyda Şanlı","z","","F20","null","{""Q0"":""Üzülür""}"
"2905.399999988731","","survey-multi-choice","57","609606","0.0-57.0","8glke","suveydasanli@gmail.com","Süveyda Şanlı","z","","Q20","Piyango bileti","{""Q0"":""Piyango bileti""}"
"3902.5000000256114","","survey-multi-choice","58","613516","0.0-58.0","8glke","suveydasanli@gmail.com","Süveyda Şanlı","z","","A02","küçüktür","{""Q0"":""büyüktür""}"
"13492.499999993015","","survey-multi-choice","59","627018","0.0-59.0","8glke","suveydasanli@gmail.com","Süveyda Şanlı","z","","F10","null","{""Q0"":""Sevinir""}"
"4188.400000042748","","survey-multi-choice","60","631216","0.0-60.0","8glke","suveydasanli@gmail.com","Süveyda Şanlı","z","","Q10","Yüksek lisans","{""Q0"":""Yüksek lisans""}"
"7144.999999960419","","survey-multi-choice","61","638371","0.0-61.0","8glke","suveydasanli@gmail.com","Süveyda Şanlı","z","","A23","büyüktür","{""Q0"":""büyüktür""}"
"14842.399999964982","","survey-multi-choice","62","653222","0.0-62.0","8glke","suveydasanli@gmail.com","Süveyda Şanlı","z","","C01","null","{""Q0"":""Üzülür""}"
"2784.6000000135973","","survey-multi-choice","63","656020","0.0-63.0","8glke","suveydasanli@gmail.com","Süveyda Şanlı","z","","Q01","Arda","{""Q0"":""Burhan""}"
"10009.000000020023","","survey-multi-choice","64","666039","0.0-64.0","8glke","suveydasanli@gmail.com","Süveyda Şanlı","z","","A17","küçüktür","{""Q0"":""küçüktür""}"
"6665.7000000122935","","survey-multi-choice","65","672715","0.0-65.0","8glke","suveydasanli@gmail.com","Süveyda Şanlı","z","","F18","null","{""Q0"":""Sevinir""}"
"3049.600000027567","","survey-multi-choice","66","675777","0.0-66.0","8glke","suveydasanli@gmail.com","Süveyda Şanlı","z","","Q18","Çilek","{""Q0"":""Çilek""}"
"7701.999999990221","","survey-multi-choice","67","683488","0.0-67.0","8glke","suveydasanli@gmail.com","Süveyda Şanlı","z","","A13","küçüktür","{""Q0"":""küçüktür""}"
"8613.699999987148","","survey-multi-choice","68","692111","0.0-68.0","8glke","suveydasanli@gmail.com","Süveyda Şanlı","z","","F24","null","{""Q0"":""Sevinir""}"
"2453.800000017509","","survey-multi-choice","69","694581","0.0-69.0","8glke","suveydasanli@gmail.com","Süveyda Şanlı","z","","Q24","Tokyo","{""Q0"":""Tokyo""}"
"13267.300000006799","","survey-multi-choice","70","707875","0.0-70.0","8glke","suveydasanli@gmail.com","Süveyda Şanlı","z","","A04","büyüktür","{""Q0"":""küçüktür""}"
"17333.800000022165","","survey-multi-choice","71","725219","0.0-71.0","8glke","suveydasanli@gmail.com","Süveyda Şanlı","z","","F11","null","{""Q0"":""Üzülür""}"
"2673.899999994319","","survey-multi-choice","72","727904","0.0-72.0","8glke","suveydasanli@gmail.com","Süveyda Şanlı","z","","Q11","Ayakkabı","{""Q0"":""Ayakkabı""}"
"3916.4999999920838","","survey-multi-choice","73","731831","0.0-73.0","8glke","suveydasanli@gmail.com","Süveyda Şanlı","z","","A08","küçüktür","{""Q0"":""küçüktür""}"
