"rt","url","trial_type","trial_index","time_elapsed","internal_node_id","subject","subject_email","subject_name","group","view_history","id","correct","responses"
"50990.300000004936","resources/welcome.html","external-html","0","51042","0.0-0.0","ejfco","esmaa.turkoglu@gmail.com ","Esma Türkoğlu","z","","","",""
"25712.199999994482","","instructions","1","76768","0.0-1.0","ejfco","esmaa.turkoglu@gmail.com ","Esma Türkoğlu","z","[{""page_index"":0,""viewing_time"":25710.49999999377}]","","",""
"8068.200000001525","","survey-multi-choice","2","84859","0.0-2.0","ejfco","esmaa.turkoglu@gmail.com ","Esma Türkoğlu","z","","F17","null","{""Q0"":""Sevinir""}"
"3718.8999999998487","","survey-multi-choice","3","88603","0.0-3.0","ejfco","esmaa.turkoglu@gmail.com ","Esma Türkoğlu","z","","Q17","Öğle yemeği","{""Q0"":""Akşam yemeği""}"
"12600.100000003295","","survey-multi-choice","4","101219","0.0-4.0","ejfco","esmaa.turkoglu@gmail.com ","Esma Türkoğlu","z","","A07","küçüktür","{""Q0"":""büyüktür""}"
"16180.899999999383","","survey-multi-choice","5","117410","0.0-5.0","ejfco","esmaa.turkoglu@gmail.com ","Esma Türkoğlu","z","","F16","null","{""Q0"":""Sevinir""}"
"3576.999999997497","","survey-multi-choice","6","121002","0.0-6.0","ejfco","esmaa.turkoglu@gmail.com ","Esma Türkoğlu","z","","Q16","Kafe","{""Q0"":""Kafe""}"
"5514.499999997497","","survey-multi-choice","7","126536","0.0-7.0","ejfco","esmaa.turkoglu@gmail.com ","Esma Türkoğlu","z","","A06","büyüktür","{""Q0"":""büyüktür""}"
"13062.60000000475","","survey-multi-choice","8","139614","0.0-8.0","ejfco","esmaa.turkoglu@gmail.com ","Esma Türkoğlu","z","","F15","null","{""Q0"":""Sevinir""}"
"4345.799999995506","","survey-multi-choice","9","143972","0.0-9.0","ejfco","esmaa.turkoglu@gmail.com ","Esma Türkoğlu","z","","Q15","Altı","{""Q0"":""Altı""}"
"4363.899999996647","","survey-multi-choice","10","148349","0.0-10.0","ejfco","esmaa.turkoglu@gmail.com ","Esma Türkoğlu","z","","A14","büyüktür","{""Q0"":""büyüktür""}"
"7393.100000001141","","survey-multi-choice","11","155757","0.0-11.0","ejfco","esmaa.turkoglu@gmail.com ","Esma Türkoğlu","z","","C02","null","{""Q0"":""Sevinir""}"
"4305.999999996857","","survey-multi-choice","12","160089","0.0-12.0","ejfco","esmaa.turkoglu@gmail.com ","Esma Türkoğlu","z","","Q02","Oyuncak bebek","{""Q0"":""Oyuncak bebek""}"
"3801.500000001397","","survey-multi-choice","13","163904","0.0-13.0","ejfco","esmaa.turkoglu@gmail.com ","Esma Türkoğlu","z","","A20","küçüktür","{""Q0"":""büyüktür""}"
"7998.800000001211","","survey-multi-choice","14","171919","0.0-14.0","ejfco","esmaa.turkoglu@gmail.com ","Esma Türkoğlu","z","","F14","null","{""Q0"":""Sevinir""}"
"2803.9999999964493","","survey-multi-choice","15","174743","0.0-15.0","ejfco","esmaa.turkoglu@gmail.com ","Esma Türkoğlu","z","","Q14","Birinci","{""Q0"":""İkinci""}"
"3504.9999999973807","","survey-multi-choice","16","178262","0.0-16.0","ejfco","esmaa.turkoglu@gmail.com ","Esma Türkoğlu","z","","A09","küçüktür","{""Q0"":""büyüktür""}"
"6330.499999996391","","survey-multi-choice","17","184609","0.0-17.0","ejfco","esmaa.turkoglu@gmail.com ","Esma Türkoğlu","z","","F07","null","{""Q0"":""Üzülür""}"
"3806.1999999990803","","survey-multi-choice","18","188430","0.0-18.0","ejfco","esmaa.turkoglu@gmail.com ","Esma Türkoğlu","z","","Q07","Kardan adam","{""Q0"":""Kardan adam""}"
"12255.299999997078","","survey-multi-choice","19","200700","0.0-19.0","ejfco","esmaa.turkoglu@gmail.com ","Esma Türkoğlu","z","","A24","büyüktür","{""Q0"":""küçüktür""}"
"10377.500000002328","","survey-multi-choice","20","211091","0.0-20.0","ejfco","esmaa.turkoglu@gmail.com ","Esma Türkoğlu","z","","C01","null","{""Q0"":""Sevinir""}"
"3300.4999999975553","","survey-multi-choice","21","214411","0.0-21.0","ejfco","esmaa.turkoglu@gmail.com ","Esma Türkoğlu","z","","Q01","Arda","{""Q0"":""Arda""}"
"4090.200000006007","","survey-multi-choice","22","218519","0.0-22.0","ejfco","esmaa.turkoglu@gmail.com ","Esma Türkoğlu","z","","A16","küçüktür","{""Q0"":""büyüktür""}"
"6734.899999995832","","survey-multi-choice","23","225272","0.0-23.0","ejfco","esmaa.turkoglu@gmail.com ","Esma Türkoğlu","z","","F19","null","{""Q0"":""Üzülür""}"
"3295.5000000001746","","survey-multi-choice","24","228582","0.0-24.0","ejfco","esmaa.turkoglu@gmail.com ","Esma Türkoğlu","z","","Q19","Fizik","{""Q0"":""Fizik""}"
"2954.200000000128","","survey-multi-choice","25","231583","0.0-25.0","ejfco","esmaa.turkoglu@gmail.com ","Esma Türkoğlu","z","","A19","büyüktür","{""Q0"":""büyüktür""}"
"6752.699999997276","","survey-multi-choice","26","238347","0.0-26.0","ejfco","esmaa.turkoglu@gmail.com ","Esma Türkoğlu","z","","F21","null","{""Q0"":""Üzülür""}"
"3226.699999999255","","survey-multi-choice","27","241589","0.0-27.0","ejfco","esmaa.turkoglu@gmail.com ","Esma Türkoğlu","z","","Q21","Odun","{""Q0"":""Çöp""}"
"6475.299999998242","","survey-multi-choice","28","248081","0.0-28.0","ejfco","esmaa.turkoglu@gmail.com ","Esma Türkoğlu","z","","A10","büyüktür","{""Q0"":""büyüktür""}"
"8054.500000005646","","survey-multi-choice","29","256148","0.0-29.0","ejfco","esmaa.turkoglu@gmail.com ","Esma Türkoğlu","z","","F12","null","{""Q0"":""Sevinir""}"
"4475.400000002992","","survey-multi-choice","30","260642","0.0-30.0","ejfco","esmaa.turkoglu@gmail.com ","Esma Türkoğlu","z","","Q12","Para biriktirmek","{""Q0"":""Para biriktirmek""}"
"9221.299999997427","","survey-multi-choice","31","269881","0.0-31.0","ejfco","esmaa.turkoglu@gmail.com ","Esma Türkoğlu","z","","A05","küçüktür","{""Q0"":""küçüktür""}"
"9163.699999997334","","survey-multi-choice","32","279057","0.0-32.0","ejfco","esmaa.turkoglu@gmail.com ","Esma Türkoğlu","z","","C05","null","{""Q0"":""Üzülür""}"
"3941.00000000617","","survey-multi-choice","33","283019","0.0-33.0","ejfco","esmaa.turkoglu@gmail.com ","Esma Türkoğlu","z","","Q05","Matematik","{""Q0"":""Matematik""}"
"18999.900000002526","","survey-multi-choice","34","302034","0.0-34.0","ejfco","esmaa.turkoglu@gmail.com ","Esma Türkoğlu","z","","A08","küçüktür","{""Q0"":""büyüktür""}"
"6957.399999999325","","survey-multi-choice","35","309004","0.0-35.0","ejfco","esmaa.turkoglu@gmail.com ","Esma Türkoğlu","z","","F23","null","{""Q0"":""Üzülür""}"
"3752.999999996973","","survey-multi-choice","36","312773","0.0-36.0","ejfco","esmaa.turkoglu@gmail.com ","Esma Türkoğlu","z","","Q23","Çarpışan arabalar","{""Q0"":""Çarpışan arabalar""}"
"9781.999999999243","","survey-multi-choice","37","322566","0.0-37.0","ejfco","esmaa.turkoglu@gmail.com ","Esma Türkoğlu","z","","A01","küçüktür","{""Q0"":""büyüktür""}"
"10057.39999999787","","survey-multi-choice","38","332639","0.0-38.0","ejfco","esmaa.turkoglu@gmail.com ","Esma Türkoğlu","z","","F10","null","{""Q0"":""Sevinir""}"
"3577.6000000041677","","survey-multi-choice","39","336237","0.0-39.0","ejfco","esmaa.turkoglu@gmail.com ","Esma Türkoğlu","z","","Q10","Yüksek lisans","{""Q0"":""Yüksek lisans""}"
"12562.299999997776","","survey-multi-choice","40","348816","0.0-40.0","ejfco","esmaa.turkoglu@gmail.com ","Esma Türkoğlu","z","","A17","küçüktür","{""Q0"":""büyüktür""}"
"8320.799999994051","","survey-multi-choice","41","357151","0.0-41.0","ejfco","esmaa.turkoglu@gmail.com ","Esma Türkoğlu","z","","F22","null","{""Q0"":""Sevinir""}"
"3667.9000000003725","","survey-multi-choice","42","360836","0.0-42.0","ejfco","esmaa.turkoglu@gmail.com ","Esma Türkoğlu","z","","Q22","Yoğun","{""Q0"":""Yoğun""}"
"3900.000000001455","","survey-multi-choice","43","364753","0.0-43.0","ejfco","esmaa.turkoglu@gmail.com ","Esma Türkoğlu","z","","A04","büyüktür","{""Q0"":""büyüktür""}"
"10220.800000002782","","survey-multi-choice","44","374987","0.0-44.0","ejfco","esmaa.turkoglu@gmail.com ","Esma Türkoğlu","z","","C04","null","{""Q0"":""Sevinir""}"
"3398.9000000001397","","survey-multi-choice","45","378402","0.0-45.0","ejfco","esmaa.turkoglu@gmail.com ","Esma Türkoğlu","z","","Q04","Kamp","{""Q0"":""Kamp""}"
"5725.200000000768","","survey-multi-choice","46","384140","0.0-46.0","ejfco","esmaa.turkoglu@gmail.com ","Esma Türkoğlu","z","","A11","büyüktür","{""Q0"":""küçüktür""}"
"9412.800000005518","","survey-multi-choice","47","393570","0.0-47.0","ejfco","esmaa.turkoglu@gmail.com ","Esma Türkoğlu","z","","F18","null","{""Q0"":""Sevinir""}"
"2829.0000000051805","","survey-multi-choice","48","396414","0.0-48.0","ejfco","esmaa.turkoglu@gmail.com ","Esma Türkoğlu","z","","Q18","Çilek","{""Q0"":""Çilek""}"
"13323.90000000305","","survey-multi-choice","49","409753","0.0-49.0","ejfco","esmaa.turkoglu@gmail.com ","Esma Türkoğlu","z","","A23","büyüktür","{""Q0"":""büyüktür""}"
"8754.099999998289","","survey-multi-choice","50","418524","0.0-50.0","ejfco","esmaa.turkoglu@gmail.com ","Esma Türkoğlu","z","","F08","null","{""Q0"":""Üzülür""}"
"4520.999999993364","","survey-multi-choice","51","423057","0.0-51.0","ejfco","esmaa.turkoglu@gmail.com ","Esma Türkoğlu","z","","Q08","Tenis","{""Q0"":""Tenis""}"
"7801.699999996345","","survey-multi-choice","52","430876","0.0-52.0","ejfco","esmaa.turkoglu@gmail.com ","Esma Türkoğlu","z","","A15","büyüktür","{""Q0"":""küçüktür""}"
"8227.29999999865","","survey-multi-choice","53","439118","0.0-53.0","ejfco","esmaa.turkoglu@gmail.com ","Esma Türkoğlu","z","","C03","null","{""Q0"":""Üzülür""}"
"3788.799999994808","","survey-multi-choice","54","442920","0.0-54.0","ejfco","esmaa.turkoglu@gmail.com ","Esma Türkoğlu","z","","Q03","Ofis","{""Q0"":""Ofis""}"
"9863.100000002305","","survey-multi-choice","55","452804","0.0-55.0","ejfco","esmaa.turkoglu@gmail.com ","Esma Türkoğlu","z","","A02","küçüktür","{""Q0"":""küçüktür""}"
"12392.0999999973","","survey-multi-choice","56","465212","0.0-56.0","ejfco","esmaa.turkoglu@gmail.com ","Esma Türkoğlu","z","","F09","null","{""Q0"":""Sevinir""}"
"4375.2000000022235","","survey-multi-choice","57","469604","0.0-57.0","ejfco","esmaa.turkoglu@gmail.com ","Esma Türkoğlu","z","","Q09","Yemekhane","{""Q0"":""Yemekhane""}"
"8439.899999997579","","survey-multi-choice","58","478058","0.0-58.0","ejfco","esmaa.turkoglu@gmail.com ","Esma Türkoğlu","z","","A03","küçüktür","{""Q0"":""küçüktür""}"
"8438.59999999404","","survey-multi-choice","59","486512","0.0-59.0","ejfco","esmaa.turkoglu@gmail.com ","Esma Türkoğlu","z","","F13","null","{""Q0"":""Üzülür""}"
"2812.899999997171","","survey-multi-choice","60","489339","0.0-60.0","ejfco","esmaa.turkoglu@gmail.com ","Esma Türkoğlu","z","","Q13","Kars","{""Q0"":""Kars""}"
"5118.000000002212","","survey-multi-choice","61","494476","0.0-61.0","ejfco","esmaa.turkoglu@gmail.com ","Esma Türkoğlu","z","","A12","büyüktür","{""Q0"":""büyüktür""}"
"8732.199999998556","","survey-multi-choice","62","503223","0.0-62.0","ejfco","esmaa.turkoglu@gmail.com ","Esma Türkoğlu","z","","C06","null","{""Q0"":""Sevinir""}"
"5098.899999997229","","survey-multi-choice","63","508340","0.0-63.0","ejfco","esmaa.turkoglu@gmail.com ","Esma Türkoğlu","z","","Q06","Müdür","{""Q0"":""Müdür""}"
"4637.9999999990105","","survey-multi-choice","64","513006","0.0-64.0","ejfco","esmaa.turkoglu@gmail.com ","Esma Türkoğlu","z","","A21","büyüktür","{""Q0"":""küçüktür""}"
"7405.500000000757","","survey-multi-choice","65","520428","0.0-65.0","ejfco","esmaa.turkoglu@gmail.com ","Esma Türkoğlu","z","","F20","null","{""Q0"":""Üzülür""}"
"3004.799999995157","","survey-multi-choice","66","523449","0.0-66.0","ejfco","esmaa.turkoglu@gmail.com ","Esma Türkoğlu","z","","Q20","Piyango bileti","{""Q0"":""Piyango bileti""}"
"7253.700000001118","","survey-multi-choice","67","530716","0.0-67.0","ejfco","esmaa.turkoglu@gmail.com ","Esma Türkoğlu","z","","A18","büyüktür","{""Q0"":""büyüktür""}"
"7728.900000002002","","survey-multi-choice","68","538463","0.0-68.0","ejfco","esmaa.turkoglu@gmail.com ","Esma Türkoğlu","z","","F24","null","{""Q0"":""Sevinir""}"
"3079.7999999994645","","survey-multi-choice","69","541568","0.0-69.0","ejfco","esmaa.turkoglu@gmail.com ","Esma Türkoğlu","z","","Q24","Tokyo","{""Q0"":""Tokyo""}"
"5039.300000004005","","survey-multi-choice","70","546626","0.0-70.0","ejfco","esmaa.turkoglu@gmail.com ","Esma Türkoğlu","z","","A13","küçüktür","{""Q0"":""küçüktür""}"
"7490.799999999581","","survey-multi-choice","71","554131","0.0-71.0","ejfco","esmaa.turkoglu@gmail.com ","Esma Türkoğlu","z","","F11","null","{""Q0"":""Üzülür""}"
"3005.4000000017695","","survey-multi-choice","72","557152","0.0-72.0","ejfco","esmaa.turkoglu@gmail.com ","Esma Türkoğlu","z","","Q11","Ayakkabı","{""Q0"":""Ayakkabı""}"
"4671.200000004377","","survey-multi-choice","73","561838","0.0-73.0","ejfco","esmaa.turkoglu@gmail.com ","Esma Türkoğlu","z","","A22","küçüktür","{""Q0"":""büyüktür""}"
