"rt","url","trial_type","trial_index","time_elapsed","internal_node_id","subject","subject_email","subject_name","group","view_history","id","correct","responses"
"67850.50000000047","resources/welcome.html","external-html","0","68009","0.0-0.0","6zln8","senahazr98@gmail.com ","Sena Hazır ","d","","","",""
"13567.89999999819","","instructions","1","81585","0.0-1.0","6zln8","senahazr98@gmail.com ","Sena Hazır ","d","[{""page_index"":0,""viewing_time"":13564.99999999869}]","","",""
"29174.800000000687","","survey-multi-choice","2","110780","0.0-2.0","6zln8","senahazr98@gmail.com ","Sena Hazır ","d","","F19","null","{""Q0"":""Üzülür""}"
"7770.300000000134","","survey-multi-choice","3","118566","0.0-3.0","6zln8","senahazr98@gmail.com ","Sena Hazır ","d","","Q19","Fizik","{""Q0"":""Fizik""}"
"32508.3999999988","","survey-multi-choice","4","151086","0.0-4.0","6zln8","senahazr98@gmail.com ","Sena Hazır ","d","","A17","küçüktür","{""Q0"":""büyüktür""}"
"14628.300000000309","","survey-multi-choice","5","165728","0.0-5.0","6zln8","senahazr98@gmail.com ","Sena Hazır ","d","","F22","null","{""Q0"":""Sevinir""}"
"7268.50000000195","","survey-multi-choice","6","173008","0.0-6.0","6zln8","senahazr98@gmail.com ","Sena Hazır ","d","","Q22","Yoğun","{""Q0"":""Yoğun""}"
"127813.39999999909","","survey-multi-choice","7","300832","0.0-7.0","6zln8","senahazr98@gmail.com ","Sena Hazır ","d","","A06","büyüktür","{""Q0"":""büyüktür""}"
"9114.399999998568","","survey-multi-choice","8","309958","0.0-8.0","6zln8","senahazr98@gmail.com ","Sena Hazır ","d","","F21","null","{""Q0"":""Üzülür""}"
"3241.0000000018044","","survey-multi-choice","9","313212","0.0-9.0","6zln8","senahazr98@gmail.com ","Sena Hazır ","d","","Q21","Odun","{""Q0"":""Odun""}"
"72224.2000000006","","survey-multi-choice","10","385450","0.0-10.0","6zln8","senahazr98@gmail.com ","Sena Hazır ","d","","A01","küçüktür","{""Q0"":""büyüktür""}"
"45402.70000000234","","survey-multi-choice","11","430869","0.0-11.0","6zln8","senahazr98@gmail.com ","Sena Hazır ","d","","C03","null","{""Q0"":""Üzülür""}"
"5187.699999998615","","survey-multi-choice","12","436077","0.0-12.0","6zln8","senahazr98@gmail.com ","Sena Hazır ","d","","Q03","Ofis","{""Q0"":""Ofis""}"
"30930.40000000113","","survey-multi-choice","13","467022","0.0-13.0","6zln8","senahazr98@gmail.com ","Sena Hazır ","d","","A10","büyüktür","{""Q0"":""büyüktür""}"
"11010.700000002573","","survey-multi-choice","14","478044","0.0-14.0","6zln8","senahazr98@gmail.com ","Sena Hazır ","d","","F16","null","{""Q0"":""Sevinir""}"
"3465.4000000009546","","survey-multi-choice","15","481522","0.0-15.0","6zln8","senahazr98@gmail.com ","Sena Hazır ","d","","Q16","Kafe","{""Q0"":""Kafe""}"
"18365.40000000241","","survey-multi-choice","16","499901","0.0-16.0","6zln8","senahazr98@gmail.com ","Sena Hazır ","d","","A19","büyüktür","{""Q0"":""büyüktür""}"
"9932.300000000396","","survey-multi-choice","17","509849","0.0-17.0","6zln8","senahazr98@gmail.com ","Sena Hazır ","d","","F10","null","{""Q0"":""Sevinir""}"
"2871.899999998277","","survey-multi-choice","18","512749","0.0-18.0","6zln8","senahazr98@gmail.com ","Sena Hazır ","d","","Q10","Yüksek lisans","{""Q0"":""Yüksek lisans""}"
"33702.19999999978","","survey-multi-choice","19","546465","0.0-19.0","6zln8","senahazr98@gmail.com ","Sena Hazır ","d","","A18","büyüktür","{""Q0"":""büyüktür""}"
"23749.20000000205","","survey-multi-choice","20","570223","0.0-20.0","6zln8","senahazr98@gmail.com ","Sena Hazır ","d","","C05","null","{""Q0"":""Sevinir""}"
"2386.6999999991385","","survey-multi-choice","21","572623","0.0-21.0","6zln8","senahazr98@gmail.com ","Sena Hazır ","d","","Q05","Matematik","{""Q0"":""Matematik""}"
"98085.0999999966","","survey-multi-choice","22","670720","0.0-22.0","6zln8","senahazr98@gmail.com ","Sena Hazır ","d","","A24","büyüktür","{""Q0"":""büyüktür""}"
"27851.199999997276","","survey-multi-choice","23","698584","0.0-23.0","6zln8","senahazr98@gmail.com ","Sena Hazır ","d","","F17","null","{""Q0"":""Üzülür""}"
"3158.5999999988126","","survey-multi-choice","24","701761","0.0-24.0","6zln8","senahazr98@gmail.com ","Sena Hazır ","d","","Q17","Öğle yemeği","{""Q0"":""Akşam yemeği""}"
"24536.700000000652","","survey-multi-choice","25","726318","0.0-25.0","6zln8","senahazr98@gmail.com ","Sena Hazır ","d","","A04","büyüktür","{""Q0"":""büyüktür""}"
"28219.100000002072","","survey-multi-choice","26","754548","0.0-26.0","6zln8","senahazr98@gmail.com ","Sena Hazır ","d","","F08","null","{""Q0"":""Üzülür""}"
"11714.400000000722","","survey-multi-choice","27","766279","0.0-27.0","6zln8","senahazr98@gmail.com ","Sena Hazır ","d","","Q08","Tenis","{""Q0"":""Tenis""}"
"19406.899999998044","","survey-multi-choice","28","785702","0.0-28.0","6zln8","senahazr98@gmail.com ","Sena Hazır ","d","","A11","büyüktür","{""Q0"":""büyüktür""}"
"21937.400000002584","","survey-multi-choice","29","807657","0.0-29.0","6zln8","senahazr98@gmail.com ","Sena Hazır ","d","","F14","null","{""Q0"":""Sevinir""}"
"6620.100000000093","","survey-multi-choice","30","814291","0.0-30.0","6zln8","senahazr98@gmail.com ","Sena Hazır ","d","","Q14","Birinci","{""Q0"":""İkinci""}"
"13809.400000001886","","survey-multi-choice","31","828118","0.0-31.0","6zln8","senahazr98@gmail.com ","Sena Hazır ","d","","A14","büyüktür","{""Q0"":""büyüktür""}"
"11239.699999998324","","survey-multi-choice","32","839370","0.0-32.0","6zln8","senahazr98@gmail.com ","Sena Hazır ","d","","C01","null","{""Q0"":""Sevinir""}"
"2919.3999999987427","","survey-multi-choice","33","842306","0.0-33.0","6zln8","senahazr98@gmail.com ","Sena Hazır ","d","","Q01","Arda","{""Q0"":""Burhan""}"
"7292.799999999232","","survey-multi-choice","34","849611","0.0-34.0","6zln8","senahazr98@gmail.com ","Sena Hazır ","d","","A16","küçüktür","{""Q0"":""büyüktür""}"
"13333.499999996973","","survey-multi-choice","35","862956","0.0-35.0","6zln8","senahazr98@gmail.com ","Sena Hazır ","d","","F20","null","{""Q0"":""Üzülür""}"
"4430.199999998906","","survey-multi-choice","36","867399","0.0-36.0","6zln8","senahazr98@gmail.com ","Sena Hazır ","d","","Q20","Piyango bileti","{""Q0"":""Piyango bileti""}"
"7025.900000000489","","survey-multi-choice","37","874437","0.0-37.0","6zln8","senahazr98@gmail.com ","Sena Hazır ","d","","A09","küçüktür","{""Q0"":""büyüktür""}"
"7763.600000002072","","survey-multi-choice","38","882218","0.0-38.0","6zln8","senahazr98@gmail.com ","Sena Hazır ","d","","F12","null","{""Q0"":""Sevinir""}"
"3872.300000002724","","survey-multi-choice","39","886104","0.0-39.0","6zln8","senahazr98@gmail.com ","Sena Hazır ","d","","Q12","Para biriktirmek","{""Q0"":""Kumbara biriktirmek""}"
"2535.400000000722","","survey-multi-choice","40","888655","0.0-40.0","6zln8","senahazr98@gmail.com ","Sena Hazır ","d","","A12","büyüktür","{""Q0"":""büyüktür""}"
"8560.300000001094","","survey-multi-choice","41","897229","0.0-41.0","6zln8","senahazr98@gmail.com ","Sena Hazır ","d","","F13","null","{""Q0"":""Sevinir""}"
"3850.5999999979977","","survey-multi-choice","42","901094","0.0-42.0","6zln8","senahazr98@gmail.com ","Sena Hazır ","d","","Q13","Kars","{""Q0"":""Kars""}"
"4755.099999998463","","survey-multi-choice","43","905862","0.0-43.0","6zln8","senahazr98@gmail.com ","Sena Hazır ","d","","A22","küçüktür","{""Q0"":""küçüktür""}"
"14766.299999999348","","survey-multi-choice","44","920646","0.0-44.0","6zln8","senahazr98@gmail.com ","Sena Hazır ","d","","C04","null","{""Q0"":""Üzülür""}"
"2901.1000000027707","","survey-multi-choice","45","923557","0.0-45.0","6zln8","senahazr98@gmail.com ","Sena Hazır ","d","","Q04","Kamp","{""Q0"":""Kamp""}"
"10027.000000001863","","survey-multi-choice","46","933601","0.0-46.0","6zln8","senahazr98@gmail.com ","Sena Hazır ","d","","A21","büyüktür","{""Q0"":""büyüktür""}"
"6992.2000000005355","","survey-multi-choice","47","940606","0.0-47.0","6zln8","senahazr98@gmail.com ","Sena Hazır ","d","","F24","null","{""Q0"":""Sevinir""}"
"2801.8999999986263","","survey-multi-choice","48","943428","0.0-48.0","6zln8","senahazr98@gmail.com ","Sena Hazır ","d","","Q24","Tokyo","{""Q0"":""Tokyo""}"
"9016.500000001513","","survey-multi-choice","49","952454","0.0-49.0","6zln8","senahazr98@gmail.com ","Sena Hazır ","d","","A20","küçüktür","{""Q0"":""küçüktür""}"
"8614.099999998929","","survey-multi-choice","50","961081","0.0-50.0","6zln8","senahazr98@gmail.com ","Sena Hazır ","d","","F18","null","{""Q0"":""Sevinir""}"
"2771.8000000022585","","survey-multi-choice","51","963872","0.0-51.0","6zln8","senahazr98@gmail.com ","Sena Hazır ","d","","Q18","Çilek","{""Q0"":""Çilek""}"
"4969.199999999488","","survey-multi-choice","52","968858","0.0-52.0","6zln8","senahazr98@gmail.com ","Sena Hazır ","d","","A07","küçüktür","{""Q0"":""büyüktür""}"
"28198.499999998603","","survey-multi-choice","53","997068","0.0-53.0","6zln8","senahazr98@gmail.com ","Sena Hazır ","d","","C02","null","{""Q0"":""Üzülür""}"
"4019.000000000233","","survey-multi-choice","54","1001116","0.0-54.0","6zln8","senahazr98@gmail.com ","Sena Hazır ","d","","Q02","Oyuncak bebek","{""Q0"":""Oyuncak bebek""}"
"5324.799999998417","","survey-multi-choice","55","1006456","0.0-55.0","6zln8","senahazr98@gmail.com ","Sena Hazır ","d","","A23","büyüktür","{""Q0"":""büyüktür""}"
"7866.600000001141","","survey-multi-choice","56","1014331","0.0-56.0","6zln8","senahazr98@gmail.com ","Sena Hazır ","d","","F09","null","{""Q0"":""Sevinir""}"
"2788.10000000149","","survey-multi-choice","57","1017129","0.0-57.0","6zln8","senahazr98@gmail.com ","Sena Hazır ","d","","Q09","Yemekhane","{""Q0"":""Yemekhane""}"
"6854.800000000978","","survey-multi-choice","58","1023996","0.0-58.0","6zln8","senahazr98@gmail.com ","Sena Hazır ","d","","A02","küçüktür","{""Q0"":""büyüktür""}"
"5144.199999998789","","survey-multi-choice","59","1029155","0.0-59.0","6zln8","senahazr98@gmail.com ","Sena Hazır ","d","","F15","null","{""Q0"":""Sevinir""}"
"2497.89999999851","","survey-multi-choice","60","1031665","0.0-60.0","6zln8","senahazr98@gmail.com ","Sena Hazır ","d","","Q15","Altı","{""Q0"":""Altı""}"
"2831.500000000233","","survey-multi-choice","61","1034506","0.0-61.0","6zln8","senahazr98@gmail.com ","Sena Hazır ","d","","A08","küçüktür","{""Q0"":""büyüktür""}"
"7745.39999999979","","survey-multi-choice","62","1042263","0.0-62.0","6zln8","senahazr98@gmail.com ","Sena Hazır ","d","","C06","null","{""Q0"":""Sevinir""}"
"1233.7999999980675","","survey-multi-choice","63","1043510","0.0-63.0","6zln8","senahazr98@gmail.com ","Sena Hazır ","d","","Q06","Müdür","{""Q0"":""Müdür""}"
"1094.0000000009313","","survey-multi-choice","64","1044618","0.0-64.0","6zln8","senahazr98@gmail.com ","Sena Hazır ","d","","A03","küçüktür","{""Q0"":""küçüktür""}"
"1117.6000000013737","","survey-multi-choice","65","1045747","0.0-65.0","6zln8","senahazr98@gmail.com ","Sena Hazır ","d","","F07","null","{""Q0"":""Sevinir""}"
"1200.0000000006985","","survey-multi-choice","66","1046961","0.0-66.0","6zln8","senahazr98@gmail.com ","Sena Hazır ","d","","Q07","Kardan adam","{""Q0"":""Kartopu savaşı""}"
"1087.8999999987427","","survey-multi-choice","67","1048057","0.0-67.0","6zln8","senahazr98@gmail.com ","Sena Hazır ","d","","A13","küçüktür","{""Q0"":""büyüktür""}"
"1144.3000000000466","","survey-multi-choice","68","1049213","0.0-68.0","6zln8","senahazr98@gmail.com ","Sena Hazır ","d","","F11","null","{""Q0"":""Sevinir""}"
"1147.3000000005122","","survey-multi-choice","69","1050381","0.0-69.0","6zln8","senahazr98@gmail.com ","Sena Hazır ","d","","Q11","Ayakkabı","{""Q0"":""Pantolon""}"
"1194.0999999970663","","survey-multi-choice","70","1051591","0.0-70.0","6zln8","senahazr98@gmail.com ","Sena Hazır ","d","","A05","küçüktür","{""Q0"":""küçüktür""}"
"1757.3999999985099","","survey-multi-choice","71","1053361","0.0-71.0","6zln8","senahazr98@gmail.com ","Sena Hazır ","d","","F23","null","{""Q0"":""Sevinir""}"
"1090.3999999973457","","survey-multi-choice","72","1054470","0.0-72.0","6zln8","senahazr98@gmail.com ","Sena Hazır ","d","","Q23","Çarpışan arabalar","{""Q0"":""Çarpışan arabalar""}"
"1169.0999999991618","","survey-multi-choice","73","1055647","0.0-73.0","6zln8","senahazr98@gmail.com ","Sena Hazır ","d","","A15","büyüktür","{""Q0"":""küçüktür""}"
