"rt","url","trial_type","trial_index","time_elapsed","internal_node_id","subject","subject_email","subject_name","group","view_history","id","correct","responses"
"25213","resources/welcome.html","external-html","0","25237","0.0-0.0","dg9lk","filizdemir98@hotmail.com","Filiz Demir","z","","","",""
"30012.000000000007","","instructions","1","55258","0.0-1.0","dg9lk","filizdemir98@hotmail.com","Filiz Demir","z","[{""page_index"":0,""viewing_time"":30002}]","","",""
"6757","","survey-multi-choice","2","62025","0.0-2.0","dg9lk","filizdemir98@hotmail.com","Filiz Demir","z","","F13","null","{""Q0"":""Üzülür""}"
"6827","","survey-multi-choice","3","68859","0.0-3.0","dg9lk","filizdemir98@hotmail.com","Filiz Demir","z","","Q13","Kars","{""Q0"":""Kars""}"
"12276","","survey-multi-choice","4","81144","0.0-4.0","dg9lk","filizdemir98@hotmail.com","Filiz Demir","z","","A15","büyüktür","{""Q0"":""büyüktür""}"
"10309","","survey-multi-choice","5","91462","0.0-5.0","dg9lk","filizdemir98@hotmail.com","Filiz Demir","z","","F19","null","{""Q0"":""Üzülür""}"
"3274","","survey-multi-choice","6","94746","0.0-6.0","dg9lk","filizdemir98@hotmail.com","Filiz Demir","z","","Q19","Fizik","{""Q0"":""Fizik""}"
"13411","","survey-multi-choice","7","108166","0.0-7.0","dg9lk","filizdemir98@hotmail.com","Filiz Demir","z","","A09","küçüktür","{""Q0"":""büyüktür""}"
"8472","","survey-multi-choice","8","116648","0.0-8.0","dg9lk","filizdemir98@hotmail.com","Filiz Demir","z","","F11","null","{""Q0"":""Üzülür""}"
"2821","","survey-multi-choice","9","119481","0.0-9.0","dg9lk","filizdemir98@hotmail.com","Filiz Demir","z","","Q11","Ayakkabı","{""Q0"":""Ayakkabı""}"
"8225.000000000015","","survey-multi-choice","10","127715","0.0-10.0","dg9lk","filizdemir98@hotmail.com","Filiz Demir","z","","A17","küçüktür","{""Q0"":""büyüktür""}"
"12307.999999999985","","survey-multi-choice","11","140031","0.0-11.0","dg9lk","filizdemir98@hotmail.com","Filiz Demir","z","","C01","null","{""Q0"":""Üzülür""}"
"3075","","survey-multi-choice","12","143119","0.0-12.0","dg9lk","filizdemir98@hotmail.com","Filiz Demir","z","","Q01","Arda","{""Q0"":""Arda""}"
"3390.999999999971","","survey-multi-choice","13","146518","0.0-13.0","dg9lk","filizdemir98@hotmail.com","Filiz Demir","z","","A21","büyüktür","{""Q0"":""büyüktür""}"
"9860.99999999997","","survey-multi-choice","14","156387","0.0-14.0","dg9lk","filizdemir98@hotmail.com","Filiz Demir","z","","F10","null","{""Q0"":""Sevinir""}"
"2966","","survey-multi-choice","15","159363","0.0-15.0","dg9lk","filizdemir98@hotmail.com","Filiz Demir","z","","Q10","Yüksek lisans","{""Q0"":""Yüksek lisans""}"
"8425","","survey-multi-choice","16","167797","0.0-16.0","dg9lk","filizdemir98@hotmail.com","Filiz Demir","z","","A12","büyüktür","{""Q0"":""büyüktür""}"
"7826.000000000029","","survey-multi-choice","17","175633","0.0-17.0","dg9lk","filizdemir98@hotmail.com","Filiz Demir","z","","F18","null","{""Q0"":""Sevinir""}"
"2564","","survey-multi-choice","18","178208","0.0-18.0","dg9lk","filizdemir98@hotmail.com","Filiz Demir","z","","Q18","Çilek","{""Q0"":""Çilek""}"
"5602","","survey-multi-choice","19","183819","0.0-19.0","dg9lk","filizdemir98@hotmail.com","Filiz Demir","z","","A05","küçüktür","{""Q0"":""küçüktür""}"
"7085","","survey-multi-choice","20","190910","0.0-20.0","dg9lk","filizdemir98@hotmail.com","Filiz Demir","z","","C02","null","{""Q0"":""Üzülür""}"
"3122","","survey-multi-choice","21","194043","0.0-21.0","dg9lk","filizdemir98@hotmail.com","Filiz Demir","z","","Q02","Oyuncak bebek","{""Q0"":""Oyuncak bebek""}"
"3809.999999999971","","survey-multi-choice","22","197861","0.0-22.0","dg9lk","filizdemir98@hotmail.com","Filiz Demir","z","","A16","küçüktür","{""Q0"":""küçüktür""}"
"10990.00000000003","","survey-multi-choice","23","208860","0.0-23.0","dg9lk","filizdemir98@hotmail.com","Filiz Demir","z","","F14","null","{""Q0"":""Sevinir""}"
"4044.000000000029","","survey-multi-choice","24","212913","0.0-24.0","dg9lk","filizdemir98@hotmail.com","Filiz Demir","z","","Q14","Birinci","{""Q0"":""İkinci""}"
"2985","","survey-multi-choice","25","215905","0.0-25.0","dg9lk","filizdemir98@hotmail.com","Filiz Demir","z","","A19","büyüktür","{""Q0"":""büyüktür""}"
"7582.000000000029","","survey-multi-choice","26","223496","0.0-26.0","dg9lk","filizdemir98@hotmail.com","Filiz Demir","z","","F23","null","{""Q0"":""Üzülür""}"
"3178","","survey-multi-choice","27","226684","0.0-27.0","dg9lk","filizdemir98@hotmail.com","Filiz Demir","z","","Q23","Çarpışan arabalar","{""Q0"":""Çarpışan arabalar""}"
"4347.999999999971","","survey-multi-choice","28","231048","0.0-28.0","dg9lk","filizdemir98@hotmail.com","Filiz Demir","z","","A02","küçüktür","{""Q0"":""küçüktür""}"
"6190","","survey-multi-choice","29","237246","0.0-29.0","dg9lk","filizdemir98@hotmail.com","Filiz Demir","z","","F08","null","{""Q0"":""Üzülür""}"
"4193","","survey-multi-choice","30","241449","0.0-30.0","dg9lk","filizdemir98@hotmail.com","Filiz Demir","z","","Q08","Tenis","{""Q0"":""Tenis""}"
"11639","","survey-multi-choice","31","253096","0.0-31.0","dg9lk","filizdemir98@hotmail.com","Filiz Demir","z","","A20","küçüktür","{""Q0"":""küçüktür""}"
"18298","","survey-multi-choice","32","271404","0.0-32.0","dg9lk","filizdemir98@hotmail.com","Filiz Demir","z","","C03","null","{""Q0"":""Üzülür""}"
"6473","","survey-multi-choice","33","277887","0.0-33.0","dg9lk","filizdemir98@hotmail.com","Filiz Demir","z","","Q03","Ofis","{""Q0"":""Mağaza""}"
"5072","","survey-multi-choice","34","282969","0.0-34.0","dg9lk","filizdemir98@hotmail.com","Filiz Demir","z","","A13","küçüktür","{""Q0"":""küçüktür""}"
"5899","","survey-multi-choice","35","288876","0.0-35.0","dg9lk","filizdemir98@hotmail.com","Filiz Demir","z","","F09","null","{""Q0"":""Sevinir""}"
"2620","","survey-multi-choice","36","291506","0.0-36.0","dg9lk","filizdemir98@hotmail.com","Filiz Demir","z","","Q09","Yemekhane","{""Q0"":""Yemekhane""}"
"3921","","survey-multi-choice","37","295446","0.0-37.0","dg9lk","filizdemir98@hotmail.com","Filiz Demir","z","","A14","büyüktür","{""Q0"":""küçüktür""}"
"9924","","survey-multi-choice","38","305383","0.0-38.0","dg9lk","filizdemir98@hotmail.com","Filiz Demir","z","","F07","null","{""Q0"":""Üzülür""}"
"4513","","survey-multi-choice","39","309907","0.0-39.0","dg9lk","filizdemir98@hotmail.com","Filiz Demir","z","","Q07","Kardan adam","{""Q0"":""Kardan adam""}"
"5066.999999999942","","survey-multi-choice","40","314983","0.0-40.0","dg9lk","filizdemir98@hotmail.com","Filiz Demir","z","","A04","büyüktür","{""Q0"":""büyüktür""}"
"10993","","survey-multi-choice","41","325993","0.0-41.0","dg9lk","filizdemir98@hotmail.com","Filiz Demir","z","","F17","null","{""Q0"":""Üzülür""}"
"2473.000000000058","","survey-multi-choice","42","328477","0.0-42.0","dg9lk","filizdemir98@hotmail.com","Filiz Demir","z","","Q17","Öğle yemeği","{""Q0"":""Akşam yemeği""}"
"4074","","survey-multi-choice","43","332561","0.0-43.0","dg9lk","filizdemir98@hotmail.com","Filiz Demir","z","","A03","küçüktür","{""Q0"":""küçüktür""}"
"9743","","survey-multi-choice","44","342312","0.0-44.0","dg9lk","filizdemir98@hotmail.com","Filiz Demir","z","","C05","null","{""Q0"":""Üzülür""}"
"2193","","survey-multi-choice","45","344511","0.0-45.0","dg9lk","filizdemir98@hotmail.com","Filiz Demir","z","","Q05","Matematik","{""Q0"":""Matematik""}"
"3260.999999999942","","survey-multi-choice","46","347779","0.0-46.0","dg9lk","filizdemir98@hotmail.com","Filiz Demir","z","","A08","küçüktür","{""Q0"":""küçüktür""}"
"7564","","survey-multi-choice","47","355349","0.0-47.0","dg9lk","filizdemir98@hotmail.com","Filiz Demir","z","","F15","null","{""Q0"":""Sevinir""}"
"2803","","survey-multi-choice","48","358164","0.0-48.0","dg9lk","filizdemir98@hotmail.com","Filiz Demir","z","","Q15","Altı","{""Q0"":""Altı""}"
"3671","","survey-multi-choice","49","361845","0.0-49.0","dg9lk","filizdemir98@hotmail.com","Filiz Demir","z","","A10","büyüktür","{""Q0"":""büyüktür""}"
"6144","","survey-multi-choice","50","367997","0.0-50.0","dg9lk","filizdemir98@hotmail.com","Filiz Demir","z","","F16","null","{""Q0"":""Sevinir""}"
"2575","","survey-multi-choice","51","370583","0.0-51.0","dg9lk","filizdemir98@hotmail.com","Filiz Demir","z","","Q16","Kafe","{""Q0"":""Kafe""}"
"2827","","survey-multi-choice","52","373418","0.0-52.0","dg9lk","filizdemir98@hotmail.com","Filiz Demir","z","","A11","büyüktür","{""Q0"":""küçüktür""}"
"7420","","survey-multi-choice","53","380847","0.0-53.0","dg9lk","filizdemir98@hotmail.com","Filiz Demir","z","","C06","null","{""Q0"":""Sevinir""}"
"2729","","survey-multi-choice","54","383587","0.0-54.0","dg9lk","filizdemir98@hotmail.com","Filiz Demir","z","","Q06","Müdür","{""Q0"":""Müdür""}"
"4879.000000000058","","survey-multi-choice","55","388477","0.0-55.0","dg9lk","filizdemir98@hotmail.com","Filiz Demir","z","","A01","küçüktür","{""Q0"":""büyüktür""}"
"7279","","survey-multi-choice","56","395767","0.0-56.0","dg9lk","filizdemir98@hotmail.com","Filiz Demir","z","","F21","null","{""Q0"":""Üzülür""}"
"2243","","survey-multi-choice","57","398018","0.0-57.0","dg9lk","filizdemir98@hotmail.com","Filiz Demir","z","","Q21","Odun","{""Q0"":""Odun""}"
"4011.000000000058","","survey-multi-choice","58","402036","0.0-58.0","dg9lk","filizdemir98@hotmail.com","Filiz Demir","z","","A18","büyüktür","{""Q0"":""büyüktür""}"
"5808","","survey-multi-choice","59","407854","0.0-59.0","dg9lk","filizdemir98@hotmail.com","Filiz Demir","z","","F24","null","{""Q0"":""Üzülür""}"
"1757","","survey-multi-choice","60","409617","0.0-60.0","dg9lk","filizdemir98@hotmail.com","Filiz Demir","z","","Q24","Tokyo","{""Q0"":""Tokyo""}"
"3766.000000000058","","survey-multi-choice","61","413392","0.0-61.0","dg9lk","filizdemir98@hotmail.com","Filiz Demir","z","","A06","büyüktür","{""Q0"":""büyüktür""}"
"8542","","survey-multi-choice","62","421938","0.0-62.0","dg9lk","filizdemir98@hotmail.com","Filiz Demir","z","","C04","null","{""Q0"":""Üzülür""}"
"3793","","survey-multi-choice","63","425741","0.0-63.0","dg9lk","filizdemir98@hotmail.com","Filiz Demir","z","","Q04","Kamp","{""Q0"":""Kamp""}"
"4257","","survey-multi-choice","64","430008","0.0-64.0","dg9lk","filizdemir98@hotmail.com","Filiz Demir","z","","A07","küçüktür","{""Q0"":""büyüktür""}"
"12198","","survey-multi-choice","65","442217","0.0-65.0","dg9lk","filizdemir98@hotmail.com","Filiz Demir","z","","F20","null","{""Q0"":""Üzülür""}"
"5226","","survey-multi-choice","66","447454","0.0-66.0","dg9lk","filizdemir98@hotmail.com","Filiz Demir","z","","Q20","Piyango bileti","{""Q0"":""Piyango bileti""}"
"2973","","survey-multi-choice","67","450436","0.0-67.0","dg9lk","filizdemir98@hotmail.com","Filiz Demir","z","","A22","küçüktür","{""Q0"":""büyüktür""}"
"5158","","survey-multi-choice","68","455602","0.0-68.0","dg9lk","filizdemir98@hotmail.com","Filiz Demir","z","","F12","null","{""Q0"":""Sevinir""}"
"2572","","survey-multi-choice","69","458190","0.0-69.0","dg9lk","filizdemir98@hotmail.com","Filiz Demir","z","","Q12","Para biriktirmek","{""Q0"":""Para biriktirmek""}"
"5335","","survey-multi-choice","70","463541","0.0-70.0","dg9lk","filizdemir98@hotmail.com","Filiz Demir","z","","A24","büyüktür","{""Q0"":""büyüktür""}"
"5446","","survey-multi-choice","71","468997","0.0-71.0","dg9lk","filizdemir98@hotmail.com","Filiz Demir","z","","F22","null","{""Q0"":""Sevinir""}"
"2589.000000000058","","survey-multi-choice","72","471596","0.0-72.0","dg9lk","filizdemir98@hotmail.com","Filiz Demir","z","","Q22","Yoğun","{""Q0"":""Yoğun""}"
"4512","","survey-multi-choice","73","476117","0.0-73.0","dg9lk","filizdemir98@hotmail.com","Filiz Demir","z","","A23","büyüktür","{""Q0"":""büyüktür""}"
