"rt","url","trial_type","trial_index","time_elapsed","internal_node_id","subject","subject_email","subject_name","group","view_history","id","correct","responses"
"19603","resources/welcome.html","external-html","0","19641","0.0-0.0","hpl84","ekinmadan@hotmail.com","Ekin Madan","z","","","",""
"2021","","instructions","1","21664","0.0-1.0","hpl84","ekinmadan@hotmail.com","Ekin Madan","z","[{""page_index"":0,""viewing_time"":2013}]","","",""
"12994","","survey-multi-choice","2","34665","0.0-2.0","hpl84","ekinmadan@hotmail.com","Ekin Madan","z","","F21","null","{""Q0"":""Üzülür""}"
"3582","","survey-multi-choice","3","38251","0.0-3.0","hpl84","ekinmadan@hotmail.com","Ekin Madan","z","","Q21","Odun","{""Q0"":""Odun""}"
"24579","","survey-multi-choice","4","62835","0.0-4.0","hpl84","ekinmadan@hotmail.com","Ekin Madan","z","","A16","küçüktür","{""Q0"":""küçüktür""}"
"5405","","survey-multi-choice","5","68244","0.0-5.0","hpl84","ekinmadan@hotmail.com","Ekin Madan","z","","F19","null","{""Q0"":""Üzülür""}"
"2588.0000000000146","","survey-multi-choice","6","70837","0.0-6.0","hpl84","ekinmadan@hotmail.com","Ekin Madan","z","","Q19","Fizik","{""Q0"":""Fizik""}"
"15119","","survey-multi-choice","7","85960","0.0-7.0","hpl84","ekinmadan@hotmail.com","Ekin Madan","z","","A01","küçüktür","{""Q0"":""küçüktür""}"
"10292.999999999985","","survey-multi-choice","8","96258","0.0-8.0","hpl84","ekinmadan@hotmail.com","Ekin Madan","z","","F20","null","{""Q0"":""Sevinir""}"
"2745","","survey-multi-choice","9","99008","0.0-9.0","hpl84","ekinmadan@hotmail.com","Ekin Madan","z","","Q20","Piyango bileti","{""Q0"":""Piyango bileti""}"
"21348.000000000015","","survey-multi-choice","10","120361","0.0-10.0","hpl84","ekinmadan@hotmail.com","Ekin Madan","z","","A11","büyüktür","{""Q0"":""büyüktür""}"
"9949","","survey-multi-choice","11","130317","0.0-11.0","hpl84","ekinmadan@hotmail.com","Ekin Madan","z","","C01","null","{""Q0"":""Sevinir""}"
"5464","","survey-multi-choice","12","135786","0.0-12.0","hpl84","ekinmadan@hotmail.com","Ekin Madan","z","","Q01","Arda","{""Q0"":""Arda""}"
"12084","","survey-multi-choice","13","147876","0.0-13.0","hpl84","ekinmadan@hotmail.com","Ekin Madan","z","","A18","büyüktür","{""Q0"":""büyüktür""}"
"6378","","survey-multi-choice","14","154261","0.0-14.0","hpl84","ekinmadan@hotmail.com","Ekin Madan","z","","F09","null","{""Q0"":""Sevinir""}"
"3556","","survey-multi-choice","15","157821","0.0-15.0","hpl84","ekinmadan@hotmail.com","Ekin Madan","z","","Q09","Yemekhane","{""Q0"":""Yemekhane""}"
"22534.00000000003","","survey-multi-choice","16","180360","0.0-16.0","hpl84","ekinmadan@hotmail.com","Ekin Madan","z","","A06","büyüktür","{""Q0"":""büyüktür""}"
"6377","","survey-multi-choice","17","186744","0.0-17.0","hpl84","ekinmadan@hotmail.com","Ekin Madan","z","","F07","null","{""Q0"":""Üzülür""}"
"5115","","survey-multi-choice","18","191864","0.0-18.0","hpl84","ekinmadan@hotmail.com","Ekin Madan","z","","Q07","Kardan adam","{""Q0"":""Kardan adam""}"
"15035","","survey-multi-choice","19","206901","0.0-19.0","hpl84","ekinmadan@hotmail.com","Ekin Madan","z","","A05","küçüktür","{""Q0"":""küçüktür""}"
"5565","","survey-multi-choice","20","212471","0.0-20.0","hpl84","ekinmadan@hotmail.com","Ekin Madan","z","","C05","null","{""Q0"":""Üzülür""}"
"3913","","survey-multi-choice","21","216388","0.0-21.0","hpl84","ekinmadan@hotmail.com","Ekin Madan","z","","Q05","Matematik","{""Q0"":""Matematik""}"
"13024","","survey-multi-choice","22","229416","0.0-22.0","hpl84","ekinmadan@hotmail.com","Ekin Madan","z","","A02","küçüktür","{""Q0"":""küçüktür""}"
"5958","","survey-multi-choice","23","235380","0.0-23.0","hpl84","ekinmadan@hotmail.com","Ekin Madan","z","","F10","null","{""Q0"":""Sevinir""}"
"5331","","survey-multi-choice","24","240716","0.0-24.0","hpl84","ekinmadan@hotmail.com","Ekin Madan","z","","Q10","Yüksek lisans","{""Q0"":""Yüksek lisans""}"
"34188","","survey-multi-choice","25","274908","0.0-25.0","hpl84","ekinmadan@hotmail.com","Ekin Madan","z","","A23","büyüktür","{""Q0"":""büyüktür""}"
"5880","","survey-multi-choice","26","280794","0.0-26.0","hpl84","ekinmadan@hotmail.com","Ekin Madan","z","","F24","null","{""Q0"":""Sevinir""}"
"2672","","survey-multi-choice","27","283470","0.0-27.0","hpl84","ekinmadan@hotmail.com","Ekin Madan","z","","Q24","Tokyo","{""Q0"":""New York""}"
"14490","","survey-multi-choice","28","297967","0.0-28.0","hpl84","ekinmadan@hotmail.com","Ekin Madan","z","","A20","küçüktür","{""Q0"":""küçüktür""}"
"8593","","survey-multi-choice","29","306566","0.0-29.0","hpl84","ekinmadan@hotmail.com","Ekin Madan","z","","F17","null","{""Q0"":""Üzülür""}"
"2950.999999999942","","survey-multi-choice","30","309521","0.0-30.0","hpl84","ekinmadan@hotmail.com","Ekin Madan","z","","Q17","Öğle yemeği","{""Q0"":""Akşam yemeği""}"
"11662","","survey-multi-choice","31","321189","0.0-31.0","hpl84","ekinmadan@hotmail.com","Ekin Madan","z","","A09","küçüktür","{""Q0"":""küçüktür""}"
"42972.99999999994","","survey-multi-choice","32","364169","0.0-32.0","hpl84","ekinmadan@hotmail.com","Ekin Madan","z","","C03","null","{""Q0"":""Üzülür""}"
"3985","","survey-multi-choice","33","368158","0.0-33.0","hpl84","ekinmadan@hotmail.com","Ekin Madan","z","","Q03","Ofis","{""Q0"":""Ofis""}"
"11886","","survey-multi-choice","34","380050","0.0-34.0","hpl84","ekinmadan@hotmail.com","Ekin Madan","z","","A03","küçüktür","{""Q0"":""küçüktür""}"
"12268","","survey-multi-choice","35","392325","0.0-35.0","hpl84","ekinmadan@hotmail.com","Ekin Madan","z","","F14","null","{""Q0"":""Sevinir""}"
"5230","","survey-multi-choice","36","397559","0.0-36.0","hpl84","ekinmadan@hotmail.com","Ekin Madan","z","","Q14","Birinci","{""Q0"":""İkinci""}"
"11524","","survey-multi-choice","37","409088","0.0-37.0","hpl84","ekinmadan@hotmail.com","Ekin Madan","z","","A08","küçüktür","{""Q0"":""küçüktür""}"
"5890","","survey-multi-choice","38","414986","0.0-38.0","hpl84","ekinmadan@hotmail.com","Ekin Madan","z","","F18","null","{""Q0"":""Sevinir""}"
"2554","","survey-multi-choice","39","417545","0.0-39.0","hpl84","ekinmadan@hotmail.com","Ekin Madan","z","","Q18","Çilek","{""Q0"":""Çilek""}"
"11099","","survey-multi-choice","40","428650","0.0-40.0","hpl84","ekinmadan@hotmail.com","Ekin Madan","z","","A21","büyüktür","{""Q0"":""büyüktür""}"
"8182","","survey-multi-choice","41","436838","0.0-41.0","hpl84","ekinmadan@hotmail.com","Ekin Madan","z","","F11","null","{""Q0"":""Üzülür""}"
"2746","","survey-multi-choice","42","439588","0.0-42.0","hpl84","ekinmadan@hotmail.com","Ekin Madan","z","","Q11","Ayakkabı","{""Q0"":""Ayakkabı""}"
"9981","","survey-multi-choice","43","449574","0.0-43.0","hpl84","ekinmadan@hotmail.com","Ekin Madan","z","","A07","küçüktür","{""Q0"":""küçüktür""}"
"20375","","survey-multi-choice","44","469956","0.0-44.0","hpl84","ekinmadan@hotmail.com","Ekin Madan","z","","C04","null","{""Q0"":""Üzülür""}"
"3261","","survey-multi-choice","45","473223","0.0-45.0","hpl84","ekinmadan@hotmail.com","Ekin Madan","z","","Q04","Kamp","{""Q0"":""Kamp""}"
"3446","","survey-multi-choice","46","476673","0.0-46.0","hpl84","ekinmadan@hotmail.com","Ekin Madan","z","","A14","büyüktür","{""Q0"":""büyüktür""}"
"8671.999999999942","","survey-multi-choice","47","485351","0.0-47.0","hpl84","ekinmadan@hotmail.com","Ekin Madan","z","","F08","null","{""Q0"":""Üzülür""}"
"3281.999999999942","","survey-multi-choice","48","488638","0.0-48.0","hpl84","ekinmadan@hotmail.com","Ekin Madan","z","","Q08","Tenis","{""Q0"":""Tenis""}"
"3472.999999999942","","survey-multi-choice","49","492115","0.0-49.0","hpl84","ekinmadan@hotmail.com","Ekin Madan","z","","A17","küçüktür","{""Q0"":""küçüktür""}"
"5889","","survey-multi-choice","50","498008","0.0-50.0","hpl84","ekinmadan@hotmail.com","Ekin Madan","z","","F16","null","{""Q0"":""Sevinir""}"
"4065","","survey-multi-choice","51","502078","0.0-51.0","hpl84","ekinmadan@hotmail.com","Ekin Madan","z","","Q16","Kafe","{""Q0"":""Restoran""}"
"4954.999999999942","","survey-multi-choice","52","507037","0.0-52.0","hpl84","ekinmadan@hotmail.com","Ekin Madan","z","","A24","büyüktür","{""Q0"":""büyüktür""}"
"8583","","survey-multi-choice","53","515626","0.0-53.0","hpl84","ekinmadan@hotmail.com","Ekin Madan","z","","C02","null","{""Q0"":""Üzülür""}"
"3172","","survey-multi-choice","54","518802","0.0-54.0","hpl84","ekinmadan@hotmail.com","Ekin Madan","z","","Q02","Oyuncak bebek","{""Q0"":""Oyuncak bebek""}"
"2687","","survey-multi-choice","55","521494","0.0-55.0","hpl84","ekinmadan@hotmail.com","Ekin Madan","z","","A10","büyüktür","{""Q0"":""küçüktür""}"
"8990","","survey-multi-choice","56","530489","0.0-56.0","hpl84","ekinmadan@hotmail.com","Ekin Madan","z","","F12","null","{""Q0"":""Sevinir""}"
"2842","","survey-multi-choice","57","533335","0.0-57.0","hpl84","ekinmadan@hotmail.com","Ekin Madan","z","","Q12","Para biriktirmek","{""Q0"":""Para biriktirmek""}"
"2879","","survey-multi-choice","58","536220","0.0-58.0","hpl84","ekinmadan@hotmail.com","Ekin Madan","z","","A22","küçüktür","{""Q0"":""küçüktür""}"
"8897","","survey-multi-choice","59","545122","0.0-59.0","hpl84","ekinmadan@hotmail.com","Ekin Madan","z","","F15","null","{""Q0"":""Sevinir""}"
"2569","","survey-multi-choice","60","547696","0.0-60.0","hpl84","ekinmadan@hotmail.com","Ekin Madan","z","","Q15","Altı","{""Q0"":""Altı""}"
"2257","","survey-multi-choice","61","549957","0.0-61.0","hpl84","ekinmadan@hotmail.com","Ekin Madan","z","","A12","büyüktür","{""Q0"":""küçüktür""}"
"5572","","survey-multi-choice","62","555534","0.0-62.0","hpl84","ekinmadan@hotmail.com","Ekin Madan","z","","C06","null","{""Q0"":""Üzülür""}"
"2775.0000000001164","","survey-multi-choice","63","558314","0.0-63.0","hpl84","ekinmadan@hotmail.com","Ekin Madan","z","","Q06","Müdür","{""Q0"":""Müdür""}"
"2422","","survey-multi-choice","64","560740","0.0-64.0","hpl84","ekinmadan@hotmail.com","Ekin Madan","z","","A13","küçüktür","{""Q0"":""büyüktür""}"
"38488","","survey-multi-choice","65","599233","0.0-65.0","hpl84","ekinmadan@hotmail.com","Ekin Madan","z","","F23","null","{""Q0"":""Üzülür""}"
"2798","","survey-multi-choice","66","602036","0.0-66.0","hpl84","ekinmadan@hotmail.com","Ekin Madan","z","","Q23","Çarpışan arabalar","{""Q0"":""Çarpışan arabalar""}"
"1761","","survey-multi-choice","67","603806","0.0-67.0","hpl84","ekinmadan@hotmail.com","Ekin Madan","z","","A19","büyüktür","{""Q0"":""küçüktür""}"
"7280","","survey-multi-choice","68","611091","0.0-68.0","hpl84","ekinmadan@hotmail.com","Ekin Madan","z","","F22","null","{""Q0"":""Sevinir""}"
"2637.0000000001164","","survey-multi-choice","69","613732","0.0-69.0","hpl84","ekinmadan@hotmail.com","Ekin Madan","z","","Q22","Yoğun","{""Q0"":""Yoğun""}"
"1985.9999999998836","","survey-multi-choice","70","615723","0.0-70.0","hpl84","ekinmadan@hotmail.com","Ekin Madan","z","","A15","büyüktür","{""Q0"":""büyüktür""}"
"10853","","survey-multi-choice","71","626581","0.0-71.0","hpl84","ekinmadan@hotmail.com","Ekin Madan","z","","F13","null","{""Q0"":""Sevinir""}"
"2378","","survey-multi-choice","72","628964","0.0-72.0","hpl84","ekinmadan@hotmail.com","Ekin Madan","z","","Q13","Kars","{""Q0"":""Kars""}"
"3971","","survey-multi-choice","73","632940","0.0-73.0","hpl84","ekinmadan@hotmail.com","Ekin Madan","z","","A04","büyüktür","{""Q0"":""büyüktür""}"
