"rt","url","trial_type","trial_index","time_elapsed","internal_node_id","subject","subject_email","subject_name","group","view_history","id","correct","responses"
"29477","resources/welcome.html","external-html","0","29501","0.0-0.0","srxaa","isilsu99@hotmail.com","Işılsu celep","b","","","",""
"3966","","instructions","1","33473","0.0-1.0","srxaa","isilsu99@hotmail.com","Işılsu celep","b","[{""page_index"":0,""viewing_time"":3962}]","","",""
"15179","","survey-multi-choice","2","48661","0.0-2.0","srxaa","isilsu99@hotmail.com","Işılsu celep","b","","F17","null","{""Q0"":""Üzülür""}"
"6461","","survey-multi-choice","3","55128","0.0-3.0","srxaa","isilsu99@hotmail.com","Işılsu celep","b","","Q17","Öğle yemeği","{""Q0"":""Akşam yemeği""}"
"14912.999999999993","","survey-multi-choice","4","70047","0.0-4.0","srxaa","isilsu99@hotmail.com","Işılsu celep","b","","A10","büyüktür","{""Q0"":""büyüktür""}"
"12750","","survey-multi-choice","5","82804","0.0-5.0","srxaa","isilsu99@hotmail.com","Işılsu celep","b","","F11","null","{""Q0"":""Üzülür""}"
"5003","","survey-multi-choice","6","87814","0.0-6.0","srxaa","isilsu99@hotmail.com","Işılsu celep","b","","Q11","Ayakkabı","{""Q0"":""Ayakkabı""}"
"11896","","survey-multi-choice","7","99716","0.0-7.0","srxaa","isilsu99@hotmail.com","Işılsu celep","b","","A07","küçüktür","{""Q0"":""küçüktür""}"
"15742","","survey-multi-choice","8","115466","0.0-8.0","srxaa","isilsu99@hotmail.com","Işılsu celep","b","","F10","null","{""Q0"":""Sevinir""}"
"9460","","survey-multi-choice","9","124932","0.0-9.0","srxaa","isilsu99@hotmail.com","Işılsu celep","b","","Q10","Yüksek lisans","{""Q0"":""Lisans""}"
"12779","","survey-multi-choice","10","137719","0.0-10.0","srxaa","isilsu99@hotmail.com","Işılsu celep","b","","A24","büyüktür","{""Q0"":""büyüktür""}"
"10661","","survey-multi-choice","11","148387","0.0-11.0","srxaa","isilsu99@hotmail.com","Işılsu celep","b","","C04","null","{""Q0"":""Üzülür""}"
"6043","","survey-multi-choice","12","154437","0.0-12.0","srxaa","isilsu99@hotmail.com","Işılsu celep","b","","Q04","Kamp","{""Q0"":""Kamp""}"
"9814","","survey-multi-choice","13","164256","0.0-13.0","srxaa","isilsu99@hotmail.com","Işılsu celep","b","","A13","küçüktür","{""Q0"":""küçüktür""}"
"31560","","survey-multi-choice","14","195824","0.0-14.0","srxaa","isilsu99@hotmail.com","Işılsu celep","b","","F14","null","{""Q0"":""Sevinir""}"
"6265","","survey-multi-choice","15","202095","0.0-15.0","srxaa","isilsu99@hotmail.com","Işılsu celep","b","","Q14","Birinci","{""Q0"":""İkinci""}"
"14206","","survey-multi-choice","16","216307","0.0-16.0","srxaa","isilsu99@hotmail.com","Işılsu celep","b","","A08","küçüktür","{""Q0"":""küçüktür""}"
"13251","","survey-multi-choice","17","229567","0.0-17.0","srxaa","isilsu99@hotmail.com","Işılsu celep","b","","F24","null","{""Q0"":""Sevinir""}"
"10653","","survey-multi-choice","18","240225","0.0-18.0","srxaa","isilsu99@hotmail.com","Işılsu celep","b","","Q24","Tokyo","{""Q0"":""Londra""}"
"8213.00000000003","","survey-multi-choice","19","248445","0.0-19.0","srxaa","isilsu99@hotmail.com","Işılsu celep","b","","A16","küçüktür","{""Q0"":""küçüktür""}"
"16484","","survey-multi-choice","20","264938","0.0-20.0","srxaa","isilsu99@hotmail.com","Işılsu celep","b","","C05","null","{""Q0"":""Sevinir""}"
"3315","","survey-multi-choice","21","268258","0.0-21.0","srxaa","isilsu99@hotmail.com","Işılsu celep","b","","Q05","Matematik","{""Q0"":""Matematik""}"
"7628","","survey-multi-choice","22","275892","0.0-22.0","srxaa","isilsu99@hotmail.com","Işılsu celep","b","","A14","büyüktür","{""Q0"":""büyüktür""}"
"25213","","survey-multi-choice","23","301112","0.0-23.0","srxaa","isilsu99@hotmail.com","Işılsu celep","b","","F19","null","{""Q0"":""Üzülür""}"
"2504.999999999942","","survey-multi-choice","24","303625","0.0-24.0","srxaa","isilsu99@hotmail.com","Işılsu celep","b","","Q19","Fizik","{""Q0"":""Fizik""}"
"12063","","survey-multi-choice","25","315694","0.0-25.0","srxaa","isilsu99@hotmail.com","Işılsu celep","b","","A03","küçüktür","{""Q0"":""küçüktür""}"
"12412","","survey-multi-choice","26","328114","0.0-26.0","srxaa","isilsu99@hotmail.com","Işılsu celep","b","","F08","null","{""Q0"":""Üzülür""}"
"3457","","survey-multi-choice","27","331578","0.0-27.0","srxaa","isilsu99@hotmail.com","Işılsu celep","b","","Q08","Tenis","{""Q0"":""Tenis""}"
"8864.000000000058","","survey-multi-choice","28","340446","0.0-28.0","srxaa","isilsu99@hotmail.com","Işılsu celep","b","","A19","büyüktür","{""Q0"":""büyüktür""}"
"14944.999999999942","","survey-multi-choice","29","355398","0.0-29.0","srxaa","isilsu99@hotmail.com","Işılsu celep","b","","F18","null","{""Q0"":""Sevinir""}"
"1861","","survey-multi-choice","30","357264","0.0-30.0","srxaa","isilsu99@hotmail.com","Işılsu celep","b","","Q18","Çilek","{""Q0"":""Çilek""}"
"7743","","survey-multi-choice","31","365014","0.0-31.0","srxaa","isilsu99@hotmail.com","Işılsu celep","b","","A01","küçüktür","{""Q0"":""küçüktür""}"
"15256","","survey-multi-choice","32","380278","0.0-32.0","srxaa","isilsu99@hotmail.com","Işılsu celep","b","","C02","null","{""Q0"":""Üzülür""}"
"3149","","survey-multi-choice","33","383432","0.0-33.0","srxaa","isilsu99@hotmail.com","Işılsu celep","b","","Q02","Oyuncak bebek","{""Q0"":""Oyuncak bebek""}"
"8376","","survey-multi-choice","34","391815","0.0-34.0","srxaa","isilsu99@hotmail.com","Işılsu celep","b","","A15","büyüktür","{""Q0"":""büyüktür""}"
"22862","","survey-multi-choice","35","414684","0.0-35.0","srxaa","isilsu99@hotmail.com","Işılsu celep","b","","F22","null","{""Q0"":""Sevinir""}"
"4690","","survey-multi-choice","36","419381","0.0-36.0","srxaa","isilsu99@hotmail.com","Işılsu celep","b","","Q22","Yoğun","{""Q0"":""Yoğun""}"
"15368","","survey-multi-choice","37","434754","0.0-37.0","srxaa","isilsu99@hotmail.com","Işılsu celep","b","","A21","büyüktür","{""Q0"":""büyüktür""}"
"12407","","survey-multi-choice","38","447168","0.0-38.0","srxaa","isilsu99@hotmail.com","Işılsu celep","b","","F09","null","{""Q0"":""Sevinir""}"
"3140","","survey-multi-choice","39","450313","0.0-39.0","srxaa","isilsu99@hotmail.com","Işılsu celep","b","","Q09","Yemekhane","{""Q0"":""Yemekhane""}"
"11853","","survey-multi-choice","40","462173","0.0-40.0","srxaa","isilsu99@hotmail.com","Işılsu celep","b","","A17","küçüktür","{""Q0"":""küçüktür""}"
"12087","","survey-multi-choice","41","474268","0.0-41.0","srxaa","isilsu99@hotmail.com","Işılsu celep","b","","F13","null","{""Q0"":""Sevinir""}"
"2263.000000000058","","survey-multi-choice","42","476535","0.0-42.0","srxaa","isilsu99@hotmail.com","Işılsu celep","b","","Q13","Kars","{""Q0"":""Kars""}"
"7241","","survey-multi-choice","43","483783","0.0-43.0","srxaa","isilsu99@hotmail.com","Işılsu celep","b","","A04","büyüktür","{""Q0"":""büyüktür""}"
"11101","","survey-multi-choice","44","494891","0.0-44.0","srxaa","isilsu99@hotmail.com","Işılsu celep","b","","C06","null","{""Q0"":""Üzülür""}"
"2896.999999999942","","survey-multi-choice","45","497796","0.0-45.0","srxaa","isilsu99@hotmail.com","Işılsu celep","b","","Q06","Müdür","{""Q0"":""Müdür""}"
"9152","","survey-multi-choice","46","506953","0.0-46.0","srxaa","isilsu99@hotmail.com","Işılsu celep","b","","A23","büyüktür","{""Q0"":""büyüktür""}"
"11598","","survey-multi-choice","47","518557","0.0-47.0","srxaa","isilsu99@hotmail.com","Işılsu celep","b","","F21","null","{""Q0"":""Üzülür""}"
"2392.000000000058","","survey-multi-choice","48","520954","0.0-48.0","srxaa","isilsu99@hotmail.com","Işılsu celep","b","","Q21","Odun","{""Q0"":""Odun""}"
"8644","","survey-multi-choice","49","529604","0.0-49.0","srxaa","isilsu99@hotmail.com","Işılsu celep","b","","A12","büyüktür","{""Q0"":""büyüktür""}"
"18932","","survey-multi-choice","50","548542","0.0-50.0","srxaa","isilsu99@hotmail.com","Işılsu celep","b","","F07","null","{""Q0"":""Üzülür""}"
"3692","","survey-multi-choice","51","552241","0.0-51.0","srxaa","isilsu99@hotmail.com","Işılsu celep","b","","Q07","Kardan adam","{""Q0"":""Kardan adam""}"
"10001","","survey-multi-choice","52","562251","0.0-52.0","srxaa","isilsu99@hotmail.com","Işılsu celep","b","","A02","küçüktür","{""Q0"":""küçüktür""}"
"11150.999999999884","","survey-multi-choice","53","573411","0.0-53.0","srxaa","isilsu99@hotmail.com","Işılsu celep","b","","C03","null","{""Q0"":""Sevinir""}"
"18758","","survey-multi-choice","54","592176","0.0-54.0","srxaa","isilsu99@hotmail.com","Işılsu celep","b","","Q03","Ofis","{""Q0"":""Ofis""}"
"11694","","survey-multi-choice","55","603873","0.0-55.0","srxaa","isilsu99@hotmail.com","Işılsu celep","b","","A18","büyüktür","{""Q0"":""büyüktür""}"
"14395","","survey-multi-choice","56","618275","0.0-56.0","srxaa","isilsu99@hotmail.com","Işılsu celep","b","","F23","null","{""Q0"":""Üzülür""}"
"2050","","survey-multi-choice","57","620330","0.0-57.0","srxaa","isilsu99@hotmail.com","Işılsu celep","b","","Q23","Çarpışan arabalar","{""Q0"":""Çarpışan arabalar""}"
"10943","","survey-multi-choice","58","631282","0.0-58.0","srxaa","isilsu99@hotmail.com","Işılsu celep","b","","A11","büyüktür","{""Q0"":""büyüktür""}"
"10391","","survey-multi-choice","59","641679","0.0-59.0","srxaa","isilsu99@hotmail.com","Işılsu celep","b","","F16","null","{""Q0"":""Sevinir""}"
"2357","","survey-multi-choice","60","644042","0.0-60.0","srxaa","isilsu99@hotmail.com","Işılsu celep","b","","Q16","Kafe","{""Q0"":""Kafe""}"
"7132","","survey-multi-choice","61","651181","0.0-61.0","srxaa","isilsu99@hotmail.com","Işılsu celep","b","","A05","küçüktür","{""Q0"":""küçüktür""}"
"43009","","survey-multi-choice","62","694197","0.0-62.0","srxaa","isilsu99@hotmail.com","Işılsu celep","b","","C01","null","{""Q0"":""Sevinir""}"
"2839","","survey-multi-choice","63","697043","0.0-63.0","srxaa","isilsu99@hotmail.com","Işılsu celep","b","","Q01","Arda","{""Q0"":""Arda""}"
"16532","","survey-multi-choice","64","713581","0.0-64.0","srxaa","isilsu99@hotmail.com","Işılsu celep","b","","A06","büyüktür","{""Q0"":""büyüktür""}"
"22415.000000000116","","survey-multi-choice","65","736003","0.0-65.0","srxaa","isilsu99@hotmail.com","Işılsu celep","b","","F20","null","{""Q0"":""Üzülür""}"
"2342","","survey-multi-choice","66","738350","0.0-66.0","srxaa","isilsu99@hotmail.com","Işılsu celep","b","","Q20","Piyango bileti","{""Q0"":""Piyango bileti""}"
"8675","","survey-multi-choice","67","747033","0.0-67.0","srxaa","isilsu99@hotmail.com","Işılsu celep","b","","A09","küçüktür","{""Q0"":""küçüktür""}"
"18599","","survey-multi-choice","68","765637","0.0-68.0","srxaa","isilsu99@hotmail.com","Işılsu celep","b","","F12","null","{""Q0"":""Sevinir""}"
"4259","","survey-multi-choice","69","769903","0.0-69.0","srxaa","isilsu99@hotmail.com","Işılsu celep","b","","Q12","Para biriktirmek","{""Q0"":""Para biriktirmek""}"
"8508","","survey-multi-choice","70","778417","0.0-70.0","srxaa","isilsu99@hotmail.com","Işılsu celep","b","","A22","küçüktür","{""Q0"":""küçüktür""}"
"33800","","survey-multi-choice","71","812222","0.0-71.0","srxaa","isilsu99@hotmail.com","Işılsu celep","b","","F15","null","{""Q0"":""Üzülür""}"
"5793.999999999884","","survey-multi-choice","72","818021","0.0-72.0","srxaa","isilsu99@hotmail.com","Işılsu celep","b","","Q15","Altı","{""Q0"":""Altı""}"
"8118","","survey-multi-choice","73","826146","0.0-73.0","srxaa","isilsu99@hotmail.com","Işılsu celep","b","","A20","küçüktür","{""Q0"":""küçüktür""}"
