"rt","url","trial_type","trial_index","time_elapsed","internal_node_id","subject","subject_email","subject_name","group","view_history","id","correct","responses"
"68047","resources/welcome.html","external-html","0","68222","0.0-0.0","h1red","Zeynepuner42@gmail.com","Zeynep Üner","z","","","",""
"19732.000000000015","","instructions","1","87960","0.0-1.0","h1red","Zeynepuner42@gmail.com","Zeynep Üner","z","[{""page_index"":0,""viewing_time"":19719}]","","",""
"8895","","survey-multi-choice","2","96869","0.0-2.0","h1red","Zeynepuner42@gmail.com","Zeynep Üner","z","","F11","null","{""Q0"":""Üzülür""}"
"3834.0000000000146","","survey-multi-choice","3","100710","0.0-3.0","h1red","Zeynepuner42@gmail.com","Zeynep Üner","z","","Q11","Ayakkabı","{""Q0"":""Ayakkabı""}"
"14473.999999999985","","survey-multi-choice","4","115191","0.0-4.0","h1red","Zeynepuner42@gmail.com","Zeynep Üner","z","","A23","büyüktür","{""Q0"":""küçüktür""}"
"26682","","survey-multi-choice","5","141879","0.0-5.0","h1red","Zeynepuner42@gmail.com","Zeynep Üner","z","","F08","null","{""Q0"":""Üzülür""}"
"5175","","survey-multi-choice","6","147061","0.0-6.0","h1red","Zeynepuner42@gmail.com","Zeynep Üner","z","","Q08","Tenis","{""Q0"":""Tenis""}"
"6874","","survey-multi-choice","7","153941","0.0-7.0","h1red","Zeynepuner42@gmail.com","Zeynep Üner","z","","A15","büyüktür","{""Q0"":""küçüktür""}"
"8999","","survey-multi-choice","8","162946","0.0-8.0","h1red","Zeynepuner42@gmail.com","Zeynep Üner","z","","F09","null","{""Q0"":""Sevinir""}"
"5379","","survey-multi-choice","9","168330","0.0-9.0","h1red","Zeynepuner42@gmail.com","Zeynep Üner","z","","Q09","Yemekhane","{""Q0"":""Yemekhane""}"
"15745","","survey-multi-choice","10","184082","0.0-10.0","h1red","Zeynepuner42@gmail.com","Zeynep Üner","z","","A17","küçüktür","{""Q0"":""küçüktür""}"
"34112","","survey-multi-choice","11","218201","0.0-11.0","h1red","Zeynepuner42@gmail.com","Zeynep Üner","z","","C03","null","{""Q0"":""Üzülür""}"
"3612","","survey-multi-choice","12","221820","0.0-12.0","h1red","Zeynepuner42@gmail.com","Zeynep Üner","z","","Q03","Ofis","{""Q0"":""Ofis""}"
"11244","","survey-multi-choice","13","233070","0.0-13.0","h1red","Zeynepuner42@gmail.com","Zeynep Üner","z","","A09","küçüktür","{""Q0"":""küçüktür""}"
"12662","","survey-multi-choice","14","245739","0.0-14.0","h1red","Zeynepuner42@gmail.com","Zeynep Üner","z","","F18","null","{""Q0"":""Sevinir""}"
"4236.000000000029","","survey-multi-choice","15","249981","0.0-15.0","h1red","Zeynepuner42@gmail.com","Zeynep Üner","z","","Q18","Çilek","{""Q0"":""Çilek""}"
"7766","","survey-multi-choice","16","257753","0.0-16.0","h1red","Zeynepuner42@gmail.com","Zeynep Üner","z","","A05","küçüktür","{""Q0"":""büyüktür""}"
"9491","","survey-multi-choice","17","267252","0.0-17.0","h1red","Zeynepuner42@gmail.com","Zeynep Üner","z","","F23","null","{""Q0"":""Üzülür""}"
"4466","","survey-multi-choice","18","271723","0.0-18.0","h1red","Zeynepuner42@gmail.com","Zeynep Üner","z","","Q23","Çarpışan arabalar","{""Q0"":""Çarpışan arabalar""}"
"12354","","survey-multi-choice","19","284083","0.0-19.0","h1red","Zeynepuner42@gmail.com","Zeynep Üner","z","","A10","büyüktür","{""Q0"":""büyüktür""}"
"9934","","survey-multi-choice","20","294021","0.0-20.0","h1red","Zeynepuner42@gmail.com","Zeynep Üner","z","","C05","null","{""Q0"":""Üzülür""}"
"3500","","survey-multi-choice","21","297526","0.0-21.0","h1red","Zeynepuner42@gmail.com","Zeynep Üner","z","","Q05","Matematik","{""Q0"":""Matematik""}"
"7111","","survey-multi-choice","22","304643","0.0-22.0","h1red","Zeynepuner42@gmail.com","Zeynep Üner","z","","A08","küçüktür","{""Q0"":""küçüktür""}"
"18846","","survey-multi-choice","23","323495","0.0-23.0","h1red","Zeynepuner42@gmail.com","Zeynep Üner","z","","F19","null","{""Q0"":""Üzülür""}"
"2409","","survey-multi-choice","24","325911","0.0-24.0","h1red","Zeynepuner42@gmail.com","Zeynep Üner","z","","Q19","Fizik","{""Q0"":""Fizik""}"
"5344","","survey-multi-choice","25","331262","0.0-25.0","h1red","Zeynepuner42@gmail.com","Zeynep Üner","z","","A11","büyüktür","{""Q0"":""büyüktür""}"
"25742.00000000006","","survey-multi-choice","26","357010","0.0-26.0","h1red","Zeynepuner42@gmail.com","Zeynep Üner","z","","F21","null","{""Q0"":""Üzülür""}"
"2328","","survey-multi-choice","27","359346","0.0-27.0","h1red","Zeynepuner42@gmail.com","Zeynep Üner","z","","Q21","Odun","{""Q0"":""Odun""}"
"4876","","survey-multi-choice","28","364230","0.0-28.0","h1red","Zeynepuner42@gmail.com","Zeynep Üner","z","","A24","büyüktür","{""Q0"":""küçüktür""}"
"12580","","survey-multi-choice","29","376816","0.0-29.0","h1red","Zeynepuner42@gmail.com","Zeynep Üner","z","","F20","null","{""Q0"":""Sevinir""}"
"2793","","survey-multi-choice","30","379616","0.0-30.0","h1red","Zeynepuner42@gmail.com","Zeynep Üner","z","","Q20","Piyango bileti","{""Q0"":""Piyango bileti""}"
"8175.000000000058","","survey-multi-choice","31","387797","0.0-31.0","h1red","Zeynepuner42@gmail.com","Zeynep Üner","z","","A07","küçüktür","{""Q0"":""küçüktür""}"
"19683","","survey-multi-choice","32","407486","0.0-32.0","h1red","Zeynepuner42@gmail.com","Zeynep Üner","z","","C02","null","{""Q0"":""Üzülür""}"
"4194","","survey-multi-choice","33","411687","0.0-33.0","h1red","Zeynepuner42@gmail.com","Zeynep Üner","z","","Q02","Oyuncak bebek","{""Q0"":""Oyuncak bebek""}"
"12043","","survey-multi-choice","34","423736","0.0-34.0","h1red","Zeynepuner42@gmail.com","Zeynep Üner","z","","A12","büyüktür","{""Q0"":""büyüktür""}"
"34302","","survey-multi-choice","35","458045","0.0-35.0","h1red","Zeynepuner42@gmail.com","Zeynep Üner","z","","F10","null","{""Q0"":""Sevinir""}"
"2120","","survey-multi-choice","36","460168","0.0-36.0","h1red","Zeynepuner42@gmail.com","Zeynep Üner","z","","Q10","Yüksek lisans","{""Q0"":""Yüksek lisans""}"
"6546","","survey-multi-choice","37","466719","0.0-37.0","h1red","Zeynepuner42@gmail.com","Zeynep Üner","z","","A06","büyüktür","{""Q0"":""küçüktür""}"
"9379.999999999942","","survey-multi-choice","38","476108","0.0-38.0","h1red","Zeynepuner42@gmail.com","Zeynep Üner","z","","F13","null","{""Q0"":""Sevinir""}"
"4375","","survey-multi-choice","39","480489","0.0-39.0","h1red","Zeynepuner42@gmail.com","Zeynep Üner","z","","Q13","Kars","{""Q0"":""Kars""}"
"6229.999999999942","","survey-multi-choice","40","486727","0.0-40.0","h1red","Zeynepuner42@gmail.com","Zeynep Üner","z","","A14","büyüktür","{""Q0"":""büyüktür""}"
"10407","","survey-multi-choice","41","497140","0.0-41.0","h1red","Zeynepuner42@gmail.com","Zeynep Üner","z","","F12","null","{""Q0"":""Sevinir""}"
"4130","","survey-multi-choice","42","501277","0.0-42.0","h1red","Zeynepuner42@gmail.com","Zeynep Üner","z","","Q12","Para biriktirmek","{""Q0"":""Kumbara biriktirmek""}"
"7262.000000000058","","survey-multi-choice","43","508545","0.0-43.0","h1red","Zeynepuner42@gmail.com","Zeynep Üner","z","","A18","büyüktür","{""Q0"":""küçüktür""}"
"15891","","survey-multi-choice","44","524443","0.0-44.0","h1red","Zeynepuner42@gmail.com","Zeynep Üner","z","","C06","null","{""Q0"":""Sevinir""}"
"4981.999999999884","","survey-multi-choice","45","529430","0.0-45.0","h1red","Zeynepuner42@gmail.com","Zeynep Üner","z","","Q06","Müdür","{""Q0"":""Müdür""}"
"5494","","survey-multi-choice","46","534930","0.0-46.0","h1red","Zeynepuner42@gmail.com","Zeynep Üner","z","","A03","küçüktür","{""Q0"":""küçüktür""}"
"14413","","survey-multi-choice","47","549349","0.0-47.0","h1red","Zeynepuner42@gmail.com","Zeynep Üner","z","","F17","null","{""Q0"":""Sevinir""}"
"3443","","survey-multi-choice","48","552798","0.0-48.0","h1red","Zeynepuner42@gmail.com","Zeynep Üner","z","","Q17","Öğle yemeği","{""Q0"":""Akşam yemeği""}"
"6358","","survey-multi-choice","49","559163","0.0-49.0","h1red","Zeynepuner42@gmail.com","Zeynep Üner","z","","A13","küçüktür","{""Q0"":""küçüktür""}"
"8950","","survey-multi-choice","50","568120","0.0-50.0","h1red","Zeynepuner42@gmail.com","Zeynep Üner","z","","F16","null","{""Q0"":""Sevinir""}"
"2907","","survey-multi-choice","51","571033","0.0-51.0","h1red","Zeynepuner42@gmail.com","Zeynep Üner","z","","Q16","Kafe","{""Q0"":""Kafe""}"
"5430.000000000116","","survey-multi-choice","52","576469","0.0-52.0","h1red","Zeynepuner42@gmail.com","Zeynep Üner","z","","A20","küçüktür","{""Q0"":""küçüktür""}"
"13776","","survey-multi-choice","53","590252","0.0-53.0","h1red","Zeynepuner42@gmail.com","Zeynep Üner","z","","C01","null","{""Q0"":""Üzülür""}"
"3423","","survey-multi-choice","54","593681","0.0-54.0","h1red","Zeynepuner42@gmail.com","Zeynep Üner","z","","Q01","Arda","{""Q0"":""Arda""}"
"4463","","survey-multi-choice","55","598150","0.0-55.0","h1red","Zeynepuner42@gmail.com","Zeynep Üner","z","","A16","küçüktür","{""Q0"":""küçüktür""}"
"12695","","survey-multi-choice","56","610851","0.0-56.0","h1red","Zeynepuner42@gmail.com","Zeynep Üner","z","","F22","null","{""Q0"":""Sevinir""}"
"3759.0000000001164","","survey-multi-choice","57","614620","0.0-57.0","h1red","Zeynepuner42@gmail.com","Zeynep Üner","z","","Q22","Yoğun","{""Q0"":""Yoğun""}"
"5778","","survey-multi-choice","58","620403","0.0-58.0","h1red","Zeynepuner42@gmail.com","Zeynep Üner","z","","A01","küçüktür","{""Q0"":""büyüktür""}"
"30227","","survey-multi-choice","59","650636","0.0-59.0","h1red","Zeynepuner42@gmail.com","Zeynep Üner","z","","F07","null","{""Q0"":""Üzülür""}"
"4396","","survey-multi-choice","60","655041","0.0-60.0","h1red","Zeynepuner42@gmail.com","Zeynep Üner","z","","Q07","Kardan adam","{""Q0"":""Kardan adam""}"
"3606.9999999998836","","survey-multi-choice","61","658654","0.0-61.0","h1red","Zeynepuner42@gmail.com","Zeynep Üner","z","","A02","küçüktür","{""Q0"":""küçüktür""}"
"11343","","survey-multi-choice","62","670004","0.0-62.0","h1red","Zeynepuner42@gmail.com","Zeynep Üner","z","","C04","null","{""Q0"":""Sevinir""}"
"3043","","survey-multi-choice","63","673054","0.0-63.0","h1red","Zeynepuner42@gmail.com","Zeynep Üner","z","","Q04","Kamp","{""Q0"":""Kamp""}"
"4294","","survey-multi-choice","64","677354","0.0-64.0","h1red","Zeynepuner42@gmail.com","Zeynep Üner","z","","A19","büyüktür","{""Q0"":""küçüktür""}"
"11499","","survey-multi-choice","65","688861","0.0-65.0","h1red","Zeynepuner42@gmail.com","Zeynep Üner","z","","F24","null","{""Q0"":""Sevinir""}"
"2607","","survey-multi-choice","66","691475","0.0-66.0","h1red","Zeynepuner42@gmail.com","Zeynep Üner","z","","Q24","Tokyo","{""Q0"":""Tokyo""}"
"5160","","survey-multi-choice","67","696642","0.0-67.0","h1red","Zeynepuner42@gmail.com","Zeynep Üner","z","","A21","büyüktür","{""Q0"":""küçüktür""}"
"7482","","survey-multi-choice","68","704131","0.0-68.0","h1red","Zeynepuner42@gmail.com","Zeynep Üner","z","","F15","null","{""Q0"":""Üzülür""}"
"3076","","survey-multi-choice","69","707213","0.0-69.0","h1red","Zeynepuner42@gmail.com","Zeynep Üner","z","","Q15","Altı","{""Q0"":""Altı""}"
"3410","","survey-multi-choice","70","710630","0.0-70.0","h1red","Zeynepuner42@gmail.com","Zeynep Üner","z","","A22","küçüktür","{""Q0"":""küçüktür""}"
"10143","","survey-multi-choice","71","720780","0.0-71.0","h1red","Zeynepuner42@gmail.com","Zeynep Üner","z","","F14","null","{""Q0"":""Sevinir""}"
"3182","","survey-multi-choice","72","723969","0.0-72.0","h1red","Zeynepuner42@gmail.com","Zeynep Üner","z","","Q14","Birinci","{""Q0"":""İkinci""}"
"4676","","survey-multi-choice","73","728648","0.0-73.0","h1red","Zeynepuner42@gmail.com","Zeynep Üner","z","","A04","büyüktür","{""Q0"":""küçüktür""}"
