"rt","url","trial_type","trial_index","time_elapsed","internal_node_id","subject","subject_email","subject_name","group","view_history","id","correct","responses"
"43766.999999999825","resources/welcome.html","external-html","0","43985","0.0-0.0","t9htf","hamdovaliege@hotmail.com","Zeki Ege Hamdovalı","b","","","",""
"6538.899999999558","","instructions","1","50531","0.0-1.0","t9htf","hamdovaliege@hotmail.com","Zeki Ege Hamdovalı","b","[{""page_index"":0,""viewing_time"":6536.000000000058}]","","",""
"25769.599999999627","","survey-multi-choice","2","76327","0.0-2.0","t9htf","hamdovaliege@hotmail.com","Zeki Ege Hamdovalı","b","","F08","null","{""Q0"":""Üzülür""}"
"10515.799999999217","","survey-multi-choice","3","86855","0.0-3.0","t9htf","hamdovaliege@hotmail.com","Zeki Ege Hamdovalı","b","","Q08","Tenis","{""Q0"":""Tenis""}"
"26797.099999999773","","survey-multi-choice","4","113662","0.0-4.0","t9htf","hamdovaliege@hotmail.com","Zeki Ege Hamdovalı","b","","A08","küçüktür","{""Q0"":""küçüktür""}"
"18761.49999999872","","survey-multi-choice","5","132433","0.0-5.0","t9htf","hamdovaliege@hotmail.com","Zeki Ege Hamdovalı","b","","F20","null","{""Q0"":""Sevinir""}"
"3833.9000000014785","","survey-multi-choice","6","136282","0.0-6.0","t9htf","hamdovaliege@hotmail.com","Zeki Ege Hamdovalı","b","","Q20","Piyango bileti","{""Q0"":""Piyango bileti""}"
"5604.500000001281","","survey-multi-choice","7","141903","0.0-7.0","t9htf","hamdovaliege@hotmail.com","Zeki Ege Hamdovalı","b","","A02","küçüktür","{""Q0"":""küçüktür""}"
"14955.199999998527","","survey-multi-choice","8","156876","0.0-8.0","t9htf","hamdovaliege@hotmail.com","Zeki Ege Hamdovalı","b","","F09","null","{""Q0"":""Sevinir""}"
"14031.30000000057","","survey-multi-choice","9","170921","0.0-9.0","t9htf","hamdovaliege@hotmail.com","Zeki Ege Hamdovalı","b","","Q09","Yemekhane","{""Q0"":""Yemekhane""}"
"4334.399999999732","","survey-multi-choice","10","175272","0.0-10.0","t9htf","hamdovaliege@hotmail.com","Zeki Ege Hamdovalı","b","","A01","küçüktür","{""Q0"":""büyüktür""}"
"8901.499999999942","","survey-multi-choice","11","184188","0.0-11.0","t9htf","hamdovaliege@hotmail.com","Zeki Ege Hamdovalı","b","","C02","null","{""Q0"":""Üzülür""}"
"1412.8000000000466","","survey-multi-choice","12","185616","0.0-12.0","t9htf","hamdovaliege@hotmail.com","Zeki Ege Hamdovalı","b","","Q02","Oyuncak bebek","{""Q0"":""Oyuncak bebek""}"
"1170.5000000001746","","survey-multi-choice","13","186797","0.0-13.0","t9htf","hamdovaliege@hotmail.com","Zeki Ege Hamdovalı","b","","A19","büyüktür","{""Q0"":""küçüktür""}"
"2803.299999999581","","survey-multi-choice","14","189611","0.0-14.0","t9htf","hamdovaliege@hotmail.com","Zeki Ege Hamdovalı","b","","F15","null","{""Q0"":""Sevinir""}"
"1346.999999999738","","survey-multi-choice","15","190971","0.0-15.0","t9htf","hamdovaliege@hotmail.com","Zeki Ege Hamdovalı","b","","Q15","Altı","{""Q0"":""Üç""}"
"1319.9000000004016","","survey-multi-choice","16","192300","0.0-16.0","t9htf","hamdovaliege@hotmail.com","Zeki Ege Hamdovalı","b","","A12","büyüktür","{""Q0"":""küçüktür""}"
"1103.5000000010768","","survey-multi-choice","17","193418","0.0-17.0","t9htf","hamdovaliege@hotmail.com","Zeki Ege Hamdovalı","b","","F21","null","{""Q0"":""Üzülür""}"
"1178.2000000003027","","survey-multi-choice","18","194609","0.0-18.0","t9htf","hamdovaliege@hotmail.com","Zeki Ege Hamdovalı","b","","Q21","Odun","{""Q0"":""Çöp""}"
"1100.3999999993248","","survey-multi-choice","19","195722","0.0-19.0","t9htf","hamdovaliege@hotmail.com","Zeki Ege Hamdovalı","b","","A10","büyüktür","{""Q0"":""küçüktür""}"
"1076.800000000745","","survey-multi-choice","20","196810","0.0-20.0","t9htf","hamdovaliege@hotmail.com","Zeki Ege Hamdovalı","b","","C03","null","{""Q0"":""Sevinir""}"
"1088.2999999994063","","survey-multi-choice","21","197911","0.0-21.0","t9htf","hamdovaliege@hotmail.com","Zeki Ege Hamdovalı","b","","Q03","Ofis","{""Q0"":""Fabrika""}"
"1079.9999999999127","","survey-multi-choice","22","199003","0.0-22.0","t9htf","hamdovaliege@hotmail.com","Zeki Ege Hamdovalı","b","","A24","büyüktür","{""Q0"":""küçüktür""}"
"1092.5999999999476","","survey-multi-choice","23","200107","0.0-23.0","t9htf","hamdovaliege@hotmail.com","Zeki Ege Hamdovalı","b","","F11","null","{""Q0"":""Üzülür""}"
"1085.800000000745","","survey-multi-choice","24","201207","0.0-24.0","t9htf","hamdovaliege@hotmail.com","Zeki Ege Hamdovalı","b","","Q11","Ayakkabı","{""Q0"":""Ceket""}"
"1031.3000000005704","","survey-multi-choice","25","202277","0.0-25.0","t9htf","hamdovaliege@hotmail.com","Zeki Ege Hamdovalı","b","","A22","küçüktür","{""Q0"":""büyüktür""}"
"3927.200000000099","","survey-multi-choice","26","206216","0.0-26.0","t9htf","hamdovaliege@hotmail.com","Zeki Ege Hamdovalı","b","","F16","null","{""Q0"":""Üzülür""}"
"2331.79999999993","","survey-multi-choice","27","208562","0.0-27.0","t9htf","hamdovaliege@hotmail.com","Zeki Ege Hamdovalı","b","","Q16","Kafe","{""Q0"":""Restoran""}"
"1127.2000000007974","","survey-multi-choice","28","209702","0.0-28.0","t9htf","hamdovaliege@hotmail.com","Zeki Ege Hamdovalı","b","","A11","büyüktür","{""Q0"":""küçüktür""}"
"1075.1000000000058","","survey-multi-choice","29","210788","0.0-29.0","t9htf","hamdovaliege@hotmail.com","Zeki Ege Hamdovalı","b","","F23","null","{""Q0"":""Sevinir""}"
"1083.7000000010303","","survey-multi-choice","30","211886","0.0-30.0","t9htf","hamdovaliege@hotmail.com","Zeki Ege Hamdovalı","b","","Q23","Çarpışan arabalar","{""Q0"":""Gondol""}"
"1045.6999999987602","","survey-multi-choice","31","212946","0.0-31.0","t9htf","hamdovaliege@hotmail.com","Zeki Ege Hamdovalı","b","","A16","küçüktür","{""Q0"":""büyüktür""}"
"1021.6000000000349","","survey-multi-choice","32","213980","0.0-32.0","t9htf","hamdovaliege@hotmail.com","Zeki Ege Hamdovalı","b","","C04","null","{""Q0"":""Üzülür""}"
"1060.999999999709","","survey-multi-choice","33","215054","0.0-33.0","t9htf","hamdovaliege@hotmail.com","Zeki Ege Hamdovalı","b","","Q04","Kamp","{""Q0"":""Tatil köyü""}"
"1024.600000000646","","survey-multi-choice","34","216091","0.0-34.0","t9htf","hamdovaliege@hotmail.com","Zeki Ege Hamdovalı","b","","A18","büyüktür","{""Q0"":""küçüktür""}"
"1198.2000000007392","","survey-multi-choice","35","217298","0.0-35.0","t9htf","hamdovaliege@hotmail.com","Zeki Ege Hamdovalı","b","","F24","null","{""Q0"":""Sevinir""}"
"3267.2000000002154","","survey-multi-choice","36","220588","0.0-36.0","t9htf","hamdovaliege@hotmail.com","Zeki Ege Hamdovalı","b","","Q24","Tokyo","{""Q0"":""Tokyo""}"
"2146.0999999999185","","survey-multi-choice","37","222748","0.0-37.0","t9htf","hamdovaliege@hotmail.com","Zeki Ege Hamdovalı","b","","A17","küçüktür","{""Q0"":""küçüktür""}"
"1089.8999999990338","","survey-multi-choice","38","223853","0.0-38.0","t9htf","hamdovaliege@hotmail.com","Zeki Ege Hamdovalı","b","","F12","null","{""Q0"":""Sevinir""}"
"1843.700000001263","","survey-multi-choice","39","225715","0.0-39.0","t9htf","hamdovaliege@hotmail.com","Zeki Ege Hamdovalı","b","","Q12","Para biriktirmek","{""Q0"":""Kumbara biriktirmek""}"
"1053.8000000015018","","survey-multi-choice","40","226786","0.0-40.0","t9htf","hamdovaliege@hotmail.com","Zeki Ege Hamdovalı","b","","A15","büyüktür","{""Q0"":""büyüktür""}"
"999.2000000002154","","survey-multi-choice","41","227799","0.0-41.0","t9htf","hamdovaliege@hotmail.com","Zeki Ege Hamdovalı","b","","F22","null","{""Q0"":""Üzülür""}"
"2316.300000000425","","survey-multi-choice","42","230126","0.0-42.0","t9htf","hamdovaliege@hotmail.com","Zeki Ege Hamdovalı","b","","Q22","Yoğun","{""Q0"":""Rahat""}"
"1163.2000000008557","","survey-multi-choice","43","231308","0.0-43.0","t9htf","hamdovaliege@hotmail.com","Zeki Ege Hamdovalı","b","","A20","küçüktür","{""Q0"":""büyüktür""}"
"1136.2000000008265","","survey-multi-choice","44","232459","0.0-44.0","t9htf","hamdovaliege@hotmail.com","Zeki Ege Hamdovalı","b","","C06","null","{""Q0"":""Üzülür""}"
"1055.5999999996857","","survey-multi-choice","45","233528","0.0-45.0","t9htf","hamdovaliege@hotmail.com","Zeki Ege Hamdovalı","b","","Q06","Müdür","{""Q0"":""CEO""}"
"942.9999999993015","","survey-multi-choice","46","234483","0.0-46.0","t9htf","hamdovaliege@hotmail.com","Zeki Ege Hamdovalı","b","","A06","büyüktür","{""Q0"":""büyüktür""}"
"943.3000000008033","","survey-multi-choice","47","235436","0.0-47.0","t9htf","hamdovaliege@hotmail.com","Zeki Ege Hamdovalı","b","","F18","null","{""Q0"":""Üzülür""}"
"964.09999999922","","survey-multi-choice","48","236416","0.0-48.0","t9htf","hamdovaliege@hotmail.com","Zeki Ege Hamdovalı","b","","Q18","Çilek","{""Q0"":""Çilek""}"
"982.20000000039","","survey-multi-choice","49","237415","0.0-49.0","t9htf","hamdovaliege@hotmail.com","Zeki Ege Hamdovalı","b","","A23","büyüktür","{""Q0"":""küçüktür""}"
"982.2000000003609","","survey-multi-choice","50","238408","0.0-50.0","t9htf","hamdovaliege@hotmail.com","Zeki Ege Hamdovalı","b","","F17","null","{""Q0"":""Üzülür""}"
"1013.6999999995169","","survey-multi-choice","51","239433","0.0-51.0","t9htf","hamdovaliege@hotmail.com","Zeki Ege Hamdovalı","b","","Q17","Öğle yemeği","{""Q0"":""Öğle yemeği""}"
"952.9999999995343","","survey-multi-choice","52","240398","0.0-52.0","t9htf","hamdovaliege@hotmail.com","Zeki Ege Hamdovalı","b","","A09","küçüktür","{""Q0"":""büyüktür""}"
"916.1999999996624","","survey-multi-choice","53","241328","0.0-53.0","t9htf","hamdovaliege@hotmail.com","Zeki Ege Hamdovalı","b","","C05","null","{""Q0"":""Sevinir""}"
"2305.000000000291","","survey-multi-choice","54","243649","0.0-54.0","t9htf","hamdovaliege@hotmail.com","Zeki Ege Hamdovalı","b","","Q05","Matematik","{""Q0"":""Edebiyat""}"
"1038.300000000163","","survey-multi-choice","55","244700","0.0-55.0","t9htf","hamdovaliege@hotmail.com","Zeki Ege Hamdovalı","b","","A14","büyüktür","{""Q0"":""büyüktür""}"
"2068.1000000004133","","survey-multi-choice","56","246781","0.0-56.0","t9htf","hamdovaliege@hotmail.com","Zeki Ege Hamdovalı","b","","F19","null","{""Q0"":""Üzülür""}"
"1037.1000000013737","","survey-multi-choice","57","247832","0.0-57.0","t9htf","hamdovaliege@hotmail.com","Zeki Ege Hamdovalı","b","","Q19","Fizik","{""Q0"":""Fizik""}"
"1073.3000000000466","","survey-multi-choice","58","248916","0.0-58.0","t9htf","hamdovaliege@hotmail.com","Zeki Ege Hamdovalı","b","","A04","büyüktür","{""Q0"":""büyüktür""}"
"1261.599999999802","","survey-multi-choice","59","250185","0.0-59.0","t9htf","hamdovaliege@hotmail.com","Zeki Ege Hamdovalı","b","","F13","null","{""Q0"":""Sevinir""}"
"1075.700000001234","","survey-multi-choice","60","251276","0.0-60.0","t9htf","hamdovaliege@hotmail.com","Zeki Ege Hamdovalı","b","","Q13","Kars","{""Q0"":""Batum""}"
"1143.5000000001164","","survey-multi-choice","61","252432","0.0-61.0","t9htf","hamdovaliege@hotmail.com","Zeki Ege Hamdovalı","b","","A07","küçüktür","{""Q0"":""büyüktür""}"
"1354.9999999995634","","survey-multi-choice","62","253801","0.0-62.0","t9htf","hamdovaliege@hotmail.com","Zeki Ege Hamdovalı","b","","C01","null","{""Q0"":""Üzülür""}"
"6001.8000000000175","","survey-multi-choice","63","259818","0.0-63.0","t9htf","hamdovaliege@hotmail.com","Zeki Ege Hamdovalı","b","","Q01","Arda","{""Q0"":""Melih""}"
"2415.3000000005413","","survey-multi-choice","64","262248","0.0-64.0","t9htf","hamdovaliege@hotmail.com","Zeki Ege Hamdovalı","b","","A03","küçüktür","{""Q0"":""büyüktür""}"
"1383.2999999995227","","survey-multi-choice","65","263647","0.0-65.0","t9htf","hamdovaliege@hotmail.com","Zeki Ege Hamdovalı","b","","F10","null","{""Q0"":""Sevinir""}"
"1265.6999999998952","","survey-multi-choice","66","264927","0.0-66.0","t9htf","hamdovaliege@hotmail.com","Zeki Ege Hamdovalı","b","","Q10","Yüksek lisans","{""Q0"":""Lisans""}"
"1102.6000000001513","","survey-multi-choice","67","266039","0.0-67.0","t9htf","hamdovaliege@hotmail.com","Zeki Ege Hamdovalı","b","","A13","küçüktür","{""Q0"":""büyüktür""}"
"1089.200000000361","","survey-multi-choice","68","267141","0.0-68.0","t9htf","hamdovaliege@hotmail.com","Zeki Ege Hamdovalı","b","","F14","null","{""Q0"":""Sevinir""}"
"2222.3999999987427","","survey-multi-choice","69","269387","0.0-69.0","t9htf","hamdovaliege@hotmail.com","Zeki Ege Hamdovalı","b","","Q14","Birinci","{""Q0"":""Üçüncü""}"
"1025.499999999709","","survey-multi-choice","70","270421","0.0-70.0","t9htf","hamdovaliege@hotmail.com","Zeki Ege Hamdovalı","b","","A05","küçüktür","{""Q0"":""büyüktür""}"
"1034.3999999986845","","survey-multi-choice","71","271465","0.0-71.0","t9htf","hamdovaliege@hotmail.com","Zeki Ege Hamdovalı","b","","F07","null","{""Q0"":""Sevinir""}"
"968.1000000000931","","survey-multi-choice","72","272444","0.0-72.0","t9htf","hamdovaliege@hotmail.com","Zeki Ege Hamdovalı","b","","Q07","Kardan adam","{""Q0"":""Kayak""}"
"983.0000000001746","","survey-multi-choice","73","273439","0.0-73.0","t9htf","hamdovaliege@hotmail.com","Zeki Ege Hamdovalı","b","","A21","büyüktür","{""Q0"":""küçüktür""}"
