"rt","url","trial_type","trial_index","time_elapsed","internal_node_id","subject","subject_email","subject_name","group","view_history","id","correct","responses"
"60591.39999999934","resources/welcome.html","external-html","0","60644","0.0-0.0","kmcxx","betulparlak905@gmail.com","Emine Betül Parlak ","d","","","",""
"6660.799999999654","","instructions","1","67310","0.0-1.0","kmcxx","betulparlak905@gmail.com","Emine Betül Parlak ","d","[{""page_index"":0,""viewing_time"":6655.699999999342}]","","",""
"16422.599999999875","","survey-multi-choice","2","83758","0.0-2.0","kmcxx","betulparlak905@gmail.com","Emine Betül Parlak ","d","","F17","null","{""Q0"":""Sevinir""}"
"4338.200000000143","","survey-multi-choice","3","88114","0.0-3.0","kmcxx","betulparlak905@gmail.com","Emine Betül Parlak ","d","","Q17","Öğle yemeği","{""Q0"":""Akşam yemeği""}"
"19661.90000000097","","survey-multi-choice","4","107787","0.0-4.0","kmcxx","betulparlak905@gmail.com","Emine Betül Parlak ","d","","A23","büyüktür","{""Q0"":""büyüktür""}"
"12399.199999999837","","survey-multi-choice","5","120199","0.0-5.0","kmcxx","betulparlak905@gmail.com","Emine Betül Parlak ","d","","F09","null","{""Q0"":""Sevinir""}"
"7684.699999999793","","survey-multi-choice","6","127902","0.0-6.0","kmcxx","betulparlak905@gmail.com","Emine Betül Parlak ","d","","Q09","Yemekhane","{""Q0"":""Yemekhane""}"
"19891.400000000416","","survey-multi-choice","7","147810","0.0-7.0","kmcxx","betulparlak905@gmail.com","Emine Betül Parlak ","d","","A05","küçüktür","{""Q0"":""büyüktür""}"
"10469.99999999936","","survey-multi-choice","8","158293","0.0-8.0","kmcxx","betulparlak905@gmail.com","Emine Betül Parlak ","d","","F22","null","{""Q0"":""Sevinir""}"
"3456.700000000652","","survey-multi-choice","9","161771","0.0-9.0","kmcxx","betulparlak905@gmail.com","Emine Betül Parlak ","d","","Q22","Yoğun","{""Q0"":""Yoğun""}"
"31225.800000000163","","survey-multi-choice","10","193018","0.0-10.0","kmcxx","betulparlak905@gmail.com","Emine Betül Parlak ","d","","A03","küçüktür","{""Q0"":""küçüktür""}"
"8926.400000000314","","survey-multi-choice","11","201962","0.0-11.0","kmcxx","betulparlak905@gmail.com","Emine Betül Parlak ","d","","C05","null","{""Q0"":""Üzülür""}"
"5188.799999999872","","survey-multi-choice","12","207168","0.0-12.0","kmcxx","betulparlak905@gmail.com","Emine Betül Parlak ","d","","Q05","Matematik","{""Q0"":""Edebiyat""}"
"3251.8999999992666","","survey-multi-choice","13","210434","0.0-13.0","kmcxx","betulparlak905@gmail.com","Emine Betül Parlak ","d","","A21","büyüktür","{""Q0"":""büyüktür""}"
"21078.299999999203","","survey-multi-choice","14","231532","0.0-14.0","kmcxx","betulparlak905@gmail.com","Emine Betül Parlak ","d","","F24","null","{""Q0"":""Sevinir""}"
"3194.7000000000116","","survey-multi-choice","15","234749","0.0-15.0","kmcxx","betulparlak905@gmail.com","Emine Betül Parlak ","d","","Q24","Tokyo","{""Q0"":""Tokyo""}"
"11932.800000000512","","survey-multi-choice","16","246695","0.0-16.0","kmcxx","betulparlak905@gmail.com","Emine Betül Parlak ","d","","A16","küçüktür","{""Q0"":""küçüktür""}"
"15094.900000000052","","survey-multi-choice","17","261810","0.0-17.0","kmcxx","betulparlak905@gmail.com","Emine Betül Parlak ","d","","F20","null","{""Q0"":""Üzülür""}"
"3517.900000000722","","survey-multi-choice","18","265349","0.0-18.0","kmcxx","betulparlak905@gmail.com","Emine Betül Parlak ","d","","Q20","Piyango bileti","{""Q0"":""Piyango bileti""}"
"6417.300000000978","","survey-multi-choice","19","271779","0.0-19.0","kmcxx","betulparlak905@gmail.com","Emine Betül Parlak ","d","","A10","büyüktür","{""Q0"":""büyüktür""}"
"10784.799999999464","","survey-multi-choice","20","282577","0.0-20.0","kmcxx","betulparlak905@gmail.com","Emine Betül Parlak ","d","","C01","null","{""Q0"":""Üzülür""}"
"3344.9999999993597","","survey-multi-choice","21","285941","0.0-21.0","kmcxx","betulparlak905@gmail.com","Emine Betül Parlak ","d","","Q01","Arda","{""Q0"":""Arda""}"
"9040.600000000268","","survey-multi-choice","22","294996","0.0-22.0","kmcxx","betulparlak905@gmail.com","Emine Betül Parlak ","d","","A02","küçüktür","{""Q0"":""küçüktür""}"
"14726.700000001118","","survey-multi-choice","23","309737","0.0-23.0","kmcxx","betulparlak905@gmail.com","Emine Betül Parlak ","d","","F14","null","{""Q0"":""Sevinir""}"
"4477.700000001292","","survey-multi-choice","24","314234","0.0-24.0","kmcxx","betulparlak905@gmail.com","Emine Betül Parlak ","d","","Q14","Birinci","{""Q0"":""İkinci""}"
"7256.699999999953","","survey-multi-choice","25","321549","0.0-25.0","kmcxx","betulparlak905@gmail.com","Emine Betül Parlak ","d","","A11","büyüktür","{""Q0"":""büyüktür""}"
"13264.999999999418","","survey-multi-choice","26","334827","0.0-26.0","kmcxx","betulparlak905@gmail.com","Emine Betül Parlak ","d","","F07","null","{""Q0"":""Üzülür""}"
"8576.10000000021","","survey-multi-choice","27","343417","0.0-27.0","kmcxx","betulparlak905@gmail.com","Emine Betül Parlak ","d","","Q07","Kardan adam","{""Q0"":""Kardan adam""}"
"9341.499999998661","","survey-multi-choice","28","352771","0.0-28.0","kmcxx","betulparlak905@gmail.com","Emine Betül Parlak ","d","","A24","büyüktür","{""Q0"":""büyüktür""}"
"19790.600000000268","","survey-multi-choice","29","372581","0.0-29.0","kmcxx","betulparlak905@gmail.com","Emine Betül Parlak ","d","","F19","null","{""Q0"":""Üzülür""}"
"2640.5999999988126","","survey-multi-choice","30","375241","0.0-30.0","kmcxx","betulparlak905@gmail.com","Emine Betül Parlak ","d","","Q19","Fizik","{""Q0"":""Fizik""}"
"17551.400000000256","","survey-multi-choice","31","392805","0.0-31.0","kmcxx","betulparlak905@gmail.com","Emine Betül Parlak ","d","","A15","büyüktür","{""Q0"":""küçüktür""}"
"13002.099999999686","","survey-multi-choice","32","405821","0.0-32.0","kmcxx","betulparlak905@gmail.com","Emine Betül Parlak ","d","","C03","null","{""Q0"":""Üzülür""}"
"3534.1000000007916","","survey-multi-choice","33","409373","0.0-33.0","kmcxx","betulparlak905@gmail.com","Emine Betül Parlak ","d","","Q03","Ofis","{""Q0"":""Ofis""}"
"6470.699999999837","","survey-multi-choice","34","415865","0.0-34.0","kmcxx","betulparlak905@gmail.com","Emine Betül Parlak ","d","","A01","küçüktür","{""Q0"":""büyüktür""}"
"7728.100000000268","","survey-multi-choice","35","423609","0.0-35.0","kmcxx","betulparlak905@gmail.com","Emine Betül Parlak ","d","","F18","null","{""Q0"":""Sevinir""}"
"3369.600000000035","","survey-multi-choice","36","427001","0.0-36.0","kmcxx","betulparlak905@gmail.com","Emine Betül Parlak ","d","","Q18","Çilek","{""Q0"":""Çilek""}"
"15018.400000000838","","survey-multi-choice","37","442032","0.0-37.0","kmcxx","betulparlak905@gmail.com","Emine Betül Parlak ","d","","A22","küçüktür","{""Q0"":""büyüktür""}"
"8835.499999999185","","survey-multi-choice","38","450890","0.0-38.0","kmcxx","betulparlak905@gmail.com","Emine Betül Parlak ","d","","F13","null","{""Q0"":""Üzülür""}"
"2746.2999999988824","","survey-multi-choice","39","453659","0.0-39.0","kmcxx","betulparlak905@gmail.com","Emine Betül Parlak ","d","","Q13","Kars","{""Q0"":""Kars""}"
"2770.399999999441","","survey-multi-choice","40","456446","0.0-40.0","kmcxx","betulparlak905@gmail.com","Emine Betül Parlak ","d","","A06","büyüktür","{""Q0"":""büyüktür""}"
"12025.499999999767","","survey-multi-choice","41","468484","0.0-41.0","kmcxx","betulparlak905@gmail.com","Emine Betül Parlak ","d","","F11","null","{""Q0"":""Üzülür""}"
"3172.999999998836","","survey-multi-choice","42","471673","0.0-42.0","kmcxx","betulparlak905@gmail.com","Emine Betül Parlak ","d","","Q11","Ayakkabı","{""Q0"":""Ayakkabı""}"
"9756.900000000314","","survey-multi-choice","43","481445","0.0-43.0","kmcxx","betulparlak905@gmail.com","Emine Betül Parlak ","d","","A18","büyüktür","{""Q0"":""küçüktür""}"
"12692.499999999185","","survey-multi-choice","44","494149","0.0-44.0","kmcxx","betulparlak905@gmail.com","Emine Betül Parlak ","d","","C06","null","{""Q0"":""Sevinir""}"
"5857.40000000078","","survey-multi-choice","45","500022","0.0-45.0","kmcxx","betulparlak905@gmail.com","Emine Betül Parlak ","d","","Q06","Müdür","{""Q0"":""Müdür""}"
"2752.0000000003492","","survey-multi-choice","46","502792","0.0-46.0","kmcxx","betulparlak905@gmail.com","Emine Betül Parlak ","d","","A07","küçüktür","{""Q0"":""büyüktür""}"
"19800.80000000086","","survey-multi-choice","47","522613","0.0-47.0","kmcxx","betulparlak905@gmail.com","Emine Betül Parlak ","d","","F23","null","{""Q0"":""Üzülür""}"
"3037.200000000652","","survey-multi-choice","48","525672","0.0-48.0","kmcxx","betulparlak905@gmail.com","Emine Betül Parlak ","d","","Q23","Çarpışan arabalar","{""Q0"":""Çarpışan arabalar""}"
"3175.300000000745","","survey-multi-choice","49","528869","0.0-49.0","kmcxx","betulparlak905@gmail.com","Emine Betül Parlak ","d","","A12","büyüktür","{""Q0"":""büyüktür""}"
"11475.300000000047","","survey-multi-choice","50","540357","0.0-50.0","kmcxx","betulparlak905@gmail.com","Emine Betül Parlak ","d","","F16","null","{""Q0"":""Sevinir""}"
"3974.200000000652","","survey-multi-choice","51","544349","0.0-51.0","kmcxx","betulparlak905@gmail.com","Emine Betül Parlak ","d","","Q16","Kafe","{""Q0"":""Kafe""}"
"2872.9999999996508","","survey-multi-choice","52","547241","0.0-52.0","kmcxx","betulparlak905@gmail.com","Emine Betül Parlak ","d","","A20","küçüktür","{""Q0"":""küçüktür""}"
"19859.59999999986","","survey-multi-choice","53","567113","0.0-53.0","kmcxx","betulparlak905@gmail.com","Emine Betül Parlak ","d","","C04","null","{""Q0"":""Sevinir""}"
"4027.899999999092","","survey-multi-choice","54","571163","0.0-54.0","kmcxx","betulparlak905@gmail.com","Emine Betül Parlak ","d","","Q04","Kamp","{""Q0"":""Kamp""}"
"6002.500000000466","","survey-multi-choice","55","577181","0.0-55.0","kmcxx","betulparlak905@gmail.com","Emine Betül Parlak ","d","","A04","büyüktür","{""Q0"":""büyüktür""}"
"18958.000000000582","","survey-multi-choice","56","596153","0.0-56.0","kmcxx","betulparlak905@gmail.com","Emine Betül Parlak ","d","","F08","null","{""Q0"":""Üzülür""}"
"2628.000000000582","","survey-multi-choice","57","598798","0.0-57.0","kmcxx","betulparlak905@gmail.com","Emine Betül Parlak ","d","","Q08","Tenis","{""Q0"":""Tenis""}"
"2827.7999999991152","","survey-multi-choice","58","601644","0.0-58.0","kmcxx","betulparlak905@gmail.com","Emine Betül Parlak ","d","","A14","büyüktür","{""Q0"":""büyüktür""}"
"16608.000000000233","","survey-multi-choice","59","618266","0.0-59.0","kmcxx","betulparlak905@gmail.com","Emine Betül Parlak ","d","","F21","null","{""Q0"":""Üzülür""}"
"3760.4999999984866","","survey-multi-choice","60","622043","0.0-60.0","kmcxx","betulparlak905@gmail.com","Emine Betül Parlak ","d","","Q21","Odun","{""Q0"":""Odun""}"
"3310.6999999999534","","survey-multi-choice","61","625371","0.0-61.0","kmcxx","betulparlak905@gmail.com","Emine Betül Parlak ","d","","A09","küçüktür","{""Q0"":""küçüktür""}"
"16366.299999999697","","survey-multi-choice","62","641759","0.0-62.0","kmcxx","betulparlak905@gmail.com","Emine Betül Parlak ","d","","C02","null","{""Q0"":""Sevinir""}"
"3843.000000000815","","survey-multi-choice","63","645622","0.0-63.0","kmcxx","betulparlak905@gmail.com","Emine Betül Parlak ","d","","Q02","Oyuncak bebek","{""Q0"":""Oyuncak bebek""}"
"5804.099999999395","","survey-multi-choice","64","651453","0.0-64.0","kmcxx","betulparlak905@gmail.com","Emine Betül Parlak ","d","","A08","küçüktür","{""Q0"":""küçüktür""}"
"7713.900000000722","","survey-multi-choice","65","659181","0.0-65.0","kmcxx","betulparlak905@gmail.com","Emine Betül Parlak ","d","","F15","null","{""Q0"":""Üzülür""}"
"3816.100000000093","","survey-multi-choice","66","663017","0.0-66.0","kmcxx","betulparlak905@gmail.com","Emine Betül Parlak ","d","","Q15","Altı","{""Q0"":""Altı""}"
"4578.099999998929","","survey-multi-choice","67","667614","0.0-67.0","kmcxx","betulparlak905@gmail.com","Emine Betül Parlak ","d","","A13","küçüktür","{""Q0"":""büyüktür""}"
"9809.50000000128","","survey-multi-choice","68","677444","0.0-68.0","kmcxx","betulparlak905@gmail.com","Emine Betül Parlak ","d","","F10","null","{""Q0"":""Sevinir""}"
"4049.499999999185","","survey-multi-choice","69","681521","0.0-69.0","kmcxx","betulparlak905@gmail.com","Emine Betül Parlak ","d","","Q10","Yüksek lisans","{""Q0"":""Lisans""}"
"2533.9000000003725","","survey-multi-choice","70","684071","0.0-70.0","kmcxx","betulparlak905@gmail.com","Emine Betül Parlak ","d","","A19","büyüktür","{""Q0"":""büyüktür""}"
"16688.79999999993","","survey-multi-choice","71","700780","0.0-71.0","kmcxx","betulparlak905@gmail.com","Emine Betül Parlak ","d","","F12","null","{""Q0"":""Sevinir""}"
"4962.900000000489","","survey-multi-choice","72","705756","0.0-72.0","kmcxx","betulparlak905@gmail.com","Emine Betül Parlak ","d","","Q12","Para biriktirmek","{""Q0"":""Para biriktirmek""}"
"2262.5000000006985","","survey-multi-choice","73","708037","0.0-73.0","kmcxx","betulparlak905@gmail.com","Emine Betül Parlak ","d","","A17","küçüktür","{""Q0"":""büyüktür""}"
