"rt","url","trial_type","trial_index","time_elapsed","internal_node_id","subject","subject_email","subject_name","group","view_history","id","correct","responses"
"26153","resources/welcome.html","external-html","0","26203","0.0-0.0","2vm28","zeyneptasoglu00@outlook.com","Zeynep Umut Taşoğlu","b","","","",""
"6314.000000000007","","instructions","1","32521","0.0-1.0","2vm28","zeyneptasoglu00@outlook.com","Zeynep Umut Taşoğlu","b","[{""page_index"":0,""viewing_time"":6313}]","","",""
"10010","","survey-multi-choice","2","42557","0.0-2.0","2vm28","zeyneptasoglu00@outlook.com","Zeynep Umut Taşoğlu","b","","F08","null","{""Q0"":""Üzülür""}"
"46759","","survey-multi-choice","3","89322","0.0-3.0","2vm28","zeyneptasoglu00@outlook.com","Zeynep Umut Taşoğlu","b","","Q08","Tenis","{""Q0"":""Tenis""}"
"32078.000000000015","","survey-multi-choice","4","121406","0.0-4.0","2vm28","zeyneptasoglu00@outlook.com","Zeynep Umut Taşoğlu","b","","A15","büyüktür","{""Q0"":""küçüktür""}"
"12180","","survey-multi-choice","5","133591","0.0-5.0","2vm28","zeyneptasoglu00@outlook.com","Zeynep Umut Taşoğlu","b","","F23","null","{""Q0"":""Üzülür""}"
"6543","","survey-multi-choice","6","140140","0.0-6.0","2vm28","zeyneptasoglu00@outlook.com","Zeynep Umut Taşoğlu","b","","Q23","Çarpışan arabalar","{""Q0"":""Çarpışan arabalar""}"
"7763","","survey-multi-choice","7","147908","0.0-7.0","2vm28","zeyneptasoglu00@outlook.com","Zeynep Umut Taşoğlu","b","","A23","büyüktür","{""Q0"":""büyüktür""}"
"7494","","survey-multi-choice","8","155408","0.0-8.0","2vm28","zeyneptasoglu00@outlook.com","Zeynep Umut Taşoğlu","b","","F12","null","{""Q0"":""Sevinir""}"
"3840","","survey-multi-choice","9","159256","0.0-9.0","2vm28","zeyneptasoglu00@outlook.com","Zeynep Umut Taşoğlu","b","","Q12","Para biriktirmek","{""Q0"":""Para biriktirmek""}"
"11361","","survey-multi-choice","10","170624","0.0-10.0","2vm28","zeyneptasoglu00@outlook.com","Zeynep Umut Taşoğlu","b","","A04","büyüktür","{""Q0"":""küçüktür""}"
"20515","","survey-multi-choice","11","191143","0.0-11.0","2vm28","zeyneptasoglu00@outlook.com","Zeynep Umut Taşoğlu","b","","C01","null","{""Q0"":""Sevinir""}"
"3343","","survey-multi-choice","12","194492","0.0-12.0","2vm28","zeyneptasoglu00@outlook.com","Zeynep Umut Taşoğlu","b","","Q01","Arda","{""Q0"":""Arda""}"
"9663","","survey-multi-choice","13","204160","0.0-13.0","2vm28","zeyneptasoglu00@outlook.com","Zeynep Umut Taşoğlu","b","","A06","büyüktür","{""Q0"":""küçüktür""}"
"8042","","survey-multi-choice","14","212208","0.0-14.0","2vm28","zeyneptasoglu00@outlook.com","Zeynep Umut Taşoğlu","b","","F11","null","{""Q0"":""Üzülür""}"
"3195","","survey-multi-choice","15","215410","0.0-15.0","2vm28","zeyneptasoglu00@outlook.com","Zeynep Umut Taşoğlu","b","","Q11","Ayakkabı","{""Q0"":""Ayakkabı""}"
"11429","","survey-multi-choice","16","226845","0.0-16.0","2vm28","zeyneptasoglu00@outlook.com","Zeynep Umut Taşoğlu","b","","A05","küçüktür","{""Q0"":""küçüktür""}"
"10130","","survey-multi-choice","17","236980","0.0-17.0","2vm28","zeyneptasoglu00@outlook.com","Zeynep Umut Taşoğlu","b","","F22","null","{""Q0"":""Sevinir""}"
"3391.000000000029","","survey-multi-choice","18","240377","0.0-18.0","2vm28","zeyneptasoglu00@outlook.com","Zeynep Umut Taşoğlu","b","","Q22","Yoğun","{""Q0"":""Yoğun""}"
"8947","","survey-multi-choice","19","249332","0.0-19.0","2vm28","zeyneptasoglu00@outlook.com","Zeynep Umut Taşoğlu","b","","A16","küçüktür","{""Q0"":""küçüktür""}"
"12676","","survey-multi-choice","20","262012","0.0-20.0","2vm28","zeyneptasoglu00@outlook.com","Zeynep Umut Taşoğlu","b","","C03","null","{""Q0"":""Sevinir""}"
"4780","","survey-multi-choice","21","266798","0.0-21.0","2vm28","zeyneptasoglu00@outlook.com","Zeynep Umut Taşoğlu","b","","Q03","Ofis","{""Q0"":""Ofis""}"
"5725.000000000058","","survey-multi-choice","22","272529","0.0-22.0","2vm28","zeyneptasoglu00@outlook.com","Zeynep Umut Taşoğlu","b","","A01","küçüktür","{""Q0"":""küçüktür""}"
"11512","","survey-multi-choice","23","284046","0.0-23.0","2vm28","zeyneptasoglu00@outlook.com","Zeynep Umut Taşoğlu","b","","F15","null","{""Q0"":""Üzülür""}"
"3012","","survey-multi-choice","24","287064","0.0-24.0","2vm28","zeyneptasoglu00@outlook.com","Zeynep Umut Taşoğlu","b","","Q15","Altı","{""Q0"":""Altı""}"
"7027","","survey-multi-choice","25","294095","0.0-25.0","2vm28","zeyneptasoglu00@outlook.com","Zeynep Umut Taşoğlu","b","","A12","büyüktür","{""Q0"":""büyüktür""}"
"8750","","survey-multi-choice","26","302851","0.0-26.0","2vm28","zeyneptasoglu00@outlook.com","Zeynep Umut Taşoğlu","b","","F16","null","{""Q0"":""Sevinir""}"
"2621.999999999942","","survey-multi-choice","27","305478","0.0-27.0","2vm28","zeyneptasoglu00@outlook.com","Zeynep Umut Taşoğlu","b","","Q16","Kafe","{""Q0"":""Kafe""}"
"11163","","survey-multi-choice","28","316648","0.0-28.0","2vm28","zeyneptasoglu00@outlook.com","Zeynep Umut Taşoğlu","b","","A03","küçüktür","{""Q0"":""küçüktür""}"
"19817","","survey-multi-choice","29","336471","0.0-29.0","2vm28","zeyneptasoglu00@outlook.com","Zeynep Umut Taşoğlu","b","","F20","null","{""Q0"":""Sevinir""}"
"2725.000000000058","","survey-multi-choice","30","339201","0.0-30.0","2vm28","zeyneptasoglu00@outlook.com","Zeynep Umut Taşoğlu","b","","Q20","Piyango bileti","{""Q0"":""Piyango bileti""}"
"4510","","survey-multi-choice","31","343717","0.0-31.0","2vm28","zeyneptasoglu00@outlook.com","Zeynep Umut Taşoğlu","b","","A08","küçüktür","{""Q0"":""küçüktür""}"
"6677","","survey-multi-choice","32","350401","0.0-32.0","2vm28","zeyneptasoglu00@outlook.com","Zeynep Umut Taşoğlu","b","","C05","null","{""Q0"":""Sevinir""}"
"4316","","survey-multi-choice","33","354724","0.0-33.0","2vm28","zeyneptasoglu00@outlook.com","Zeynep Umut Taşoğlu","b","","Q05","Matematik","{""Q0"":""Matematik""}"
"7399","","survey-multi-choice","34","362130","0.0-34.0","2vm28","zeyneptasoglu00@outlook.com","Zeynep Umut Taşoğlu","b","","A19","büyüktür","{""Q0"":""küçüktür""}"
"7419","","survey-multi-choice","35","369553","0.0-35.0","2vm28","zeyneptasoglu00@outlook.com","Zeynep Umut Taşoğlu","b","","F09","null","{""Q0"":""Sevinir""}"
"2726","","survey-multi-choice","36","372285","0.0-36.0","2vm28","zeyneptasoglu00@outlook.com","Zeynep Umut Taşoğlu","b","","Q09","Yemekhane","{""Q0"":""Yemekhane""}"
"6360.999999999942","","survey-multi-choice","37","378651","0.0-37.0","2vm28","zeyneptasoglu00@outlook.com","Zeynep Umut Taşoğlu","b","","A18","büyüktür","{""Q0"":""küçüktür""}"
"6611","","survey-multi-choice","38","385268","0.0-38.0","2vm28","zeyneptasoglu00@outlook.com","Zeynep Umut Taşoğlu","b","","F13","null","{""Q0"":""Sevinir""}"
"3477","","survey-multi-choice","39","388752","0.0-39.0","2vm28","zeyneptasoglu00@outlook.com","Zeynep Umut Taşoğlu","b","","Q13","Kars","{""Q0"":""Kars""}"
"4731","","survey-multi-choice","40","393488","0.0-40.0","2vm28","zeyneptasoglu00@outlook.com","Zeynep Umut Taşoğlu","b","","A02","küçüktür","{""Q0"":""küçüktür""}"
"7576","","survey-multi-choice","41","401070","0.0-41.0","2vm28","zeyneptasoglu00@outlook.com","Zeynep Umut Taşoğlu","b","","F07","null","{""Q0"":""Üzülür""}"
"4095.999999999942","","survey-multi-choice","42","405172","0.0-42.0","2vm28","zeyneptasoglu00@outlook.com","Zeynep Umut Taşoğlu","b","","Q07","Kardan adam","{""Q0"":""Kardan adam""}"
"2992.999999999942","","survey-multi-choice","43","408171","0.0-43.0","2vm28","zeyneptasoglu00@outlook.com","Zeynep Umut Taşoğlu","b","","A13","küçüktür","{""Q0"":""küçüktür""}"
"8944","","survey-multi-choice","44","417121","0.0-44.0","2vm28","zeyneptasoglu00@outlook.com","Zeynep Umut Taşoğlu","b","","C02","null","{""Q0"":""Üzülür""}"
"3780","","survey-multi-choice","45","420906","0.0-45.0","2vm28","zeyneptasoglu00@outlook.com","Zeynep Umut Taşoğlu","b","","Q02","Oyuncak bebek","{""Q0"":""Oyuncak bebek""}"
"4409","","survey-multi-choice","46","425322","0.0-46.0","2vm28","zeyneptasoglu00@outlook.com","Zeynep Umut Taşoğlu","b","","A24","büyüktür","{""Q0"":""küçüktür""}"
"7545","","survey-multi-choice","47","432872","0.0-47.0","2vm28","zeyneptasoglu00@outlook.com","Zeynep Umut Taşoğlu","b","","F18","null","{""Q0"":""Sevinir""}"
"2895","","survey-multi-choice","48","435772","0.0-48.0","2vm28","zeyneptasoglu00@outlook.com","Zeynep Umut Taşoğlu","b","","Q18","Çilek","{""Q0"":""Çilek""}"
"4195","","survey-multi-choice","49","439972","0.0-49.0","2vm28","zeyneptasoglu00@outlook.com","Zeynep Umut Taşoğlu","b","","A20","küçüktür","{""Q0"":""küçüktür""}"
"7014","","survey-multi-choice","50","446991","0.0-50.0","2vm28","zeyneptasoglu00@outlook.com","Zeynep Umut Taşoğlu","b","","F14","null","{""Q0"":""Sevinir""}"
"3578","","survey-multi-choice","51","450574","0.0-51.0","2vm28","zeyneptasoglu00@outlook.com","Zeynep Umut Taşoğlu","b","","Q14","Birinci","{""Q0"":""Birinci""}"
"3091.999999999942","","survey-multi-choice","52","453673","0.0-52.0","2vm28","zeyneptasoglu00@outlook.com","Zeynep Umut Taşoğlu","b","","A22","küçüktür","{""Q0"":""küçüktür""}"
"8362","","survey-multi-choice","53","462043","0.0-53.0","2vm28","zeyneptasoglu00@outlook.com","Zeynep Umut Taşoğlu","b","","C04","null","{""Q0"":""Üzülür""}"
"2992.000000000058","","survey-multi-choice","54","465040","0.0-54.0","2vm28","zeyneptasoglu00@outlook.com","Zeynep Umut Taşoğlu","b","","Q04","Kamp","{""Q0"":""Kamp""}"
"3662","","survey-multi-choice","55","468707","0.0-55.0","2vm28","zeyneptasoglu00@outlook.com","Zeynep Umut Taşoğlu","b","","A11","büyüktür","{""Q0"":""küçüktür""}"
"8144","","survey-multi-choice","56","476858","0.0-56.0","2vm28","zeyneptasoglu00@outlook.com","Zeynep Umut Taşoğlu","b","","F21","null","{""Q0"":""Üzülür""}"
"4940","","survey-multi-choice","57","481804","0.0-57.0","2vm28","zeyneptasoglu00@outlook.com","Zeynep Umut Taşoğlu","b","","Q21","Odun","{""Q0"":""Kozalak""}"
"5715","","survey-multi-choice","58","487521","0.0-58.0","2vm28","zeyneptasoglu00@outlook.com","Zeynep Umut Taşoğlu","b","","A14","büyüktür","{""Q0"":""küçüktür""}"
"7733","","survey-multi-choice","59","495258","0.0-59.0","2vm28","zeyneptasoglu00@outlook.com","Zeynep Umut Taşoğlu","b","","F10","null","{""Q0"":""Sevinir""}"
"4611","","survey-multi-choice","60","499876","0.0-60.0","2vm28","zeyneptasoglu00@outlook.com","Zeynep Umut Taşoğlu","b","","Q10","Yüksek lisans","{""Q0"":""Yüksek lisans""}"
"8127","","survey-multi-choice","61","508010","0.0-61.0","2vm28","zeyneptasoglu00@outlook.com","Zeynep Umut Taşoğlu","b","","A09","küçüktür","{""Q0"":""küçüktür""}"
"5794.999999999942","","survey-multi-choice","62","513809","0.0-62.0","2vm28","zeyneptasoglu00@outlook.com","Zeynep Umut Taşoğlu","b","","C06","null","{""Q0"":""Üzülür""}"
"5110","","survey-multi-choice","63","518925","0.0-63.0","2vm28","zeyneptasoglu00@outlook.com","Zeynep Umut Taşoğlu","b","","Q06","Müdür","{""Q0"":""Müdür""}"
"4898.000000000058","","survey-multi-choice","64","523827","0.0-64.0","2vm28","zeyneptasoglu00@outlook.com","Zeynep Umut Taşoğlu","b","","A17","küçüktür","{""Q0"":""küçüktür""}"
"9096","","survey-multi-choice","65","532930","0.0-65.0","2vm28","zeyneptasoglu00@outlook.com","Zeynep Umut Taşoğlu","b","","F24","null","{""Q0"":""Sevinir""}"
"5542","","survey-multi-choice","66","538478","0.0-66.0","2vm28","zeyneptasoglu00@outlook.com","Zeynep Umut Taşoğlu","b","","Q24","Tokyo","{""Q0"":""New York""}"
"4560","","survey-multi-choice","67","543044","0.0-67.0","2vm28","zeyneptasoglu00@outlook.com","Zeynep Umut Taşoğlu","b","","A21","büyüktür","{""Q0"":""küçüktür""}"
"7345","","survey-multi-choice","68","550395","0.0-68.0","2vm28","zeyneptasoglu00@outlook.com","Zeynep Umut Taşoğlu","b","","F19","null","{""Q0"":""Üzülür""}"
"2027","","survey-multi-choice","69","552429","0.0-69.0","2vm28","zeyneptasoglu00@outlook.com","Zeynep Umut Taşoğlu","b","","Q19","Fizik","{""Q0"":""Fizik""}"
"5460","","survey-multi-choice","70","557896","0.0-70.0","2vm28","zeyneptasoglu00@outlook.com","Zeynep Umut Taşoğlu","b","","A07","küçüktür","{""Q0"":""küçüktür""}"
"9110","","survey-multi-choice","71","567012","0.0-71.0","2vm28","zeyneptasoglu00@outlook.com","Zeynep Umut Taşoğlu","b","","F17","null","{""Q0"":""Sevinir""}"
"2645","","survey-multi-choice","72","569664","0.0-72.0","2vm28","zeyneptasoglu00@outlook.com","Zeynep Umut Taşoğlu","b","","Q17","Öğle yemeği","{""Q0"":""Akşam yemeği""}"
"8793","","survey-multi-choice","73","578464","0.0-73.0","2vm28","zeyneptasoglu00@outlook.com","Zeynep Umut Taşoğlu","b","","A10","büyüktür","{""Q0"":""büyüktür""}"
