"rt","url","trial_type","trial_index","time_elapsed","internal_node_id","subject","subject_email","subject_name","group","view_history","id","correct","responses"
"37712.53600000637","resources/welcome.html","external-html","0","37766","0.0-0.0","7t7uj","senturkmurat1999@gmail.com","Murat Şentürk","d","","","",""
"6812.028000000282","","instructions","1","44612","0.0-1.0","7t7uj","senturkmurat1999@gmail.com","Murat Şentürk","d","[{""page_index"":0,""viewing_time"":6806.251999994856}]","","",""
"14543.91900000337","","survey-multi-choice","2","59186","0.0-2.0","7t7uj","senturkmurat1999@gmail.com","Murat Şentürk","d","","F15","null","{""Q0"":""Sevinir""}"
"4855.434000011883","","survey-multi-choice","3","64079","0.0-3.0","7t7uj","senturkmurat1999@gmail.com","Murat Şentürk","d","","Q15","Altı","{""Q0"":""Altı""}"
"34138.64799999283","","survey-multi-choice","4","98243","0.0-4.0","7t7uj","senturkmurat1999@gmail.com","Murat Şentürk","d","","A15","büyüktür","{""Q0"":""büyüktür""}"
"23718.487000005553","","survey-multi-choice","5","121979","0.0-5.0","7t7uj","senturkmurat1999@gmail.com","Murat Şentürk","d","","F14","null","{""Q0"":""Sevinir""}"
"5920.899000004283","","survey-multi-choice","6","127915","0.0-6.0","7t7uj","senturkmurat1999@gmail.com","Murat Şentürk","d","","Q14","Birinci","{""Q0"":""İkinci""}"
"12869.418000002042","","survey-multi-choice","7","140815","0.0-7.0","7t7uj","senturkmurat1999@gmail.com","Murat Şentürk","d","","A05","küçüktür","{""Q0"":""küçüktür""}"
"11565.845999997691","","survey-multi-choice","8","152428","0.0-8.0","7t7uj","senturkmurat1999@gmail.com","Murat Şentürk","d","","F09","null","{""Q0"":""Sevinir""}"
"3533.833000008599","","survey-multi-choice","9","155974","0.0-9.0","7t7uj","senturkmurat1999@gmail.com","Murat Şentürk","d","","Q09","Yemekhane","{""Q0"":""Yemekhane""}"
"24639.125999994576","","survey-multi-choice","10","180625","0.0-10.0","7t7uj","senturkmurat1999@gmail.com","Murat Şentürk","d","","A17","küçüktür","{""Q0"":""küçüktür""}"
"15448.15799999924","","survey-multi-choice","11","196117","0.0-11.0","7t7uj","senturkmurat1999@gmail.com","Murat Şentürk","d","","C04","null","{""Q0"":""Üzülür""}"
"3793.3869999978924","","survey-multi-choice","12","199940","0.0-12.0","7t7uj","senturkmurat1999@gmail.com","Murat Şentürk","d","","Q04","Kamp","{""Q0"":""Kamp""}"
"52562.950999999885","","survey-multi-choice","13","252531","0.0-13.0","7t7uj","senturkmurat1999@gmail.com","Murat Şentürk","d","","A06","büyüktür","{""Q0"":""küçüktür""}"
"9932.359999991604","","survey-multi-choice","14","262482","0.0-14.0","7t7uj","senturkmurat1999@gmail.com","Murat Şentürk","d","","F22","null","{""Q0"":""Sevinir""}"
"7032.6809999969555","","survey-multi-choice","15","269587","0.0-15.0","7t7uj","senturkmurat1999@gmail.com","Murat Şentürk","d","","Q22","Yoğun","{""Q0"":""Yoğun""}"
"24898.012999998173","","survey-multi-choice","16","294522","0.0-16.0","7t7uj","senturkmurat1999@gmail.com","Murat Şentürk","d","","A22","küçüktür","{""Q0"":""küçüktür""}"
"17124.585999990813","","survey-multi-choice","17","311659","0.0-17.0","7t7uj","senturkmurat1999@gmail.com","Murat Şentürk","d","","F13","null","{""Q0"":""Sevinir""}"
"3364.3230000016047","","survey-multi-choice","18","315036","0.0-18.0","7t7uj","senturkmurat1999@gmail.com","Murat Şentürk","d","","Q13","Kars","{""Q0"":""Kars""}"
"35953.091999996104","","survey-multi-choice","19","351038","0.0-19.0","7t7uj","senturkmurat1999@gmail.com","Murat Şentürk","d","","A09","küçüktür","{""Q0"":""küçüktür""}"
"14941.278000012971","","survey-multi-choice","20","366033","0.0-20.0","7t7uj","senturkmurat1999@gmail.com","Murat Şentürk","d","","C01","null","{""Q0"":""Üzülür""}"
"3177.217999997083","","survey-multi-choice","21","369254","0.0-21.0","7t7uj","senturkmurat1999@gmail.com","Murat Şentürk","d","","Q01","Arda","{""Q0"":""Arda""}"
"57500.986999992165","","survey-multi-choice","22","426773","0.0-22.0","7t7uj","senturkmurat1999@gmail.com","Murat Şentürk","d","","A21","büyüktür","{""Q0"":""büyüktür""}"
"9493.147000001045","","survey-multi-choice","23","436288","0.0-23.0","7t7uj","senturkmurat1999@gmail.com","Murat Şentürk","d","","F21","null","{""Q0"":""Üzülür""}"
"2533.664000002318","","survey-multi-choice","24","438849","0.0-24.0","7t7uj","senturkmurat1999@gmail.com","Murat Şentürk","d","","Q21","Odun","{""Q0"":""Odun""}"
"32788.59300000477","","survey-multi-choice","25","471702","0.0-25.0","7t7uj","senturkmurat1999@gmail.com","Murat Şentürk","d","","A04","büyüktür","{""Q0"":""büyüktür""}"
"8226.987000001827","","survey-multi-choice","26","479980","0.0-26.0","7t7uj","senturkmurat1999@gmail.com","Murat Şentürk","d","","F08","null","{""Q0"":""Üzülür""}"
"3016.8680000060704","","survey-multi-choice","27","483027","0.0-27.0","7t7uj","senturkmurat1999@gmail.com","Murat Şentürk","d","","Q08","Tenis","{""Q0"":""Tenis""}"
"20184.278999993694","","survey-multi-choice","28","503273","0.0-28.0","7t7uj","senturkmurat1999@gmail.com","Murat Şentürk","d","","A12","büyüktür","{""Q0"":""büyüktür""}"
"7801.143999997294","","survey-multi-choice","29","511111","0.0-29.0","7t7uj","senturkmurat1999@gmail.com","Murat Şentürk","d","","F16","null","{""Q0"":""Sevinir""}"
"3079.3330000014976","","survey-multi-choice","30","514254","0.0-30.0","7t7uj","senturkmurat1999@gmail.com","Murat Şentürk","d","","Q16","Kafe","{""Q0"":""Kafe""}"
"22352.266999994754","","survey-multi-choice","31","536626","0.0-31.0","7t7uj","senturkmurat1999@gmail.com","Murat Şentürk","d","","A19","büyüktür","{""Q0"":""büyüktür""}"
"16869.541000007303","","survey-multi-choice","32","553542","0.0-32.0","7t7uj","senturkmurat1999@gmail.com","Murat Şentürk","d","","C03","null","{""Q0"":""Üzülür""}"
"14310.972999999649","","survey-multi-choice","33","567878","0.0-33.0","7t7uj","senturkmurat1999@gmail.com","Murat Şentürk","d","","Q03","Ofis","{""Q0"":""Ofis""}"
"66794.17400000966","","survey-multi-choice","34","634701","0.0-34.0","7t7uj","senturkmurat1999@gmail.com","Murat Şentürk","d","","A07","küçüktür","{""Q0"":""küçüktür""}"
"8783.305999997538","","survey-multi-choice","35","643511","0.0-35.0","7t7uj","senturkmurat1999@gmail.com","Murat Şentürk","d","","F18","null","{""Q0"":""Sevinir""}"
"2661.891999989166","","survey-multi-choice","36","646227","0.0-36.0","7t7uj","senturkmurat1999@gmail.com","Murat Şentürk","d","","Q18","Çilek","{""Q0"":""Çilek""}"
"33387.66999999643","","survey-multi-choice","37","679626","0.0-37.0","7t7uj","senturkmurat1999@gmail.com","Murat Şentürk","d","","A11","büyüktür","{""Q0"":""büyüktür""}"
"16420.228999995743","","survey-multi-choice","38","696081","0.0-38.0","7t7uj","senturkmurat1999@gmail.com","Murat Şentürk","d","","F12","null","{""Q0"":""Sevinir""}"
"5528.940999996848","","survey-multi-choice","39","701710","0.0-39.0","7t7uj","senturkmurat1999@gmail.com","Murat Şentürk","d","","Q12","Para biriktirmek","{""Q0"":""Para biriktirmek""}"
"22768.33700000134","","survey-multi-choice","40","724486","0.0-40.0","7t7uj","senturkmurat1999@gmail.com","Murat Şentürk","d","","A01","küçüktür","{""Q0"":""küçüktür""}"
"13682.756000009249","","survey-multi-choice","41","738198","0.0-41.0","7t7uj","senturkmurat1999@gmail.com","Murat Şentürk","d","","F24","null","{""Q0"":""Sevinir""}"
"2614.381000006688","","survey-multi-choice","42","740880","0.0-42.0","7t7uj","senturkmurat1999@gmail.com","Murat Şentürk","d","","Q24","Tokyo","{""Q0"":""Tokyo""}"
"16706.95999999589","","survey-multi-choice","43","757651","0.0-43.0","7t7uj","senturkmurat1999@gmail.com","Murat Şentürk","d","","A20","küçüktür","{""Q0"":""küçüktür""}"
"11679.134999998496","","survey-multi-choice","44","769346","0.0-44.0","7t7uj","senturkmurat1999@gmail.com","Murat Şentürk","d","","C06","null","{""Q0"":""Sevinir""}"
"9143.181999999797","","survey-multi-choice","45","778537","0.0-45.0","7t7uj","senturkmurat1999@gmail.com","Murat Şentürk","d","","Q06","Müdür","{""Q0"":""Müdür""}"
"10985.756000009133","","survey-multi-choice","46","789566","0.0-46.0","7t7uj","senturkmurat1999@gmail.com","Murat Şentürk","d","","A16","küçüktür","{""Q0"":""küçüktür""}"
"10932.706999999937","","survey-multi-choice","47","800510","0.0-47.0","7t7uj","senturkmurat1999@gmail.com","Murat Şentürk","d","","F23","null","{""Q0"":""Üzülür""}"
"3995.702000000165","","survey-multi-choice","48","804538","0.0-48.0","7t7uj","senturkmurat1999@gmail.com","Murat Şentürk","d","","Q23","Çarpışan arabalar","{""Q0"":""Çarpışan arabalar""}"
"13240.266999986488","","survey-multi-choice","49","817827","0.0-49.0","7t7uj","senturkmurat1999@gmail.com","Murat Şentürk","d","","A10","büyüktür","{""Q0"":""büyüktür""}"
"16619.20200000168","","survey-multi-choice","50","834489","0.0-50.0","7t7uj","senturkmurat1999@gmail.com","Murat Şentürk","d","","F19","null","{""Q0"":""Üzülür""}"
"2614.514999993844","","survey-multi-choice","51","837158","0.0-51.0","7t7uj","senturkmurat1999@gmail.com","Murat Şentürk","d","","Q19","Fizik","{""Q0"":""Fizik""}"
"16604.905000000144","","survey-multi-choice","52","853781","0.0-52.0","7t7uj","senturkmurat1999@gmail.com","Murat Şentürk","d","","A02","küçüktür","{""Q0"":""küçüktür""}"
"14852.611000009347","","survey-multi-choice","53","868653","0.0-53.0","7t7uj","senturkmurat1999@gmail.com","Murat Şentürk","d","","C05","null","{""Q0"":""Sevinir""}"
"3381.71699999657","","survey-multi-choice","54","872059","0.0-54.0","7t7uj","senturkmurat1999@gmail.com","Murat Şentürk","d","","Q05","Matematik","{""Q0"":""Matematik""}"
"34548.67299999751","","survey-multi-choice","55","906659","0.0-55.0","7t7uj","senturkmurat1999@gmail.com","Murat Şentürk","d","","A18","büyüktür","{""Q0"":""büyüktür""}"
"20312.208999996074","","survey-multi-choice","56","927017","0.0-56.0","7t7uj","senturkmurat1999@gmail.com","Murat Şentürk","d","","F10","null","{""Q0"":""Sevinir""}"
"3416.052000000491","","survey-multi-choice","57","930457","0.0-57.0","7t7uj","senturkmurat1999@gmail.com","Murat Şentürk","d","","Q10","Yüksek lisans","{""Q0"":""Yüksek lisans""}"
"27001.40100000135","","survey-multi-choice","58","957499","0.0-58.0","7t7uj","senturkmurat1999@gmail.com","Murat Şentürk","d","","A13","küçüktür","{""Q0"":""küçüktür""}"
"13002.439999996568","","survey-multi-choice","59","970558","0.0-59.0","7t7uj","senturkmurat1999@gmail.com","Murat Şentürk","d","","F11","null","{""Q0"":""Üzülür""}"
"2832.7379999973346","","survey-multi-choice","60","973434","0.0-60.0","7t7uj","senturkmurat1999@gmail.com","Murat Şentürk","d","","Q11","Ayakkabı","{""Q0"":""Ayakkabı""}"
"11804.329999999027","","survey-multi-choice","61","985272","0.0-61.0","7t7uj","senturkmurat1999@gmail.com","Murat Şentürk","d","","A24","büyüktür","{""Q0"":""küçüktür""}"
"18391.68800000334","","survey-multi-choice","62","1003676","0.0-62.0","7t7uj","senturkmurat1999@gmail.com","Murat Şentürk","d","","C02","null","{""Q0"":""Sevinir""}"
"5921.7440000065835","","survey-multi-choice","63","1009609","0.0-63.0","7t7uj","senturkmurat1999@gmail.com","Murat Şentürk","d","","Q02","Oyuncak bebek","{""Q0"":""Oyuncak bebek""}"
"6907.0060000085505","","survey-multi-choice","64","1016534","0.0-64.0","7t7uj","senturkmurat1999@gmail.com","Murat Şentürk","d","","A14","büyüktür","{""Q0"":""küçüktür""}"
"15425.562999997055","","survey-multi-choice","65","1031981","0.0-65.0","7t7uj","senturkmurat1999@gmail.com","Murat Şentürk","d","","F20","null","{""Q0"":""Üzülür""}"
"2486.9980000075884","","survey-multi-choice","66","1034487","0.0-66.0","7t7uj","senturkmurat1999@gmail.com","Murat Şentürk","d","","Q20","Piyango bileti","{""Q0"":""Piyango bileti""}"
"17710.05199999502","","survey-multi-choice","67","1052215","0.0-67.0","7t7uj","senturkmurat1999@gmail.com","Murat Şentürk","d","","A03","küçüktür","{""Q0"":""küçüktür""}"
"17493.077999999514","","survey-multi-choice","68","1069719","0.0-68.0","7t7uj","senturkmurat1999@gmail.com","Murat Şentürk","d","","F07","null","{""Q0"":""Üzülür""}"
"3531.930000012042","","survey-multi-choice","69","1073265","0.0-69.0","7t7uj","senturkmurat1999@gmail.com","Murat Şentürk","d","","Q07","Kardan adam","{""Q0"":""Kardan adam""}"
"11613.40600000415","","survey-multi-choice","70","1084889","0.0-70.0","7t7uj","senturkmurat1999@gmail.com","Murat Şentürk","d","","A08","küçüktür","{""Q0"":""büyüktür""}"
"8902.0670000026","","survey-multi-choice","71","1093803","0.0-71.0","7t7uj","senturkmurat1999@gmail.com","Murat Şentürk","d","","F17","null","{""Q0"":""Üzülür""}"
"5547.96900000656","","survey-multi-choice","72","1099367","0.0-72.0","7t7uj","senturkmurat1999@gmail.com","Murat Şentürk","d","","Q17","Öğle yemeği","{""Q0"":""Akşam yemeği""}"
"10167.940999992192","","survey-multi-choice","73","1109547","0.0-73.0","7t7uj","senturkmurat1999@gmail.com","Murat Şentürk","d","","A23","büyüktür","{""Q0"":""büyüktür""}"
