"rt","url","trial_type","trial_index","time_elapsed","internal_node_id","subject","subject_email","subject_name","group","view_history","id","correct","responses"
"46440","resources/welcome.html","external-html","0","46496","0.0-0.0","gs1bd","abugraokkali@outlook.com","Ali Buğra Okkalı","b","","","",""
"22183","","instructions","1","68685","0.0-1.0","gs1bd","abugraokkali@outlook.com","Ali Buğra Okkalı","b","[{""page_index"":0,""viewing_time"":22182.000000000015}]","","",""
"8179.999999999985","","survey-multi-choice","2","76872","0.0-2.0","gs1bd","abugraokkali@outlook.com","Ali Buğra Okkalı","b","","F17","null","{""Q0"":""Sevinir""}"
"8159.000000000015","","survey-multi-choice","3","85037","0.0-3.0","gs1bd","abugraokkali@outlook.com","Ali Buğra Okkalı","b","","Q17","Öğle yemeği","{""Q0"":""Akşam yemeği""}"
"4938","","survey-multi-choice","4","89985","0.0-4.0","gs1bd","abugraokkali@outlook.com","Ali Buğra Okkalı","b","","A08","küçüktür","{""Q0"":""büyüktür""}"
"7372","","survey-multi-choice","5","97363","0.0-5.0","gs1bd","abugraokkali@outlook.com","Ali Buğra Okkalı","b","","F24","null","{""Q0"":""Sevinir""}"
"4661","","survey-multi-choice","6","102031","0.0-6.0","gs1bd","abugraokkali@outlook.com","Ali Buğra Okkalı","b","","Q24","Tokyo","{""Q0"":""Tokyo""}"
"9056.999999999985","","survey-multi-choice","7","111094","0.0-7.0","gs1bd","abugraokkali@outlook.com","Ali Buğra Okkalı","b","","A22","küçüktür","{""Q0"":""küçüktür""}"
"15096","","survey-multi-choice","8","126195","0.0-8.0","gs1bd","abugraokkali@outlook.com","Ali Buğra Okkalı","b","","F18","null","{""Q0"":""Sevinir""}"
"8897","","survey-multi-choice","9","135100","0.0-9.0","gs1bd","abugraokkali@outlook.com","Ali Buğra Okkalı","b","","Q18","Çilek","{""Q0"":""Çilek""}"
"7605.999999999971","","survey-multi-choice","10","142712","0.0-10.0","gs1bd","abugraokkali@outlook.com","Ali Buğra Okkalı","b","","A15","büyüktür","{""Q0"":""büyüktür""}"
"24601","","survey-multi-choice","11","167318","0.0-11.0","gs1bd","abugraokkali@outlook.com","Ali Buğra Okkalı","b","","C04","null","{""Q0"":""Üzülür""}"
"3478.000000000029","","survey-multi-choice","12","170802","0.0-12.0","gs1bd","abugraokkali@outlook.com","Ali Buğra Okkalı","b","","Q04","Kamp","{""Q0"":""Kamp""}"
"4902.999999999971","","survey-multi-choice","13","175711","0.0-13.0","gs1bd","abugraokkali@outlook.com","Ali Buğra Okkalı","b","","A04","büyüktür","{""Q0"":""büyüktür""}"
"12397","","survey-multi-choice","14","188114","0.0-14.0","gs1bd","abugraokkali@outlook.com","Ali Buğra Okkalı","b","","F20","null","{""Q0"":""Üzülür""}"
"4293","","survey-multi-choice","15","192414","0.0-15.0","gs1bd","abugraokkali@outlook.com","Ali Buğra Okkalı","b","","Q20","Piyango bileti","{""Q0"":""Piyango bileti""}"
"7532","","survey-multi-choice","16","199952","0.0-16.0","gs1bd","abugraokkali@outlook.com","Ali Buğra Okkalı","b","","A05","küçüktür","{""Q0"":""küçüktür""}"
"9712","","survey-multi-choice","17","209669","0.0-17.0","gs1bd","abugraokkali@outlook.com","Ali Buğra Okkalı","b","","F11","null","{""Q0"":""Üzülür""}"
"2877.000000000029","","survey-multi-choice","18","212552","0.0-18.0","gs1bd","abugraokkali@outlook.com","Ali Buğra Okkalı","b","","Q11","Ayakkabı","{""Q0"":""Ayakkabı""}"
"7474.999999999971","","survey-multi-choice","19","220033","0.0-19.0","gs1bd","abugraokkali@outlook.com","Ali Buğra Okkalı","b","","A20","küçüktür","{""Q0"":""büyüktür""}"
"15148","","survey-multi-choice","20","235187","0.0-20.0","gs1bd","abugraokkali@outlook.com","Ali Buğra Okkalı","b","","C03","null","{""Q0"":""Sevinir""}"
"3208.999999999971","","survey-multi-choice","21","238404","0.0-21.0","gs1bd","abugraokkali@outlook.com","Ali Buğra Okkalı","b","","Q03","Ofis","{""Q0"":""Ofis""}"
"5844.000000000029","","survey-multi-choice","22","244254","0.0-22.0","gs1bd","abugraokkali@outlook.com","Ali Buğra Okkalı","b","","A23","büyüktür","{""Q0"":""büyüktür""}"
"6780","","survey-multi-choice","23","251040","0.0-23.0","gs1bd","abugraokkali@outlook.com","Ali Buğra Okkalı","b","","F23","null","{""Q0"":""Üzülür""}"
"3943.999999999942","","survey-multi-choice","24","254990","0.0-24.0","gs1bd","abugraokkali@outlook.com","Ali Buğra Okkalı","b","","Q23","Çarpışan arabalar","{""Q0"":""Çarpışan arabalar""}"
"7554.999999999971","","survey-multi-choice","25","262549","0.0-25.0","gs1bd","abugraokkali@outlook.com","Ali Buğra Okkalı","b","","A18","büyüktür","{""Q0"":""büyüktür""}"
"10233","","survey-multi-choice","26","272795","0.0-26.0","gs1bd","abugraokkali@outlook.com","Ali Buğra Okkalı","b","","F13","null","{""Q0"":""Üzülür""}"
"5057","","survey-multi-choice","27","277858","0.0-27.0","gs1bd","abugraokkali@outlook.com","Ali Buğra Okkalı","b","","Q13","Kars","{""Q0"":""Kars""}"
"6925","","survey-multi-choice","28","284790","0.0-28.0","gs1bd","abugraokkali@outlook.com","Ali Buğra Okkalı","b","","A16","küçüktür","{""Q0"":""küçüktür""}"
"8477","","survey-multi-choice","29","293273","0.0-29.0","gs1bd","abugraokkali@outlook.com","Ali Buğra Okkalı","b","","F07","null","{""Q0"":""Üzülür""}"
"2863","","survey-multi-choice","30","296141","0.0-30.0","gs1bd","abugraokkali@outlook.com","Ali Buğra Okkalı","b","","Q07","Kardan adam","{""Q0"":""Kardan adam""}"
"4228","","survey-multi-choice","31","300375","0.0-31.0","gs1bd","abugraokkali@outlook.com","Ali Buğra Okkalı","b","","A06","büyüktür","{""Q0"":""büyüktür""}"
"24373","","survey-multi-choice","32","324752","0.0-32.0","gs1bd","abugraokkali@outlook.com","Ali Buğra Okkalı","b","","C01","null","{""Q0"":""Üzülür""}"
"3669.000000000058","","survey-multi-choice","33","328428","0.0-33.0","gs1bd","abugraokkali@outlook.com","Ali Buğra Okkalı","b","","Q01","Arda","{""Q0"":""Arda""}"
"9822","","survey-multi-choice","34","338256","0.0-34.0","gs1bd","abugraokkali@outlook.com","Ali Buğra Okkalı","b","","A03","küçüktür","{""Q0"":""büyüktür""}"
"5713","","survey-multi-choice","35","343974","0.0-35.0","gs1bd","abugraokkali@outlook.com","Ali Buğra Okkalı","b","","F10","null","{""Q0"":""Sevinir""}"
"6430","","survey-multi-choice","36","350410","0.0-36.0","gs1bd","abugraokkali@outlook.com","Ali Buğra Okkalı","b","","Q10","Yüksek lisans","{""Q0"":""Yüksek lisans""}"
"3494.999999999942","","survey-multi-choice","37","353911","0.0-37.0","gs1bd","abugraokkali@outlook.com","Ali Buğra Okkalı","b","","A14","büyüktür","{""Q0"":""büyüktür""}"
"9692.999999999942","","survey-multi-choice","38","363610","0.0-38.0","gs1bd","abugraokkali@outlook.com","Ali Buğra Okkalı","b","","F16","null","{""Q0"":""Sevinir""}"
"2806","","survey-multi-choice","39","366423","0.0-39.0","gs1bd","abugraokkali@outlook.com","Ali Buğra Okkalı","b","","Q16","Kafe","{""Q0"":""Kafe""}"
"7585","","survey-multi-choice","40","374013","0.0-40.0","gs1bd","abugraokkali@outlook.com","Ali Buğra Okkalı","b","","A24","büyüktür","{""Q0"":""küçüktür""}"
"7176","","survey-multi-choice","41","381195","0.0-41.0","gs1bd","abugraokkali@outlook.com","Ali Buğra Okkalı","b","","F19","null","{""Q0"":""Üzülür""}"
"2839.999999999942","","survey-multi-choice","42","384042","0.0-42.0","gs1bd","abugraokkali@outlook.com","Ali Buğra Okkalı","b","","Q19","Fizik","{""Q0"":""Fizik""}"
"5198.999999999942","","survey-multi-choice","43","389246","0.0-43.0","gs1bd","abugraokkali@outlook.com","Ali Buğra Okkalı","b","","A07","küçüktür","{""Q0"":""büyüktür""}"
"8341","","survey-multi-choice","44","397595","0.0-44.0","gs1bd","abugraokkali@outlook.com","Ali Buğra Okkalı","b","","C02","null","{""Q0"":""Üzülür""}"
"3225","","survey-multi-choice","45","400828","0.0-45.0","gs1bd","abugraokkali@outlook.com","Ali Buğra Okkalı","b","","Q02","Oyuncak bebek","{""Q0"":""Oyuncak bebek""}"
"7394","","survey-multi-choice","46","408229","0.0-46.0","gs1bd","abugraokkali@outlook.com","Ali Buğra Okkalı","b","","A13","küçüktür","{""Q0"":""küçüktür""}"
"13856","","survey-multi-choice","47","422091","0.0-47.0","gs1bd","abugraokkali@outlook.com","Ali Buğra Okkalı","b","","F08","null","{""Q0"":""Üzülür""}"
"3012","","survey-multi-choice","48","425110","0.0-48.0","gs1bd","abugraokkali@outlook.com","Ali Buğra Okkalı","b","","Q08","Tenis","{""Q0"":""Tenis""}"
"4913","","survey-multi-choice","49","430028","0.0-49.0","gs1bd","abugraokkali@outlook.com","Ali Buğra Okkalı","b","","A12","büyüktür","{""Q0"":""büyüktür""}"
"15693.999999999942","","survey-multi-choice","50","445729","0.0-50.0","gs1bd","abugraokkali@outlook.com","Ali Buğra Okkalı","b","","F14","null","{""Q0"":""Sevinir""}"
"4044","","survey-multi-choice","51","449779","0.0-51.0","gs1bd","abugraokkali@outlook.com","Ali Buğra Okkalı","b","","Q14","Birinci","{""Q0"":""İkinci""}"
"8193.999999999942","","survey-multi-choice","52","457978","0.0-52.0","gs1bd","abugraokkali@outlook.com","Ali Buğra Okkalı","b","","A01","küçüktür","{""Q0"":""büyüktür""}"
"13615","","survey-multi-choice","53","471600","0.0-53.0","gs1bd","abugraokkali@outlook.com","Ali Buğra Okkalı","b","","C06","null","{""Q0"":""Üzülür""}"
"3460","","survey-multi-choice","54","475067","0.0-54.0","gs1bd","abugraokkali@outlook.com","Ali Buğra Okkalı","b","","Q06","Müdür","{""Q0"":""Müdür""}"
"11329","","survey-multi-choice","55","486401","0.0-55.0","gs1bd","abugraokkali@outlook.com","Ali Buğra Okkalı","b","","A11","büyüktür","{""Q0"":""büyüktür""}"
"5708","","survey-multi-choice","56","492115","0.0-56.0","gs1bd","abugraokkali@outlook.com","Ali Buğra Okkalı","b","","F21","null","{""Q0"":""Üzülür""}"
"4332","","survey-multi-choice","57","496453","0.0-57.0","gs1bd","abugraokkali@outlook.com","Ali Buğra Okkalı","b","","Q21","Odun","{""Q0"":""Odun""}"
"7839","","survey-multi-choice","58","504298","0.0-58.0","gs1bd","abugraokkali@outlook.com","Ali Buğra Okkalı","b","","A09","küçüktür","{""Q0"":""küçüktür""}"
"8364.999999999942","","survey-multi-choice","59","512669","0.0-59.0","gs1bd","abugraokkali@outlook.com","Ali Buğra Okkalı","b","","F09","null","{""Q0"":""Sevinir""}"
"2918","","survey-multi-choice","60","515593","0.0-60.0","gs1bd","abugraokkali@outlook.com","Ali Buğra Okkalı","b","","Q09","Yemekhane","{""Q0"":""Yemekhane""}"
"12149","","survey-multi-choice","61","527748","0.0-61.0","gs1bd","abugraokkali@outlook.com","Ali Buğra Okkalı","b","","A17","küçüktür","{""Q0"":""büyüktür""}"
"6298","","survey-multi-choice","62","534054","0.0-62.0","gs1bd","abugraokkali@outlook.com","Ali Buğra Okkalı","b","","C05","null","{""Q0"":""Üzülür""}"
"3226","","survey-multi-choice","63","537286","0.0-63.0","gs1bd","abugraokkali@outlook.com","Ali Buğra Okkalı","b","","Q05","Matematik","{""Q0"":""Matematik""}"
"4016","","survey-multi-choice","64","541307","0.0-64.0","gs1bd","abugraokkali@outlook.com","Ali Buğra Okkalı","b","","A21","büyüktür","{""Q0"":""küçüktür""}"
"9457","","survey-multi-choice","65","550767","0.0-65.0","gs1bd","abugraokkali@outlook.com","Ali Buğra Okkalı","b","","F12","null","{""Q0"":""Sevinir""}"
"5799","","survey-multi-choice","66","556572","0.0-66.0","gs1bd","abugraokkali@outlook.com","Ali Buğra Okkalı","b","","Q12","Para biriktirmek","{""Q0"":""Para biriktirmek""}"
"6658.000000000116","","survey-multi-choice","67","563236","0.0-67.0","gs1bd","abugraokkali@outlook.com","Ali Buğra Okkalı","b","","A10","büyüktür","{""Q0"":""büyüktür""}"
"7043","","survey-multi-choice","68","570286","0.0-68.0","gs1bd","abugraokkali@outlook.com","Ali Buğra Okkalı","b","","F22","null","{""Q0"":""Sevinir""}"
"3927","","survey-multi-choice","69","574219","0.0-69.0","gs1bd","abugraokkali@outlook.com","Ali Buğra Okkalı","b","","Q22","Yoğun","{""Q0"":""Yoğun""}"
"8366","","survey-multi-choice","70","582591","0.0-70.0","gs1bd","abugraokkali@outlook.com","Ali Buğra Okkalı","b","","A02","küçüktür","{""Q0"":""küçüktür""}"
"11803","","survey-multi-choice","71","594401","0.0-71.0","gs1bd","abugraokkali@outlook.com","Ali Buğra Okkalı","b","","F15","null","{""Q0"":""Sevinir""}"
"5031.000000000116","","survey-multi-choice","72","599438","0.0-72.0","gs1bd","abugraokkali@outlook.com","Ali Buğra Okkalı","b","","Q15","Altı","{""Q0"":""Altı""}"
"9612","","survey-multi-choice","73","609055","0.0-73.0","gs1bd","abugraokkali@outlook.com","Ali Buğra Okkalı","b","","A19","büyüktür","{""Q0"":""küçüktür""}"
