"rt","url","trial_type","trial_index","time_elapsed","internal_node_id","subject","subject_email","subject_name","group","view_history","id","correct","responses"
"43665","resources/welcome.html","external-html","0","43687","0.0-0.0","h9tlv","selenbrn123@gmail.com","Selen Boran","b","","","",""
"11755","","instructions","1","55447","0.0-1.0","h9tlv","selenbrn123@gmail.com","Selen Boran","b","[{""page_index"":0,""viewing_time"":11754.000000000007}]","","",""
"21766","","survey-multi-choice","2","77224","0.0-2.0","h9tlv","selenbrn123@gmail.com","Selen Boran","b","","F18","null","{""Q0"":""Sevinir""}"
"5376","","survey-multi-choice","3","82605","0.0-3.0","h9tlv","selenbrn123@gmail.com","Selen Boran","b","","Q18","Çilek","{""Q0"":""Çilek""}"
"17927","","survey-multi-choice","4","100539","0.0-4.0","h9tlv","selenbrn123@gmail.com","Selen Boran","b","","A02","küçüktür","{""Q0"":""büyüktür""}"
"19047","","survey-multi-choice","5","119591","0.0-5.0","h9tlv","selenbrn123@gmail.com","Selen Boran","b","","F17","null","{""Q0"":""Üzülür""}"
"4191.000000000015","","survey-multi-choice","6","123790","0.0-6.0","h9tlv","selenbrn123@gmail.com","Selen Boran","b","","Q17","Öğle yemeği","{""Q0"":""Akşam yemeği""}"
"32083.00000000003","","survey-multi-choice","7","155877","0.0-7.0","h9tlv","selenbrn123@gmail.com","Selen Boran","b","","A17","küçüktür","{""Q0"":""büyüktür""}"
"11214","","survey-multi-choice","8","167096","0.0-8.0","h9tlv","selenbrn123@gmail.com","Selen Boran","b","","F16","null","{""Q0"":""Sevinir""}"
"3440.999999999971","","survey-multi-choice","9","170543","0.0-9.0","h9tlv","selenbrn123@gmail.com","Selen Boran","b","","Q16","Kafe","{""Q0"":""Kafe""}"
"25134","","survey-multi-choice","10","195682","0.0-10.0","h9tlv","selenbrn123@gmail.com","Selen Boran","b","","A22","küçüktür","{""Q0"":""büyüktür""}"
"16609.00000000003","","survey-multi-choice","11","212298","0.0-11.0","h9tlv","selenbrn123@gmail.com","Selen Boran","b","","C06","null","{""Q0"":""Üzülür""}"
"8801","","survey-multi-choice","12","221105","0.0-12.0","h9tlv","selenbrn123@gmail.com","Selen Boran","b","","Q06","Müdür","{""Q0"":""Müdür""}"
"22261","","survey-multi-choice","13","243370","0.0-13.0","h9tlv","selenbrn123@gmail.com","Selen Boran","b","","A01","küçüktür","{""Q0"":""küçüktür""}"
"5177","","survey-multi-choice","14","248554","0.0-14.0","h9tlv","selenbrn123@gmail.com","Selen Boran","b","","F23","null","{""Q0"":""Üzülür""}"
"4646.000000000029","","survey-multi-choice","15","253206","0.0-15.0","h9tlv","selenbrn123@gmail.com","Selen Boran","b","","Q23","Çarpışan arabalar","{""Q0"":""Çarpışan arabalar""}"
"16458.99999999997","","survey-multi-choice","16","269670","0.0-16.0","h9tlv","selenbrn123@gmail.com","Selen Boran","b","","A15","büyüktür","{""Q0"":""küçüktür""}"
"29952","","survey-multi-choice","17","299626","0.0-17.0","h9tlv","selenbrn123@gmail.com","Selen Boran","b","","F14","null","{""Q0"":""Sevinir""}"
"3875","","survey-multi-choice","18","303508","0.0-18.0","h9tlv","selenbrn123@gmail.com","Selen Boran","b","","Q14","Birinci","{""Q0"":""İkinci""}"
"33951","","survey-multi-choice","19","337464","0.0-19.0","h9tlv","selenbrn123@gmail.com","Selen Boran","b","","A19","büyüktür","{""Q0"":""büyüktür""}"
"13719","","survey-multi-choice","20","351187","0.0-20.0","h9tlv","selenbrn123@gmail.com","Selen Boran","b","","C02","null","{""Q0"":""Üzülür""}"
"3856","","survey-multi-choice","21","355048","0.0-21.0","h9tlv","selenbrn123@gmail.com","Selen Boran","b","","Q02","Oyuncak bebek","{""Q0"":""Oyuncak bebek""}"
"4196","","survey-multi-choice","22","359250","0.0-22.0","h9tlv","selenbrn123@gmail.com","Selen Boran","b","","A11","büyüktür","{""Q0"":""büyüktür""}"
"7857","","survey-multi-choice","23","367112","0.0-23.0","h9tlv","selenbrn123@gmail.com","Selen Boran","b","","F19","null","{""Q0"":""Üzülür""}"
"2750","","survey-multi-choice","24","369868","0.0-24.0","h9tlv","selenbrn123@gmail.com","Selen Boran","b","","Q19","Fizik","{""Q0"":""Fizik""}"
"4197","","survey-multi-choice","25","374071","0.0-25.0","h9tlv","selenbrn123@gmail.com","Selen Boran","b","","A18","büyüktür","{""Q0"":""büyüktür""}"
"12744","","survey-multi-choice","26","386819","0.0-26.0","h9tlv","selenbrn123@gmail.com","Selen Boran","b","","F22","null","{""Q0"":""Sevinir""}"
"3276","","survey-multi-choice","27","390101","0.0-27.0","h9tlv","selenbrn123@gmail.com","Selen Boran","b","","Q22","Yoğun","{""Q0"":""Yoğun""}"
"25829","","survey-multi-choice","28","415936","0.0-28.0","h9tlv","selenbrn123@gmail.com","Selen Boran","b","","A05","küçüktür","{""Q0"":""büyüktür""}"
"7799","","survey-multi-choice","29","423741","0.0-29.0","h9tlv","selenbrn123@gmail.com","Selen Boran","b","","F24","null","{""Q0"":""Üzülür""}"
"2455","","survey-multi-choice","30","426202","0.0-30.0","h9tlv","selenbrn123@gmail.com","Selen Boran","b","","Q24","Tokyo","{""Q0"":""Tokyo""}"
"6829.999999999942","","survey-multi-choice","31","433038","0.0-31.0","h9tlv","selenbrn123@gmail.com","Selen Boran","b","","A10","büyüktür","{""Q0"":""büyüktür""}"
"10381","","survey-multi-choice","32","443424","0.0-32.0","h9tlv","selenbrn123@gmail.com","Selen Boran","b","","C05","null","{""Q0"":""Üzülür""}"
"2859","","survey-multi-choice","33","446289","0.0-33.0","h9tlv","selenbrn123@gmail.com","Selen Boran","b","","Q05","Matematik","{""Q0"":""Matematik""}"
"37349.00000000006","","survey-multi-choice","34","483642","0.0-34.0","h9tlv","selenbrn123@gmail.com","Selen Boran","b","","A16","küçüktür","{""Q0"":""küçüktür""}"
"7677","","survey-multi-choice","35","491326","0.0-35.0","h9tlv","selenbrn123@gmail.com","Selen Boran","b","","F21","null","{""Q0"":""Üzülür""}"
"2675","","survey-multi-choice","36","494009","0.0-36.0","h9tlv","selenbrn123@gmail.com","Selen Boran","b","","Q21","Odun","{""Q0"":""Odun""}"
"2307","","survey-multi-choice","37","496326","0.0-37.0","h9tlv","selenbrn123@gmail.com","Selen Boran","b","","A14","büyüktür","{""Q0"":""büyüktür""}"
"10094.999999999942","","survey-multi-choice","38","506427","0.0-38.0","h9tlv","selenbrn123@gmail.com","Selen Boran","b","","F11","null","{""Q0"":""Üzülür""}"
"2337","","survey-multi-choice","39","508771","0.0-39.0","h9tlv","selenbrn123@gmail.com","Selen Boran","b","","Q11","Ayakkabı","{""Q0"":""Ayakkabı""}"
"1701","","survey-multi-choice","40","510476","0.0-40.0","h9tlv","selenbrn123@gmail.com","Selen Boran","b","","A21","büyüktür","{""Q0"":""büyüktür""}"
"9479.000000000058","","survey-multi-choice","41","519962","0.0-41.0","h9tlv","selenbrn123@gmail.com","Selen Boran","b","","F15","null","{""Q0"":""Sevinir""}"
"2977","","survey-multi-choice","42","522946","0.0-42.0","h9tlv","selenbrn123@gmail.com","Selen Boran","b","","Q15","Altı","{""Q0"":""Altı""}"
"1618","","survey-multi-choice","43","524571","0.0-43.0","h9tlv","selenbrn123@gmail.com","Selen Boran","b","","A20","küçüktür","{""Q0"":""büyüktür""}"
"7636","","survey-multi-choice","44","532210","0.0-44.0","h9tlv","selenbrn123@gmail.com","Selen Boran","b","","C03","null","{""Q0"":""Üzülür""}"
"5402","","survey-multi-choice","45","537617","0.0-45.0","h9tlv","selenbrn123@gmail.com","Selen Boran","b","","Q03","Ofis","{""Q0"":""Ofis""}"
"2174","","survey-multi-choice","46","539797","0.0-46.0","h9tlv","selenbrn123@gmail.com","Selen Boran","b","","A08","küçüktür","{""Q0"":""küçüktür""}"
"17812.000000000116","","survey-multi-choice","47","557616","0.0-47.0","h9tlv","selenbrn123@gmail.com","Selen Boran","b","","F08","null","{""Q0"":""Üzülür""}"
"3792","","survey-multi-choice","48","561416","0.0-48.0","h9tlv","selenbrn123@gmail.com","Selen Boran","b","","Q08","Tenis","{""Q0"":""Tenis""}"
"1943","","survey-multi-choice","49","563366","0.0-49.0","h9tlv","selenbrn123@gmail.com","Selen Boran","b","","A04","büyüktür","{""Q0"":""küçüktür""}"
"7561","","survey-multi-choice","50","570934","0.0-50.0","h9tlv","selenbrn123@gmail.com","Selen Boran","b","","F10","null","{""Q0"":""Sevinir""}"
"3175","","survey-multi-choice","51","574116","0.0-51.0","h9tlv","selenbrn123@gmail.com","Selen Boran","b","","Q10","Yüksek lisans","{""Q0"":""Yüksek lisans""}"
"2846","","survey-multi-choice","52","576968","0.0-52.0","h9tlv","selenbrn123@gmail.com","Selen Boran","b","","A07","küçüktür","{""Q0"":""büyüktür""}"
"6627","","survey-multi-choice","53","583601","0.0-53.0","h9tlv","selenbrn123@gmail.com","Selen Boran","b","","C04","null","{""Q0"":""Üzülür""}"
"3062","","survey-multi-choice","54","586668","0.0-54.0","h9tlv","selenbrn123@gmail.com","Selen Boran","b","","Q04","Kamp","{""Q0"":""Kamp""}"
"3329.0000000001164","","survey-multi-choice","55","590002","0.0-55.0","h9tlv","selenbrn123@gmail.com","Selen Boran","b","","A06","büyüktür","{""Q0"":""büyüktür""}"
"8593","","survey-multi-choice","56","598601","0.0-56.0","h9tlv","selenbrn123@gmail.com","Selen Boran","b","","F20","null","{""Q0"":""Sevinir""}"
"2627","","survey-multi-choice","57","601234","0.0-57.0","h9tlv","selenbrn123@gmail.com","Selen Boran","b","","Q20","Piyango bileti","{""Q0"":""Piyango bileti""}"
"2465.0000000001164","","survey-multi-choice","58","603703","0.0-58.0","h9tlv","selenbrn123@gmail.com","Selen Boran","b","","A24","büyüktür","{""Q0"":""büyüktür""}"
"14048","","survey-multi-choice","59","617757","0.0-59.0","h9tlv","selenbrn123@gmail.com","Selen Boran","b","","F07","null","{""Q0"":""Üzülür""}"
"4207","","survey-multi-choice","60","621971","0.0-60.0","h9tlv","selenbrn123@gmail.com","Selen Boran","b","","Q07","Kardan adam","{""Q0"":""Kardan adam""}"
"3776.9999999998836","","survey-multi-choice","61","625754","0.0-61.0","h9tlv","selenbrn123@gmail.com","Selen Boran","b","","A09","küçüktür","{""Q0"":""büyüktür""}"
"8110","","survey-multi-choice","62","633872","0.0-62.0","h9tlv","selenbrn123@gmail.com","Selen Boran","b","","C01","null","{""Q0"":""Sevinir""}"
"2991.9999999998836","","survey-multi-choice","63","636872","0.0-63.0","h9tlv","selenbrn123@gmail.com","Selen Boran","b","","Q01","Arda","{""Q0"":""Arda""}"
"2460","","survey-multi-choice","64","639339","0.0-64.0","h9tlv","selenbrn123@gmail.com","Selen Boran","b","","A23","büyüktür","{""Q0"":""büyüktür""}"
"6596","","survey-multi-choice","65","645940","0.0-65.0","h9tlv","selenbrn123@gmail.com","Selen Boran","b","","F09","null","{""Q0"":""Sevinir""}"
"3745","","survey-multi-choice","66","649691","0.0-66.0","h9tlv","selenbrn123@gmail.com","Selen Boran","b","","Q09","Yemekhane","{""Q0"":""Yemekhane""}"
"3544","","survey-multi-choice","67","653241","0.0-67.0","h9tlv","selenbrn123@gmail.com","Selen Boran","b","","A03","küçüktür","{""Q0"":""büyüktür""}"
"13133","","survey-multi-choice","68","666380","0.0-68.0","h9tlv","selenbrn123@gmail.com","Selen Boran","b","","F13","null","{""Q0"":""Üzülür""}"
"2524","","survey-multi-choice","69","668911","0.0-69.0","h9tlv","selenbrn123@gmail.com","Selen Boran","b","","Q13","Kars","{""Q0"":""Kars""}"
"2244","","survey-multi-choice","70","671159","0.0-70.0","h9tlv","selenbrn123@gmail.com","Selen Boran","b","","A12","büyüktür","{""Q0"":""büyüktür""}"
"23381","","survey-multi-choice","71","694544","0.0-71.0","h9tlv","selenbrn123@gmail.com","Selen Boran","b","","F12","null","{""Q0"":""Sevinir""}"
"2978","","survey-multi-choice","72","697528","0.0-72.0","h9tlv","selenbrn123@gmail.com","Selen Boran","b","","Q12","Para biriktirmek","{""Q0"":""Para biriktirmek""}"
"2480.9999999998836","","survey-multi-choice","73","700014","0.0-73.0","h9tlv","selenbrn123@gmail.com","Selen Boran","b","","A13","küçüktür","{""Q0"":""büyüktür""}"
