"rt","url","trial_type","trial_index","time_elapsed","internal_node_id","subject","subject_email","subject_name","group","view_history","id","correct","responses"
"69848","resources/welcome.html","external-html","0","69870","0.0-0.0","gl0c8","","Doğukan kayır","z","","","",""
"78797","","instructions","1","148676","0.0-1.0","gl0c8","","Doğukan kayır","z","[{""page_index"":0,""viewing_time"":78790}]","","",""
"14176","","survey-multi-choice","2","162869","0.0-2.0","gl0c8","","Doğukan kayır","z","","F20","null","{""Q0"":""Sevinir""}"
"4153","","survey-multi-choice","3","167029","0.0-3.0","gl0c8","","Doğukan kayır","z","","Q20","Piyango bileti","{""Q0"":""Piyango bileti""}"
"11846","","survey-multi-choice","4","178882","0.0-4.0","gl0c8","","Doğukan kayır","z","","A08","küçüktür","{""Q0"":""küçüktür""}"
"14369","","survey-multi-choice","5","193255","0.0-5.0","gl0c8","","Doğukan kayır","z","","F07","null","{""Q0"":""Üzülür""}"
"4821","","survey-multi-choice","6","198079","0.0-6.0","gl0c8","","Doğukan kayır","z","","Q07","Kardan adam","{""Q0"":""Kardan adam""}"
"21800","","survey-multi-choice","7","219883","0.0-7.0","gl0c8","","Doğukan kayır","z","","A11","büyüktür","{""Q0"":""büyüktür""}"
"10774","","survey-multi-choice","8","230662","0.0-8.0","gl0c8","","Doğukan kayır","z","","F13","null","{""Q0"":""Sevinir""}"
"2681","","survey-multi-choice","9","233349","0.0-9.0","gl0c8","","Doğukan kayır","z","","Q13","Kars","{""Q0"":""Kars""}"
"13764.99999999997","","survey-multi-choice","10","247118","0.0-10.0","gl0c8","","Doğukan kayır","z","","A03","küçüktür","{""Q0"":""küçüktür""}"
"14708","","survey-multi-choice","11","261834","0.0-11.0","gl0c8","","Doğukan kayır","z","","C03","null","{""Q0"":""Üzülür""}"
"6633","","survey-multi-choice","12","268474","0.0-12.0","gl0c8","","Doğukan kayır","z","","Q03","Ofis","{""Q0"":""Ofis""}"
"11710","","survey-multi-choice","13","280188","0.0-13.0","gl0c8","","Doğukan kayır","z","","A15","büyüktür","{""Q0"":""büyüktür""}"
"9104.000000000058","","survey-multi-choice","14","289297","0.0-14.0","gl0c8","","Doğukan kayır","z","","F10","null","{""Q0"":""Sevinir""}"
"3249","","survey-multi-choice","15","292552","0.0-15.0","gl0c8","","Doğukan kayır","z","","Q10","Yüksek lisans","{""Q0"":""Yüksek lisans""}"
"22093","","survey-multi-choice","16","314651","0.0-16.0","gl0c8","","Doğukan kayır","z","","A19","büyüktür","{""Q0"":""büyüktür""}"
"30079","","survey-multi-choice","17","344737","0.0-17.0","gl0c8","","Doğukan kayır","z","","F24","null","{""Q0"":""Sevinir""}"
"3229","","survey-multi-choice","18","347971","0.0-18.0","gl0c8","","Doğukan kayır","z","","Q24","Tokyo","{""Q0"":""Tokyo""}"
"19111","","survey-multi-choice","19","367090","0.0-19.0","gl0c8","","Doğukan kayır","z","","A17","küçüktür","{""Q0"":""küçüktür""}"
"20713.00000000006","","survey-multi-choice","20","387807","0.0-20.0","gl0c8","","Doğukan kayır","z","","C02","null","{""Q0"":""Sevinir""}"
"3463","","survey-multi-choice","21","391276","0.0-21.0","gl0c8","","Doğukan kayır","z","","Q02","Oyuncak bebek","{""Q0"":""Oyuncak bebek""}"
"21844","","survey-multi-choice","22","413126","0.0-22.0","gl0c8","","Doğukan kayır","z","","A02","küçüktür","{""Q0"":""küçüktür""}"
"15460","","survey-multi-choice","23","428591","0.0-23.0","gl0c8","","Doğukan kayır","z","","F21","null","{""Q0"":""Üzülür""}"
"4907.000000000058","","survey-multi-choice","24","433505","0.0-24.0","gl0c8","","Doğukan kayır","z","","Q21","Odun","{""Q0"":""Odun""}"
"14183","","survey-multi-choice","25","447692","0.0-25.0","gl0c8","","Doğukan kayır","z","","A22","küçüktür","{""Q0"":""küçüktür""}"
"14177","","survey-multi-choice","26","461874","0.0-26.0","gl0c8","","Doğukan kayır","z","","F17","null","{""Q0"":""Sevinir""}"
"3048","","survey-multi-choice","27","464928","0.0-27.0","gl0c8","","Doğukan kayır","z","","Q17","Öğle yemeği","{""Q0"":""Akşam yemeği""}"
"39245","","survey-multi-choice","28","504177","0.0-28.0","gl0c8","","Doğukan kayır","z","","A20","küçüktür","{""Q0"":""küçüktür""}"
"8012","","survey-multi-choice","29","512195","0.0-29.0","gl0c8","","Doğukan kayır","z","","F15","null","{""Q0"":""Üzülür""}"
"3831","","survey-multi-choice","30","516032","0.0-30.0","gl0c8","","Doğukan kayır","z","","Q15","Altı","{""Q0"":""Altı""}"
"23477.000000000116","","survey-multi-choice","31","539515","0.0-31.0","gl0c8","","Doğukan kayır","z","","A01","küçüktür","{""Q0"":""küçüktür""}"
"8028","","survey-multi-choice","32","547548","0.0-32.0","gl0c8","","Doğukan kayır","z","","C05","null","{""Q0"":""Üzülür""}"
"20309.000000000116","","survey-multi-choice","33","567865","0.0-33.0","gl0c8","","Doğukan kayır","z","","Q05","Matematik","{""Q0"":""Matematik""}"
"12962","","survey-multi-choice","34","580832","0.0-34.0","gl0c8","","Doğukan kayır","z","","A18","büyüktür","{""Q0"":""büyüktür""}"
"7109","","survey-multi-choice","35","587949","0.0-35.0","gl0c8","","Doğukan kayır","z","","F09","null","{""Q0"":""Üzülür""}"
"3225.0000000001164","","survey-multi-choice","36","591182","0.0-36.0","gl0c8","","Doğukan kayır","z","","Q09","Yemekhane","{""Q0"":""Yemekhane""}"
"15477","","survey-multi-choice","37","606665","0.0-37.0","gl0c8","","Doğukan kayır","z","","A10","büyüktür","{""Q0"":""büyüktür""}"
"17900","","survey-multi-choice","38","624571","0.0-38.0","gl0c8","","Doğukan kayır","z","","F23","null","{""Q0"":""Üzülür""}"
"8677","","survey-multi-choice","39","633254","0.0-39.0","gl0c8","","Doğukan kayır","z","","Q23","Çarpışan arabalar","{""Q0"":""Çarpışan arabalar""}"
"26059","","survey-multi-choice","40","659319","0.0-40.0","gl0c8","","Doğukan kayır","z","","A24","büyüktür","{""Q0"":""büyüktür""}"
"12161","","survey-multi-choice","41","671486","0.0-41.0","gl0c8","","Doğukan kayır","z","","F22","null","{""Q0"":""Sevinir""}"
"3778","","survey-multi-choice","42","675271","0.0-42.0","gl0c8","","Doğukan kayır","z","","Q22","Yoğun","{""Q0"":""Yoğun""}"
"19230.000000000116","","survey-multi-choice","43","694508","0.0-43.0","gl0c8","","Doğukan kayır","z","","A07","küçüktür","{""Q0"":""küçüktür""}"
"20941","","survey-multi-choice","44","715455","0.0-44.0","gl0c8","","Doğukan kayır","z","","C01","null","{""Q0"":""Üzülür""}"
"22531","","survey-multi-choice","45","737992","0.0-45.0","gl0c8","","Doğukan kayır","z","","Q01","Arda","{""Q0"":""Arda""}"
"29863","","survey-multi-choice","46","767862","0.0-46.0","gl0c8","","Doğukan kayır","z","","A04","büyüktür","{""Q0"":""büyüktür""}"
"10226","","survey-multi-choice","47","778094","0.0-47.0","gl0c8","","Doğukan kayır","z","","F14","null","{""Q0"":""Sevinir""}"
"3730","","survey-multi-choice","48","781830","0.0-48.0","gl0c8","","Doğukan kayır","z","","Q14","Birinci","{""Q0"":""İkinci""}"
"16976","","survey-multi-choice","49","798812","0.0-49.0","gl0c8","","Doğukan kayır","z","","A09","küçüktür","{""Q0"":""küçüktür""}"
"7459","","survey-multi-choice","50","806276","0.0-50.0","gl0c8","","Doğukan kayır","z","","F08","null","{""Q0"":""Üzülür""}"
"2863","","survey-multi-choice","51","809143","0.0-51.0","gl0c8","","Doğukan kayır","z","","Q08","Tenis","{""Q0"":""Tenis""}"
"19215","","survey-multi-choice","52","828362","0.0-52.0","gl0c8","","Doğukan kayır","z","","A06","büyüktür","{""Q0"":""büyüktür""}"
"9982","","survey-multi-choice","53","838350","0.0-53.0","gl0c8","","Doğukan kayır","z","","C06","null","{""Q0"":""Üzülür""}"
"4323.000000000116","","survey-multi-choice","54","842678","0.0-54.0","gl0c8","","Doğukan kayır","z","","Q06","Müdür","{""Q0"":""Müdür""}"
"15264","","survey-multi-choice","55","857949","0.0-55.0","gl0c8","","Doğukan kayır","z","","A05","küçüktür","{""Q0"":""küçüktür""}"
"12426.000000000116","","survey-multi-choice","56","870381","0.0-56.0","gl0c8","","Doğukan kayır","z","","F16","null","{""Q0"":""Sevinir""}"
"2607","","survey-multi-choice","57","872992","0.0-57.0","gl0c8","","Doğukan kayır","z","","Q16","Kafe","{""Q0"":""Kafe""}"
"36480","","survey-multi-choice","58","909483","0.0-58.0","gl0c8","","Doğukan kayır","z","","A21","büyüktür","{""Q0"":""büyüktür""}"
"14197","","survey-multi-choice","59","923687","0.0-59.0","gl0c8","","Doğukan kayır","z","","F19","null","{""Q0"":""Üzülür""}"
"2125","","survey-multi-choice","60","925818","0.0-60.0","gl0c8","","Doğukan kayır","z","","Q19","Fizik","{""Q0"":""Fizik""}"
"18745","","survey-multi-choice","61","944568","0.0-61.0","gl0c8","","Doğukan kayır","z","","A13","küçüktür","{""Q0"":""küçüktür""}"
"9160","","survey-multi-choice","62","953734","0.0-62.0","gl0c8","","Doğukan kayır","z","","C04","null","{""Q0"":""Üzülür""}"
"5814","","survey-multi-choice","63","959553","0.0-63.0","gl0c8","","Doğukan kayır","z","","Q04","Kamp","{""Q0"":""Kamp""}"
"10877","","survey-multi-choice","64","970437","0.0-64.0","gl0c8","","Doğukan kayır","z","","A14","büyüktür","{""Q0"":""büyüktür""}"
"17228","","survey-multi-choice","65","987670","0.0-65.0","gl0c8","","Doğukan kayır","z","","F12","null","{""Q0"":""Sevinir""}"
"3644","","survey-multi-choice","66","991320","0.0-66.0","gl0c8","","Doğukan kayır","z","","Q12","Para biriktirmek","{""Q0"":""Para biriktirmek""}"
"13429","","survey-multi-choice","67","1004757","0.0-67.0","gl0c8","","Doğukan kayır","z","","A23","büyüktür","{""Q0"":""büyüktür""}"
"6386","","survey-multi-choice","68","1011148","0.0-68.0","gl0c8","","Doğukan kayır","z","","F11","null","{""Q0"":""Üzülür""}"
"3329","","survey-multi-choice","69","1014482","0.0-69.0","gl0c8","","Doğukan kayır","z","","Q11","Ayakkabı","{""Q0"":""Ayakkabı""}"
"10253.000000000116","","survey-multi-choice","70","1024739","0.0-70.0","gl0c8","","Doğukan kayır","z","","A16","küçüktür","{""Q0"":""küçüktür""}"
"11115","","survey-multi-choice","71","1035858","0.0-71.0","gl0c8","","Doğukan kayır","z","","F18","null","{""Q0"":""Sevinir""}"
"2976.0000000001164","","survey-multi-choice","72","1038842","0.0-72.0","gl0c8","","Doğukan kayır","z","","Q18","Çilek","{""Q0"":""Çilek""}"
"10210","","survey-multi-choice","73","1049059","0.0-73.0","gl0c8","","Doğukan kayır","z","","A12","büyüktür","{""Q0"":""büyüktür""}"
