"rt","url","trial_type","trial_index","time_elapsed","internal_node_id","subject","subject_email","subject_name","group","view_history","id","correct","responses"
"26758.200000000215","resources/welcome.html","external-html","0","26997","0.0-0.0","y6lys","","Fikri Hamdovali","d","","","",""
"12880.499999999302","","instructions","1","39896","0.0-1.0","y6lys","","Fikri Hamdovali","d","[{""page_index"":0,""viewing_time"":12873.499999997875}]","","",""
"22670.900000000984","","survey-multi-choice","2","62599","0.0-2.0","y6lys","","Fikri Hamdovali","d","","F08","null","{""Q0"":""Üzülür""}"
"9541.000000001077","","survey-multi-choice","3","72171","0.0-3.0","y6lys","","Fikri Hamdovali","d","","Q08","Tenis","{""Q0"":""Tenis""}"
"20303.500000001804","","survey-multi-choice","4","92494","0.0-4.0","y6lys","","Fikri Hamdovali","d","","A22","küçüktür","{""Q0"":""büyüktür""}"
"10254.500000002736","","survey-multi-choice","5","102774","0.0-5.0","y6lys","","Fikri Hamdovali","d","","F23","null","{""Q0"":""Üzülür""}"
"4302.299999999377","","survey-multi-choice","6","107116","0.0-6.0","y6lys","","Fikri Hamdovali","d","","Q23","Çarpışan arabalar","{""Q0"":""Çarpışan arabalar""}"
"6906.399999999849","","survey-multi-choice","7","114055","0.0-7.0","y6lys","","Fikri Hamdovali","d","","A06","büyüktür","{""Q0"":""büyüktür""}"
"45389.59999999861","","survey-multi-choice","8","159486","0.0-8.0","y6lys","","Fikri Hamdovali","d","","F15","null","{""Q0"":""Sevinir""}"
"5221.899999996822","","survey-multi-choice","9","164731","0.0-9.0","y6lys","","Fikri Hamdovali","d","","Q15","Altı","{""Q0"":""Altı""}"
"15402.100000002974","","survey-multi-choice","10","180147","0.0-10.0","y6lys","","Fikri Hamdovali","d","","A16","küçüktür","{""Q0"":""küçüktür""}"
"29148.199999999633","","survey-multi-choice","11","209316","0.0-11.0","y6lys","","Fikri Hamdovali","d","","C03","null","{""Q0"":""Sevinir""}"
"4466.800000001967","","survey-multi-choice","12","213817","0.0-12.0","y6lys","","Fikri Hamdovali","d","","Q03","Ofis","{""Q0"":""Ofis""}"
"25674.999999999272","","survey-multi-choice","13","239523","0.0-13.0","y6lys","","Fikri Hamdovali","d","","A10","büyüktür","{""Q0"":""büyüktür""}"
"27036.599999999424","","survey-multi-choice","14","266600","0.0-14.0","y6lys","","Fikri Hamdovali","d","","F16","null","{""Q0"":""Sevinir""}"
"3614.100000002538","","survey-multi-choice","15","270240","0.0-15.0","y6lys","","Fikri Hamdovali","d","","Q16","Kafe","{""Q0"":""Kafe""}"
"30688.79999999993","","survey-multi-choice","16","300956","0.0-16.0","y6lys","","Fikri Hamdovali","d","","A14","büyüktür","{""Q0"":""büyüktür""}"
"10903.999999998603","","survey-multi-choice","17","311895","0.0-17.0","y6lys","","Fikri Hamdovali","d","","F20","null","{""Q0"":""Üzülür""}"
"2791.3000000008033","","survey-multi-choice","18","314709","0.0-18.0","y6lys","","Fikri Hamdovali","d","","Q20","Piyango bileti","{""Q0"":""Piyango bileti""}"
"20174.200000001292","","survey-multi-choice","19","334904","0.0-19.0","y6lys","","Fikri Hamdovali","d","","A01","küçüktür","{""Q0"":""büyüktür""}"
"22860.899999999674","","survey-multi-choice","20","357800","0.0-20.0","y6lys","","Fikri Hamdovali","d","","C06","null","{""Q0"":""Üzülür""}"
"4287.099999997707","","survey-multi-choice","21","362109","0.0-21.0","y6lys","","Fikri Hamdovali","d","","Q06","Müdür","{""Q0"":""Müdür""}"
"27691.800000000512","","survey-multi-choice","22","389835","0.0-22.0","y6lys","","Fikri Hamdovali","d","","A18","büyüktür","{""Q0"":""büyüktür""}"
"11332.19999999716","","survey-multi-choice","23","401187","0.0-23.0","y6lys","","Fikri Hamdovali","d","","F13","null","{""Q0"":""Sevinir""}"
"2604.400000000198","","survey-multi-choice","24","403824","0.0-24.0","y6lys","","Fikri Hamdovali","d","","Q13","Kars","{""Q0"":""Kars""}"
"32208.5000000007","","survey-multi-choice","25","436060","0.0-25.0","y6lys","","Fikri Hamdovali","d","","A07","küçüktür","{""Q0"":""küçüktür""}"
"11924.699999999604","","survey-multi-choice","26","448015","0.0-26.0","y6lys","","Fikri Hamdovali","d","","F10","null","{""Q0"":""Sevinir""}"
"3581.6999999988475","","survey-multi-choice","27","451611","0.0-27.0","y6lys","","Fikri Hamdovali","d","","Q10","Yüksek lisans","{""Q0"":""Yüksek lisans""}"
"25597.30000000121","","survey-multi-choice","28","477219","0.0-28.0","y6lys","","Fikri Hamdovali","d","","A20","küçüktür","{""Q0"":""küçüktür""}"
"11949.099999997998","","survey-multi-choice","29","489179","0.0-29.0","y6lys","","Fikri Hamdovali","d","","F11","null","{""Q0"":""Üzülür""}"
"3556.4999999987194","","survey-multi-choice","30","492752","0.0-30.0","y6lys","","Fikri Hamdovali","d","","Q11","Ayakkabı","{""Q0"":""Ayakkabı""}"
"30578.90000000043","","survey-multi-choice","31","523341","0.0-31.0","y6lys","","Fikri Hamdovali","d","","A02","küçüktür","{""Q0"":""büyüktür""}"
"9082.400000002934","","survey-multi-choice","32","532434","0.0-32.0","y6lys","","Fikri Hamdovali","d","","C05","null","{""Q0"":""Sevinir""}"
"4452.100000002305","","survey-multi-choice","33","536903","0.0-33.0","y6lys","","Fikri Hamdovali","d","","Q05","Matematik","{""Q0"":""Matematik""}"
"23555.499999998487","","survey-multi-choice","34","560475","0.0-34.0","y6lys","","Fikri Hamdovali","d","","A08","küçüktür","{""Q0"":""küçüktür""}"
"16755.30000000063","","survey-multi-choice","35","577260","0.0-35.0","y6lys","","Fikri Hamdovali","d","","F09","null","{""Q0"":""Sevinir""}"
"3859.499999998603","","survey-multi-choice","36","581159","0.0-36.0","y6lys","","Fikri Hamdovali","d","","Q09","Yemekhane","{""Q0"":""Yemekhane""}"
"2274.0000000012806","","survey-multi-choice","37","583552","0.0-37.0","y6lys","","Fikri Hamdovali","d","","A17","küçüktür","{""Q0"":""küçüktür""}"
"32339.500000001863","","survey-multi-choice","38","615910","0.0-38.0","y6lys","","Fikri Hamdovali","d","","F19","null","{""Q0"":""Üzülür""}"
"2652.30000000156","","survey-multi-choice","39","618588","0.0-39.0","y6lys","","Fikri Hamdovali","d","","Q19","Fizik","{""Q0"":""Fizik""}"
"3171.0999999996275","","survey-multi-choice","40","621786","0.0-40.0","y6lys","","Fikri Hamdovali","d","","A15","büyüktür","{""Q0"":""küçüktür""}"
"10374.100000000908","","survey-multi-choice","41","632177","0.0-41.0","y6lys","","Fikri Hamdovali","d","","F18","null","{""Q0"":""Sevinir""}"
"2603.5999999984633","","survey-multi-choice","42","634802","0.0-42.0","y6lys","","Fikri Hamdovali","d","","Q18","Çilek","{""Q0"":""Çilek""}"
"2600.399999999325","","survey-multi-choice","43","637420","0.0-43.0","y6lys","","Fikri Hamdovali","d","","A04","büyüktür","{""Q0"":""büyüktür""}"
"19207.800000000163","","survey-multi-choice","44","656646","0.0-44.0","y6lys","","Fikri Hamdovali","d","","C04","null","{""Q0"":""Üzülür""}"
"2691.2999999986496","","survey-multi-choice","45","659383","0.0-45.0","y6lys","","Fikri Hamdovali","d","","Q04","Kamp","{""Q0"":""Kamp""}"
"3392.100000000908","","survey-multi-choice","46","662806","0.0-46.0","y6lys","","Fikri Hamdovali","d","","A13","küçüktür","{""Q0"":""büyüktür""}"
"22174.600000002072","","survey-multi-choice","47","685021","0.0-47.0","y6lys","","Fikri Hamdovali","d","","F21","null","{""Q0"":""Üzülür""}"
"2887.6999999993714","","survey-multi-choice","48","687938","0.0-48.0","y6lys","","Fikri Hamdovali","d","","Q21","Odun","{""Q0"":""Odun""}"
"1985.4999999989523","","survey-multi-choice","49","689939","0.0-49.0","y6lys","","Fikri Hamdovali","d","","A12","büyüktür","{""Q0"":""küçüktür""}"
"22227.599999998347","","survey-multi-choice","50","712188","0.0-50.0","y6lys","","Fikri Hamdovali","d","","F17","null","{""Q0"":""Sevinir""}"
"2358.599999999511","","survey-multi-choice","51","714571","0.0-51.0","y6lys","","Fikri Hamdovali","d","","Q17","Öğle yemeği","{""Q0"":""Öğle yemeği""}"
"1582.800000000163","","survey-multi-choice","52","716185","0.0-52.0","y6lys","","Fikri Hamdovali","d","","A09","küçüktür","{""Q0"":""küçüktür""}"
"13929.599999999511","","survey-multi-choice","53","730160","0.0-53.0","y6lys","","Fikri Hamdovali","d","","C02","null","{""Q0"":""Üzülür""}"
"2946.299999999581","","survey-multi-choice","54","733138","0.0-54.0","y6lys","","Fikri Hamdovali","d","","Q02","Oyuncak bebek","{""Q0"":""Oyuncak bebek""}"
"1798.399999999674","","survey-multi-choice","55","734953","0.0-55.0","y6lys","","Fikri Hamdovali","d","","A24","büyüktür","{""Q0"":""küçüktür""}"
"9123.299999999348","","survey-multi-choice","56","744112","0.0-56.0","y6lys","","Fikri Hamdovali","d","","F14","null","{""Q0"":""Sevinir""}"
"3501.29999999993","","survey-multi-choice","57","747633","0.0-57.0","y6lys","","Fikri Hamdovali","d","","Q14","Birinci","{""Q0"":""İkinci""}"
"11029.399999999441","","survey-multi-choice","58","758679","0.0-58.0","y6lys","","Fikri Hamdovali","d","","A19","büyüktür","{""Q0"":""büyüktür""}"
"13698.700000000768","","survey-multi-choice","59","772399","0.0-59.0","y6lys","","Fikri Hamdovali","d","","F22","null","{""Q0"":""Sevinir""}"
"4762.900000001537","","survey-multi-choice","60","777187","0.0-60.0","y6lys","","Fikri Hamdovali","d","","Q22","Yoğun","{""Q0"":""Yoğun""}"
"7940.999999998952","","survey-multi-choice","61","785143","0.0-61.0","y6lys","","Fikri Hamdovali","d","","A21","büyüktür","{""Q0"":""büyüktür""}"
"10014.800000000861","","survey-multi-choice","62","795189","0.0-62.0","y6lys","","Fikri Hamdovali","d","","C01","null","{""Q0"":""Sevinir""}"
"2379.9999999973224","","survey-multi-choice","63","797592","0.0-63.0","y6lys","","Fikri Hamdovali","d","","Q01","Arda","{""Q0"":""Arda""}"
"1795.0999999993946","","survey-multi-choice","64","799410","0.0-64.0","y6lys","","Fikri Hamdovali","d","","A23","büyüktür","{""Q0"":""büyüktür""}"
"30147.799999998766","","survey-multi-choice","65","829575","0.0-65.0","y6lys","","Fikri Hamdovali","d","","F12","null","{""Q0"":""Sevinir""}"
"7540.799999998766","","survey-multi-choice","66","837138","0.0-66.0","y6lys","","Fikri Hamdovali","d","","Q12","Para biriktirmek","{""Q0"":""Para biriktirmek""}"
"3284.7000000001863","","survey-multi-choice","67","840440","0.0-67.0","y6lys","","Fikri Hamdovali","d","","A03","küçüktür","{""Q0"":""küçüktür""}"
"13716.199999998906","","survey-multi-choice","68","854180","0.0-68.0","y6lys","","Fikri Hamdovali","d","","F24","null","{""Q0"":""Sevinir""}"
"2453.39999999851","","survey-multi-choice","69","856714","0.0-69.0","y6lys","","Fikri Hamdovali","d","","Q24","Tokyo","{""Q0"":""Tokyo""}"
"1822.5000000020955","","survey-multi-choice","70","858561","0.0-70.0","y6lys","","Fikri Hamdovali","d","","A05","küçüktür","{""Q0"":""büyüktür""}"
"41444.900000002235","","survey-multi-choice","71","900038","0.0-71.0","y6lys","","Fikri Hamdovali","d","","F07","null","{""Q0"":""Üzülür""}"
"2828.700000001816","","survey-multi-choice","72","902886","0.0-72.0","y6lys","","Fikri Hamdovali","d","","Q07","Kardan adam","{""Q0"":""Kardan adam""}"
"1739.1000000024214","","survey-multi-choice","73","904640","0.0-73.0","y6lys","","Fikri Hamdovali","d","","A11","büyüktür","{""Q0"":""büyüktür""}"
