"rt","url","trial_type","trial_index","time_elapsed","internal_node_id","subject","subject_email","subject_name","group","view_history","id","correct","responses"
"70775.19999997457","resources/welcome.html","external-html","0","70889","0.0-0.0","o174t","gokcenurpulat@hotmail.com","Gökçe Nur Pulat","d","","","",""
"62404.29999999469","","instructions","1","133299","0.0-1.0","o174t","gokcenurpulat@hotmail.com","Gökçe Nur Pulat","d","[{""page_index"":0,""viewing_time"":62402.39999999176}]","","",""
"31159.400000004098","","survey-multi-choice","2","164472","0.0-2.0","o174t","gokcenurpulat@hotmail.com","Gökçe Nur Pulat","d","","F13","null","{""Q0"":""Sevinir""}"
"2941.099999996368","","survey-multi-choice","3","167425","0.0-3.0","o174t","gokcenurpulat@hotmail.com","Gökçe Nur Pulat","d","","Q13","Kars","{""Q0"":""Kars""}"
"22554.09999997937","","survey-multi-choice","4","189989","0.0-4.0","o174t","gokcenurpulat@hotmail.com","Gökçe Nur Pulat","d","","A15","büyüktür","{""Q0"":""küçüktür""}"
"14819.60000001709","","survey-multi-choice","5","204818","0.0-5.0","o174t","gokcenurpulat@hotmail.com","Gökçe Nur Pulat","d","","F15","null","{""Q0"":""Üzülür""}"
"5985.799999994924","","survey-multi-choice","6","210815","0.0-6.0","o174t","gokcenurpulat@hotmail.com","Gökçe Nur Pulat","d","","Q15","Altı","{""Q0"":""Altı""}"
"11395.900000003166","","survey-multi-choice","7","222221","0.0-7.0","o174t","gokcenurpulat@hotmail.com","Gökçe Nur Pulat","d","","A16","küçüktür","{""Q0"":""küçüktür""}"
"14385.699999984354","","survey-multi-choice","8","236617","0.0-8.0","o174t","gokcenurpulat@hotmail.com","Gökçe Nur Pulat","d","","F24","null","{""Q0"":""Sevinir""}"
"2115.2000000001863","","survey-multi-choice","9","238741","0.0-9.0","o174t","gokcenurpulat@hotmail.com","Gökçe Nur Pulat","d","","Q24","Tokyo","{""Q0"":""Tokyo""}"
"12640.69999998901","","survey-multi-choice","10","251392","0.0-10.0","o174t","gokcenurpulat@hotmail.com","Gökçe Nur Pulat","d","","A07","küçüktür","{""Q0"":""küçüktür""}"
"14580.099999991944","","survey-multi-choice","11","265982","0.0-11.0","o174t","gokcenurpulat@hotmail.com","Gökçe Nur Pulat","d","","C06","null","{""Q0"":""Sevinir""}"
"4861.000000004424","","survey-multi-choice","12","270854","0.0-12.0","o174t","gokcenurpulat@hotmail.com","Gökçe Nur Pulat","d","","Q06","Müdür","{""Q0"":""Müdür""}"
"17260.799999989104","","survey-multi-choice","13","288125","0.0-13.0","o174t","gokcenurpulat@hotmail.com","Gökçe Nur Pulat","d","","A19","büyüktür","{""Q0"":""büyüktür""}"
"27031.300000002375","","survey-multi-choice","14","315165","0.0-14.0","o174t","gokcenurpulat@hotmail.com","Gökçe Nur Pulat","d","","F14","null","{""Q0"":""Üzülür""}"
"3742.99999998766","","survey-multi-choice","15","318920","0.0-15.0","o174t","gokcenurpulat@hotmail.com","Gökçe Nur Pulat","d","","Q14","Birinci","{""Q0"":""İkinci""}"
"16141.499999997905","","survey-multi-choice","16","335071","0.0-16.0","o174t","gokcenurpulat@hotmail.com","Gökçe Nur Pulat","d","","A13","küçüktür","{""Q0"":""küçüktür""}"
"41359.499999991385","","survey-multi-choice","17","376441","0.0-17.0","o174t","gokcenurpulat@hotmail.com","Gökçe Nur Pulat","d","","F18","null","{""Q0"":""Sevinir""}"
"3599.6000000159256","","survey-multi-choice","18","380051","0.0-18.0","o174t","gokcenurpulat@hotmail.com","Gökçe Nur Pulat","d","","Q18","Çilek","{""Q0"":""Çilek""}"
"39356.90000001341","","survey-multi-choice","19","419418","0.0-19.0","o174t","gokcenurpulat@hotmail.com","Gökçe Nur Pulat","d","","A22","küçüktür","{""Q0"":""büyüktür""}"
"18419.09999999916","","survey-multi-choice","20","437847","0.0-20.0","o174t","gokcenurpulat@hotmail.com","Gökçe Nur Pulat","d","","C05","null","{""Q0"":""Sevinir""}"
"7115.499999985332","","survey-multi-choice","21","444975","0.0-21.0","o174t","gokcenurpulat@hotmail.com","Gökçe Nur Pulat","d","","Q05","Matematik","{""Q0"":""Matematik""}"
"16698.899999988498","","survey-multi-choice","22","461683","0.0-22.0","o174t","gokcenurpulat@hotmail.com","Gökçe Nur Pulat","d","","A10","büyüktür","{""Q0"":""büyüktür""}"
"25297.999999980675","","survey-multi-choice","23","486990","0.0-23.0","o174t","gokcenurpulat@hotmail.com","Gökçe Nur Pulat","d","","F11","null","{""Q0"":""Üzülür""}"
"3145.5999999889173","","survey-multi-choice","24","490148","0.0-24.0","o174t","gokcenurpulat@hotmail.com","Gökçe Nur Pulat","d","","Q11","Ayakkabı","{""Q0"":""Ayakkabı""}"
"29548.199999990175","","survey-multi-choice","25","519720","0.0-25.0","o174t","gokcenurpulat@hotmail.com","Gökçe Nur Pulat","d","","A02","küçüktür","{""Q0"":""küçüktür""}"
"8560.800000006566","","survey-multi-choice","26","528292","0.0-26.0","o174t","gokcenurpulat@hotmail.com","Gökçe Nur Pulat","d","","F09","null","{""Q0"":""Sevinir""}"
"5007.500000006985","","survey-multi-choice","27","533311","0.0-27.0","o174t","gokcenurpulat@hotmail.com","Gökçe Nur Pulat","d","","Q09","Yemekhane","{""Q0"":""Yemekhane""}"
"28537.899999995716","","survey-multi-choice","28","561859","0.0-28.0","o174t","gokcenurpulat@hotmail.com","Gökçe Nur Pulat","d","","A06","büyüktür","{""Q0"":""büyüktür""}"
"11456.399999995483","","survey-multi-choice","29","573324","0.0-29.0","o174t","gokcenurpulat@hotmail.com","Gökçe Nur Pulat","d","","F10","null","{""Q0"":""Sevinir""}"
"3937.2000000148546","","survey-multi-choice","30","577273","0.0-30.0","o174t","gokcenurpulat@hotmail.com","Gökçe Nur Pulat","d","","Q10","Yüksek lisans","{""Q0"":""Yüksek lisans""}"
"20882.10000001709","","survey-multi-choice","31","598168","0.0-31.0","o174t","gokcenurpulat@hotmail.com","Gökçe Nur Pulat","d","","A03","küçüktür","{""Q0"":""küçüktür""}"
"21941.200000001118","","survey-multi-choice","32","620119","0.0-32.0","o174t","gokcenurpulat@hotmail.com","Gökçe Nur Pulat","d","","C04","null","{""Q0"":""Üzülür""}"
"2675.699999992503","","survey-multi-choice","33","622806","0.0-33.0","o174t","gokcenurpulat@hotmail.com","Gökçe Nur Pulat","d","","Q04","Kamp","{""Q0"":""Kamp""}"
"8483.299999992596","","survey-multi-choice","34","631299","0.0-34.0","o174t","gokcenurpulat@hotmail.com","Gökçe Nur Pulat","d","","A17","küçüktür","{""Q0"":""küçüktür""}"
"52207.49999998952","","survey-multi-choice","35","683517","0.0-35.0","o174t","gokcenurpulat@hotmail.com","Gökçe Nur Pulat","d","","F07","null","{""Q0"":""Üzülür""}"
"3857.799999997951","","survey-multi-choice","36","687386","0.0-36.0","o174t","gokcenurpulat@hotmail.com","Gökçe Nur Pulat","d","","Q07","Kardan adam","{""Q0"":""Kardan adam""}"
"14138.999999995576","","survey-multi-choice","37","701535","0.0-37.0","o174t","gokcenurpulat@hotmail.com","Gökçe Nur Pulat","d","","A12","büyüktür","{""Q0"":""büyüktür""}"
"24442.30000002426","","survey-multi-choice","38","725987","0.0-38.0","o174t","gokcenurpulat@hotmail.com","Gökçe Nur Pulat","d","","F22","null","{""Q0"":""Sevinir""}"
"3061.0999999917112","","survey-multi-choice","39","729060","0.0-39.0","o174t","gokcenurpulat@hotmail.com","Gökçe Nur Pulat","d","","Q22","Yoğun","{""Q0"":""Yoğun""}"
"37833.00000001327","","survey-multi-choice","40","766903","0.0-40.0","o174t","gokcenurpulat@hotmail.com","Gökçe Nur Pulat","d","","A24","büyüktür","{""Q0"":""büyüktür""}"
"58684.99999999767","","survey-multi-choice","41","825598","0.0-41.0","o174t","gokcenurpulat@hotmail.com","Gökçe Nur Pulat","d","","F17","null","{""Q0"":""Üzülür""}"
"13791.599999996834","","survey-multi-choice","42","839401","0.0-42.0","o174t","gokcenurpulat@hotmail.com","Gökçe Nur Pulat","d","","Q17","Öğle yemeği","{""Q0"":""Akşam yemeği""}"
"12627.000000007683","","survey-multi-choice","43","852038","0.0-43.0","o174t","gokcenurpulat@hotmail.com","Gökçe Nur Pulat","d","","A21","büyüktür","{""Q0"":""büyüktür""}"
"28036.699999996927","","survey-multi-choice","44","880084","0.0-44.0","o174t","gokcenurpulat@hotmail.com","Gökçe Nur Pulat","d","","C02","null","{""Q0"":""Sevinir""}"
"10681.400000001304","","survey-multi-choice","45","890788","0.0-45.0","o174t","gokcenurpulat@hotmail.com","Gökçe Nur Pulat","d","","Q02","Oyuncak bebek","{""Q0"":""Oyuncak bebek""}"
"9405.90000001248","","survey-multi-choice","46","900206","0.0-46.0","o174t","gokcenurpulat@hotmail.com","Gökçe Nur Pulat","d","","A08","küçüktür","{""Q0"":""küçüktür""}"
"13399.800000013784","","survey-multi-choice","47","913616","0.0-47.0","o174t","gokcenurpulat@hotmail.com","Gökçe Nur Pulat","d","","F08","null","{""Q0"":""Üzülür""}"
"5345.200000010664","","survey-multi-choice","48","918974","0.0-48.0","o174t","gokcenurpulat@hotmail.com","Gökçe Nur Pulat","d","","Q08","Tenis","{""Q0"":""Tenis""}"
"27695.80000001588","","survey-multi-choice","49","946680","0.0-49.0","o174t","gokcenurpulat@hotmail.com","Gökçe Nur Pulat","d","","A20","küçüktür","{""Q0"":""küçüktür""}"
"9968.499999988126","","survey-multi-choice","50","956659","0.0-50.0","o174t","gokcenurpulat@hotmail.com","Gökçe Nur Pulat","d","","F16","null","{""Q0"":""Sevinir""}"
"2442.6999999850523","","survey-multi-choice","51","959114","0.0-51.0","o174t","gokcenurpulat@hotmail.com","Gökçe Nur Pulat","d","","Q16","Kafe","{""Q0"":""Kafe""}"
"11657.700000010664","","survey-multi-choice","52","970782","0.0-52.0","o174t","gokcenurpulat@hotmail.com","Gökçe Nur Pulat","d","","A14","büyüktür","{""Q0"":""büyüktür""}"
"14524.400000023888","","survey-multi-choice","53","985316","0.0-53.0","o174t","gokcenurpulat@hotmail.com","Gökçe Nur Pulat","d","","C01","null","{""Q0"":""Üzülür""}"
"7277.600000001257","","survey-multi-choice","54","992605","0.0-54.0","o174t","gokcenurpulat@hotmail.com","Gökçe Nur Pulat","d","","Q01","Arda","{""Q0"":""Arda""}"
"8113.800000021001","","survey-multi-choice","55","1000731","0.0-55.0","o174t","gokcenurpulat@hotmail.com","Gökçe Nur Pulat","d","","A04","büyüktür","{""Q0"":""büyüktür""}"
"16281.79999999702","","survey-multi-choice","56","1017023","0.0-56.0","o174t","gokcenurpulat@hotmail.com","Gökçe Nur Pulat","d","","F23","null","{""Q0"":""Üzülür""}"
"3411.900000006426","","survey-multi-choice","57","1020447","0.0-57.0","o174t","gokcenurpulat@hotmail.com","Gökçe Nur Pulat","d","","Q23","Çarpışan arabalar","{""Q0"":""Çarpışan arabalar""}"
"7971.999999979744","","survey-multi-choice","58","1028430","0.0-58.0","o174t","gokcenurpulat@hotmail.com","Gökçe Nur Pulat","d","","A09","küçüktür","{""Q0"":""küçüktür""}"
"29587.29999998468","","survey-multi-choice","59","1058028","0.0-59.0","o174t","gokcenurpulat@hotmail.com","Gökçe Nur Pulat","d","","F20","null","{""Q0"":""Üzülür""}"
"3043.100000009872","","survey-multi-choice","60","1061083","0.0-60.0","o174t","gokcenurpulat@hotmail.com","Gökçe Nur Pulat","d","","Q20","Piyango bileti","{""Q0"":""Piyango bileti""}"
"13107.400000008056","","survey-multi-choice","61","1074201","0.0-61.0","o174t","gokcenurpulat@hotmail.com","Gökçe Nur Pulat","d","","A01","küçüktür","{""Q0"":""küçüktür""}"
"13201.199999981327","","survey-multi-choice","62","1087413","0.0-62.0","o174t","gokcenurpulat@hotmail.com","Gökçe Nur Pulat","d","","C03","null","{""Q0"":""Sevinir""}"
"2618.300000001909","","survey-multi-choice","63","1090044","0.0-63.0","o174t","gokcenurpulat@hotmail.com","Gökçe Nur Pulat","d","","Q03","Ofis","{""Q0"":""Ofis""}"
"20358.199999987846","","survey-multi-choice","64","1110413","0.0-64.0","o174t","gokcenurpulat@hotmail.com","Gökçe Nur Pulat","d","","A23","büyüktür","{""Q0"":""büyüktür""}"
"10013.500000000931","","survey-multi-choice","65","1120437","0.0-65.0","o174t","gokcenurpulat@hotmail.com","Gökçe Nur Pulat","d","","F12","null","{""Q0"":""Sevinir""}"
"3738.000000012107","","survey-multi-choice","66","1124188","0.0-66.0","o174t","gokcenurpulat@hotmail.com","Gökçe Nur Pulat","d","","Q12","Para biriktirmek","{""Q0"":""Para biriktirmek""}"
"15919.800000003306","","survey-multi-choice","67","1140119","0.0-67.0","o174t","gokcenurpulat@hotmail.com","Gökçe Nur Pulat","d","","A05","küçüktür","{""Q0"":""küçüktür""}"
"10694.599999987986","","survey-multi-choice","68","1150824","0.0-68.0","o174t","gokcenurpulat@hotmail.com","Gökçe Nur Pulat","d","","F19","null","{""Q0"":""Üzülür""}"
"3363.4000000020023","","survey-multi-choice","69","1154206","0.0-69.0","o174t","gokcenurpulat@hotmail.com","Gökçe Nur Pulat","d","","Q19","Fizik","{""Q0"":""Fizik""}"
"5453.499999974156","","survey-multi-choice","70","1159671","0.0-70.0","o174t","gokcenurpulat@hotmail.com","Gökçe Nur Pulat","d","","A18","büyüktür","{""Q0"":""büyüktür""}"
"41934.09999998403","","survey-multi-choice","71","1201618","0.0-71.0","o174t","gokcenurpulat@hotmail.com","Gökçe Nur Pulat","d","","F21","null","{""Q0"":""Üzülür""}"
"4295.099999988452","","survey-multi-choice","72","1205925","0.0-72.0","o174t","gokcenurpulat@hotmail.com","Gökçe Nur Pulat","d","","Q21","Odun","{""Q0"":""Odun""}"
"8336.999999999534","","survey-multi-choice","73","1214272","0.0-73.0","o174t","gokcenurpulat@hotmail.com","Gökçe Nur Pulat","d","","A11","büyüktür","{""Q0"":""büyüktür""}"
