"rt","url","trial_type","trial_index","time_elapsed","internal_node_id","subject","subject_email","subject_name","group","view_history","id","correct","responses"
"66518.3","resources/welcome.html","external-html","0","66565","0.0-0.0","6rpsh","Oguzolmez71@hotmail.com","Oğuz Ölmez","z","","","",""
"16606.40000000001","","instructions","1","83181","0.0-1.0","6rpsh","Oguzolmez71@hotmail.com","Oğuz Ölmez","z","[{""page_index"":0,""viewing_time"":16604.20000000001}]","","",""
"50788.2","","survey-multi-choice","2","133977","0.0-2.0","6rpsh","Oguzolmez71@hotmail.com","Oğuz Ölmez","z","","F13","null","{""Q0"":""Sevinir""}"
"4517.399999999994","","survey-multi-choice","3","138498","0.0-3.0","6rpsh","Oguzolmez71@hotmail.com","Oğuz Ölmez","z","","Q13","Kars","{""Q0"":""Kars""}"
"27829.29999999999","","survey-multi-choice","4","166335","0.0-4.0","6rpsh","Oguzolmez71@hotmail.com","Oğuz Ölmez","z","","A16","küçüktür","{""Q0"":""küçüktür""}"
"9075.300000000047","","survey-multi-choice","5","175416","0.0-5.0","6rpsh","Oguzolmez71@hotmail.com","Oğuz Ölmez","z","","F09","null","{""Q0"":""Üzülür""}"
"3319.5","","survey-multi-choice","6","178743","0.0-6.0","6rpsh","Oguzolmez71@hotmail.com","Oğuz Ölmez","z","","Q09","Yemekhane","{""Q0"":""Yemekhane""}"
"28326.800000000017","","survey-multi-choice","7","207077","0.0-7.0","6rpsh","Oguzolmez71@hotmail.com","Oğuz Ölmez","z","","A24","büyüktür","{""Q0"":""büyüktür""}"
"10420.200000000012","","survey-multi-choice","8","217503","0.0-8.0","6rpsh","Oguzolmez71@hotmail.com","Oğuz Ölmez","z","","F23","null","{""Q0"":""Üzülür""}"
"3556.7999999999593","","survey-multi-choice","9","221069","0.0-9.0","6rpsh","Oguzolmez71@hotmail.com","Oğuz Ölmez","z","","Q23","Çarpışan arabalar","{""Q0"":""Çarpışan arabalar""}"
"21903.70000000001","","survey-multi-choice","10","242978","0.0-10.0","6rpsh","Oguzolmez71@hotmail.com","Oğuz Ölmez","z","","A22","küçüktür","{""Q0"":""küçüktür""}"
"31241.20000000001","","survey-multi-choice","11","274226","0.0-11.0","6rpsh","Oguzolmez71@hotmail.com","Oğuz Ölmez","z","","C06","null","{""Q0"":""Sevinir""}"
"3041.4000000000233","","survey-multi-choice","12","277275","0.0-12.0","6rpsh","Oguzolmez71@hotmail.com","Oğuz Ölmez","z","","Q06","Müdür","{""Q0"":""Müdür""}"
"43793.20000000001","","survey-multi-choice","13","321073","0.0-13.0","6rpsh","Oguzolmez71@hotmail.com","Oğuz Ölmez","z","","A23","büyüktür","{""Q0"":""büyüktür""}"
"7764.299999999988","","survey-multi-choice","14","328845","0.0-14.0","6rpsh","Oguzolmez71@hotmail.com","Oğuz Ölmez","z","","F07","null","{""Q0"":""Üzülür""}"
"2876.8000000000466","","survey-multi-choice","15","331728","0.0-15.0","6rpsh","Oguzolmez71@hotmail.com","Oğuz Ölmez","z","","Q07","Kardan adam","{""Q0"":""Kardan adam""}"
"19873.399999999965","","survey-multi-choice","16","351611","0.0-16.0","6rpsh","Oguzolmez71@hotmail.com","Oğuz Ölmez","z","","A05","küçüktür","{""Q0"":""küçüktür""}"
"11216.899999999965","","survey-multi-choice","17","362833","0.0-17.0","6rpsh","Oguzolmez71@hotmail.com","Oğuz Ölmez","z","","F16","null","{""Q0"":""Sevinir""}"
"3693.5","","survey-multi-choice","18","366533","0.0-18.0","6rpsh","Oguzolmez71@hotmail.com","Oğuz Ölmez","z","","Q16","Kafe","{""Q0"":""Kafe""}"
"12039.600000000035","","survey-multi-choice","19","378579","0.0-19.0","6rpsh","Oguzolmez71@hotmail.com","Oğuz Ölmez","z","","A08","küçüktür","{""Q0"":""büyüktür""}"
"12331.500000000058","","survey-multi-choice","20","390918","0.0-20.0","6rpsh","Oguzolmez71@hotmail.com","Oğuz Ölmez","z","","C05","null","{""Q0"":""Üzülür""}"
"2444","","survey-multi-choice","21","393369","0.0-21.0","6rpsh","Oguzolmez71@hotmail.com","Oğuz Ölmez","z","","Q05","Matematik","{""Q0"":""Matematik""}"
"19136.100000000035","","survey-multi-choice","22","412516","0.0-22.0","6rpsh","Oguzolmez71@hotmail.com","Oğuz Ölmez","z","","A07","küçüktür","{""Q0"":""küçüktür""}"
"16069.299999999988","","survey-multi-choice","23","428592","0.0-23.0","6rpsh","Oguzolmez71@hotmail.com","Oğuz Ölmez","z","","F14","null","{""Q0"":""Üzülür""}"
"3173.1999999999534","","survey-multi-choice","24","431777","0.0-24.0","6rpsh","Oguzolmez71@hotmail.com","Oğuz Ölmez","z","","Q14","Birinci","{""Q0"":""İkinci""}"
"28616.800000000047","","survey-multi-choice","25","460404","0.0-25.0","6rpsh","Oguzolmez71@hotmail.com","Oğuz Ölmez","z","","A19","büyüktür","{""Q0"":""büyüktür""}"
"9097.200000000012","","survey-multi-choice","26","469507","0.0-26.0","6rpsh","Oguzolmez71@hotmail.com","Oğuz Ölmez","z","","F08","null","{""Q0"":""Üzülür""}"
"1706.0000000000582","","survey-multi-choice","27","471221","0.0-27.0","6rpsh","Oguzolmez71@hotmail.com","Oğuz Ölmez","z","","Q08","Tenis","{""Q0"":""Tenis""}"
"25315.900000000023","","survey-multi-choice","28","496544","0.0-28.0","6rpsh","Oguzolmez71@hotmail.com","Oğuz Ölmez","z","","A20","küçüktür","{""Q0"":""küçüktür""}"
"17171.199999999953","","survey-multi-choice","29","513721","0.0-29.0","6rpsh","Oguzolmez71@hotmail.com","Oğuz Ölmez","z","","F20","null","{""Q0"":""Sevinir""}"
"3842.0999999999767","","survey-multi-choice","30","517569","0.0-30.0","6rpsh","Oguzolmez71@hotmail.com","Oğuz Ölmez","z","","Q20","Piyango bileti","{""Q0"":""Piyango bileti""}"
"55656.79999999999","","survey-multi-choice","31","573233","0.0-31.0","6rpsh","Oguzolmez71@hotmail.com","Oğuz Ölmez","z","","A11","büyüktür","{""Q0"":""büyüktür""}"
"40068.99999999988","","survey-multi-choice","32","613313","0.0-32.0","6rpsh","Oguzolmez71@hotmail.com","Oğuz Ölmez","z","","C04","null","{""Q0"":""Sevinir""}"
"2660.4999999998836","","survey-multi-choice","33","615983","0.0-33.0","6rpsh","Oguzolmez71@hotmail.com","Oğuz Ölmez","z","","Q04","Kamp","{""Q0"":""Kamp""}"
"3925.29999999993","","survey-multi-choice","34","619914","0.0-34.0","6rpsh","Oguzolmez71@hotmail.com","Oğuz Ölmez","z","","A15","büyüktür","{""Q0"":""küçüktür""}"
"30848.59999999986","","survey-multi-choice","35","650769","0.0-35.0","6rpsh","Oguzolmez71@hotmail.com","Oğuz Ölmez","z","","F15","null","{""Q0"":""Üzülür""}"
"3107.5","","survey-multi-choice","36","653883","0.0-36.0","6rpsh","Oguzolmez71@hotmail.com","Oğuz Ölmez","z","","Q15","Altı","{""Q0"":""Dokuz""}"
"8922.5","","survey-multi-choice","37","662817","0.0-37.0","6rpsh","Oguzolmez71@hotmail.com","Oğuz Ölmez","z","","A04","büyüktür","{""Q0"":""büyüktür""}"
"13862.29999999993","","survey-multi-choice","38","676688","0.0-38.0","6rpsh","Oguzolmez71@hotmail.com","Oğuz Ölmez","z","","F17","null","{""Q0"":""Sevinir""}"
"3043.5","","survey-multi-choice","39","679739","0.0-39.0","6rpsh","Oguzolmez71@hotmail.com","Oğuz Ölmez","z","","Q17","Öğle yemeği","{""Q0"":""Akşam yemeği""}"
"27923.900000000023","","survey-multi-choice","40","707669","0.0-40.0","6rpsh","Oguzolmez71@hotmail.com","Oğuz Ölmez","z","","A06","büyüktür","{""Q0"":""büyüktür""}"
"11083.599999999977","","survey-multi-choice","41","718759","0.0-41.0","6rpsh","Oguzolmez71@hotmail.com","Oğuz Ölmez","z","","F12","null","{""Q0"":""Sevinir""}"
"4610.400000000023","","survey-multi-choice","42","723376","0.0-42.0","6rpsh","Oguzolmez71@hotmail.com","Oğuz Ölmez","z","","Q12","Para biriktirmek","{""Q0"":""Para biriktirmek""}"
"37457.69999999995","","survey-multi-choice","43","760840","0.0-43.0","6rpsh","Oguzolmez71@hotmail.com","Oğuz Ölmez","z","","A09","küçüktür","{""Q0"":""küçüktür""}"
"18440.29999999993","","survey-multi-choice","44","779287","0.0-44.0","6rpsh","Oguzolmez71@hotmail.com","Oğuz Ölmez","z","","C02","null","{""Q0"":""Sevinir""}"
"2895.4000000000233","","survey-multi-choice","45","782196","0.0-45.0","6rpsh","Oguzolmez71@hotmail.com","Oğuz Ölmez","z","","Q02","Oyuncak bebek","{""Q0"":""Oyuncak araba""}"
"5376.999999999884","","survey-multi-choice","46","787580","0.0-46.0","6rpsh","Oguzolmez71@hotmail.com","Oğuz Ölmez","z","","A10","büyüktür","{""Q0"":""büyüktür""}"
"16675.500000000116","","survey-multi-choice","47","804261","0.0-47.0","6rpsh","Oguzolmez71@hotmail.com","Oğuz Ölmez","z","","F24","null","{""Q0"":""Sevinir""}"
"2769.600000000093","","survey-multi-choice","48","807044","0.0-48.0","6rpsh","Oguzolmez71@hotmail.com","Oğuz Ölmez","z","","Q24","Tokyo","{""Q0"":""New York""}"
"5327.800000000047","","survey-multi-choice","49","812379","0.0-49.0","6rpsh","Oguzolmez71@hotmail.com","Oğuz Ölmez","z","","A12","büyüktür","{""Q0"":""küçüktür""}"
"10701.79999999993","","survey-multi-choice","50","823091","0.0-50.0","6rpsh","Oguzolmez71@hotmail.com","Oğuz Ölmez","z","","F21","null","{""Q0"":""Üzülür""}"
"3123.0999999998603","","survey-multi-choice","51","826223","0.0-51.0","6rpsh","Oguzolmez71@hotmail.com","Oğuz Ölmez","z","","Q21","Odun","{""Q0"":""Odun""}"
"4284.300000000047","","survey-multi-choice","52","830515","0.0-52.0","6rpsh","Oguzolmez71@hotmail.com","Oğuz Ölmez","z","","A18","büyüktür","{""Q0"":""büyüktür""}"
"8641.100000000093","","survey-multi-choice","53","839169","0.0-53.0","6rpsh","Oguzolmez71@hotmail.com","Oğuz Ölmez","z","","C01","null","{""Q0"":""Sevinir""}"
"3522.4000000001397","","survey-multi-choice","54","842698","0.0-54.0","6rpsh","Oguzolmez71@hotmail.com","Oğuz Ölmez","z","","Q01","Arda","{""Q0"":""Arda""}"
"29255.199999999953","","survey-multi-choice","55","871975","0.0-55.0","6rpsh","Oguzolmez71@hotmail.com","Oğuz Ölmez","z","","A14","büyüktür","{""Q0"":""büyüktür""}"
"9575.5","","survey-multi-choice","56","881562","0.0-56.0","6rpsh","Oguzolmez71@hotmail.com","Oğuz Ölmez","z","","F18","null","{""Q0"":""Sevinir""}"
"2373.5999999999767","","survey-multi-choice","57","883944","0.0-57.0","6rpsh","Oguzolmez71@hotmail.com","Oğuz Ölmez","z","","Q18","Çilek","{""Q0"":""Çilek""}"
"15799.5","","survey-multi-choice","58","899751","0.0-58.0","6rpsh","Oguzolmez71@hotmail.com","Oğuz Ölmez","z","","A13","küçüktür","{""Q0"":""küçüktür""}"
"13693.699999999953","","survey-multi-choice","59","913453","0.0-59.0","6rpsh","Oguzolmez71@hotmail.com","Oğuz Ölmez","z","","F22","null","{""Q0"":""Sevinir""}"
"3308.9999999998836","","survey-multi-choice","60","916771","0.0-60.0","6rpsh","Oguzolmez71@hotmail.com","Oğuz Ölmez","z","","Q22","Yoğun","{""Q0"":""Yoğun""}"
"22410.09999999986","","survey-multi-choice","61","939189","0.0-61.0","6rpsh","Oguzolmez71@hotmail.com","Oğuz Ölmez","z","","A02","küçüktür","{""Q0"":""küçüktür""}"
"7503.499999999884","","survey-multi-choice","62","946700","0.0-62.0","6rpsh","Oguzolmez71@hotmail.com","Oğuz Ölmez","z","","C03","null","{""Q0"":""Sevinir""}"
"3192.899999999907","","survey-multi-choice","63","949905","0.0-63.0","6rpsh","Oguzolmez71@hotmail.com","Oğuz Ölmez","z","","Q03","Ofis","{""Q0"":""Fabrika""}"
"29413.900000000023","","survey-multi-choice","64","979329","0.0-64.0","6rpsh","Oguzolmez71@hotmail.com","Oğuz Ölmez","z","","A03","küçüktür","{""Q0"":""küçüktür""}"
"25223.499999999884","","survey-multi-choice","65","1004560","0.0-65.0","6rpsh","Oguzolmez71@hotmail.com","Oğuz Ölmez","z","","F19","null","{""Q0"":""Sevinir""}"
"2441.5","","survey-multi-choice","66","1007009","0.0-66.0","6rpsh","Oguzolmez71@hotmail.com","Oğuz Ölmez","z","","Q19","Fizik","{""Q0"":""Fizik""}"
"31747.000000000116","","survey-multi-choice","67","1038765","0.0-67.0","6rpsh","Oguzolmez71@hotmail.com","Oğuz Ölmez","z","","A21","büyüktür","{""Q0"":""büyüktür""}"
"26869.699999999837","","survey-multi-choice","68","1065643","0.0-68.0","6rpsh","Oguzolmez71@hotmail.com","Oğuz Ölmez","z","","F11","null","{""Q0"":""Üzülür""}"
"1903.8999999999069","","survey-multi-choice","69","1067553","0.0-69.0","6rpsh","Oguzolmez71@hotmail.com","Oğuz Ölmez","z","","Q11","Ayakkabı","{""Q0"":""Ayakkabı""}"
"2890.0999999998603","","survey-multi-choice","70","1070451","0.0-70.0","6rpsh","Oguzolmez71@hotmail.com","Oğuz Ölmez","z","","A01","küçüktür","{""Q0"":""büyüktür""}"
"14911.5","","survey-multi-choice","71","1085369","0.0-71.0","6rpsh","Oguzolmez71@hotmail.com","Oğuz Ölmez","z","","F10","null","{""Q0"":""Sevinir""}"
"7441.399999999907","","survey-multi-choice","72","1092817","0.0-72.0","6rpsh","Oguzolmez71@hotmail.com","Oğuz Ölmez","z","","Q10","Yüksek lisans","{""Q0"":""Yüksek lisans""}"
"6139","","survey-multi-choice","73","1098963","0.0-73.0","6rpsh","Oguzolmez71@hotmail.com","Oğuz Ölmez","z","","A17","küçüktür","{""Q0"":""küçüktür""}"
