"rt","url","trial_type","trial_index","time_elapsed","internal_node_id","subject","subject_email","subject_name","group","view_history","id","correct","responses"
"113069","resources/welcome.html","external-html","0","113100","0.0-0.0","f11gz","tugba.acar12@gmail.com","Tuğba Acar","z","","","",""
"5906","","instructions","1","119013","0.0-1.0","f11gz","tugba.acar12@gmail.com","Tuğba Acar","z","[{""page_index"":0,""viewing_time"":5905}]","","",""
"44629","","survey-multi-choice","2","163654","0.0-2.0","f11gz","tugba.acar12@gmail.com","Tuğba Acar","z","","F22","null","{""Q0"":""Sevinir""}"
"5835","","survey-multi-choice","3","169496","0.0-3.0","f11gz","tugba.acar12@gmail.com","Tuğba Acar","z","","Q22","Yoğun","{""Q0"":""Sıkıcı""}"
"24558","","survey-multi-choice","4","194059","0.0-4.0","f11gz","tugba.acar12@gmail.com","Tuğba Acar","z","","A11","büyüktür","{""Q0"":""büyüktür""}"
"10127","","survey-multi-choice","5","204191","0.0-5.0","f11gz","tugba.acar12@gmail.com","Tuğba Acar","z","","F10","null","{""Q0"":""Sevinir""}"
"3598","","survey-multi-choice","6","207794","0.0-6.0","f11gz","tugba.acar12@gmail.com","Tuğba Acar","z","","Q10","Yüksek lisans","{""Q0"":""Yüksek lisans""}"
"25532","","survey-multi-choice","7","233332","0.0-7.0","f11gz","tugba.acar12@gmail.com","Tuğba Acar","z","","A06","büyüktür","{""Q0"":""küçüktür""}"
"10224","","survey-multi-choice","8","243565","0.0-8.0","f11gz","tugba.acar12@gmail.com","Tuğba Acar","z","","F12","null","{""Q0"":""Sevinir""}"
"3910","","survey-multi-choice","9","247481","0.0-9.0","f11gz","tugba.acar12@gmail.com","Tuğba Acar","z","","Q12","Para biriktirmek","{""Q0"":""Para biriktirmek""}"
"5293","","survey-multi-choice","10","252780","0.0-10.0","f11gz","tugba.acar12@gmail.com","Tuğba Acar","z","","A14","büyüktür","{""Q0"":""küçüktür""}"
"32553","","survey-multi-choice","11","285340","0.0-11.0","f11gz","tugba.acar12@gmail.com","Tuğba Acar","z","","C01","null","{""Q0"":""Üzülür""}"
"3102","","survey-multi-choice","12","288449","0.0-12.0","f11gz","tugba.acar12@gmail.com","Tuğba Acar","z","","Q01","Arda","{""Q0"":""Arda""}"
"10711","","survey-multi-choice","13","299166","0.0-13.0","f11gz","tugba.acar12@gmail.com","Tuğba Acar","z","","A05","küçüktür","{""Q0"":""küçüktür""}"
"7278","","survey-multi-choice","14","306450","0.0-14.0","f11gz","tugba.acar12@gmail.com","Tuğba Acar","z","","F11","null","{""Q0"":""Üzülür""}"
"6158","","survey-multi-choice","15","312615","0.0-15.0","f11gz","tugba.acar12@gmail.com","Tuğba Acar","z","","Q11","Ayakkabı","{""Q0"":""Ayakkabı""}"
"7704","","survey-multi-choice","16","320325","0.0-16.0","f11gz","tugba.acar12@gmail.com","Tuğba Acar","z","","A04","büyüktür","{""Q0"":""büyüktür""}"
"85681","","survey-multi-choice","17","406011","0.0-17.0","f11gz","tugba.acar12@gmail.com","Tuğba Acar","z","","F14","null","{""Q0"":""Sevinir""}"
"13016","","survey-multi-choice","18","419034","0.0-18.0","f11gz","tugba.acar12@gmail.com","Tuğba Acar","z","","Q14","Birinci","{""Q0"":""İkinci""}"
"7139","","survey-multi-choice","19","426179","0.0-19.0","f11gz","tugba.acar12@gmail.com","Tuğba Acar","z","","A07","küçüktür","{""Q0"":""büyüktür""}"
"17193","","survey-multi-choice","20","443376","0.0-20.0","f11gz","tugba.acar12@gmail.com","Tuğba Acar","z","","C02","null","{""Q0"":""Üzülür""}"
"12745","","survey-multi-choice","21","456126","0.0-21.0","f11gz","tugba.acar12@gmail.com","Tuğba Acar","z","","Q02","Oyuncak bebek","{""Q0"":""Oyuncak bebek""}"
"4331","","survey-multi-choice","22","460461","0.0-22.0","f11gz","tugba.acar12@gmail.com","Tuğba Acar","z","","A02","küçüktür","{""Q0"":""küçüktür""}"
"37478","","survey-multi-choice","23","497946","0.0-23.0","f11gz","tugba.acar12@gmail.com","Tuğba Acar","z","","F08","null","{""Q0"":""Üzülür""}"
"3800","","survey-multi-choice","24","501751","0.0-24.0","f11gz","tugba.acar12@gmail.com","Tuğba Acar","z","","Q08","Tenis","{""Q0"":""Tenis""}"
"5091.000000000058","","survey-multi-choice","25","506846","0.0-25.0","f11gz","tugba.acar12@gmail.com","Tuğba Acar","z","","A24","büyüktür","{""Q0"":""büyüktür""}"
"15128","","survey-multi-choice","26","521979","0.0-26.0","f11gz","tugba.acar12@gmail.com","Tuğba Acar","z","","F15","null","{""Q0"":""Üzülür""}"
"3432","","survey-multi-choice","27","525417","0.0-27.0","f11gz","tugba.acar12@gmail.com","Tuğba Acar","z","","Q15","Altı","{""Q0"":""Altı""}"
"8092","","survey-multi-choice","28","533514","0.0-28.0","f11gz","tugba.acar12@gmail.com","Tuğba Acar","z","","A01","küçüktür","{""Q0"":""küçüktür""}"
"8110.999999999884","","survey-multi-choice","29","541631","0.0-29.0","f11gz","tugba.acar12@gmail.com","Tuğba Acar","z","","F19","null","{""Q0"":""Üzülür""}"
"4076","","survey-multi-choice","30","545713","0.0-30.0","f11gz","tugba.acar12@gmail.com","Tuğba Acar","z","","Q19","Fizik","{""Q0"":""Fizik""}"
"9297","","survey-multi-choice","31","555016","0.0-31.0","f11gz","tugba.acar12@gmail.com","Tuğba Acar","z","","A03","küçüktür","{""Q0"":""küçüktür""}"
"26500","","survey-multi-choice","32","581521","0.0-32.0","f11gz","tugba.acar12@gmail.com","Tuğba Acar","z","","C04","null","{""Q0"":""Sevinir""}"
"4193","","survey-multi-choice","33","585719","0.0-33.0","f11gz","tugba.acar12@gmail.com","Tuğba Acar","z","","Q04","Kamp","{""Q0"":""Kamp""}"
"40977","","survey-multi-choice","34","626701","0.0-34.0","f11gz","tugba.acar12@gmail.com","Tuğba Acar","z","","A23","büyüktür","{""Q0"":""büyüktür""}"
"7865","","survey-multi-choice","35","634571","0.0-35.0","f11gz","tugba.acar12@gmail.com","Tuğba Acar","z","","F07","null","{""Q0"":""Üzülür""}"
"2760","","survey-multi-choice","36","637338","0.0-36.0","f11gz","tugba.acar12@gmail.com","Tuğba Acar","z","","Q07","Kardan adam","{""Q0"":""Kardan adam""}"
"7849","","survey-multi-choice","37","645195","0.0-37.0","f11gz","tugba.acar12@gmail.com","Tuğba Acar","z","","A09","küçüktür","{""Q0"":""büyüktür""}"
"24521","","survey-multi-choice","38","669720","0.0-38.0","f11gz","tugba.acar12@gmail.com","Tuğba Acar","z","","F24","null","{""Q0"":""Sevinir""}"
"2914","","survey-multi-choice","39","672638","0.0-39.0","f11gz","tugba.acar12@gmail.com","Tuğba Acar","z","","Q24","Tokyo","{""Q0"":""Tokyo""}"
"20340","","survey-multi-choice","40","692983","0.0-40.0","f11gz","tugba.acar12@gmail.com","Tuğba Acar","z","","A20","küçüktür","{""Q0"":""büyüktür""}"
"18689","","survey-multi-choice","41","711676","0.0-41.0","f11gz","tugba.acar12@gmail.com","Tuğba Acar","z","","F21","null","{""Q0"":""Üzülür""}"
"3148","","survey-multi-choice","42","714829","0.0-42.0","f11gz","tugba.acar12@gmail.com","Tuğba Acar","z","","Q21","Odun","{""Q0"":""Odun""}"
"8357","","survey-multi-choice","43","723191","0.0-43.0","f11gz","tugba.acar12@gmail.com","Tuğba Acar","z","","A21","büyüktür","{""Q0"":""küçüktür""}"
"7793","","survey-multi-choice","44","730990","0.0-44.0","f11gz","tugba.acar12@gmail.com","Tuğba Acar","z","","C06","null","{""Q0"":""Sevinir""}"
"4348.999999999884","","survey-multi-choice","45","735344","0.0-45.0","f11gz","tugba.acar12@gmail.com","Tuğba Acar","z","","Q06","Müdür","{""Q0"":""Müdür""}"
"8078","","survey-multi-choice","46","743428","0.0-46.0","f11gz","tugba.acar12@gmail.com","Tuğba Acar","z","","A08","küçüktür","{""Q0"":""küçüktür""}"
"9326","","survey-multi-choice","47","752761","0.0-47.0","f11gz","tugba.acar12@gmail.com","Tuğba Acar","z","","F09","null","{""Q0"":""Sevinir""}"
"3459.0000000001164","","survey-multi-choice","48","756227","0.0-48.0","f11gz","tugba.acar12@gmail.com","Tuğba Acar","z","","Q09","Yemekhane","{""Q0"":""Yemekhane""}"
"2443","","survey-multi-choice","49","758677","0.0-49.0","f11gz","tugba.acar12@gmail.com","Tuğba Acar","z","","A19","büyüktür","{""Q0"":""büyüktür""}"
"16261","","survey-multi-choice","50","774943","0.0-50.0","f11gz","tugba.acar12@gmail.com","Tuğba Acar","z","","F13","null","{""Q0"":""Üzülür""}"
"2679.9999999998836","","survey-multi-choice","51","777628","0.0-51.0","f11gz","tugba.acar12@gmail.com","Tuğba Acar","z","","Q13","Kars","{""Q0"":""Kars""}"
"6263","","survey-multi-choice","52","783896","0.0-52.0","f11gz","tugba.acar12@gmail.com","Tuğba Acar","z","","A10","büyüktür","{""Q0"":""küçüktür""}"
"6562","","survey-multi-choice","53","790464","0.0-53.0","f11gz","tugba.acar12@gmail.com","Tuğba Acar","z","","C03","null","{""Q0"":""Üzülür""}"
"4746","","survey-multi-choice","54","795216","0.0-54.0","f11gz","tugba.acar12@gmail.com","Tuğba Acar","z","","Q03","Ofis","{""Q0"":""Mağaza""}"
"2057","","survey-multi-choice","55","797278","0.0-55.0","f11gz","tugba.acar12@gmail.com","Tuğba Acar","z","","A18","büyüktür","{""Q0"":""küçüktür""}"
"11978","","survey-multi-choice","56","809263","0.0-56.0","f11gz","tugba.acar12@gmail.com","Tuğba Acar","z","","F23","null","{""Q0"":""Üzülür""}"
"2949","","survey-multi-choice","57","812218","0.0-57.0","f11gz","tugba.acar12@gmail.com","Tuğba Acar","z","","Q23","Çarpışan arabalar","{""Q0"":""Çarpışan arabalar""}"
"5427.000000000116","","survey-multi-choice","58","817650","0.0-58.0","f11gz","tugba.acar12@gmail.com","Tuğba Acar","z","","A13","küçüktür","{""Q0"":""küçüktür""}"
"5776","","survey-multi-choice","59","823433","0.0-59.0","f11gz","tugba.acar12@gmail.com","Tuğba Acar","z","","F17","null","{""Q0"":""Üzülür""}"
"4192","","survey-multi-choice","60","827631","0.0-60.0","f11gz","tugba.acar12@gmail.com","Tuğba Acar","z","","Q17","Öğle yemeği","{""Q0"":""Akşam yemeği""}"
"2544","","survey-multi-choice","61","830181","0.0-61.0","f11gz","tugba.acar12@gmail.com","Tuğba Acar","z","","A15","büyüktür","{""Q0"":""küçüktür""}"
"6607.000000000116","","survey-multi-choice","62","836799","0.0-62.0","f11gz","tugba.acar12@gmail.com","Tuğba Acar","z","","C05","null","{""Q0"":""Üzülür""}"
"4058","","survey-multi-choice","63","840865","0.0-63.0","f11gz","tugba.acar12@gmail.com","Tuğba Acar","z","","Q05","Matematik","{""Q0"":""Fizik""}"
"2011","","survey-multi-choice","64","842883","0.0-64.0","f11gz","tugba.acar12@gmail.com","Tuğba Acar","z","","A22","küçüktür","{""Q0"":""küçüktür""}"
"19528","","survey-multi-choice","65","862416","0.0-65.0","f11gz","tugba.acar12@gmail.com","Tuğba Acar","z","","F16","null","{""Q0"":""Sevinir""}"
"3161","","survey-multi-choice","66","865584","0.0-66.0","f11gz","tugba.acar12@gmail.com","Tuğba Acar","z","","Q16","Kafe","{""Q0"":""Kafe""}"
"4579","","survey-multi-choice","67","870168","0.0-67.0","f11gz","tugba.acar12@gmail.com","Tuğba Acar","z","","A17","küçüktür","{""Q0"":""küçüktür""}"
"11983","","survey-multi-choice","68","882158","0.0-68.0","f11gz","tugba.acar12@gmail.com","Tuğba Acar","z","","F20","null","{""Q0"":""Üzülür""}"
"4303.999999999884","","survey-multi-choice","69","886468","0.0-69.0","f11gz","tugba.acar12@gmail.com","Tuğba Acar","z","","Q20","Piyango bileti","{""Q0"":""Piyango bileti""}"
"5227","","survey-multi-choice","70","891702","0.0-70.0","f11gz","tugba.acar12@gmail.com","Tuğba Acar","z","","A12","büyüktür","{""Q0"":""büyüktür""}"
"7297","","survey-multi-choice","71","899005","0.0-71.0","f11gz","tugba.acar12@gmail.com","Tuğba Acar","z","","F18","null","{""Q0"":""Sevinir""}"
"2276","","survey-multi-choice","72","901287","0.0-72.0","f11gz","tugba.acar12@gmail.com","Tuğba Acar","z","","Q18","Çilek","{""Q0"":""Çilek""}"
"7628","","survey-multi-choice","73","908920","0.0-73.0","f11gz","tugba.acar12@gmail.com","Tuğba Acar","z","","A16","küçüktür","{""Q0"":""küçüktür""}"
