"rt","url","trial_type","trial_index","time_elapsed","internal_node_id","subject","subject_email","subject_name","group","view_history","id","correct","responses"
"34349.00000000001","resources/welcome.html","external-html","0","34376","0.0-0.0","nfrzc","goksinh99@ gmail.com","Hatice Nur Gökşin","b","","","",""
"2526.9999999999927","","instructions","1","36907","0.0-1.0","nfrzc","goksinh99@ gmail.com","Hatice Nur Gökşin","b","[{""page_index"":0,""viewing_time"":2524.9999999999927}]","","",""
"11327","","survey-multi-choice","2","48243","0.0-2.0","nfrzc","goksinh99@ gmail.com","Hatice Nur Gökşin","b","","F07","null","{""Q0"":""Üzülür""}"
"5155","","survey-multi-choice","3","53405","0.0-3.0","nfrzc","goksinh99@ gmail.com","Hatice Nur Gökşin","b","","Q07","Kardan adam","{""Q0"":""Kardan adam""}"
"27495","","survey-multi-choice","4","80906","0.0-4.0","nfrzc","goksinh99@ gmail.com","Hatice Nur Gökşin","b","","A08","küçüktür","{""Q0"":""küçüktür""}"
"17663","","survey-multi-choice","5","98576","0.0-5.0","nfrzc","goksinh99@ gmail.com","Hatice Nur Gökşin","b","","F19","null","{""Q0"":""Sevinir""}"
"3610","","survey-multi-choice","6","102191","0.0-6.0","nfrzc","goksinh99@ gmail.com","Hatice Nur Gökşin","b","","Q19","Fizik","{""Q0"":""Fizik""}"
"3974","","survey-multi-choice","7","106169","0.0-7.0","nfrzc","goksinh99@ gmail.com","Hatice Nur Gökşin","b","","A22","küçüktür","{""Q0"":""küçüktür""}"
"10497","","survey-multi-choice","8","116672","0.0-8.0","nfrzc","goksinh99@ gmail.com","Hatice Nur Gökşin","b","","F21","null","{""Q0"":""Üzülür""}"
"2938.0000000000146","","survey-multi-choice","9","119616","0.0-9.0","nfrzc","goksinh99@ gmail.com","Hatice Nur Gökşin","b","","Q21","Odun","{""Q0"":""Odun""}"
"13573.000000000015","","survey-multi-choice","10","133194","0.0-10.0","nfrzc","goksinh99@ gmail.com","Hatice Nur Gökşin","b","","A13","küçüktür","{""Q0"":""küçüktür""}"
"12018","","survey-multi-choice","11","145219","0.0-11.0","nfrzc","goksinh99@ gmail.com","Hatice Nur Gökşin","b","","C02","null","{""Q0"":""Üzülür""}"
"4924","","survey-multi-choice","12","150148","0.0-12.0","nfrzc","goksinh99@ gmail.com","Hatice Nur Gökşin","b","","Q02","Oyuncak bebek","{""Q0"":""Oyuncak bebek""}"
"11930","","survey-multi-choice","13","162083","0.0-13.0","nfrzc","goksinh99@ gmail.com","Hatice Nur Gökşin","b","","A02","küçüktür","{""Q0"":""küçüktür""}"
"8800.99999999997","","survey-multi-choice","14","170894","0.0-14.0","nfrzc","goksinh99@ gmail.com","Hatice Nur Gökşin","b","","F17","null","{""Q0"":""Sevinir""}"
"3167","","survey-multi-choice","15","174067","0.0-15.0","nfrzc","goksinh99@ gmail.com","Hatice Nur Gökşin","b","","Q17","Öğle yemeği","{""Q0"":""Akşam yemeği""}"
"10967","","survey-multi-choice","16","185041","0.0-16.0","nfrzc","goksinh99@ gmail.com","Hatice Nur Gökşin","b","","A01","küçüktür","{""Q0"":""küçüktür""}"
"7828","","survey-multi-choice","17","192877","0.0-17.0","nfrzc","goksinh99@ gmail.com","Hatice Nur Gökşin","b","","F11","null","{""Q0"":""Üzülür""}"
"3422","","survey-multi-choice","18","196305","0.0-18.0","nfrzc","goksinh99@ gmail.com","Hatice Nur Gökşin","b","","Q11","Ayakkabı","{""Q0"":""Ayakkabı""}"
"9022","","survey-multi-choice","19","205333","0.0-19.0","nfrzc","goksinh99@ gmail.com","Hatice Nur Gökşin","b","","A18","büyüktür","{""Q0"":""büyüktür""}"
"28686","","survey-multi-choice","20","234025","0.0-20.0","nfrzc","goksinh99@ gmail.com","Hatice Nur Gökşin","b","","C04","null","{""Q0"":""Üzülür""}"
"4179","","survey-multi-choice","21","238210","0.0-21.0","nfrzc","goksinh99@ gmail.com","Hatice Nur Gökşin","b","","Q04","Kamp","{""Q0"":""Tatil köyü""}"
"3803","","survey-multi-choice","22","242019","0.0-22.0","nfrzc","goksinh99@ gmail.com","Hatice Nur Gökşin","b","","A14","büyüktür","{""Q0"":""büyüktür""}"
"10885","","survey-multi-choice","23","252909","0.0-23.0","nfrzc","goksinh99@ gmail.com","Hatice Nur Gökşin","b","","F13","null","{""Q0"":""Sevinir""}"
"5163.999999999971","","survey-multi-choice","24","258077","0.0-24.0","nfrzc","goksinh99@ gmail.com","Hatice Nur Gökşin","b","","Q13","Kars","{""Q0"":""Ardahan""}"
"2486","","survey-multi-choice","25","260568","0.0-25.0","nfrzc","goksinh99@ gmail.com","Hatice Nur Gökşin","b","","A20","küçüktür","{""Q0"":""büyüktür""}"
"21228.00000000003","","survey-multi-choice","26","281802","0.0-26.0","nfrzc","goksinh99@ gmail.com","Hatice Nur Gökşin","b","","F15","null","{""Q0"":""Üzülür""}"
"4355","","survey-multi-choice","27","286163","0.0-27.0","nfrzc","goksinh99@ gmail.com","Hatice Nur Gökşin","b","","Q15","Altı","{""Q0"":""Altı""}"
"6098.999999999942","","survey-multi-choice","28","292267","0.0-28.0","nfrzc","goksinh99@ gmail.com","Hatice Nur Gökşin","b","","A07","küçüktür","{""Q0"":""büyüktür""}"
"22182","","survey-multi-choice","29","314455","0.0-29.0","nfrzc","goksinh99@ gmail.com","Hatice Nur Gökşin","b","","F18","null","{""Q0"":""Sevinir""}"
"2545","","survey-multi-choice","30","317005","0.0-30.0","nfrzc","goksinh99@ gmail.com","Hatice Nur Gökşin","b","","Q18","Çilek","{""Q0"":""Çilek""}"
"3529","","survey-multi-choice","31","320540","0.0-31.0","nfrzc","goksinh99@ gmail.com","Hatice Nur Gökşin","b","","A12","büyüktür","{""Q0"":""büyüktür""}"
"9606","","survey-multi-choice","32","330152","0.0-32.0","nfrzc","goksinh99@ gmail.com","Hatice Nur Gökşin","b","","C03","null","{""Q0"":""Sevinir""}"
"3229","","survey-multi-choice","33","333387","0.0-33.0","nfrzc","goksinh99@ gmail.com","Hatice Nur Gökşin","b","","Q03","Ofis","{""Q0"":""Fabrika""}"
"2289","","survey-multi-choice","34","335681","0.0-34.0","nfrzc","goksinh99@ gmail.com","Hatice Nur Gökşin","b","","A03","küçüktür","{""Q0"":""büyüktür""}"
"10013","","survey-multi-choice","35","345699","0.0-35.0","nfrzc","goksinh99@ gmail.com","Hatice Nur Gökşin","b","","F08","null","{""Q0"":""Üzülür""}"
"4634","","survey-multi-choice","36","350338","0.0-36.0","nfrzc","goksinh99@ gmail.com","Hatice Nur Gökşin","b","","Q08","Tenis","{""Q0"":""Sırıkla atlama""}"
"3704.000000000058","","survey-multi-choice","37","354048","0.0-37.0","nfrzc","goksinh99@ gmail.com","Hatice Nur Gökşin","b","","A04","büyüktür","{""Q0"":""büyüktür""}"
"10158","","survey-multi-choice","38","364211","0.0-38.0","nfrzc","goksinh99@ gmail.com","Hatice Nur Gökşin","b","","F09","null","{""Q0"":""Sevinir""}"
"3746","","survey-multi-choice","39","367963","0.0-39.0","nfrzc","goksinh99@ gmail.com","Hatice Nur Gökşin","b","","Q09","Yemekhane","{""Q0"":""Yemekhane""}"
"2977","","survey-multi-choice","40","370946","0.0-40.0","nfrzc","goksinh99@ gmail.com","Hatice Nur Gökşin","b","","A11","büyüktür","{""Q0"":""büyüktür""}"
"6629","","survey-multi-choice","41","377581","0.0-41.0","nfrzc","goksinh99@ gmail.com","Hatice Nur Gökşin","b","","F24","null","{""Q0"":""Sevinir""}"
"2809","","survey-multi-choice","42","380395","0.0-42.0","nfrzc","goksinh99@ gmail.com","Hatice Nur Gökşin","b","","Q24","Tokyo","{""Q0"":""Tokyo""}"
"3080","","survey-multi-choice","43","383479","0.0-43.0","nfrzc","goksinh99@ gmail.com","Hatice Nur Gökşin","b","","A09","küçüktür","{""Q0"":""büyüktür""}"
"7331","","survey-multi-choice","44","390816","0.0-44.0","nfrzc","goksinh99@ gmail.com","Hatice Nur Gökşin","b","","C01","null","{""Q0"":""Sevinir""}"
"2161","","survey-multi-choice","45","392982","0.0-45.0","nfrzc","goksinh99@ gmail.com","Hatice Nur Gökşin","b","","Q01","Arda","{""Q0"":""Arda""}"
"2799","","survey-multi-choice","46","395787","0.0-46.0","nfrzc","goksinh99@ gmail.com","Hatice Nur Gökşin","b","","A19","büyüktür","{""Q0"":""büyüktür""}"
"8997.999999999942","","survey-multi-choice","47","404790","0.0-47.0","nfrzc","goksinh99@ gmail.com","Hatice Nur Gökşin","b","","F10","null","{""Q0"":""Sevinir""}"
"2991","","survey-multi-choice","48","407788","0.0-48.0","nfrzc","goksinh99@ gmail.com","Hatice Nur Gökşin","b","","Q10","Yüksek lisans","{""Q0"":""Yüksek lisans""}"
"2720","","survey-multi-choice","49","410514","0.0-49.0","nfrzc","goksinh99@ gmail.com","Hatice Nur Gökşin","b","","A16","küçüktür","{""Q0"":""büyüktür""}"
"11001","","survey-multi-choice","50","421520","0.0-50.0","nfrzc","goksinh99@ gmail.com","Hatice Nur Gökşin","b","","F22","null","{""Q0"":""Sevinir""}"
"46565","","survey-multi-choice","51","468167","0.0-51.0","nfrzc","goksinh99@ gmail.com","Hatice Nur Gökşin","b","","Q22","Yoğun","{""Q0"":""Yoğun""}"
"7986","","survey-multi-choice","52","476160","0.0-52.0","nfrzc","goksinh99@ gmail.com","Hatice Nur Gökşin","b","","A06","büyüktür","{""Q0"":""büyüktür""}"
"8208.999999999942","","survey-multi-choice","53","484374","0.0-53.0","nfrzc","goksinh99@ gmail.com","Hatice Nur Gökşin","b","","C05","null","{""Q0"":""Sevinir""}"
"3949","","survey-multi-choice","54","488330","0.0-54.0","nfrzc","goksinh99@ gmail.com","Hatice Nur Gökşin","b","","Q05","Matematik","{""Q0"":""Fizik""}"
"14100","","survey-multi-choice","55","502438","0.0-55.0","nfrzc","goksinh99@ gmail.com","Hatice Nur Gökşin","b","","A17","küçüktür","{""Q0"":""küçüktür""}"
"8634.000000000058","","survey-multi-choice","56","511079","0.0-56.0","nfrzc","goksinh99@ gmail.com","Hatice Nur Gökşin","b","","F16","null","{""Q0"":""Sevinir""}"
"2785","","survey-multi-choice","57","513871","0.0-57.0","nfrzc","goksinh99@ gmail.com","Hatice Nur Gökşin","b","","Q16","Kafe","{""Q0"":""Kafe""}"
"34492.99999999994","","survey-multi-choice","58","548370","0.0-58.0","nfrzc","goksinh99@ gmail.com","Hatice Nur Gökşin","b","","A15","büyüktür","{""Q0"":""küçüktür""}"
"16472","","survey-multi-choice","59","564847","0.0-59.0","nfrzc","goksinh99@ gmail.com","Hatice Nur Gökşin","b","","F14","null","{""Q0"":""Sevinir""}"
"4585.999999999884","","survey-multi-choice","60","569440","0.0-60.0","nfrzc","goksinh99@ gmail.com","Hatice Nur Gökşin","b","","Q14","Birinci","{""Q0"":""Birinci""}"
"10776","","survey-multi-choice","61","580221","0.0-61.0","nfrzc","goksinh99@ gmail.com","Hatice Nur Gökşin","b","","A24","büyüktür","{""Q0"":""büyüktür""}"
"10843","","survey-multi-choice","62","591070","0.0-62.0","nfrzc","goksinh99@ gmail.com","Hatice Nur Gökşin","b","","C06","null","{""Q0"":""Üzülür""}"
"5368","","survey-multi-choice","63","596444","0.0-63.0","nfrzc","goksinh99@ gmail.com","Hatice Nur Gökşin","b","","Q06","Müdür","{""Q0"":""Müdür""}"
"17755","","survey-multi-choice","64","614204","0.0-64.0","nfrzc","goksinh99@ gmail.com","Hatice Nur Gökşin","b","","A05","küçüktür","{""Q0"":""küçüktür""}"
"14409","","survey-multi-choice","65","628619","0.0-65.0","nfrzc","goksinh99@ gmail.com","Hatice Nur Gökşin","b","","F23","null","{""Q0"":""Üzülür""}"
"3539","","survey-multi-choice","66","632163","0.0-66.0","nfrzc","goksinh99@ gmail.com","Hatice Nur Gökşin","b","","Q23","Çarpışan arabalar","{""Q0"":""Çarpışan arabalar""}"
"5096","","survey-multi-choice","67","637265","0.0-67.0","nfrzc","goksinh99@ gmail.com","Hatice Nur Gökşin","b","","A21","büyüktür","{""Q0"":""büyüktür""}"
"9468","","survey-multi-choice","68","646738","0.0-68.0","nfrzc","goksinh99@ gmail.com","Hatice Nur Gökşin","b","","F20","null","{""Q0"":""Sevinir""}"
"6888","","survey-multi-choice","69","653632","0.0-69.0","nfrzc","goksinh99@ gmail.com","Hatice Nur Gökşin","b","","Q20","Piyango bileti","{""Q0"":""Cüzdan""}"
"8087.000000000116","","survey-multi-choice","70","661723","0.0-70.0","nfrzc","goksinh99@ gmail.com","Hatice Nur Gökşin","b","","A10","büyüktür","{""Q0"":""büyüktür""}"
"6304.999999999884","","survey-multi-choice","71","668033","0.0-71.0","nfrzc","goksinh99@ gmail.com","Hatice Nur Gökşin","b","","F12","null","{""Q0"":""Sevinir""}"
"5587","","survey-multi-choice","72","673626","0.0-72.0","nfrzc","goksinh99@ gmail.com","Hatice Nur Gökşin","b","","Q12","Para biriktirmek","{""Q0"":""Para biriktirmek""}"
"4756","","survey-multi-choice","73","678388","0.0-73.0","nfrzc","goksinh99@ gmail.com","Hatice Nur Gökşin","b","","A23","büyüktür","{""Q0"":""büyüktür""}"
