"rt","url","trial_type","trial_index","time_elapsed","internal_node_id","subject","subject_email","subject_name","group","view_history","id","correct","responses"
"62819","resources/welcome.html","external-html","0","62840","0.0-0.0","wc6nx","edanurkarakocx@gmail.com","Eda Nur Karakoç","b","","","",""
"22905.000000000015","","instructions","1","85749","0.0-1.0","wc6nx","edanurkarakocx@gmail.com","Eda Nur Karakoç","b","[{""page_index"":0,""viewing_time"":22904}]","","",""
"11458","","survey-multi-choice","2","97215","0.0-2.0","wc6nx","edanurkarakocx@gmail.com","Eda Nur Karakoç","b","","F12","null","{""Q0"":""Sevinir""}"
"7988","","survey-multi-choice","3","105210","0.0-3.0","wc6nx","edanurkarakocx@gmail.com","Eda Nur Karakoç","b","","Q12","Para biriktirmek","{""Q0"":""Para biriktirmek""}"
"8675","","survey-multi-choice","4","113890","0.0-4.0","wc6nx","edanurkarakocx@gmail.com","Eda Nur Karakoç","b","","A17","küçüktür","{""Q0"":""büyüktür""}"
"12561","","survey-multi-choice","5","126456","0.0-5.0","wc6nx","edanurkarakocx@gmail.com","Eda Nur Karakoç","b","","F18","null","{""Q0"":""Sevinir""}"
"3595.9999999999854","","survey-multi-choice","6","130059","0.0-6.0","wc6nx","edanurkarakocx@gmail.com","Eda Nur Karakoç","b","","Q18","Çilek","{""Q0"":""Çilek""}"
"4680","","survey-multi-choice","7","134745","0.0-7.0","wc6nx","edanurkarakocx@gmail.com","Eda Nur Karakoç","b","","A04","büyüktür","{""Q0"":""büyüktür""}"
"12211","","survey-multi-choice","8","146961","0.0-8.0","wc6nx","edanurkarakocx@gmail.com","Eda Nur Karakoç","b","","F10","null","{""Q0"":""Sevinir""}"
"9112","","survey-multi-choice","9","156079","0.0-9.0","wc6nx","edanurkarakocx@gmail.com","Eda Nur Karakoç","b","","Q10","Yüksek lisans","{""Q0"":""Lisans""}"
"4975.000000000029","","survey-multi-choice","10","161060","0.0-10.0","wc6nx","edanurkarakocx@gmail.com","Eda Nur Karakoç","b","","A23","büyüktür","{""Q0"":""küçüktür""}"
"14763.99999999997","","survey-multi-choice","11","175829","0.0-11.0","wc6nx","edanurkarakocx@gmail.com","Eda Nur Karakoç","b","","C03","null","{""Q0"":""Üzülür""}"
"5280","","survey-multi-choice","12","181116","0.0-12.0","wc6nx","edanurkarakocx@gmail.com","Eda Nur Karakoç","b","","Q03","Ofis","{""Q0"":""Ofis""}"
"6097","","survey-multi-choice","13","187215","0.0-13.0","wc6nx","edanurkarakocx@gmail.com","Eda Nur Karakoç","b","","A05","küçüktür","{""Q0"":""büyüktür""}"
"12439.00000000003","","survey-multi-choice","14","199661","0.0-14.0","wc6nx","edanurkarakocx@gmail.com","Eda Nur Karakoç","b","","F11","null","{""Q0"":""Üzülür""}"
"3137.999999999971","","survey-multi-choice","15","202804","0.0-15.0","wc6nx","edanurkarakocx@gmail.com","Eda Nur Karakoç","b","","Q11","Ayakkabı","{""Q0"":""Ayakkabı""}"
"5073","","survey-multi-choice","16","207881","0.0-16.0","wc6nx","edanurkarakocx@gmail.com","Eda Nur Karakoç","b","","A10","büyüktür","{""Q0"":""büyüktür""}"
"9744","","survey-multi-choice","17","217630","0.0-17.0","wc6nx","edanurkarakocx@gmail.com","Eda Nur Karakoç","b","","F24","null","{""Q0"":""Sevinir""}"
"3411.000000000029","","survey-multi-choice","18","221047","0.0-18.0","wc6nx","edanurkarakocx@gmail.com","Eda Nur Karakoç","b","","Q24","Tokyo","{""Q0"":""Tokyo""}"
"8780","","survey-multi-choice","19","229834","0.0-19.0","wc6nx","edanurkarakocx@gmail.com","Eda Nur Karakoç","b","","A09","küçüktür","{""Q0"":""büyüktür""}"
"12058","","survey-multi-choice","20","241900","0.0-20.0","wc6nx","edanurkarakocx@gmail.com","Eda Nur Karakoç","b","","C02","null","{""Q0"":""Üzülür""}"
"2912","","survey-multi-choice","21","244818","0.0-21.0","wc6nx","edanurkarakocx@gmail.com","Eda Nur Karakoç","b","","Q02","Oyuncak bebek","{""Q0"":""Oyuncak bebek""}"
"2944","","survey-multi-choice","22","247767","0.0-22.0","wc6nx","edanurkarakocx@gmail.com","Eda Nur Karakoç","b","","A11","büyüktür","{""Q0"":""büyüktür""}"
"7296.000000000029","","survey-multi-choice","23","255068","0.0-23.0","wc6nx","edanurkarakocx@gmail.com","Eda Nur Karakoç","b","","F23","null","{""Q0"":""Üzülür""}"
"4343.000000000029","","survey-multi-choice","24","259417","0.0-24.0","wc6nx","edanurkarakocx@gmail.com","Eda Nur Karakoç","b","","Q23","Çarpışan arabalar","{""Q0"":""Çarpışan arabalar""}"
"3492.999999999971","","survey-multi-choice","25","262915","0.0-25.0","wc6nx","edanurkarakocx@gmail.com","Eda Nur Karakoç","b","","A20","küçüktür","{""Q0"":""küçüktür""}"
"7984","","survey-multi-choice","26","270904","0.0-26.0","wc6nx","edanurkarakocx@gmail.com","Eda Nur Karakoç","b","","F07","null","{""Q0"":""Üzülür""}"
"4226","","survey-multi-choice","27","275137","0.0-27.0","wc6nx","edanurkarakocx@gmail.com","Eda Nur Karakoç","b","","Q07","Kardan adam","{""Q0"":""Kartopu savaşı""}"
"8773","","survey-multi-choice","28","283916","0.0-28.0","wc6nx","edanurkarakocx@gmail.com","Eda Nur Karakoç","b","","A03","küçüktür","{""Q0"":""büyüktür""}"
"23050","","survey-multi-choice","29","306972","0.0-29.0","wc6nx","edanurkarakocx@gmail.com","Eda Nur Karakoç","b","","F17","null","{""Q0"":""Üzülür""}"
"4746.999999999942","","survey-multi-choice","30","311726","0.0-30.0","wc6nx","edanurkarakocx@gmail.com","Eda Nur Karakoç","b","","Q17","Öğle yemeği","{""Q0"":""Akşam yemeği""}"
"5042","","survey-multi-choice","31","316774","0.0-31.0","wc6nx","edanurkarakocx@gmail.com","Eda Nur Karakoç","b","","A07","küçüktür","{""Q0"":""küçüktür""}"
"11960.000000000058","","survey-multi-choice","32","328741","0.0-32.0","wc6nx","edanurkarakocx@gmail.com","Eda Nur Karakoç","b","","C06","null","{""Q0"":""Üzülür""}"
"3903","","survey-multi-choice","33","332653","0.0-33.0","wc6nx","edanurkarakocx@gmail.com","Eda Nur Karakoç","b","","Q06","Müdür","{""Q0"":""Müdür""}"
"4480","","survey-multi-choice","34","337137","0.0-34.0","wc6nx","edanurkarakocx@gmail.com","Eda Nur Karakoç","b","","A21","büyüktür","{""Q0"":""büyüktür""}"
"35716","","survey-multi-choice","35","372859","0.0-35.0","wc6nx","edanurkarakocx@gmail.com","Eda Nur Karakoç","b","","F22","null","{""Q0"":""Sevinir""}"
"3358.999999999942","","survey-multi-choice","36","376225","0.0-36.0","wc6nx","edanurkarakocx@gmail.com","Eda Nur Karakoç","b","","Q22","Yoğun","{""Q0"":""Yoğun""}"
"3958","","survey-multi-choice","37","380188","0.0-37.0","wc6nx","edanurkarakocx@gmail.com","Eda Nur Karakoç","b","","A08","küçüktür","{""Q0"":""küçüktür""}"
"7914","","survey-multi-choice","38","388110","0.0-38.0","wc6nx","edanurkarakocx@gmail.com","Eda Nur Karakoç","b","","F08","null","{""Q0"":""Üzülür""}"
"3442","","survey-multi-choice","39","391558","0.0-39.0","wc6nx","edanurkarakocx@gmail.com","Eda Nur Karakoç","b","","Q08","Tenis","{""Q0"":""Tenis""}"
"3293","","survey-multi-choice","40","394858","0.0-40.0","wc6nx","edanurkarakocx@gmail.com","Eda Nur Karakoç","b","","A16","küçüktür","{""Q0"":""büyüktür""}"
"8099","","survey-multi-choice","41","402963","0.0-41.0","wc6nx","edanurkarakocx@gmail.com","Eda Nur Karakoç","b","","F19","null","{""Q0"":""Üzülür""}"
"3074","","survey-multi-choice","42","406045","0.0-42.0","wc6nx","edanurkarakocx@gmail.com","Eda Nur Karakoç","b","","Q19","Fizik","{""Q0"":""Fizik""}"
"2976.999999999942","","survey-multi-choice","43","409028","0.0-43.0","wc6nx","edanurkarakocx@gmail.com","Eda Nur Karakoç","b","","A22","küçüktür","{""Q0"":""büyüktür""}"
"11813","","survey-multi-choice","44","420846","0.0-44.0","wc6nx","edanurkarakocx@gmail.com","Eda Nur Karakoç","b","","C01","null","{""Q0"":""Sevinir""}"
"2645","","survey-multi-choice","45","423497","0.0-45.0","wc6nx","edanurkarakocx@gmail.com","Eda Nur Karakoç","b","","Q01","Arda","{""Q0"":""Arda""}"
"3629","","survey-multi-choice","46","427130","0.0-46.0","wc6nx","edanurkarakocx@gmail.com","Eda Nur Karakoç","b","","A14","büyüktür","{""Q0"":""küçüktür""}"
"12058","","survey-multi-choice","47","439195","0.0-47.0","wc6nx","edanurkarakocx@gmail.com","Eda Nur Karakoç","b","","F13","null","{""Q0"":""Sevinir""}"
"2845","","survey-multi-choice","48","442046","0.0-48.0","wc6nx","edanurkarakocx@gmail.com","Eda Nur Karakoç","b","","Q13","Kars","{""Q0"":""Kars""}"
"3343","","survey-multi-choice","49","445395","0.0-49.0","wc6nx","edanurkarakocx@gmail.com","Eda Nur Karakoç","b","","A06","büyüktür","{""Q0"":""küçüktür""}"
"10096","","survey-multi-choice","50","455495","0.0-50.0","wc6nx","edanurkarakocx@gmail.com","Eda Nur Karakoç","b","","F20","null","{""Q0"":""Sevinir""}"
"3078.999999999942","","survey-multi-choice","51","458581","0.0-51.0","wc6nx","edanurkarakocx@gmail.com","Eda Nur Karakoç","b","","Q20","Piyango bileti","{""Q0"":""Piyango bileti""}"
"4246","","survey-multi-choice","52","462833","0.0-52.0","wc6nx","edanurkarakocx@gmail.com","Eda Nur Karakoç","b","","A13","küçüktür","{""Q0"":""büyüktür""}"
"8656.999999999942","","survey-multi-choice","53","471497","0.0-53.0","wc6nx","edanurkarakocx@gmail.com","Eda Nur Karakoç","b","","C05","null","{""Q0"":""Sevinir""}"
"6930","","survey-multi-choice","54","478433","0.0-54.0","wc6nx","edanurkarakocx@gmail.com","Eda Nur Karakoç","b","","Q05","Matematik","{""Q0"":""Matematik""}"
"4593","","survey-multi-choice","55","483033","0.0-55.0","wc6nx","edanurkarakocx@gmail.com","Eda Nur Karakoç","b","","A02","küçüktür","{""Q0"":""büyüktür""}"
"22809.00000000006","","survey-multi-choice","56","505848","0.0-56.0","wc6nx","edanurkarakocx@gmail.com","Eda Nur Karakoç","b","","F14","null","{""Q0"":""Üzülür""}"
"4180","","survey-multi-choice","57","510033","0.0-57.0","wc6nx","edanurkarakocx@gmail.com","Eda Nur Karakoç","b","","Q14","Birinci","{""Q0"":""İkinci""}"
"10645.000000000058","","survey-multi-choice","58","520683","0.0-58.0","wc6nx","edanurkarakocx@gmail.com","Eda Nur Karakoç","b","","A24","büyüktür","{""Q0"":""küçüktür""}"
"11052.000000000058","","survey-multi-choice","59","531740","0.0-59.0","wc6nx","edanurkarakocx@gmail.com","Eda Nur Karakoç","b","","F16","null","{""Q0"":""Sevinir""}"
"3371","","survey-multi-choice","60","535117","0.0-60.0","wc6nx","edanurkarakocx@gmail.com","Eda Nur Karakoç","b","","Q16","Kafe","{""Q0"":""Kafe""}"
"5406","","survey-multi-choice","61","540528","0.0-61.0","wc6nx","edanurkarakocx@gmail.com","Eda Nur Karakoç","b","","A15","büyüktür","{""Q0"":""küçüktür""}"
"8603","","survey-multi-choice","62","549135","0.0-62.0","wc6nx","edanurkarakocx@gmail.com","Eda Nur Karakoç","b","","C04","null","{""Q0"":""Üzülür""}"
"2195","","survey-multi-choice","63","551336","0.0-63.0","wc6nx","edanurkarakocx@gmail.com","Eda Nur Karakoç","b","","Q04","Kamp","{""Q0"":""Kamp""}"
"4680","","survey-multi-choice","64","556021","0.0-64.0","wc6nx","edanurkarakocx@gmail.com","Eda Nur Karakoç","b","","A18","büyüktür","{""Q0"":""küçüktür""}"
"11759","","survey-multi-choice","65","567785","0.0-65.0","wc6nx","edanurkarakocx@gmail.com","Eda Nur Karakoç","b","","F15","null","{""Q0"":""Üzülür""}"
"3463","","survey-multi-choice","66","571254","0.0-66.0","wc6nx","edanurkarakocx@gmail.com","Eda Nur Karakoç","b","","Q15","Altı","{""Q0"":""Altı""}"
"4396","","survey-multi-choice","67","575655","0.0-67.0","wc6nx","edanurkarakocx@gmail.com","Eda Nur Karakoç","b","","A01","küçüktür","{""Q0"":""büyüktür""}"
"7563","","survey-multi-choice","68","583223","0.0-68.0","wc6nx","edanurkarakocx@gmail.com","Eda Nur Karakoç","b","","F21","null","{""Q0"":""Üzülür""}"
"7596","","survey-multi-choice","69","590824","0.0-69.0","wc6nx","edanurkarakocx@gmail.com","Eda Nur Karakoç","b","","Q21","Odun","{""Q0"":""Odun""}"
"5115","","survey-multi-choice","70","595959","0.0-70.0","wc6nx","edanurkarakocx@gmail.com","Eda Nur Karakoç","b","","A19","büyüktür","{""Q0"":""küçüktür""}"
"18440","","survey-multi-choice","71","614405","0.0-71.0","wc6nx","edanurkarakocx@gmail.com","Eda Nur Karakoç","b","","F09","null","{""Q0"":""Sevinir""}"
"4864","","survey-multi-choice","72","619275","0.0-72.0","wc6nx","edanurkarakocx@gmail.com","Eda Nur Karakoç","b","","Q09","Yemekhane","{""Q0"":""Yemekhane""}"
"4426","","survey-multi-choice","73","623706","0.0-73.0","wc6nx","edanurkarakocx@gmail.com","Eda Nur Karakoç","b","","A12","büyüktür","{""Q0"":""büyüktür""}"
