"rt","url","trial_type","trial_index","time_elapsed","internal_node_id","subject","subject_email","subject_name","group","view_history","id","correct","responses"
"48742.200000000594","resources/welcome.html","external-html","0","48940","0.0-0.0","qpoq6","aylin-sena@hotmail.com ","Aylin Sena Erol","d","","","",""
"22118.799999996554","","instructions","1","71070","0.0-1.0","qpoq6","aylin-sena@hotmail.com ","Aylin Sena Erol","d","[{""page_index"":0,""viewing_time"":22113.299999997253}]","","",""
"24072.199999995064","","survey-multi-choice","2","95170","0.0-2.0","qpoq6","aylin-sena@hotmail.com ","Aylin Sena Erol","d","","F15","null","{""Q0"":""Sevinir""}"
"6134.099999995669","","survey-multi-choice","3","101331","0.0-3.0","qpoq6","aylin-sena@hotmail.com ","Aylin Sena Erol","d","","Q15","Altı","{""Q0"":""Altı""}"
"32404.00000000227","","survey-multi-choice","4","133756","0.0-4.0","qpoq6","aylin-sena@hotmail.com ","Aylin Sena Erol","d","","A07","küçüktür","{""Q0"":""küçüktür""}"
"30060.199999999895","","survey-multi-choice","5","163834","0.0-5.0","qpoq6","aylin-sena@hotmail.com ","Aylin Sena Erol","d","","F08","null","{""Q0"":""Sevinir""}"
"21015.20000000164","","survey-multi-choice","6","184867","0.0-6.0","qpoq6","aylin-sena@hotmail.com ","Aylin Sena Erol","d","","Q08","Tenis","{""Q0"":""Tenis""}"
"17470.000000001164","","survey-multi-choice","7","202355","0.0-7.0","qpoq6","aylin-sena@hotmail.com ","Aylin Sena Erol","d","","A11","büyüktür","{""Q0"":""büyüktür""}"
"20237.00000000099","","survey-multi-choice","8","222606","0.0-8.0","qpoq6","aylin-sena@hotmail.com ","Aylin Sena Erol","d","","F21","null","{""Q0"":""Üzülür""}"
"10584.900000001653","","survey-multi-choice","9","233205","0.0-9.0","qpoq6","aylin-sena@hotmail.com ","Aylin Sena Erol","d","","Q21","Odun","{""Q0"":""Odun""}"
"33467.99999999348","","survey-multi-choice","10","266688","0.0-10.0","qpoq6","aylin-sena@hotmail.com ","Aylin Sena Erol","d","","A22","küçüktür","{""Q0"":""küçüktür""}"
"19150.99999999802","","survey-multi-choice","11","285857","0.0-11.0","qpoq6","aylin-sena@hotmail.com ","Aylin Sena Erol","d","","C06","null","{""Q0"":""Üzülür""}"
"6441.199999993842","","survey-multi-choice","12","292313","0.0-12.0","qpoq6","aylin-sena@hotmail.com ","Aylin Sena Erol","d","","Q06","Müdür","{""Q0"":""Müdür""}"
"42768.199999998615","","survey-multi-choice","13","335100","0.0-13.0","qpoq6","aylin-sena@hotmail.com ","Aylin Sena Erol","d","","A15","büyüktür","{""Q0"":""büyüktür""}"
"28708.299999998417","","survey-multi-choice","14","363832","0.0-14.0","qpoq6","aylin-sena@hotmail.com ","Aylin Sena Erol","d","","F07","null","{""Q0"":""Üzülür""}"
"5122.600000002421","","survey-multi-choice","15","369013","0.0-15.0","qpoq6","aylin-sena@hotmail.com ","Aylin Sena Erol","d","","Q07","Kardan adam","{""Q0"":""Kardan adam""}"
"30687.599999997474","","survey-multi-choice","16","399712","0.0-16.0","qpoq6","aylin-sena@hotmail.com ","Aylin Sena Erol","d","","A13","küçüktür","{""Q0"":""küçüktür""}"
"32016.799999997602","","survey-multi-choice","17","431744","0.0-17.0","qpoq6","aylin-sena@hotmail.com ","Aylin Sena Erol","d","","F16","null","{""Q0"":""Üzülür""}"
"3134.0999999956694","","survey-multi-choice","18","434893","0.0-18.0","qpoq6","aylin-sena@hotmail.com ","Aylin Sena Erol","d","","Q16","Kafe","{""Q0"":""Kafe""}"
"20974.39999999915","","survey-multi-choice","19","455882","0.0-19.0","qpoq6","aylin-sena@hotmail.com ","Aylin Sena Erol","d","","A05","küçüktür","{""Q0"":""küçüktür""}"
"18607.79999999795","","survey-multi-choice","20","474502","0.0-20.0","qpoq6","aylin-sena@hotmail.com ","Aylin Sena Erol","d","","C02","null","{""Q0"":""Sevinir""}"
"4188.199999996868","","survey-multi-choice","21","478708","0.0-21.0","qpoq6","aylin-sena@hotmail.com ","Aylin Sena Erol","d","","Q02","Oyuncak bebek","{""Q0"":""Oyuncak bebek""}"
"12132.400000002235","","survey-multi-choice","22","490853","0.0-22.0","qpoq6","aylin-sena@hotmail.com ","Aylin Sena Erol","d","","A19","büyüktür","{""Q0"":""büyüktür""}"
"13091.39999999752","","survey-multi-choice","23","503963","0.0-23.0","qpoq6","aylin-sena@hotmail.com ","Aylin Sena Erol","d","","F20","null","{""Q0"":""Üzülür""}"
"5214.9999999965075","","survey-multi-choice","24","509192","0.0-24.0","qpoq6","aylin-sena@hotmail.com ","Aylin Sena Erol","d","","Q20","Piyango bileti","{""Q0"":""Piyango bileti""}"
"13134.500000000116","","survey-multi-choice","25","522343","0.0-25.0","qpoq6","aylin-sena@hotmail.com ","Aylin Sena Erol","d","","A18","büyüktür","{""Q0"":""büyüktür""}"
"15779.600000001665","","survey-multi-choice","26","538136","0.0-26.0","qpoq6","aylin-sena@hotmail.com ","Aylin Sena Erol","d","","F14","null","{""Q0"":""Sevinir""}"
"3649.4000000020023","","survey-multi-choice","27","541800","0.0-27.0","qpoq6","aylin-sena@hotmail.com ","Aylin Sena Erol","d","","Q14","Birinci","{""Q0"":""İkinci""}"
"37685.499999999534","","survey-multi-choice","28","579506","0.0-28.0","qpoq6","aylin-sena@hotmail.com ","Aylin Sena Erol","d","","A10","büyüktür","{""Q0"":""büyüktür""}"
"13398.499999995576","","survey-multi-choice","29","592918","0.0-29.0","qpoq6","aylin-sena@hotmail.com ","Aylin Sena Erol","d","","F22","null","{""Q0"":""Sevinir""}"
"5025.800000003073","","survey-multi-choice","30","597960","0.0-30.0","qpoq6","aylin-sena@hotmail.com ","Aylin Sena Erol","d","","Q22","Yoğun","{""Q0"":""Yoğun""}"
"14444.000000003027","","survey-multi-choice","31","612418","0.0-31.0","qpoq6","aylin-sena@hotmail.com ","Aylin Sena Erol","d","","A04","büyüktür","{""Q0"":""küçüktür""}"
"12023.999999997555","","survey-multi-choice","32","624458","0.0-32.0","qpoq6","aylin-sena@hotmail.com ","Aylin Sena Erol","d","","C05","null","{""Q0"":""Üzülür""}"
"11586.40000000014","","survey-multi-choice","33","636063","0.0-33.0","qpoq6","aylin-sena@hotmail.com ","Aylin Sena Erol","d","","Q05","Matematik","{""Q0"":""Matematik""}"
"29564.89999999758","","survey-multi-choice","34","665640","0.0-34.0","qpoq6","aylin-sena@hotmail.com ","Aylin Sena Erol","d","","A17","küçüktür","{""Q0"":""küçüktür""}"
"11067.199999997742","","survey-multi-choice","35","676724","0.0-35.0","qpoq6","aylin-sena@hotmail.com ","Aylin Sena Erol","d","","F10","null","{""Q0"":""Sevinir""}"
"16444.400000000373","","survey-multi-choice","36","693189","0.0-36.0","qpoq6","aylin-sena@hotmail.com ","Aylin Sena Erol","d","","Q10","Yüksek lisans","{""Q0"":""Yüksek lisans""}"
"3869.699999995646","","survey-multi-choice","37","697074","0.0-37.0","qpoq6","aylin-sena@hotmail.com ","Aylin Sena Erol","d","","A23","büyüktür","{""Q0"":""büyüktür""}"
"31961.999999999534","","survey-multi-choice","38","729048","0.0-38.0","qpoq6","aylin-sena@hotmail.com ","Aylin Sena Erol","d","","F18","null","{""Q0"":""Sevinir""}"
"2514.4000000000233","","survey-multi-choice","39","731577","0.0-39.0","qpoq6","aylin-sena@hotmail.com ","Aylin Sena Erol","d","","Q18","Çilek","{""Q0"":""Çilek""}"
"5793.20000000007","","survey-multi-choice","40","737383","0.0-40.0","qpoq6","aylin-sena@hotmail.com ","Aylin Sena Erol","d","","A09","küçüktür","{""Q0"":""büyüktür""}"
"6836.500000004889","","survey-multi-choice","41","744238","0.0-41.0","qpoq6","aylin-sena@hotmail.com ","Aylin Sena Erol","d","","F23","null","{""Q0"":""Üzülür""}"
"5571.799999997951","","survey-multi-choice","42","749829","0.0-42.0","qpoq6","aylin-sena@hotmail.com ","Aylin Sena Erol","d","","Q23","Çarpışan arabalar","{""Q0"":""Çarpışan arabalar""}"
"7455.900000000838","","survey-multi-choice","43","757297","0.0-43.0","qpoq6","aylin-sena@hotmail.com ","Aylin Sena Erol","d","","A06","büyüktür","{""Q0"":""büyüktür""}"
"17731.399999996996","","survey-multi-choice","44","775043","0.0-44.0","qpoq6","aylin-sena@hotmail.com ","Aylin Sena Erol","d","","C03","null","{""Q0"":""Üzülür""}"
"5264.500000004889","","survey-multi-choice","45","780326","0.0-45.0","qpoq6","aylin-sena@hotmail.com ","Aylin Sena Erol","d","","Q03","Ofis","{""Q0"":""Fabrika""}"
"11059.499999995809","","survey-multi-choice","46","791403","0.0-46.0","qpoq6","aylin-sena@hotmail.com ","Aylin Sena Erol","d","","A12","büyüktür","{""Q0"":""küçüktür""}"
"15996.599999998696","","survey-multi-choice","47","807413","0.0-47.0","qpoq6","aylin-sena@hotmail.com ","Aylin Sena Erol","d","","F19","null","{""Q0"":""Üzülür""}"
"2376.0000000038417","","survey-multi-choice","48","809810","0.0-48.0","qpoq6","aylin-sena@hotmail.com ","Aylin Sena Erol","d","","Q19","Fizik","{""Q0"":""Fizik""}"
"6416.30000000447","","survey-multi-choice","49","816243","0.0-49.0","qpoq6","aylin-sena@hotmail.com ","Aylin Sena Erol","d","","A02","küçüktür","{""Q0"":""büyüktür""}"
"6761.699999995413","","survey-multi-choice","50","823021","0.0-50.0","qpoq6","aylin-sena@hotmail.com ","Aylin Sena Erol","d","","F11","null","{""Q0"":""Üzülür""}"
"2882.20000000007","","survey-multi-choice","51","825920","0.0-51.0","qpoq6","aylin-sena@hotmail.com ","Aylin Sena Erol","d","","Q11","Ayakkabı","{""Q0"":""Ayakkabı""}"
"3233.9999999967404","","survey-multi-choice","52","829167","0.0-52.0","qpoq6","aylin-sena@hotmail.com ","Aylin Sena Erol","d","","A01","küçüktür","{""Q0"":""büyüktür""}"
"10347.000000001513","","survey-multi-choice","53","839535","0.0-53.0","qpoq6","aylin-sena@hotmail.com ","Aylin Sena Erol","d","","C04","null","{""Q0"":""Sevinir""}"
"3304.60000000312","","survey-multi-choice","54","842859","0.0-54.0","qpoq6","aylin-sena@hotmail.com ","Aylin Sena Erol","d","","Q04","Kamp","{""Q0"":""Kamp""}"
"3517.699999996694","","survey-multi-choice","55","846388","0.0-55.0","qpoq6","aylin-sena@hotmail.com ","Aylin Sena Erol","d","","A08","küçüktür","{""Q0"":""küçüktür""}"
"8663.49999999511","","survey-multi-choice","56","855064","0.0-56.0","qpoq6","aylin-sena@hotmail.com ","Aylin Sena Erol","d","","F13","null","{""Q0"":""Sevinir""}"
"6106.299999999581","","survey-multi-choice","57","861188","0.0-57.0","qpoq6","aylin-sena@hotmail.com ","Aylin Sena Erol","d","","Q13","Kars","{""Q0"":""Kars""}"
"7676.599999998929","","survey-multi-choice","58","868880","0.0-58.0","qpoq6","aylin-sena@hotmail.com ","Aylin Sena Erol","d","","A20","küçüktür","{""Q0"":""küçüktür""}"
"11476.399999999674","","survey-multi-choice","59","880368","0.0-59.0","qpoq6","aylin-sena@hotmail.com ","Aylin Sena Erol","d","","F12","null","{""Q0"":""Sevinir""}"
"2820.50000000163","","survey-multi-choice","60","883214","0.0-60.0","qpoq6","aylin-sena@hotmail.com ","Aylin Sena Erol","d","","Q12","Para biriktirmek","{""Q0"":""Para biriktirmek""}"
"5983.99999999674","","survey-multi-choice","61","889219","0.0-61.0","qpoq6","aylin-sena@hotmail.com ","Aylin Sena Erol","d","","A24","büyüktür","{""Q0"":""küçüktür""}"
"7572.599999999395","","survey-multi-choice","62","896806","0.0-62.0","qpoq6","aylin-sena@hotmail.com ","Aylin Sena Erol","d","","C01","null","{""Q0"":""Sevinir""}"
"2916.199999999604","","survey-multi-choice","63","899733","0.0-63.0","qpoq6","aylin-sena@hotmail.com ","Aylin Sena Erol","d","","Q01","Arda","{""Q0"":""Arda""}"
"2125.2000000022817","","survey-multi-choice","64","901878","0.0-64.0","qpoq6","aylin-sena@hotmail.com ","Aylin Sena Erol","d","","A14","büyüktür","{""Q0"":""büyüktür""}"
"7950.199999999371","","survey-multi-choice","65","909849","0.0-65.0","qpoq6","aylin-sena@hotmail.com ","Aylin Sena Erol","d","","F09","null","{""Q0"":""Sevinir""}"
"2774.900000004098","","survey-multi-choice","66","912643","0.0-66.0","qpoq6","aylin-sena@hotmail.com ","Aylin Sena Erol","d","","Q09","Yemekhane","{""Q0"":""Yemekhane""}"
"1446.700000000419","","survey-multi-choice","67","914100","0.0-67.0","qpoq6","aylin-sena@hotmail.com ","Aylin Sena Erol","d","","A16","küçüktür","{""Q0"":""büyüktür""}"
"15566.500000000815","","survey-multi-choice","68","929677","0.0-68.0","qpoq6","aylin-sena@hotmail.com ","Aylin Sena Erol","d","","F17","null","{""Q0"":""Üzülür""}"
"2494.899999997928","","survey-multi-choice","69","932197","0.0-69.0","qpoq6","aylin-sena@hotmail.com ","Aylin Sena Erol","d","","Q17","Öğle yemeği","{""Q0"":""Akşam yemeği""}"
"3421.9999999987194","","survey-multi-choice","70","935633","0.0-70.0","qpoq6","aylin-sena@hotmail.com ","Aylin Sena Erol","d","","A21","büyüktür","{""Q0"":""büyüktür""}"
"37708.900000005146","","survey-multi-choice","71","973357","0.0-71.0","qpoq6","aylin-sena@hotmail.com ","Aylin Sena Erol","d","","F24","null","{""Q0"":""Sevinir""}"
"2819.199999998091","","survey-multi-choice","72","976191","0.0-72.0","qpoq6","aylin-sena@hotmail.com ","Aylin Sena Erol","d","","Q24","Tokyo","{""Q0"":""Tokyo""}"
"2953.7000000055414","","survey-multi-choice","73","979162","0.0-73.0","qpoq6","aylin-sena@hotmail.com ","Aylin Sena Erol","d","","A03","küçüktür","{""Q0"":""büyüktür""}"
