"rt","url","trial_type","trial_index","time_elapsed","internal_node_id","subject","subject_email","subject_name","group","view_history","id","correct","responses"
"29852.155000000494","resources/welcome.html","external-html","0","29973","0.0-0.0","3s8rh","mustafaozaydin3@gmail.com","Mustafa","z","","","",""
"10996.475000007194","","instructions","1","40971","0.0-1.0","3s8rh","mustafaozaydin3@gmail.com","Mustafa","z","[{""page_index"":0,""viewing_time"":10995.890000005602}]","","",""
"14436.830000006012","","survey-multi-choice","2","55411","0.0-2.0","3s8rh","mustafaozaydin3@gmail.com","Mustafa","z","","F11","null","{""Q0"":""Üzülür""}"
"2403.709999998682","","survey-multi-choice","3","57829","0.0-3.0","3s8rh","mustafaozaydin3@gmail.com","Mustafa","z","","Q11","Ayakkabı","{""Q0"":""Ayakkabı""}"
"12058.065000004717","","survey-multi-choice","4","69902","0.0-4.0","3s8rh","mustafaozaydin3@gmail.com","Mustafa","z","","F13","null","{""Q0"":""Sevinir""}"
"1513.0949999875156","","survey-multi-choice","5","71430","0.0-5.0","3s8rh","mustafaozaydin3@gmail.com","Mustafa","z","","Q13","Kars","{""Q0"":""Kars""}"
"33385.77500000247","","survey-multi-choice","6","104830","0.0-6.0","3s8rh","mustafaozaydin3@gmail.com","Mustafa","z","","F14","null","{""Q0"":""Sevinir""}"
"2247.0549999998184","","survey-multi-choice","7","107092","0.0-7.0","3s8rh","mustafaozaydin3@gmail.com","Mustafa","z","","Q14","Birinci","{""Q0"":""İkinci""}"
"17076.895000005607","","survey-multi-choice","8","124184","0.0-8.0","3s8rh","mustafaozaydin3@gmail.com","Mustafa","z","","C04","null","{""Q0"":""Sevinir""}"
"2623.424999997951","","survey-multi-choice","9","126823","0.0-9.0","3s8rh","mustafaozaydin3@gmail.com","Mustafa","z","","Q04","Kamp","{""Q0"":""Kamp""}"
"13291.144999995595","","survey-multi-choice","10","140129","0.0-10.0","3s8rh","mustafaozaydin3@gmail.com","Mustafa","z","","F18","null","{""Q0"":""Sevinir""}"
"1256.889999989653","","survey-multi-choice","11","141401","0.0-11.0","3s8rh","mustafaozaydin3@gmail.com","Mustafa","z","","Q18","Çilek","{""Q0"":""Çilek""}"
"5569.084999995539","","survey-multi-choice","12","146985","0.0-12.0","3s8rh","mustafaozaydin3@gmail.com","Mustafa","z","","F12","null","{""Q0"":""Sevinir""}"
"1653.1700000050478","","survey-multi-choice","13","148653","0.0-13.0","3s8rh","mustafaozaydin3@gmail.com","Mustafa","z","","Q12","Para biriktirmek","{""Q0"":""Para biriktirmek""}"
"12543.0650000053","","survey-multi-choice","14","161210","0.0-14.0","3s8rh","mustafaozaydin3@gmail.com","Mustafa","z","","C02","null","{""Q0"":""Sevinir""}"
"2462.244999987888","","survey-multi-choice","15","163688","0.0-15.0","3s8rh","mustafaozaydin3@gmail.com","Mustafa","z","","Q02","Oyuncak bebek","{""Q0"":""Oyuncak bebek""}"
"13486.844999992172","","survey-multi-choice","16","177190","0.0-16.0","3s8rh","mustafaozaydin3@gmail.com","Mustafa","z","","F20","null","{""Q0"":""Üzülür""}"
"1593.02500000922","","survey-multi-choice","17","178798","0.0-17.0","3s8rh","mustafaozaydin3@gmail.com","Mustafa","z","","Q20","Piyango bileti","{""Q0"":""Piyango bileti""}"
"34557.83499999961","","survey-multi-choice","18","213369","0.0-18.0","3s8rh","mustafaozaydin3@gmail.com","Mustafa","z","","F07","null","{""Q0"":""Üzülür""}"
"3655.3299999941373","","survey-multi-choice","19","217040","0.0-19.0","3s8rh","mustafaozaydin3@gmail.com","Mustafa","z","","Q07","Kardan adam","{""Q0"":""Kardan adam""}"
"14422.135000000708","","survey-multi-choice","20","231476","0.0-20.0","3s8rh","mustafaozaydin3@gmail.com","Mustafa","z","","F21","null","{""Q0"":""Üzülür""}"
"1772.5400000053924","","survey-multi-choice","21","233264","0.0-21.0","3s8rh","mustafaozaydin3@gmail.com","Mustafa","z","","Q21","Odun","{""Q0"":""Odun""}"
"18291.425000003073","","survey-multi-choice","22","251571","0.0-22.0","3s8rh","mustafaozaydin3@gmail.com","Mustafa","z","","C05","null","{""Q0"":""Üzülür""}"
"7525.000000008731","","survey-multi-choice","23","259111","0.0-23.0","3s8rh","mustafaozaydin3@gmail.com","Mustafa","z","","Q05","Matematik","{""Q0"":""Matematik""}"
"40569.60500001151","","survey-multi-choice","24","299695","0.0-24.0","3s8rh","mustafaozaydin3@gmail.com","Mustafa","z","","F19","null","{""Q0"":""Üzülür""}"
"2540.015000005951","","survey-multi-choice","25","302250","0.0-25.0","3s8rh","mustafaozaydin3@gmail.com","Mustafa","z","","Q19","Fizik","{""Q0"":""Fizik""}"
"10233.934999996563","","survey-multi-choice","26","312498","0.0-26.0","3s8rh","mustafaozaydin3@gmail.com","Mustafa","z","","F09","null","{""Q0"":""Sevinir""}"
"3210.7100000139326","","survey-multi-choice","27","315724","0.0-27.0","3s8rh","mustafaozaydin3@gmail.com","Mustafa","z","","Q09","Yemekhane","{""Q0"":""Yemekhane""}"
"9619.650000007823","","survey-multi-choice","28","325359","0.0-28.0","3s8rh","mustafaozaydin3@gmail.com","Mustafa","z","","F24","null","{""Q0"":""Sevinir""}"
"1730.1000000006752","","survey-multi-choice","29","327104","0.0-29.0","3s8rh","mustafaozaydin3@gmail.com","Mustafa","z","","Q24","Tokyo","{""Q0"":""Tokyo""}"
"17432.24999999802","","survey-multi-choice","30","344550","0.0-30.0","3s8rh","mustafaozaydin3@gmail.com","Mustafa","z","","C06","null","{""Q0"":""Sevinir""}"
"3289.7399999928894","","survey-multi-choice","31","347855","0.0-31.0","3s8rh","mustafaozaydin3@gmail.com","Mustafa","z","","Q06","Müdür","{""Q0"":""Müdür""}"
"15155.87499999674","","survey-multi-choice","32","363026","0.0-32.0","3s8rh","mustafaozaydin3@gmail.com","Mustafa","z","","F10","null","{""Q0"":""Sevinir""}"
"2102.8800000058254","","survey-multi-choice","33","365144","0.0-33.0","3s8rh","mustafaozaydin3@gmail.com","Mustafa","z","","Q10","Yüksek lisans","{""Q0"":""Yüksek lisans""}"
"7150.410000002012","","survey-multi-choice","34","372309","0.0-34.0","3s8rh","mustafaozaydin3@gmail.com","Mustafa","z","","F08","null","{""Q0"":""Üzülür""}"
"1498.6400000052527","","survey-multi-choice","35","373822","0.0-35.0","3s8rh","mustafaozaydin3@gmail.com","Mustafa","z","","Q08","Tenis","{""Q0"":""Tenis""}"
"8093.974999996135","","survey-multi-choice","36","381930","0.0-36.0","3s8rh","mustafaozaydin3@gmail.com","Mustafa","z","","C03","null","{""Q0"":""Üzülür""}"
"5036.959999997634","","survey-multi-choice","37","386983","0.0-37.0","3s8rh","mustafaozaydin3@gmail.com","Mustafa","z","","Q03","Ofis","{""Q0"":""Ofis""}"
"13757.060000003548","","survey-multi-choice","38","400755","0.0-38.0","3s8rh","mustafaozaydin3@gmail.com","Mustafa","z","","F17","null","{""Q0"":""Üzülür""}"
"2230.2750000089873","","survey-multi-choice","39","403000","0.0-39.0","3s8rh","mustafaozaydin3@gmail.com","Mustafa","z","","Q17","Öğle yemeği","{""Q0"":""Akşam yemeği""}"
"10449.364999993122","","survey-multi-choice","40","413464","0.0-40.0","3s8rh","mustafaozaydin3@gmail.com","Mustafa","z","","F15","null","{""Q0"":""Üzülür""}"
"2394.899999999325","","survey-multi-choice","41","415874","0.0-41.0","3s8rh","mustafaozaydin3@gmail.com","Mustafa","z","","Q15","Altı","{""Q0"":""Altı""}"
"25713.569999992615","","survey-multi-choice","42","441602","0.0-42.0","3s8rh","mustafaozaydin3@gmail.com","Mustafa","z","","C01","null","{""Q0"":""Üzülür""}"
"1846.4750000130152","","survey-multi-choice","43","443464","0.0-43.0","3s8rh","mustafaozaydin3@gmail.com","Mustafa","z","","Q01","Arda","{""Q0"":""Arda""}"
"7981.289999996079","","survey-multi-choice","44","451462","0.0-44.0","3s8rh","mustafaozaydin3@gmail.com","Mustafa","z","","F23","null","{""Q0"":""Üzülür""}"
"1623.074999995879","","survey-multi-choice","45","453105","0.0-45.0","3s8rh","mustafaozaydin3@gmail.com","Mustafa","z","","Q23","Çarpışan arabalar","{""Q0"":""Çarpışan arabalar""}"
"12066.3099999947","","survey-multi-choice","46","465186","0.0-46.0","3s8rh","mustafaozaydin3@gmail.com","Mustafa","z","","F16","null","{""Q0"":""Sevinir""}"
"1270.715000006021","","survey-multi-choice","47","466472","0.0-47.0","3s8rh","mustafaozaydin3@gmail.com","Mustafa","z","","Q16","Kafe","{""Q0"":""Kafe""}"
"11434.110000001965","","survey-multi-choice","48","477921","0.0-48.0","3s8rh","mustafaozaydin3@gmail.com","Mustafa","z","","F22","null","{""Q0"":""Sevinir""}"
"2293.985000011162","","survey-multi-choice","49","480230","0.0-49.0","3s8rh","mustafaozaydin3@gmail.com","Mustafa","z","","Q22","Yoğun","{""Q0"":""Yoğun""}"
"201753.56500000635","","instructions","50","682002","0.0-50.0","3s8rh","mustafaozaydin3@gmail.com","Mustafa","z","[{""page_index"":0,""viewing_time"":201753.07000000612}]","","",""
