"rt","url","trial_type","trial_index","time_elapsed","internal_node_id","subject","subject_email","subject_name","group","view_history","id","correct","responses"
"2155642","resources/welcome.html","external-html","0","2155664","0.0-0.0","n7l78","m.ozan.alpay@gmail.com","mustafa ozan alpay","z","","","",""
"7192","","instructions","1","2162859","0.0-1.0","n7l78","m.ozan.alpay@gmail.com","mustafa ozan alpay","z","[{""page_index"":0,""viewing_time"":7191}]","","",""
"17875","","survey-multi-choice","2","2180745","0.0-2.0","n7l78","m.ozan.alpay@gmail.com","mustafa ozan alpay","z","","F12","null","{""Q0"":""Sevinir""}"
"3604","","survey-multi-choice","3","2184353","0.0-3.0","n7l78","m.ozan.alpay@gmail.com","mustafa ozan alpay","z","","Q12","Para biriktirmek","{""Q0"":""Para biriktirmek""}"
"10078","","survey-multi-choice","4","2194433","0.0-4.0","n7l78","m.ozan.alpay@gmail.com","mustafa ozan alpay","z","","F17","null","{""Q0"":""Üzülür""}"
"2066","","survey-multi-choice","5","2196502","0.0-5.0","n7l78","m.ozan.alpay@gmail.com","mustafa ozan alpay","z","","Q17","Öğle yemeği","{""Q0"":""Akşam yemeği""}"
"8282","","survey-multi-choice","6","2204786","0.0-6.0","n7l78","m.ozan.alpay@gmail.com","mustafa ozan alpay","z","","F22","null","{""Q0"":""Sevinir""}"
"2923","","survey-multi-choice","7","2207711","0.0-7.0","n7l78","m.ozan.alpay@gmail.com","mustafa ozan alpay","z","","Q22","Yoğun","{""Q0"":""Yoğun""}"
"13822","","survey-multi-choice","8","2221536","0.0-8.0","n7l78","m.ozan.alpay@gmail.com","mustafa ozan alpay","z","","C06","null","{""Q0"":""Sevinir""}"
"3164","","survey-multi-choice","9","2224702","0.0-9.0","n7l78","m.ozan.alpay@gmail.com","mustafa ozan alpay","z","","Q06","Müdür","{""Q0"":""Müdür""}"
"23491","","survey-multi-choice","10","2248193","0.0-10.0","n7l78","m.ozan.alpay@gmail.com","mustafa ozan alpay","z","","F08","null","{""Q0"":""Üzülür""}"
"2377","","survey-multi-choice","11","2250574","0.0-11.0","n7l78","m.ozan.alpay@gmail.com","mustafa ozan alpay","z","","Q08","Tenis","{""Q0"":""Tenis""}"
"11948","","survey-multi-choice","12","2262524","0.0-12.0","n7l78","m.ozan.alpay@gmail.com","mustafa ozan alpay","z","","F07","null","{""Q0"":""Üzülür""}"
"2471","","survey-multi-choice","13","2264997","0.0-13.0","n7l78","m.ozan.alpay@gmail.com","mustafa ozan alpay","z","","Q07","Kardan adam","{""Q0"":""Kardan adam""}"
"10989","","survey-multi-choice","14","2275986","0.0-14.0","n7l78","m.ozan.alpay@gmail.com","mustafa ozan alpay","z","","C04","null","{""Q0"":""Sevinir""}"
"3858","","survey-multi-choice","15","2279846","0.0-15.0","n7l78","m.ozan.alpay@gmail.com","mustafa ozan alpay","z","","Q04","Kamp","{""Q0"":""Kamp""}"
"12493","","survey-multi-choice","16","2292341","0.0-16.0","n7l78","m.ozan.alpay@gmail.com","mustafa ozan alpay","z","","F13","null","{""Q0"":""Üzülür""}"
"2267","","survey-multi-choice","17","2294611","0.0-17.0","n7l78","m.ozan.alpay@gmail.com","mustafa ozan alpay","z","","Q13","Kars","{""Q0"":""Kars""}"
"6609","","survey-multi-choice","18","2301223","0.0-18.0","n7l78","m.ozan.alpay@gmail.com","mustafa ozan alpay","z","","F18","null","{""Q0"":""Sevinir""}"
"2209","","survey-multi-choice","19","2303433","0.0-19.0","n7l78","m.ozan.alpay@gmail.com","mustafa ozan alpay","z","","Q18","Çilek","{""Q0"":""Çilek""}"
"9248","","survey-multi-choice","20","2312684","0.0-20.0","n7l78","m.ozan.alpay@gmail.com","mustafa ozan alpay","z","","F11","null","{""Q0"":""Üzülür""}"
"1970","","survey-multi-choice","21","2314656","0.0-21.0","n7l78","m.ozan.alpay@gmail.com","mustafa ozan alpay","z","","Q11","Ayakkabı","{""Q0"":""Ayakkabı""}"
"8929","","survey-multi-choice","22","2323587","0.0-22.0","n7l78","m.ozan.alpay@gmail.com","mustafa ozan alpay","z","","C03","null","{""Q0"":""Üzülür""}"
"3932","","survey-multi-choice","23","2327520","0.0-23.0","n7l78","m.ozan.alpay@gmail.com","mustafa ozan alpay","z","","Q03","Ofis","{""Q0"":""Ofis""}"
"7378","","survey-multi-choice","24","2334900","0.0-24.0","n7l78","m.ozan.alpay@gmail.com","mustafa ozan alpay","z","","F19","null","{""Q0"":""Üzülür""}"
"2294","","survey-multi-choice","25","2337196","0.0-25.0","n7l78","m.ozan.alpay@gmail.com","mustafa ozan alpay","z","","Q19","Fizik","{""Q0"":""Fizik""}"
"10763","","survey-multi-choice","26","2347960","0.0-26.0","n7l78","m.ozan.alpay@gmail.com","mustafa ozan alpay","z","","F16","null","{""Q0"":""Sevinir""}"
"2020","","survey-multi-choice","27","2349982","0.0-27.0","n7l78","m.ozan.alpay@gmail.com","mustafa ozan alpay","z","","Q16","Kafe","{""Q0"":""Kafe""}"
"8089","","survey-multi-choice","28","2358072","0.0-28.0","n7l78","m.ozan.alpay@gmail.com","mustafa ozan alpay","z","","F23","null","{""Q0"":""Üzülür""}"
"1834","","survey-multi-choice","29","2359908","0.0-29.0","n7l78","m.ozan.alpay@gmail.com","mustafa ozan alpay","z","","Q23","Çarpışan arabalar","{""Q0"":""Çarpışan arabalar""}"
"5426","","survey-multi-choice","30","2365336","0.0-30.0","n7l78","m.ozan.alpay@gmail.com","mustafa ozan alpay","z","","C05","null","{""Q0"":""Üzülür""}"
"2681","","survey-multi-choice","31","2368020","0.0-31.0","n7l78","m.ozan.alpay@gmail.com","mustafa ozan alpay","z","","Q05","Matematik","{""Q0"":""Matematik""}"
"13468","","survey-multi-choice","32","2381490","0.0-32.0","n7l78","m.ozan.alpay@gmail.com","mustafa ozan alpay","z","","F10","null","{""Q0"":""Sevinir""}"
"2571","","survey-multi-choice","33","2384064","0.0-33.0","n7l78","m.ozan.alpay@gmail.com","mustafa ozan alpay","z","","Q10","Yüksek lisans","{""Q0"":""Yüksek lisans""}"
"18399","","survey-multi-choice","34","2402464","0.0-34.0","n7l78","m.ozan.alpay@gmail.com","mustafa ozan alpay","z","","F20","null","{""Q0"":""Sevinir""}"
"1957","","survey-multi-choice","35","2404424","0.0-35.0","n7l78","m.ozan.alpay@gmail.com","mustafa ozan alpay","z","","Q20","Piyango bileti","{""Q0"":""Piyango bileti""}"
"8671","","survey-multi-choice","36","2413097","0.0-36.0","n7l78","m.ozan.alpay@gmail.com","mustafa ozan alpay","z","","C01","null","{""Q0"":""Üzülür""}"
"1996","","survey-multi-choice","37","2415096","0.0-37.0","n7l78","m.ozan.alpay@gmail.com","mustafa ozan alpay","z","","Q01","Arda","{""Q0"":""Arda""}"
"7907","","survey-multi-choice","38","2423004","0.0-38.0","n7l78","m.ozan.alpay@gmail.com","mustafa ozan alpay","z","","F09","null","{""Q0"":""Sevinir""}"
"2938","","survey-multi-choice","39","2425944","0.0-39.0","n7l78","m.ozan.alpay@gmail.com","mustafa ozan alpay","z","","Q09","Yemekhane","{""Q0"":""Yemekhane""}"
"5294","","survey-multi-choice","40","2431240","0.0-40.0","n7l78","m.ozan.alpay@gmail.com","mustafa ozan alpay","z","","F24","null","{""Q0"":""Sevinir""}"
"1842","","survey-multi-choice","41","2433083","0.0-41.0","n7l78","m.ozan.alpay@gmail.com","mustafa ozan alpay","z","","Q24","Tokyo","{""Q0"":""Tokyo""}"
"6950","","survey-multi-choice","42","2440036","0.0-42.0","n7l78","m.ozan.alpay@gmail.com","mustafa ozan alpay","z","","C02","null","{""Q0"":""Sevinir""}"
"3118","","survey-multi-choice","43","2443156","0.0-43.0","n7l78","m.ozan.alpay@gmail.com","mustafa ozan alpay","z","","Q02","Oyuncak bebek","{""Q0"":""Oyuncak bebek""}"
"8855","","survey-multi-choice","44","2452014","0.0-44.0","n7l78","m.ozan.alpay@gmail.com","mustafa ozan alpay","z","","F14","null","{""Q0"":""Sevinir""}"
"1826","","survey-multi-choice","45","2453842","0.0-45.0","n7l78","m.ozan.alpay@gmail.com","mustafa ozan alpay","z","","Q14","Birinci","{""Q0"":""İkinci""}"
"5962","","survey-multi-choice","46","2459805","0.0-46.0","n7l78","m.ozan.alpay@gmail.com","mustafa ozan alpay","z","","F21","null","{""Q0"":""Üzülür""}"
"2176","","survey-multi-choice","47","2461984","0.0-47.0","n7l78","m.ozan.alpay@gmail.com","mustafa ozan alpay","z","","Q21","Odun","{""Q0"":""Odun""}"
"24451","","survey-multi-choice","48","2486437","0.0-48.0","n7l78","m.ozan.alpay@gmail.com","mustafa ozan alpay","z","","F15","null","{""Q0"":""Sevinir""}"
"2995","","survey-multi-choice","49","2489434","0.0-49.0","n7l78","m.ozan.alpay@gmail.com","mustafa ozan alpay","z","","Q15","Altı","{""Q0"":""Altı""}"
"3899","","instructions","50","2493343","0.0-50.0","n7l78","m.ozan.alpay@gmail.com","mustafa ozan alpay","z","[{""page_index"":0,""viewing_time"":3899}]","","",""
