"rt","url","trial_type","trial_index","time_elapsed","internal_node_id","subject","subject_email","subject_name","group","view_history","id","correct","responses"
"32796.2150000003","resources/welcome.html","external-html","0","33011","0.0-0.0","qpnzx","ayberkdoner@gmail.com","Ayberk","z","","","",""
"39089.874999999665","","instructions","1","72099","0.0-1.0","qpnzx","ayberkdoner@gmail.com","Ayberk","z","[{""page_index"":0,""viewing_time"":39088.630000000194}]","","",""
"17186.80999999924","","survey-multi-choice","2","89291","0.0-2.0","qpnzx","ayberkdoner@gmail.com","Ayberk","z","","F16","null","{""Q0"":""Sevinir""}"
"4230.389999998806","","survey-multi-choice","3","93554","0.0-3.0","qpnzx","ayberkdoner@gmail.com","Ayberk","z","","Q16","Kafe","{""Q0"":""Kafe""}"
"16080.345000000307","","survey-multi-choice","4","109666","0.0-4.0","qpnzx","ayberkdoner@gmail.com","Ayberk","z","","F11","null","{""Q0"":""Üzülür""}"
"2838.7949999996636","","survey-multi-choice","5","112538","0.0-5.0","qpnzx","ayberkdoner@gmail.com","Ayberk","z","","Q11","Ayakkabı","{""Q0"":""Ayakkabı""}"
"13042.339999999967","","survey-multi-choice","6","125594","0.0-6.0","qpnzx","ayberkdoner@gmail.com","Ayberk","z","","F17","null","{""Q0"":""Sevinir""}"
"4063.235000001441","","survey-multi-choice","7","129690","0.0-7.0","qpnzx","ayberkdoner@gmail.com","Ayberk","z","","Q17","Öğle yemeği","{""Q0"":""Öğle yemeği""}"
"14217.329999999492","","survey-multi-choice","8","143938","0.0-8.0","qpnzx","ayberkdoner@gmail.com","Ayberk","z","","C02","null","{""Q0"":""Sevinir""}"
"6336.314999998634","","survey-multi-choice","9","150305","0.0-9.0","qpnzx","ayberkdoner@gmail.com","Ayberk","z","","Q02","Oyuncak bebek","{""Q0"":""Oyuncak bebek""}"
"15831.22000000003","","survey-multi-choice","10","166153","0.0-10.0","qpnzx","ayberkdoner@gmail.com","Ayberk","z","","F15","null","{""Q0"":""Üzülür""}"
"3814.9799999991665","","survey-multi-choice","11","170002","0.0-11.0","qpnzx","ayberkdoner@gmail.com","Ayberk","z","","Q15","Altı","{""Q0"":""Altı""}"
"8217.020000000019","","survey-multi-choice","12","178249","0.0-12.0","qpnzx","ayberkdoner@gmail.com","Ayberk","z","","F24","null","{""Q0"":""Sevinir""}"
"1919.10499999905","","survey-multi-choice","13","180201","0.0-13.0","qpnzx","ayberkdoner@gmail.com","Ayberk","z","","Q24","Tokyo","{""Q0"":""Tokyo""}"
"29392.70500000022","","survey-multi-choice","14","209610","0.0-14.0","qpnzx","ayberkdoner@gmail.com","Ayberk","z","","C01","null","{""Q0"":""Üzülür""}"
"2823.060000000638","","survey-multi-choice","15","212466","0.0-15.0","qpnzx","ayberkdoner@gmail.com","Ayberk","z","","Q01","Arda","{""Q0"":""Arda""}"
"10519.309999999707","","survey-multi-choice","16","223018","0.0-16.0","qpnzx","ayberkdoner@gmail.com","Ayberk","z","","F12","null","{""Q0"":""Sevinir""}"
"4415.009999998816","","survey-multi-choice","17","227466","0.0-17.0","qpnzx","ayberkdoner@gmail.com","Ayberk","z","","Q12","Para biriktirmek","{""Q0"":""Para biriktirmek""}"
"7069.634999999835","","survey-multi-choice","18","234554","0.0-18.0","qpnzx","ayberkdoner@gmail.com","Ayberk","z","","F22","null","{""Q0"":""Sevinir""}"
"4696.780000000232","","survey-multi-choice","19","239282","0.0-19.0","qpnzx","ayberkdoner@gmail.com","Ayberk","z","","Q22","Yoğun","{""Q0"":""Yoğun""}"
"7511.010000000155","","survey-multi-choice","20","246825","0.0-20.0","qpnzx","ayberkdoner@gmail.com","Ayberk","z","","F14","null","{""Q0"":""Üzülür""}"
"7634","","survey-multi-choice","21","254475","0.0-21.0","qpnzx","ayberkdoner@gmail.com","Ayberk","z","","Q14","Birinci","{""Q0"":""İkinci""}"
"9679.340000000608","","survey-multi-choice","22","264186","0.0-22.0","qpnzx","ayberkdoner@gmail.com","Ayberk","z","","C04","null","{""Q0"":""Sevinir""}"
"6467.950000000186","","survey-multi-choice","23","270682","0.0-23.0","qpnzx","ayberkdoner@gmail.com","Ayberk","z","","Q04","Kamp","{""Q0"":""Kamp""}"
"12111.419999999285","","survey-multi-choice","24","282826","0.0-24.0","qpnzx","ayberkdoner@gmail.com","Ayberk","z","","F20","null","{""Q0"":""Sevinir""}"
"2678.879999999481","","survey-multi-choice","25","285538","0.0-25.0","qpnzx","ayberkdoner@gmail.com","Ayberk","z","","Q20","Piyango bileti","{""Q0"":""Piyango bileti""}"
"8736.754999999888","","survey-multi-choice","26","294306","0.0-26.0","qpnzx","ayberkdoner@gmail.com","Ayberk","z","","F21","null","{""Q0"":""Üzülür""}"
"2892.5550000003423","","survey-multi-choice","27","297226","0.0-27.0","qpnzx","ayberkdoner@gmail.com","Ayberk","z","","Q21","Odun","{""Q0"":""Odun""}"
"12972.850000000151","","survey-multi-choice","28","310210","0.0-28.0","qpnzx","ayberkdoner@gmail.com","Ayberk","z","","F19","null","{""Q0"":""Üzülür""}"
"1975.6400000005378","","survey-multi-choice","29","312218","0.0-29.0","qpnzx","ayberkdoner@gmail.com","Ayberk","z","","Q19","Fizik","{""Q0"":""Fizik""}"
"8119.5349999998","","survey-multi-choice","30","320370","0.0-30.0","qpnzx","ayberkdoner@gmail.com","Ayberk","z","","C06","null","{""Q0"":""Sevinir""}"
"3910.7100000001374","","survey-multi-choice","31","324314","0.0-31.0","qpnzx","ayberkdoner@gmail.com","Ayberk","z","","Q06","Müdür","{""Q0"":""Müdür""}"
"10766.505000001402","","survey-multi-choice","32","335098","0.0-32.0","qpnzx","ayberkdoner@gmail.com","Ayberk","z","","F10","null","{""Q0"":""Sevinir""}"
"2366.7599999989616","","survey-multi-choice","33","337498","0.0-33.0","qpnzx","ayberkdoner@gmail.com","Ayberk","z","","Q10","Yüksek lisans","{""Q0"":""Yüksek lisans""}"
"27742.65000000014","","survey-multi-choice","34","365273","0.0-34.0","qpnzx","ayberkdoner@gmail.com","Ayberk","z","","F23","null","{""Q0"":""Üzülür""}"
"2071.394999999029","","survey-multi-choice","35","367361","0.0-35.0","qpnzx","ayberkdoner@gmail.com","Ayberk","z","","Q23","Çarpışan arabalar","{""Q0"":""Çarpışan arabalar""}"
"7543.400000000489","","survey-multi-choice","36","374912","0.0-36.0","qpnzx","ayberkdoner@gmail.com","Ayberk","z","","C03","null","{""Q0"":""Üzülür""}"
"5352.315000000119","","survey-multi-choice","37","380296","0.0-37.0","qpnzx","ayberkdoner@gmail.com","Ayberk","z","","Q03","Ofis","{""Q0"":""Ofis""}"
"20785.084999999497","","survey-multi-choice","38","401111","0.0-38.0","qpnzx","ayberkdoner@gmail.com","Ayberk","z","","F13","null","{""Q0"":""Sevinir""}"
"1868.4900000007474","","survey-multi-choice","39","403007","0.0-39.0","qpnzx","ayberkdoner@gmail.com","Ayberk","z","","Q13","Kars","{""Q0"":""Kars""}"
"18143.109999999113","","survey-multi-choice","40","421183","0.0-40.0","qpnzx","ayberkdoner@gmail.com","Ayberk","z","","F07","null","{""Q0"":""Üzülür""}"
"4068.8050000007497","","survey-multi-choice","41","425279","0.0-41.0","qpnzx","ayberkdoner@gmail.com","Ayberk","z","","Q07","Kardan adam","{""Q0"":""Kardan adam""}"
"11839.364999999758","","survey-multi-choice","42","437148","0.0-42.0","qpnzx","ayberkdoner@gmail.com","Ayberk","z","","C05","null","{""Q0"":""Üzülür""}"
"1807.1999999993131","","survey-multi-choice","43","438988","0.0-43.0","qpnzx","ayberkdoner@gmail.com","Ayberk","z","","Q05","Matematik","{""Q0"":""Matematik""}"
"16520.78499999881","","survey-multi-choice","44","455541","0.0-44.0","qpnzx","ayberkdoner@gmail.com","Ayberk","z","","F09","null","{""Q0"":""Sevinir""}"
"4449.005000000412","","survey-multi-choice","45","460020","0.0-45.0","qpnzx","ayberkdoner@gmail.com","Ayberk","z","","Q09","Yemekhane","{""Q0"":""Yemekhane""}"
"22200.8399999995","","survey-multi-choice","46","482251","0.0-46.0","qpnzx","ayberkdoner@gmail.com","Ayberk","z","","F08","null","{""Q0"":""Üzülür""}"
"2073.984999999113","","survey-multi-choice","47","484355","0.0-47.0","qpnzx","ayberkdoner@gmail.com","Ayberk","z","","Q08","Tenis","{""Q0"":""Tenis""}"
"8803.799999999697","","survey-multi-choice","48","493184","0.0-48.0","qpnzx","ayberkdoner@gmail.com","Ayberk","z","","F18","null","{""Q0"":""Üzülür""}"
"2807.280000000901","","survey-multi-choice","49","496024","0.0-49.0","qpnzx","ayberkdoner@gmail.com","Ayberk","z","","Q18","Çilek","{""Q0"":""Çilek""}"
"6163.115000001213","","instructions","50","502216","0.0-50.0","qpnzx","ayberkdoner@gmail.com","Ayberk","z","[{""page_index"":0,""viewing_time"":6162.650000000198}]","","",""
