"rt","url","trial_type","trial_index","time_elapsed","internal_node_id","subject","subject_email","subject_name","group","view_history","id","correct","responses"
"22260.87999995798","resources/welcome.html","external-html","0","22296","0.0-0.0","d10ps","dorukemek98@gmail.com","Doruk","z","","","",""
"14274.02000001166","","instructions","1","36570","0.0-1.0","d10ps","dorukemek98@gmail.com","Doruk","z","[{""page_index"":0,""viewing_time"":14273.419999983162}]","","",""
"28876.894999993965","","survey-multi-choice","2","65455","0.0-2.0","d10ps","dorukemek98@gmail.com","Doruk","z","","F13","null","{""Q0"":""Sevinir""}"
"3765.970000065863","","survey-multi-choice","3","69224","0.0-3.0","d10ps","dorukemek98@gmail.com","Doruk","z","","Q13","Kars","{""Q0"":""Kars""}"
"27371.06999999378","","survey-multi-choice","4","96598","0.0-4.0","d10ps","dorukemek98@gmail.com","Doruk","z","","F07","null","{""Q0"":""Üzülür""}"
"3418.844999978319","","survey-multi-choice","5","100021","0.0-5.0","d10ps","dorukemek98@gmail.com","Doruk","z","","Q07","Kardan adam","{""Q0"":""Kardan adam""}"
"13806.134999962524","","survey-multi-choice","6","113831","0.0-6.0","d10ps","dorukemek98@gmail.com","Doruk","z","","F12","null","{""Q0"":""Sevinir""}"
"3373.6499999649823","","survey-multi-choice","7","117209","0.0-7.0","d10ps","dorukemek98@gmail.com","Doruk","z","","Q12","Para biriktirmek","{""Q0"":""Para biriktirmek""}"
"45272.08000002429","","survey-multi-choice","8","162484","0.0-8.0","d10ps","dorukemek98@gmail.com","Doruk","z","","C01","null","{""Q0"":""Üzülür""}"
"3087.6700000371784","","survey-multi-choice","9","165575","0.0-9.0","d10ps","dorukemek98@gmail.com","Doruk","z","","Q01","Arda","{""Q0"":""Arda""}"
"11241.849999991246","","survey-multi-choice","10","176820","0.0-10.0","d10ps","dorukemek98@gmail.com","Doruk","z","","F19","null","{""Q0"":""Üzülür""}"
"2404.3600000441074","","survey-multi-choice","11","179228","0.0-11.0","d10ps","dorukemek98@gmail.com","Doruk","z","","Q19","Fizik","{""Q0"":""Fizik""}"
"17011.404999997467","","survey-multi-choice","12","196242","0.0-12.0","d10ps","dorukemek98@gmail.com","Doruk","z","","F24","null","{""Q0"":""Sevinir""}"
"2811.49499991443","","survey-multi-choice","13","199058","0.0-13.0","d10ps","dorukemek98@gmail.com","Doruk","z","","Q24","Tokyo","{""Q0"":""Tokyo""}"
"12743.299999972805","","survey-multi-choice","14","211807","0.0-14.0","d10ps","dorukemek98@gmail.com","Doruk","z","","C02","null","{""Q0"":""Sevinir""}"
"3337.7300000283867","","survey-multi-choice","15","215148","0.0-15.0","d10ps","dorukemek98@gmail.com","Doruk","z","","Q02","Oyuncak bebek","{""Q0"":""Oyuncak bebek""}"
"20803.584999986924","","survey-multi-choice","16","235955","0.0-16.0","d10ps","dorukemek98@gmail.com","Doruk","z","","F20","null","{""Q0"":""Sevinir""}"
"1794.2000000039116","","survey-multi-choice","17","237753","0.0-17.0","d10ps","dorukemek98@gmail.com","Doruk","z","","Q20","Piyango bileti","{""Q0"":""Piyango bileti""}"
"10665.234999964014","","survey-multi-choice","18","248422","0.0-18.0","d10ps","dorukemek98@gmail.com","Doruk","z","","F09","null","{""Q0"":""Sevinir""}"
"2125.889999908395","","survey-multi-choice","19","250552","0.0-19.0","d10ps","dorukemek98@gmail.com","Doruk","z","","Q09","Yemekhane","{""Q0"":""Yemekhane""}"
"9935.830000089481","","survey-multi-choice","20","260491","0.0-20.0","d10ps","dorukemek98@gmail.com","Doruk","z","","F18","null","{""Q0"":""Sevinir""}"
"1391.5299999061972","","survey-multi-choice","21","261886","0.0-21.0","d10ps","dorukemek98@gmail.com","Doruk","z","","Q18","Çilek","{""Q0"":""Çilek""}"
"14317.309999954887","","survey-multi-choice","22","276207","0.0-22.0","d10ps","dorukemek98@gmail.com","Doruk","z","","C05","null","{""Q0"":""Üzülür""}"
"2812.9399999743327","","survey-multi-choice","23","279023","0.0-23.0","d10ps","dorukemek98@gmail.com","Doruk","z","","Q05","Matematik","{""Q0"":""Matematik""}"
"12082.185000064783","","survey-multi-choice","24","291108","0.0-24.0","d10ps","dorukemek98@gmail.com","Doruk","z","","F11","null","{""Q0"":""Üzülür""}"
"2832.939999992959","","survey-multi-choice","25","293944","0.0-25.0","d10ps","dorukemek98@gmail.com","Doruk","z","","Q11","Ayakkabı","{""Q0"":""Ayakkabı""}"
"6118.799999938346","","survey-multi-choice","26","300066","0.0-26.0","d10ps","dorukemek98@gmail.com","Doruk","z","","F23","null","{""Q0"":""Üzülür""}"
"3192.7349999314174","","survey-multi-choice","27","303262","0.0-27.0","d10ps","dorukemek98@gmail.com","Doruk","z","","Q23","Çarpışan arabalar","{""Q0"":""Çarpışan arabalar""}"
"7257.255000062287","","survey-multi-choice","28","310524","0.0-28.0","d10ps","dorukemek98@gmail.com","Doruk","z","","F08","null","{""Q0"":""Üzülür""}"
"2294.5899999467656","","survey-multi-choice","29","312822","0.0-29.0","d10ps","dorukemek98@gmail.com","Doruk","z","","Q08","Tenis","{""Q0"":""Tenis""}"
"12409.119999967515","","survey-multi-choice","30","325234","0.0-30.0","d10ps","dorukemek98@gmail.com","Doruk","z","","C06","null","{""Q0"":""Sevinir""}"
"7839.6050001028925","","survey-multi-choice","31","333078","0.0-31.0","d10ps","dorukemek98@gmail.com","Doruk","z","","Q06","Müdür","{""Q0"":""Müdür""}"
"10073.269999935292","","survey-multi-choice","32","343156","0.0-32.0","d10ps","dorukemek98@gmail.com","Doruk","z","","F10","null","{""Q0"":""Sevinir""}"
"3417.0599998906255","","survey-multi-choice","33","346577","0.0-33.0","d10ps","dorukemek98@gmail.com","Doruk","z","","Q10","Yüksek lisans","{""Q0"":""Yüksek lisans""}"
"10810.489999945275","","survey-multi-choice","34","357398","0.0-34.0","d10ps","dorukemek98@gmail.com","Doruk","z","","F22","null","{""Q0"":""Sevinir""}"
"1823.9649999886751","","survey-multi-choice","35","359227","0.0-35.0","d10ps","dorukemek98@gmail.com","Doruk","z","","Q22","Yoğun","{""Q0"":""Yoğun""}"
"7955.63499990385","","survey-multi-choice","36","367186","0.0-36.0","d10ps","dorukemek98@gmail.com","Doruk","z","","C03","null","{""Q0"":""Üzülür""}"
"3258.6100000189617","","survey-multi-choice","37","370448","0.0-37.0","d10ps","dorukemek98@gmail.com","Doruk","z","","Q03","Ofis","{""Q0"":""Ofis""}"
"10438.8349999208","","survey-multi-choice","38","380890","0.0-38.0","d10ps","dorukemek98@gmail.com","Doruk","z","","F16","null","{""Q0"":""Sevinir""}"
"2256.694999989122","","survey-multi-choice","39","383150","0.0-39.0","d10ps","dorukemek98@gmail.com","Doruk","z","","Q16","Kafe","{""Q0"":""Kafe""}"
"13553.28999995254","","survey-multi-choice","40","396706","0.0-40.0","d10ps","dorukemek98@gmail.com","Doruk","z","","F14","null","{""Q0"":""Sevinir""}"
"1880.7599999709055","","survey-multi-choice","41","398593","0.0-41.0","d10ps","dorukemek98@gmail.com","Doruk","z","","Q14","Birinci","{""Q0"":""İkinci""}"
"13877.894999925047","","survey-multi-choice","42","412474","0.0-42.0","d10ps","dorukemek98@gmail.com","Doruk","z","","C04","null","{""Q0"":""Üzülür""}"
"1930.7999999728054","","survey-multi-choice","43","414409","0.0-43.0","d10ps","dorukemek98@gmail.com","Doruk","z","","Q04","Kamp","{""Q0"":""Kamp""}"
"11645.690000033937","","survey-multi-choice","44","426058","0.0-44.0","d10ps","dorukemek98@gmail.com","Doruk","z","","F17","null","{""Q0"":""Üzülür""}"
"2206.7250000545755","","survey-multi-choice","45","428269","0.0-45.0","d10ps","dorukemek98@gmail.com","Doruk","z","","Q17","Öğle yemeği","{""Q0"":""Akşam yemeği""}"
"49712.46000006795","","survey-multi-choice","46","477986","0.0-46.0","d10ps","dorukemek98@gmail.com","Doruk","z","","F21","null","{""Q0"":""Üzülür""}"
"2084.1350000118837","","survey-multi-choice","47","480074","0.0-47.0","d10ps","dorukemek98@gmail.com","Doruk","z","","Q21","Odun","{""Q0"":""Odun""}"
"5518.915000022389","","survey-multi-choice","48","485596","0.0-48.0","d10ps","dorukemek98@gmail.com","Doruk","z","","F15","null","{""Q0"":""Sevinir""}"
"2958.450000034645","","survey-multi-choice","49","488558","0.0-49.0","d10ps","dorukemek98@gmail.com","Doruk","z","","Q15","Altı","{""Q0"":""Altı""}"
