"rt","url","trial_type","trial_index","time_elapsed","internal_node_id","subject","subject_email","subject_name","group","view_history","id","correct","responses"
"32239.319999993313","resources/welcome.html","external-html","0","32380","0.0-0.0","ov5zy","","Gökhan","z","","","",""
"39209.28000001004","","instructions","1","71590","0.0-1.0","ov5zy","","Gökhan","z","[{""page_index"":0,""viewing_time"":39208.860000013374}]","","",""
"12255.224999971688","","survey-multi-choice","2","83848","0.0-2.0","ov5zy","","Gökhan","z","","F09","null","{""Q0"":""Sevinir""}"
"7430.599999963306","","survey-multi-choice","3","91281","0.0-3.0","ov5zy","","Gökhan","z","","Q09","Yemekhane","{""Q0"":""Yemekhane""}"
"30480.914999963716","","survey-multi-choice","4","121764","0.0-4.0","ov5zy","","Gökhan","z","","F20","null","{""Q0"":""Üzülür""}"
"3709.514999995008","","survey-multi-choice","5","125476","0.0-5.0","ov5zy","","Gökhan","z","","Q20","Piyango bileti","{""Q0"":""Piyango bileti""}"
"19560.895000002347","","survey-multi-choice","6","145038","0.0-6.0","ov5zy","","Gökhan","z","","F11","null","{""Q0"":""Üzülür""}"
"4671.260000031907","","survey-multi-choice","7","149711","0.0-7.0","ov5zy","","Gökhan","z","","Q11","Ayakkabı","{""Q0"":""Ayakkabı""}"
"17638.424999953713","","survey-multi-choice","8","167352","0.0-8.0","ov5zy","","Gökhan","z","","C01","null","{""Q0"":""Üzülür""}"
"3790.800000017043","","survey-multi-choice","9","171145","0.0-9.0","ov5zy","","Gökhan","z","","Q01","Arda","{""Q0"":""Arda""}"
"11678.769999998622","","survey-multi-choice","10","182825","0.0-10.0","ov5zy","","Gökhan","z","","F24","null","{""Q0"":""Sevinir""}"
"3813.8550000148825","","survey-multi-choice","11","186641","0.0-11.0","ov5zy","","Gökhan","z","","Q24","Tokyo","{""Q0"":""Tokyo""}"
"15104.075000039302","","survey-multi-choice","12","201748","0.0-12.0","ov5zy","","Gökhan","z","","F17","null","{""Q0"":""Sevinir""}"
"2893.839999975171","","survey-multi-choice","13","204645","0.0-13.0","ov5zy","","Gökhan","z","","Q17","Öğle yemeği","{""Q0"":""Akşam yemeği""}"
"19405.779999971855","","survey-multi-choice","14","224053","0.0-14.0","ov5zy","","Gökhan","z","","C05","null","{""Q0"":""Sevinir""}"
"4430.27999997139","","survey-multi-choice","15","228485","0.0-15.0","ov5zy","","Gökhan","z","","Q05","Matematik","{""Q0"":""Matematik""}"
"20353.045000054408","","survey-multi-choice","16","248840","0.0-16.0","ov5zy","","Gökhan","z","","F18","null","{""Q0"":""Sevinir""}"
"3686.3700000103563","","survey-multi-choice","17","252529","0.0-17.0","ov5zy","","Gökhan","z","","Q18","Çilek","{""Q0"":""Çilek""}"
"13613.615000038408","","survey-multi-choice","18","266144","0.0-18.0","ov5zy","","Gökhan","z","","F08","null","{""Q0"":""Üzülür""}"
"8591.904999979306","","survey-multi-choice","19","274738","0.0-19.0","ov5zy","","Gökhan","z","","Q08","Tenis","{""Q0"":""Tenis""}"
"64152.82999997726","","survey-multi-choice","20","338892","0.0-20.0","ov5zy","","Gökhan","z","","F19","null","{""Q0"":""Sevinir""}"
"2046.9799999846146","","survey-multi-choice","21","340941","0.0-21.0","ov5zy","","Gökhan","z","","Q19","Fizik","{""Q0"":""Fizik""}"
"13295.035000017378","","survey-multi-choice","22","354238","0.0-22.0","ov5zy","","Gökhan","z","","C03","null","{""Q0"":""Üzülür""}"
"12358.635000011418","","survey-multi-choice","23","366599","0.0-23.0","ov5zy","","Gökhan","z","","Q03","Ofis","{""Q0"":""Ofis""}"
"16487.544999981765","","survey-multi-choice","24","383089","0.0-24.0","ov5zy","","Gökhan","z","","F13","null","{""Q0"":""Sevinir""}"
"4534.920000005513","","survey-multi-choice","25","387626","0.0-25.0","ov5zy","","Gökhan","z","","Q13","Kars","{""Q0"":""Kars""}"
"11095.260000030976","","survey-multi-choice","26","398724","0.0-26.0","ov5zy","","Gökhan","z","","F21","null","{""Q0"":""Üzülür""}"
"3021.7899999697693","","survey-multi-choice","27","401748","0.0-27.0","ov5zy","","Gökhan","z","","Q21","Odun","{""Q0"":""Odun""}"
"11391.884999989998","","survey-multi-choice","28","413141","0.0-28.0","ov5zy","","Gökhan","z","","F07","null","{""Q0"":""Üzülür""}"
"3925.444999942556","","survey-multi-choice","29","417069","0.0-29.0","ov5zy","","Gökhan","z","","Q07","Kardan adam","{""Q0"":""Kardan adam""}"
"13704.114999971353","","survey-multi-choice","30","430775","0.0-30.0","ov5zy","","Gökhan","z","","C06","null","{""Q0"":""Sevinir""}"
"6125.9399999980815","","survey-multi-choice","31","436903","0.0-31.0","ov5zy","","Gökhan","z","","Q06","Müdür","{""Q0"":""Müdür""}"
"8870.969999989029","","survey-multi-choice","32","445776","0.0-32.0","ov5zy","","Gökhan","z","","F12","null","{""Q0"":""Sevinir""}"
"4006.8800000008196","","survey-multi-choice","33","449785","0.0-33.0","ov5zy","","Gökhan","z","","Q12","Para biriktirmek","{""Q0"":""Para biriktirmek""}"
"14582.83999998821","","survey-multi-choice","34","464369","0.0-34.0","ov5zy","","Gökhan","z","","F10","null","{""Q0"":""Sevinir""}"
"3046.604999981355","","survey-multi-choice","35","467418","0.0-35.0","ov5zy","","Gökhan","z","","Q10","Yüksek lisans","{""Q0"":""Yüksek lisans""}"
"9758.77999997465","","survey-multi-choice","36","477179","0.0-36.0","ov5zy","","Gökhan","z","","C04","null","{""Q0"":""Sevinir""}"
"5877.7249999693595","","survey-multi-choice","37","483059","0.0-37.0","ov5zy","","Gökhan","z","","Q04","Kamp","{""Q0"":""Tatil köyü""}"
"7687.039999989793","","survey-multi-choice","38","490748","0.0-38.0","ov5zy","","Gökhan","z","","F22","null","{""Q0"":""Sevinir""}"
"6078.489999985322","","survey-multi-choice","39","496829","0.0-39.0","ov5zy","","Gökhan","z","","Q22","Yoğun","{""Q0"":""Yoğun""}"
"19479.449999984354","","survey-multi-choice","40","516310","0.0-40.0","ov5zy","","Gökhan","z","","F15","null","{""Q0"":""Üzülür""}"
"3230.1499999593943","","survey-multi-choice","41","519543","0.0-41.0","ov5zy","","Gökhan","z","","Q15","Altı","{""Q0"":""Altı""}"
"14071.670000033919","","survey-multi-choice","42","533617","0.0-42.0","ov5zy","","Gökhan","z","","C02","null","{""Q0"":""Sevinir""}"
"2477.550000010524","","survey-multi-choice","43","536097","0.0-43.0","ov5zy","","Gökhan","z","","Q02","Oyuncak bebek","{""Q0"":""Oyuncak bebek""}"
"10640.27500001248","","survey-multi-choice","44","546739","0.0-44.0","ov5zy","","Gökhan","z","","F16","null","{""Q0"":""Sevinir""}"
"1781.4800000051036","","survey-multi-choice","45","548522","0.0-45.0","ov5zy","","Gökhan","z","","Q16","Kafe","{""Q0"":""Kafe""}"
"12551.36499996297","","survey-multi-choice","46","561076","0.0-46.0","ov5zy","","Gökhan","z","","F14","null","{""Q0"":""Sevinir""}"
"3325.654999993276","","survey-multi-choice","47","564404","0.0-47.0","ov5zy","","Gökhan","z","","Q14","Birinci","{""Q0"":""İkinci""}"
"5918.385000026319","","survey-multi-choice","48","570324","0.0-48.0","ov5zy","","Gökhan","z","","F23","null","{""Q0"":""Üzülür""}"
"2246.099999989383","","survey-multi-choice","49","572572","0.0-49.0","ov5zy","","Gökhan","z","","Q23","Çarpışan arabalar","{""Q0"":""Çarpışan arabalar""}"
"4245.134999975562","","instructions","50","576820","0.0-50.0","ov5zy","","Gökhan","z","[{""page_index"":0,""viewing_time"":4244.795000005979}]","","",""
