"rt","url","trial_type","trial_index","time_elapsed","internal_node_id","subject","subject_email","subject_name","group","view_history","id","correct","responses"
"97267","resources/welcome.html","external-html","0","97357","0.0-0.0","l5f1f","berin.ergun@metu.edu.tr","Berin","z","","","",""
"20487","","instructions","1","117850","0.0-1.0","l5f1f","berin.ergun@metu.edu.tr","Berin","z","[{""page_index"":0,""viewing_time"":20485}]","","",""
"25457.000000000015","","survey-multi-choice","2","143315","0.0-2.0","l5f1f","berin.ergun@metu.edu.tr","Berin","z","","F19","null","{""Q0"":""Üzülür""}"
"7259.000000000029","","survey-multi-choice","3","150582","0.0-3.0","l5f1f","berin.ergun@metu.edu.tr","Berin","z","","Q19","Fizik","{""Q0"":""Fizik""}"
"35327","","survey-multi-choice","4","185915","0.0-4.0","l5f1f","berin.ergun@metu.edu.tr","Berin","z","","F12","null","{""Q0"":""Sevinir""}"
"7277","","survey-multi-choice","5","193199","0.0-5.0","l5f1f","berin.ergun@metu.edu.tr","Berin","z","","Q12","Para biriktirmek","{""Q0"":""Para biriktirmek""}"
"32148","","survey-multi-choice","6","225353","0.0-6.0","l5f1f","berin.ergun@metu.edu.tr","Berin","z","","F11","null","{""Q0"":""Üzülür""}"
"3792","","survey-multi-choice","7","229152","0.0-7.0","l5f1f","berin.ergun@metu.edu.tr","Berin","z","","Q11","Ayakkabı","{""Q0"":""Ayakkabı""}"
"15244","","survey-multi-choice","8","244400","0.0-8.0","l5f1f","berin.ergun@metu.edu.tr","Berin","z","","C03","null","{""Q0"":""Üzülür""}"
"8111","","survey-multi-choice","9","252517","0.0-9.0","l5f1f","berin.ergun@metu.edu.tr","Berin","z","","Q03","Ofis","{""Q0"":""Ofis""}"
"29246","","survey-multi-choice","10","281769","0.0-10.0","l5f1f","berin.ergun@metu.edu.tr","Berin","z","","F20","null","{""Q0"":""Üzülür""}"
"3158","","survey-multi-choice","11","284935","0.0-11.0","l5f1f","berin.ergun@metu.edu.tr","Berin","z","","Q20","Piyango bileti","{""Q0"":""Piyango bileti""}"
"68058","","survey-multi-choice","12","352998","0.0-12.0","l5f1f","berin.ergun@metu.edu.tr","Berin","z","","F07","null","{""Q0"":""Üzülür""}"
"4121.000000000058","","survey-multi-choice","13","357122","0.0-13.0","l5f1f","berin.ergun@metu.edu.tr","Berin","z","","Q07","Kardan adam","{""Q0"":""Kardan adam""}"
"26195.00000000006","","survey-multi-choice","14","383323","0.0-14.0","l5f1f","berin.ergun@metu.edu.tr","Berin","z","","C02","null","{""Q0"":""Sevinir""}"
"4659.999999999942","","survey-multi-choice","15","387990","0.0-15.0","l5f1f","berin.ergun@metu.edu.tr","Berin","z","","Q02","Oyuncak bebek","{""Q0"":""Oyuncak bebek""}"
"32733","","survey-multi-choice","16","420728","0.0-16.0","l5f1f","berin.ergun@metu.edu.tr","Berin","z","","F15","null","{""Q0"":""Üzülür""}"
"3602","","survey-multi-choice","17","424338","0.0-17.0","l5f1f","berin.ergun@metu.edu.tr","Berin","z","","Q15","Altı","{""Q0"":""Altı""}"
"15502","","survey-multi-choice","18","439843","0.0-18.0","l5f1f","berin.ergun@metu.edu.tr","Berin","z","","F22","null","{""Q0"":""Sevinir""}"
"13975","","survey-multi-choice","19","453826","0.0-19.0","l5f1f","berin.ergun@metu.edu.tr","Berin","z","","Q22","Yoğun","{""Q0"":""Yoğun""}"
"20623","","survey-multi-choice","20","474454","0.0-20.0","l5f1f","berin.ergun@metu.edu.tr","Berin","z","","F23","null","{""Q0"":""Üzülür""}"
"4502.999999999942","","survey-multi-choice","21","478961","0.0-21.0","l5f1f","berin.ergun@metu.edu.tr","Berin","z","","Q23","Çarpışan arabalar","{""Q0"":""Çarpışan arabalar""}"
"28246","","survey-multi-choice","22","507213","0.0-22.0","l5f1f","berin.ergun@metu.edu.tr","Berin","z","","C04","null","{""Q0"":""Sevinir""}"
"3358","","survey-multi-choice","23","510578","0.0-23.0","l5f1f","berin.ergun@metu.edu.tr","Berin","z","","Q04","Kamp","{""Q0"":""Kamp""}"
"8859","","survey-multi-choice","24","519443","0.0-24.0","l5f1f","berin.ergun@metu.edu.tr","Berin","z","","F18","null","{""Q0"":""Sevinir""}"
"3628.000000000058","","survey-multi-choice","25","523079","0.0-25.0","l5f1f","berin.ergun@metu.edu.tr","Berin","z","","Q18","Çilek","{""Q0"":""Çilek""}"
"13679","","survey-multi-choice","26","536766","0.0-26.0","l5f1f","berin.ergun@metu.edu.tr","Berin","z","","F14","null","{""Q0"":""Sevinir""}"
"5226","","survey-multi-choice","27","541999","0.0-27.0","l5f1f","berin.ergun@metu.edu.tr","Berin","z","","Q14","Birinci","{""Q0"":""İkinci""}"
"12211","","survey-multi-choice","28","554218","0.0-28.0","l5f1f","berin.ergun@metu.edu.tr","Berin","z","","F21","null","{""Q0"":""Üzülür""}"
"3058","","survey-multi-choice","29","557283","0.0-29.0","l5f1f","berin.ergun@metu.edu.tr","Berin","z","","Q21","Odun","{""Q0"":""Odun""}"
"16729","","survey-multi-choice","30","574019","0.0-30.0","l5f1f","berin.ergun@metu.edu.tr","Berin","z","","C05","null","{""Q0"":""Üzülür""}"
"2208","","survey-multi-choice","31","576236","0.0-31.0","l5f1f","berin.ergun@metu.edu.tr","Berin","z","","Q05","Matematik","{""Q0"":""Matematik""}"
"8624","","survey-multi-choice","32","584868","0.0-32.0","l5f1f","berin.ergun@metu.edu.tr","Berin","z","","F08","null","{""Q0"":""Üzülür""}"
"3309","","survey-multi-choice","33","588189","0.0-33.0","l5f1f","berin.ergun@metu.edu.tr","Berin","z","","Q08","Tenis","{""Q0"":""Tenis""}"
"18070.999999999884","","survey-multi-choice","34","606269","0.0-34.0","l5f1f","berin.ergun@metu.edu.tr","Berin","z","","F17","null","{""Q0"":""Üzülür""}"
"3609","","survey-multi-choice","35","609886","0.0-35.0","l5f1f","berin.ergun@metu.edu.tr","Berin","z","","Q17","Öğle yemeği","{""Q0"":""Akşam yemeği""}"
"10044","","survey-multi-choice","36","619937","0.0-36.0","l5f1f","berin.ergun@metu.edu.tr","Berin","z","","C01","null","{""Q0"":""Üzülür""}"
"4338","","survey-multi-choice","37","624286","0.0-37.0","l5f1f","berin.ergun@metu.edu.tr","Berin","z","","Q01","Arda","{""Q0"":""Arda""}"
"7845","","survey-multi-choice","38","632137","0.0-38.0","l5f1f","berin.ergun@metu.edu.tr","Berin","z","","F16","null","{""Q0"":""Sevinir""}"
"2876.9999999998836","","survey-multi-choice","39","635020","0.0-39.0","l5f1f","berin.ergun@metu.edu.tr","Berin","z","","Q16","Kafe","{""Q0"":""Kafe""}"
"7143","","survey-multi-choice","40","642169","0.0-40.0","l5f1f","berin.ergun@metu.edu.tr","Berin","z","","F24","null","{""Q0"":""Sevinir""}"
"3246","","survey-multi-choice","41","645420","0.0-41.0","l5f1f","berin.ergun@metu.edu.tr","Berin","z","","Q24","Tokyo","{""Q0"":""Tokyo""}"
"11094","","survey-multi-choice","42","656521","0.0-42.0","l5f1f","berin.ergun@metu.edu.tr","Berin","z","","C06","null","{""Q0"":""Sevinir""}"
"3943","","survey-multi-choice","43","660471","0.0-43.0","l5f1f","berin.ergun@metu.edu.tr","Berin","z","","Q06","Müdür","{""Q0"":""Müdür""}"
"8444","","survey-multi-choice","44","668921","0.0-44.0","l5f1f","berin.ergun@metu.edu.tr","Berin","z","","F10","null","{""Q0"":""Sevinir""}"
"2260","","survey-multi-choice","45","671187","0.0-45.0","l5f1f","berin.ergun@metu.edu.tr","Berin","z","","Q10","Yüksek lisans","{""Q0"":""Yüksek lisans""}"
"14930.000000000116","","survey-multi-choice","46","686123","0.0-46.0","l5f1f","berin.ergun@metu.edu.tr","Berin","z","","F09","null","{""Q0"":""Sevinir""}"
"3543","","survey-multi-choice","47","689672","0.0-47.0","l5f1f","berin.ergun@metu.edu.tr","Berin","z","","Q09","Yemekhane","{""Q0"":""Yemekhane""}"
"24864","","survey-multi-choice","48","714541","0.0-48.0","l5f1f","berin.ergun@metu.edu.tr","Berin","z","","F13","null","{""Q0"":""Sevinir""}"
"2777.0000000001164","","survey-multi-choice","49","717325","0.0-49.0","l5f1f","berin.ergun@metu.edu.tr","Berin","z","","Q13","Kars","{""Q0"":""Kars""}"
