"rt","url","trial_type","trial_index","time_elapsed","internal_node_id","subject","subject_email","subject_name","group","view_history","id","correct","responses"
"34481.799999999566","resources/welcome.html","external-html","0","34556","0.0-0.0","8n7l6","kingelspell@gmail.com","Emirhan Evin","z","","","",""
"19066.500000000815","","instructions","1","53627","0.0-1.0","8n7l6","kingelspell@gmail.com","Emirhan Evin","z","[{""page_index"":0,""viewing_time"":19064.800000000105}]","","",""
"10383.100000000923","","survey-multi-choice","2","64023","0.0-2.0","8n7l6","kingelspell@gmail.com","Emirhan Evin","z","","F23","null","{""Q0"":""Üzülür""}"
"3935.299999999188","","survey-multi-choice","3","67968","0.0-3.0","8n7l6","kingelspell@gmail.com","Emirhan Evin","z","","Q23","Çarpışan arabalar","{""Q0"":""Çarpışan arabalar""}"
"11270.899999999529","","survey-multi-choice","4","79246","0.0-4.0","8n7l6","kingelspell@gmail.com","Emirhan Evin","z","","F14","null","{""Q0"":""Sevinir""}"
"2956.5999999995256","","survey-multi-choice","5","82210","0.0-5.0","8n7l6","kingelspell@gmail.com","Emirhan Evin","z","","Q14","Birinci","{""Q0"":""İkinci""}"
"13389.900000000125","","survey-multi-choice","6","95609","0.0-6.0","8n7l6","kingelspell@gmail.com","Emirhan Evin","z","","F07","null","{""Q0"":""Üzülür""}"
"3896.7000000011467","","survey-multi-choice","7","99515","0.0-7.0","8n7l6","kingelspell@gmail.com","Emirhan Evin","z","","Q07","Kardan adam","{""Q0"":""Kardan adam""}"
"12430.000000000291","","survey-multi-choice","8","111952","0.0-8.0","8n7l6","kingelspell@gmail.com","Emirhan Evin","z","","C04","null","{""Q0"":""Sevinir""}"
"4985.000000000582","","survey-multi-choice","9","116947","0.0-9.0","8n7l6","kingelspell@gmail.com","Emirhan Evin","z","","Q04","Kamp","{""Q0"":""Kamp""}"
"9902.000000000044","","survey-multi-choice","10","126855","0.0-10.0","8n7l6","kingelspell@gmail.com","Emirhan Evin","z","","F21","null","{""Q0"":""Üzülür""}"
"2551.299999999159","","survey-multi-choice","11","129413","0.0-11.0","8n7l6","kingelspell@gmail.com","Emirhan Evin","z","","Q21","Odun","{""Q0"":""Odun""}"
"15626.200000000623","","survey-multi-choice","12","145049","0.0-12.0","8n7l6","kingelspell@gmail.com","Emirhan Evin","z","","F11","null","{""Q0"":""Üzülür""}"
"2529.2999999983585","","survey-multi-choice","13","147588","0.0-13.0","8n7l6","kingelspell@gmail.com","Emirhan Evin","z","","Q11","Ayakkabı","{""Q0"":""Ayakkabı""}"
"16096.49999999965","","survey-multi-choice","14","163691","0.0-14.0","8n7l6","kingelspell@gmail.com","Emirhan Evin","z","","C02","null","{""Q0"":""Sevinir""}"
"4147.000000000815","","survey-multi-choice","15","167846","0.0-15.0","8n7l6","kingelspell@gmail.com","Emirhan Evin","z","","Q02","Oyuncak bebek","{""Q0"":""Oyuncak bebek""}"
"15404.80000000028","","survey-multi-choice","16","183260","0.0-16.0","8n7l6","kingelspell@gmail.com","Emirhan Evin","z","","F09","null","{""Q0"":""Sevinir""}"
"2577.7999999991152","","survey-multi-choice","17","185848","0.0-17.0","8n7l6","kingelspell@gmail.com","Emirhan Evin","z","","Q09","Yemekhane","{""Q0"":""Yemekhane""}"
"11045.700000000594","","survey-multi-choice","18","196902","0.0-18.0","8n7l6","kingelspell@gmail.com","Emirhan Evin","z","","F15","null","{""Q0"":""Üzülür""}"
"2947.399999999121","","survey-multi-choice","19","199859","0.0-19.0","8n7l6","kingelspell@gmail.com","Emirhan Evin","z","","Q15","Altı","{""Q0"":""Altı""}"
"11766.200000000012","","survey-multi-choice","20","211633","0.0-20.0","8n7l6","kingelspell@gmail.com","Emirhan Evin","z","","F17","null","{""Q0"":""Sevinir""}"
"2752.599999999802","","survey-multi-choice","21","214396","0.0-21.0","8n7l6","kingelspell@gmail.com","Emirhan Evin","z","","Q17","Öğle yemeği","{""Q0"":""Akşam yemeği""}"
"13394.09999999954","","survey-multi-choice","22","227799","0.0-22.0","8n7l6","kingelspell@gmail.com","Emirhan Evin","z","","C03","null","{""Q0"":""Üzülür""}"
"6158.400000000256","","survey-multi-choice","23","233968","0.0-23.0","8n7l6","kingelspell@gmail.com","Emirhan Evin","z","","Q03","Ofis","{""Q0"":""Ofis""}"
"15179.400000000896","","survey-multi-choice","24","249156","0.0-24.0","8n7l6","kingelspell@gmail.com","Emirhan Evin","z","","F22","null","{""Q0"":""Sevinir""}"
"3788.8999999995576","","survey-multi-choice","25","252955","0.0-25.0","8n7l6","kingelspell@gmail.com","Emirhan Evin","z","","Q22","Yoğun","{""Q0"":""Yoğun""}"
"10529.400000001246","","survey-multi-choice","26","263494","0.0-26.0","8n7l6","kingelspell@gmail.com","Emirhan Evin","z","","F16","null","{""Q0"":""Sevinir""}"
"2413.300000000163","","survey-multi-choice","27","265918","0.0-27.0","8n7l6","kingelspell@gmail.com","Emirhan Evin","z","","Q16","Kafe","{""Q0"":""Kafe""}"
"12434.900000000198","","survey-multi-choice","28","278362","0.0-28.0","8n7l6","kingelspell@gmail.com","Emirhan Evin","z","","F12","null","{""Q0"":""Sevinir""}"
"3034.4000000004307","","survey-multi-choice","29","281407","0.0-29.0","8n7l6","kingelspell@gmail.com","Emirhan Evin","z","","Q12","Para biriktirmek","{""Q0"":""Para biriktirmek""}"
"9694.300000001036","","survey-multi-choice","30","291110","0.0-30.0","8n7l6","kingelspell@gmail.com","Emirhan Evin","z","","C05","null","{""Q0"":""Üzülür""}"
"2540.1999999994878","","survey-multi-choice","31","293661","0.0-31.0","8n7l6","kingelspell@gmail.com","Emirhan Evin","z","","Q05","Matematik","{""Q0"":""Matematik""}"
"11820.400000000489","","survey-multi-choice","32","305490","0.0-32.0","8n7l6","kingelspell@gmail.com","Emirhan Evin","z","","F13","null","{""Q0"":""Üzülür""}"
"1794.700000000361","","survey-multi-choice","33","307293","0.0-33.0","8n7l6","kingelspell@gmail.com","Emirhan Evin","z","","Q13","Kars","{""Q0"":""Kars""}"
"9353.00000000099","","survey-multi-choice","34","316655","0.0-34.0","8n7l6","kingelspell@gmail.com","Emirhan Evin","z","","F24","null","{""Q0"":""Sevinir""}"
"2108.299999999872","","survey-multi-choice","35","318772","0.0-35.0","8n7l6","kingelspell@gmail.com","Emirhan Evin","z","","Q24","Tokyo","{""Q0"":""Tokyo""}"
"11096.999999999767","","survey-multi-choice","36","329880","0.0-36.0","8n7l6","kingelspell@gmail.com","Emirhan Evin","z","","C01","null","{""Q0"":""Üzülür""}"
"2445.7000000002445","","survey-multi-choice","37","332338","0.0-37.0","8n7l6","kingelspell@gmail.com","Emirhan Evin","z","","Q01","Arda","{""Q0"":""Arda""}"
"10943.000000001106","","survey-multi-choice","38","343290","0.0-38.0","8n7l6","kingelspell@gmail.com","Emirhan Evin","z","","F08","null","{""Q0"":""Üzülür""}"
"2653.099999999511","","survey-multi-choice","39","345954","0.0-39.0","8n7l6","kingelspell@gmail.com","Emirhan Evin","z","","Q08","Tenis","{""Q0"":""Tenis""}"
"8708.599999999919","","survey-multi-choice","40","354673","0.0-40.0","8n7l6","kingelspell@gmail.com","Emirhan Evin","z","","F19","null","{""Q0"":""Üzülür""}"
"1958.099999999802","","survey-multi-choice","41","356642","0.0-41.0","8n7l6","kingelspell@gmail.com","Emirhan Evin","z","","Q19","Fizik","{""Q0"":""Fizik""}"
"8643.799999999872","","survey-multi-choice","42","365295","0.0-42.0","8n7l6","kingelspell@gmail.com","Emirhan Evin","z","","C06","null","{""Q0"":""Üzülür""}"
"4628.800000000454","","survey-multi-choice","43","369934","0.0-43.0","8n7l6","kingelspell@gmail.com","Emirhan Evin","z","","Q06","Müdür","{""Q0"":""Patron""}"
"9916.999999999476","","survey-multi-choice","44","379859","0.0-44.0","8n7l6","kingelspell@gmail.com","Emirhan Evin","z","","F10","null","{""Q0"":""Sevinir""}"
"2751.6999999989057","","survey-multi-choice","45","382621","0.0-45.0","8n7l6","kingelspell@gmail.com","Emirhan Evin","z","","Q10","Yüksek lisans","{""Q0"":""Yüksek lisans""}"
"14092.000000000582","","survey-multi-choice","46","396722","0.0-46.0","8n7l6","kingelspell@gmail.com","Emirhan Evin","z","","F20","null","{""Q0"":""Üzülür""}"
"2342.799999998533","","survey-multi-choice","47","399076","0.0-47.0","8n7l6","kingelspell@gmail.com","Emirhan Evin","z","","Q20","Piyango bileti","{""Q0"":""Piyango bileti""}"
"7463.600000000966","","survey-multi-choice","48","406550","0.0-48.0","8n7l6","kingelspell@gmail.com","Emirhan Evin","z","","F18","null","{""Q0"":""Sevinir""}"
"2922.1999999990803","","survey-multi-choice","49","409483","0.0-49.0","8n7l6","kingelspell@gmail.com","Emirhan Evin","z","","Q18","Çilek","{""Q0"":""Çilek""}"
"2405.3000000003376","","instructions","50","411903","0.0-50.0","8n7l6","kingelspell@gmail.com","Emirhan Evin","z","[{""page_index"":0,""viewing_time"":2404.1000000015483}]","","",""
