"rt","url","trial_type","trial_index","time_elapsed","internal_node_id","subject","subject_email","subject_name","group","view_history","id","correct","responses"
"19959.600000001956","resources/welcome.html","external-html","0","20084","0.0-0.0","q5oja","Erendiz77@gmail.com ","Selma Çam","z","","","",""
"13872.700000007171","","instructions","1","33965","0.0-1.0","q5oja","Erendiz77@gmail.com ","Selma Çam","z","[{""page_index"":0,""viewing_time"":13867.000000027474}]","","",""
"10765.00000001397","","survey-multi-choice","2","44749","0.0-2.0","q5oja","Erendiz77@gmail.com ","Selma Çam","z","","F11","null","{""Q0"":""Üzülür""}"
"5547.800000000279","","survey-multi-choice","3","50337","0.0-3.0","q5oja","Erendiz77@gmail.com ","Selma Çam","z","","Q11","Ayakkabı","{""Q0"":""Ayakkabı""}"
"11622.299999988172","","survey-multi-choice","4","61974","0.0-4.0","q5oja","Erendiz77@gmail.com ","Selma Çam","z","","F09","null","{""Q0"":""Sevinir""}"
"3137.6000000163913","","survey-multi-choice","5","65143","0.0-5.0","q5oja","Erendiz77@gmail.com ","Selma Çam","z","","Q09","Yemekhane","{""Q0"":""Yemekhane""}"
"9292.000000015832","","survey-multi-choice","6","74450","0.0-6.0","q5oja","Erendiz77@gmail.com ","Selma Çam","z","","F24","null","{""Q0"":""Sevinir""}"
"2801.099999982398","","survey-multi-choice","7","77268","0.0-7.0","q5oja","Erendiz77@gmail.com ","Selma Çam","z","","Q24","Tokyo","{""Q0"":""Tokyo""}"
"23175.500000012107","","survey-multi-choice","8","100469","0.0-8.0","q5oja","Erendiz77@gmail.com ","Selma Çam","z","","C01","null","{""Q0"":""Sevinir""}"
"3610.09999999078","","survey-multi-choice","9","104097","0.0-9.0","q5oja","Erendiz77@gmail.com ","Selma Çam","z","","Q01","Arda","{""Q0"":""Arda""}"
"8779.899999964982","","survey-multi-choice","10","112895","0.0-10.0","q5oja","Erendiz77@gmail.com ","Selma Çam","z","","F16","null","{""Q0"":""Sevinir""}"
"3764.599999994971","","survey-multi-choice","11","116678","0.0-11.0","q5oja","Erendiz77@gmail.com ","Selma Çam","z","","Q16","Kafe","{""Q0"":""Kafe""}"
"10223.699999973178","","survey-multi-choice","12","126919","0.0-12.0","q5oja","Erendiz77@gmail.com ","Selma Çam","z","","F19","null","{""Q0"":""Üzülür""}"
"2650.599999993574","","survey-multi-choice","13","129587","0.0-13.0","q5oja","Erendiz77@gmail.com ","Selma Çam","z","","Q19","Fizik","{""Q0"":""Fizik""}"
"27824.499999987893","","survey-multi-choice","14","157428","0.0-14.0","q5oja","Erendiz77@gmail.com ","Selma Çam","z","","C06","null","{""Q0"":""Sevinir""}"
"5369.100000010803","","survey-multi-choice","15","162812","0.0-15.0","q5oja","Erendiz77@gmail.com ","Selma Çam","z","","Q06","Müdür","{""Q0"":""Müdür""}"
"9230.099999986123","","survey-multi-choice","16","172057","0.0-16.0","q5oja","Erendiz77@gmail.com ","Selma Çam","z","","F18","null","{""Q0"":""Sevinir""}"
"4047.2000000299886","","survey-multi-choice","17","176119","0.0-17.0","q5oja","Erendiz77@gmail.com ","Selma Çam","z","","Q18","Çilek","{""Q0"":""Çilek""}"
"12842.10000000894","","survey-multi-choice","18","188986","0.0-18.0","q5oja","Erendiz77@gmail.com ","Selma Çam","z","","F22","null","{""Q0"":""Sevinir""}"
"3913.699999975506","","survey-multi-choice","19","192919","0.0-19.0","q5oja","Erendiz77@gmail.com ","Selma Çam","z","","Q22","Yoğun","{""Q0"":""Yoğun""}"
"7443.499999993946","","survey-multi-choice","20","200380","0.0-20.0","q5oja","Erendiz77@gmail.com ","Selma Çam","z","","F17","null","{""Q0"":""Üzülür""}"
"2812.2999999905005","","survey-multi-choice","21","203208","0.0-21.0","q5oja","Erendiz77@gmail.com ","Selma Çam","z","","Q17","Öğle yemeği","{""Q0"":""Akşam yemeği""}"
"11630.899999989197","","survey-multi-choice","22","214858","0.0-22.0","q5oja","Erendiz77@gmail.com ","Selma Çam","z","","C03","null","{""Q0"":""Üzülür""}"
"2936.50000001071","","survey-multi-choice","23","217818","0.0-23.0","q5oja","Erendiz77@gmail.com ","Selma Çam","z","","Q03","Ofis","{""Q0"":""Ofis""}"
"8914.599999960046","","survey-multi-choice","24","226747","0.0-24.0","q5oja","Erendiz77@gmail.com ","Selma Çam","z","","F10","null","{""Q0"":""Sevinir""}"
"4191.099999996368","","survey-multi-choice","25","230976","0.0-25.0","q5oja","Erendiz77@gmail.com ","Selma Çam","z","","Q10","Yüksek lisans","{""Q0"":""Yüksek lisans""}"
"15668.799999984913","","survey-multi-choice","26","246658","0.0-26.0","q5oja","Erendiz77@gmail.com ","Selma Çam","z","","F07","null","{""Q0"":""Üzülür""}"
"3153.200000000652","","survey-multi-choice","27","249825","0.0-27.0","q5oja","Erendiz77@gmail.com ","Selma Çam","z","","Q07","Kardan adam","{""Q0"":""Kardan adam""}"
"6329.599999997299","","survey-multi-choice","28","256170","0.0-28.0","q5oja","Erendiz77@gmail.com ","Selma Çam","z","","F23","null","{""Q0"":""Üzülür""}"
"4764.90000000922","","survey-multi-choice","29","260961","0.0-29.0","q5oja","Erendiz77@gmail.com ","Selma Çam","z","","Q23","Çarpışan arabalar","{""Q0"":""Çarpışan arabalar""}"
"17260.000000009313","","survey-multi-choice","30","278236","0.0-30.0","q5oja","Erendiz77@gmail.com ","Selma Çam","z","","C04","null","{""Q0"":""Sevinir""}"
"4025.100000028033","","survey-multi-choice","31","282280","0.0-31.0","q5oja","Erendiz77@gmail.com ","Selma Çam","z","","Q04","Kamp","{""Q0"":""Kamp""}"
"9053.399999975227","","survey-multi-choice","32","291357","0.0-32.0","q5oja","Erendiz77@gmail.com ","Selma Çam","z","","F21","null","{""Q0"":""Üzülür""}"
"3257.900000025984","","survey-multi-choice","33","294639","0.0-33.0","q5oja","Erendiz77@gmail.com ","Selma Çam","z","","Q21","Odun","{""Q0"":""Odun""}"
"13657.89999999106","","survey-multi-choice","34","308309","0.0-34.0","q5oja","Erendiz77@gmail.com ","Selma Çam","z","","F14","null","{""Q0"":""Sevinir""}"
"4279.90000002319","","survey-multi-choice","35","312606","0.0-35.0","q5oja","Erendiz77@gmail.com ","Selma Çam","z","","Q14","Birinci","{""Q0"":""İkinci""}"
"11837.999999988824","","survey-multi-choice","36","324467","0.0-36.0","q5oja","Erendiz77@gmail.com ","Selma Çam","z","","C02","null","{""Q0"":""Üzülür""}"
"3798.1000000145286","","survey-multi-choice","37","328281","0.0-37.0","q5oja","Erendiz77@gmail.com ","Selma Çam","z","","Q02","Oyuncak bebek","{""Q0"":""Oyuncak bebek""}"
"8070.6999999820255","","survey-multi-choice","38","336370","0.0-38.0","q5oja","Erendiz77@gmail.com ","Selma Çam","z","","F08","null","{""Q0"":""Üzülür""}"
"4076.900000043679","","survey-multi-choice","39","340462","0.0-39.0","q5oja","Erendiz77@gmail.com ","Selma Çam","z","","Q08","Tenis","{""Q0"":""Tenis""}"
"10110.89999997057","","survey-multi-choice","40","350594","0.0-40.0","q5oja","Erendiz77@gmail.com ","Selma Çam","z","","F20","null","{""Q0"":""Üzülür""}"
"3223.900000040885","","survey-multi-choice","41","353860","0.0-41.0","q5oja","Erendiz77@gmail.com ","Selma Çam","z","","Q20","Piyango bileti","{""Q0"":""Piyango bileti""}"
"8641.10000000801","","survey-multi-choice","42","362518","0.0-42.0","q5oja","Erendiz77@gmail.com ","Selma Çam","z","","C05","null","{""Q0"":""Üzülür""}"
"6006.799999973737","","survey-multi-choice","43","368541","0.0-43.0","q5oja","Erendiz77@gmail.com ","Selma Çam","z","","Q05","Matematik","{""Q0"":""Matematik""}"
"12377.000000036787","","survey-multi-choice","44","380936","0.0-44.0","q5oja","Erendiz77@gmail.com ","Selma Çam","z","","F13","null","{""Q0"":""Sevinir""}"
"2374.7999999905005","","survey-multi-choice","45","383355","0.0-45.0","q5oja","Erendiz77@gmail.com ","Selma Çam","z","","Q13","Kars","{""Q0"":""Kars""}"
"8646.499999973457","","survey-multi-choice","46","392018","0.0-46.0","q5oja","Erendiz77@gmail.com ","Selma Çam","z","","F12","null","{""Q0"":""Sevinir""}"
"4278.600000019651","","survey-multi-choice","47","396312","0.0-47.0","q5oja","Erendiz77@gmail.com ","Selma Çam","z","","Q12","Para biriktirmek","{""Q0"":""Para biriktirmek""}"
"9770.599999988917","","survey-multi-choice","48","406117","0.0-48.0","q5oja","Erendiz77@gmail.com ","Selma Çam","z","","F15","null","{""Q0"":""Üzülür""}"
"3786.2000000313856","","survey-multi-choice","49","409928","0.0-49.0","q5oja","Erendiz77@gmail.com ","Selma Çam","z","","Q15","Altı","{""Q0"":""Altı""}"
"4677.100000029895","","instructions","50","414630","0.0-50.0","q5oja","Erendiz77@gmail.com ","Selma Çam","z","[{""page_index"":0,""viewing_time"":4674.100000003818}]","","",""
