"rt","url","trial_type","trial_index","time_elapsed","internal_node_id","subject","subject_email","subject_name","group","view_history","id","correct","responses"
"46133.19999999658","resources/welcome.html","external-html","0","46289","0.0-0.0","9gtbx","e208045@metu.edu.tr","Gülberk onganlar","z","","","",""
"16781.199999997625","","instructions","1","63074","0.0-1.0","9gtbx","e208045@metu.edu.tr","Gülberk onganlar","z","[{""page_index"":0,""viewing_time"":16780.400000003283}]","","",""
"18349.399999991874","","survey-multi-choice","2","81430","0.0-2.0","9gtbx","e208045@metu.edu.tr","Gülberk onganlar","z","","F15","null","{""Q0"":""Üzülür""}"
"3591.4000000047963","","survey-multi-choice","3","85028","0.0-3.0","9gtbx","e208045@metu.edu.tr","Gülberk onganlar","z","","Q15","Altı","{""Q0"":""Altı""}"
"9327.40000000922","","survey-multi-choice","4","94362","0.0-4.0","9gtbx","e208045@metu.edu.tr","Gülberk onganlar","z","","F24","null","{""Q0"":""Sevinir""}"
"3148.700000005192","","survey-multi-choice","5","97517","0.0-5.0","9gtbx","e208045@metu.edu.tr","Gülberk onganlar","z","","Q24","Tokyo","{""Q0"":""Tokyo""}"
"20879.199999995762","","survey-multi-choice","6","118402","0.0-6.0","9gtbx","e208045@metu.edu.tr","Gülberk onganlar","z","","F08","null","{""Q0"":""Üzülür""}"
"4850.200000000768","","survey-multi-choice","7","123259","0.0-7.0","9gtbx","e208045@metu.edu.tr","Gülberk onganlar","z","","Q08","Tenis","{""Q0"":""Tenis""}"
"10275.999999998021","","survey-multi-choice","8","133541","0.0-8.0","9gtbx","e208045@metu.edu.tr","Gülberk onganlar","z","","C03","null","{""Q0"":""Üzülür""}"
"4581.79999999993","","survey-multi-choice","9","138129","0.0-9.0","9gtbx","e208045@metu.edu.tr","Gülberk onganlar","z","","Q03","Ofis","{""Q0"":""Ofis""}"
"13559.30000000808","","survey-multi-choice","10","151695","0.0-10.0","9gtbx","e208045@metu.edu.tr","Gülberk onganlar","z","","F09","null","{""Q0"":""Sevinir""}"
"4289.79999999865","","survey-multi-choice","11","155991","0.0-11.0","9gtbx","e208045@metu.edu.tr","Gülberk onganlar","z","","Q09","Yemekhane","{""Q0"":""Yemekhane""}"
"8895.799999998417","","survey-multi-choice","12","164893","0.0-12.0","9gtbx","e208045@metu.edu.tr","Gülberk onganlar","z","","F20","null","{""Q0"":""Üzülür""}"
"2607.6999999932013","","survey-multi-choice","13","167507","0.0-13.0","9gtbx","e208045@metu.edu.tr","Gülberk onganlar","z","","Q20","Piyango bileti","{""Q0"":""Piyango bileti""}"
"12368.600000001607","","survey-multi-choice","14","179882","0.0-14.0","9gtbx","e208045@metu.edu.tr","Gülberk onganlar","z","","C04","null","{""Q0"":""Sevinir""}"
"3753.2000000064727","","survey-multi-choice","15","183641","0.0-15.0","9gtbx","e208045@metu.edu.tr","Gülberk onganlar","z","","Q04","Kamp","{""Q0"":""Kamp""}"
"8860.799999994924","","survey-multi-choice","16","192508","0.0-16.0","9gtbx","e208045@metu.edu.tr","Gülberk onganlar","z","","F13","null","{""Q0"":""Üzülür""}"
"3340.1000000012573","","survey-multi-choice","17","195855","0.0-17.0","9gtbx","e208045@metu.edu.tr","Gülberk onganlar","z","","Q13","Kars","{""Q0"":""Kars""}"
"8722.59999999369","","survey-multi-choice","18","204584","0.0-18.0","9gtbx","e208045@metu.edu.tr","Gülberk onganlar","z","","F10","null","{""Q0"":""Sevinir""}"
"4256.200000003446","","survey-multi-choice","19","208847","0.0-19.0","9gtbx","e208045@metu.edu.tr","Gülberk onganlar","z","","Q10","Yüksek lisans","{""Q0"":""Yüksek lisans""}"
"13393.500000005588","","survey-multi-choice","20","222247","0.0-20.0","9gtbx","e208045@metu.edu.tr","Gülberk onganlar","z","","F18","null","{""Q0"":""Sevinir""}"
"2708.3999999886146","","survey-multi-choice","21","224962","0.0-21.0","9gtbx","e208045@metu.edu.tr","Gülberk onganlar","z","","Q18","Çilek","{""Q0"":""Çilek""}"
"8901.199999992969","","survey-multi-choice","22","233869","0.0-22.0","9gtbx","e208045@metu.edu.tr","Gülberk onganlar","z","","C02","null","{""Q0"":""Sevinir""}"
"3525.099999998929","","survey-multi-choice","23","237401","0.0-23.0","9gtbx","e208045@metu.edu.tr","Gülberk onganlar","z","","Q02","Oyuncak bebek","{""Q0"":""Oyuncak bebek""}"
"7520.700000008219","","survey-multi-choice","24","244928","0.0-24.0","9gtbx","e208045@metu.edu.tr","Gülberk onganlar","z","","F17","null","{""Q0"":""Üzülür""}"
"3758.900000000722","","survey-multi-choice","25","248693","0.0-25.0","9gtbx","e208045@metu.edu.tr","Gülberk onganlar","z","","Q17","Öğle yemeği","{""Q0"":""Akşam yemeği""}"
"8962.200000009034","","survey-multi-choice","26","257662","0.0-26.0","9gtbx","e208045@metu.edu.tr","Gülberk onganlar","z","","F12","null","{""Q0"":""Sevinir""}"
"3914.7000000084518","","survey-multi-choice","27","261584","0.0-27.0","9gtbx","e208045@metu.edu.tr","Gülberk onganlar","z","","Q12","Para biriktirmek","{""Q0"":""Para biriktirmek""}"
"14552.500000005239","","survey-multi-choice","28","276142","0.0-28.0","9gtbx","e208045@metu.edu.tr","Gülberk onganlar","z","","F22","null","{""Q0"":""Sevinir""}"
"3980.999999999767","","survey-multi-choice","29","280130","0.0-29.0","9gtbx","e208045@metu.edu.tr","Gülberk onganlar","z","","Q22","Yoğun","{""Q0"":""Yoğun""}"
"6478.900000001886","","survey-multi-choice","30","286616","0.0-30.0","9gtbx","e208045@metu.edu.tr","Gülberk onganlar","z","","C06","null","{""Q0"":""Sevinir""}"
"4605.600000009872","","survey-multi-choice","31","291229","0.0-31.0","9gtbx","e208045@metu.edu.tr","Gülberk onganlar","z","","Q06","Müdür","{""Q0"":""Müdür""}"
"9327.800000013667","","survey-multi-choice","32","300563","0.0-32.0","9gtbx","e208045@metu.edu.tr","Gülberk onganlar","z","","F21","null","{""Q0"":""Üzülür""}"
"2885.200000004261","","survey-multi-choice","33","303456","0.0-33.0","9gtbx","e208045@metu.edu.tr","Gülberk onganlar","z","","Q21","Odun","{""Q0"":""Odun""}"
"20469.499999991967","","survey-multi-choice","34","323932","0.0-34.0","9gtbx","e208045@metu.edu.tr","Gülberk onganlar","z","","F16","null","{""Q0"":""Sevinir""}"
"2656.0999999928754","","survey-multi-choice","35","326595","0.0-35.0","9gtbx","e208045@metu.edu.tr","Gülberk onganlar","z","","Q16","Kafe","{""Q0"":""Kafe""}"
"10870.799999989686","","survey-multi-choice","36","337481","0.0-36.0","9gtbx","e208045@metu.edu.tr","Gülberk onganlar","z","","C01","null","{""Q0"":""Üzülür""}"
"3021.600000007311","","survey-multi-choice","37","340513","0.0-37.0","9gtbx","e208045@metu.edu.tr","Gülberk onganlar","z","","Q01","Arda","{""Q0"":""Arda""}"
"16131.500000003143","","survey-multi-choice","38","356651","0.0-38.0","9gtbx","e208045@metu.edu.tr","Gülberk onganlar","z","","F07","null","{""Q0"":""Üzülür""}"
"5373.200000001816","","survey-multi-choice","39","362031","0.0-39.0","9gtbx","e208045@metu.edu.tr","Gülberk onganlar","z","","Q07","Kardan adam","{""Q0"":""Kardan adam""}"
"8986.900000003516","","survey-multi-choice","40","371025","0.0-40.0","9gtbx","e208045@metu.edu.tr","Gülberk onganlar","z","","F23","null","{""Q0"":""Üzülür""}"
"2445.900000006077","","survey-multi-choice","41","373478","0.0-41.0","9gtbx","e208045@metu.edu.tr","Gülberk onganlar","z","","Q23","Çarpışan arabalar","{""Q0"":""Çarpışan arabalar""}"
"6556.400000001304","","survey-multi-choice","42","380040","0.0-42.0","9gtbx","e208045@metu.edu.tr","Gülberk onganlar","z","","C05","null","{""Q0"":""Üzülür""}"
"4673.800000004121","","survey-multi-choice","43","384721","0.0-43.0","9gtbx","e208045@metu.edu.tr","Gülberk onganlar","z","","Q05","Matematik","{""Q0"":""Matematik""}"
"8578.999999997905","","survey-multi-choice","44","393308","0.0-44.0","9gtbx","e208045@metu.edu.tr","Gülberk onganlar","z","","F19","null","{""Q0"":""Sevinir""}"
"3022.2999999969034","","survey-multi-choice","45","396337","0.0-45.0","9gtbx","e208045@metu.edu.tr","Gülberk onganlar","z","","Q19","Fizik","{""Q0"":""Fizik""}"
"9045.299999997951","","survey-multi-choice","46","405389","0.0-46.0","9gtbx","e208045@metu.edu.tr","Gülberk onganlar","z","","F11","null","{""Q0"":""Üzülür""}"
"3058.499999999185","","survey-multi-choice","47","408455","0.0-47.0","9gtbx","e208045@metu.edu.tr","Gülberk onganlar","z","","Q11","Ayakkabı","{""Q0"":""Ayakkabı""}"
"9253.899999996065","","survey-multi-choice","48","417715","0.0-48.0","9gtbx","e208045@metu.edu.tr","Gülberk onganlar","z","","F14","null","{""Q0"":""Sevinir""}"
"4033.2999999955064","","survey-multi-choice","49","421755","0.0-49.0","9gtbx","e208045@metu.edu.tr","Gülberk onganlar","z","","Q14","Birinci","{""Q0"":""İkinci""}"
"3362.0999999984633","","instructions","50","425133","0.0-50.0","9gtbx","e208045@metu.edu.tr","Gülberk onganlar","z","[{""page_index"":0,""viewing_time"":3361.0999999946216}]","","",""
