"rt","url","trial_type","trial_index","time_elapsed","internal_node_id","subject","subject_email","subject_name","group","view_history","id","correct","responses"
"22523.800000024494","resources/welcome.html","external-html","0","22545","0.0-0.0","vk1w3","unal.sercann@gmail.com","Sercan Ünal","z","","","",""
"1472.1999999601394","","instructions","1","24024","0.0-1.0","vk1w3","unal.sercann@gmail.com","Sercan Ünal","z","[{""page_index"":0,""viewing_time"":1469.0999999875203}]","","",""
"9397.699999972247","","survey-multi-choice","2","33439","0.0-2.0","vk1w3","unal.sercann@gmail.com","Sercan Ünal","z","","F22","null","{""Q0"":""Sevinir""}"
"3778.200000000652","","survey-multi-choice","3","37234","0.0-3.0","vk1w3","unal.sercann@gmail.com","Sercan Ünal","z","","Q22","Yoğun","{""Q0"":""Yoğun""}"
"8659.59999995539","","survey-multi-choice","4","45910","0.0-4.0","vk1w3","unal.sercann@gmail.com","Sercan Ünal","z","","F11","null","{""Q0"":""Üzülür""}"
"3868.1999999680556","","survey-multi-choice","5","49795","0.0-5.0","vk1w3","unal.sercann@gmail.com","Sercan Ünal","z","","Q11","Ayakkabı","{""Q0"":""Ayakkabı""}"
"3148.400000005495","","survey-multi-choice","6","52955","0.0-6.0","vk1w3","unal.sercann@gmail.com","Sercan Ünal","z","","F19","null","{""Q0"":""Üzülür""}"
"1764.90000000922","","survey-multi-choice","7","54727","0.0-7.0","vk1w3","unal.sercann@gmail.com","Sercan Ünal","z","","Q19","Fizik","{""Q0"":""Fizik""}"
"11905.00000002794","","survey-multi-choice","8","66642","0.0-8.0","vk1w3","unal.sercann@gmail.com","Sercan Ünal","z","","C04","null","{""Q0"":""Üzülür""}"
"3070.9999999962747","","survey-multi-choice","9","69726","0.0-9.0","vk1w3","unal.sercann@gmail.com","Sercan Ünal","z","","Q04","Kamp","{""Q0"":""Kamp""}"
"11987.900000007357","","survey-multi-choice","10","81725","0.0-10.0","vk1w3","unal.sercann@gmail.com","Sercan Ünal","z","","F24","null","{""Q0"":""Üzülür""}"
"2706.800000043586","","survey-multi-choice","11","84444","0.0-11.0","vk1w3","unal.sercann@gmail.com","Sercan Ünal","z","","Q24","Tokyo","{""Q0"":""Tokyo""}"
"14040.199999988545","","survey-multi-choice","12","98496","0.0-12.0","vk1w3","unal.sercann@gmail.com","Sercan Ünal","z","","F08","null","{""Q0"":""Üzülür""}"
"2978.899999987334","","survey-multi-choice","13","101492","0.0-13.0","vk1w3","unal.sercann@gmail.com","Sercan Ünal","z","","Q08","Tenis","{""Q0"":""Tenis""}"
"6920.400000002701","","survey-multi-choice","14","108428","0.0-14.0","vk1w3","unal.sercann@gmail.com","Sercan Ünal","z","","C06","null","{""Q0"":""Üzülür""}"
"2822.9999999748543","","survey-multi-choice","15","111269","0.0-15.0","vk1w3","unal.sercann@gmail.com","Sercan Ünal","z","","Q06","Müdür","{""Q0"":""Müdür""}"
"15294.50000001816","","survey-multi-choice","16","126580","0.0-16.0","vk1w3","unal.sercann@gmail.com","Sercan Ünal","z","","F16","null","{""Q0"":""Sevinir""}"
"4297.199999971781","","survey-multi-choice","17","130892","0.0-17.0","vk1w3","unal.sercann@gmail.com","Sercan Ünal","z","","Q16","Kafe","{""Q0"":""Kafe""}"
"10169.999999983702","","survey-multi-choice","18","141077","0.0-18.0","vk1w3","unal.sercann@gmail.com","Sercan Ünal","z","","F17","null","{""Q0"":""Sevinir""}"
"4886.100000003353","","survey-multi-choice","19","145980","0.0-19.0","vk1w3","unal.sercann@gmail.com","Sercan Ünal","z","","Q17","Öğle yemeği","{""Q0"":""Akşam yemeği""}"
"8153.300000005402","","survey-multi-choice","20","154148","0.0-20.0","vk1w3","unal.sercann@gmail.com","Sercan Ünal","z","","F18","null","{""Q0"":""Sevinir""}"
"1928.200000023935","","survey-multi-choice","21","156087","0.0-21.0","vk1w3","unal.sercann@gmail.com","Sercan Ünal","z","","Q18","Çilek","{""Q0"":""Çilek""}"
"7604.799999971874","","survey-multi-choice","22","163709","0.0-22.0","vk1w3","unal.sercann@gmail.com","Sercan Ünal","z","","C05","null","{""Q0"":""Sevinir""}"
"5395.699999993667","","survey-multi-choice","23","169114","0.0-23.0","vk1w3","unal.sercann@gmail.com","Sercan Ünal","z","","Q05","Matematik","{""Q0"":""Matematik""}"
"6343.900000036228","","survey-multi-choice","24","175474","0.0-24.0","vk1w3","unal.sercann@gmail.com","Sercan Ünal","z","","F23","null","{""Q0"":""Üzülür""}"
"2448.3999999938533","","survey-multi-choice","25","177941","0.0-25.0","vk1w3","unal.sercann@gmail.com","Sercan Ünal","z","","Q23","Çarpışan arabalar","{""Q0"":""Çarpışan arabalar""}"
"16015.099999960512","","survey-multi-choice","26","193970","0.0-26.0","vk1w3","unal.sercann@gmail.com","Sercan Ünal","z","","F15","null","{""Q0"":""Sevinir""}"
"2804.7999999835156","","survey-multi-choice","27","196793","0.0-27.0","vk1w3","unal.sercann@gmail.com","Sercan Ünal","z","","Q15","Altı","{""Q0"":""Altı""}"
"8508.300000044983","","survey-multi-choice","28","205317","0.0-28.0","vk1w3","unal.sercann@gmail.com","Sercan Ünal","z","","F13","null","{""Q0"":""Sevinir""}"
"2080.3999999770895","","survey-multi-choice","29","207414","0.0-29.0","vk1w3","unal.sercann@gmail.com","Sercan Ünal","z","","Q13","Kars","{""Q0"":""Kars""}"
"14353.599999973085","","survey-multi-choice","30","221786","0.0-30.0","vk1w3","unal.sercann@gmail.com","Sercan Ünal","z","","C03","null","{""Q0"":""Üzülür""}"
"4619.599999976344","","survey-multi-choice","31","226418","0.0-31.0","vk1w3","unal.sercann@gmail.com","Sercan Ünal","z","","Q03","Ofis","{""Q0"":""Ofis""}"
"22319.499999983236","","survey-multi-choice","32","248753","0.0-32.0","vk1w3","unal.sercann@gmail.com","Sercan Ünal","z","","F14","null","{""Q0"":""Sevinir""}"
"5304.499999969266","","survey-multi-choice","33","254076","0.0-33.0","vk1w3","unal.sercann@gmail.com","Sercan Ünal","z","","Q14","Birinci","{""Q0"":""İkinci""}"
"8442.600000009406","","survey-multi-choice","34","262535","0.0-34.0","vk1w3","unal.sercann@gmail.com","Sercan Ünal","z","","F09","null","{""Q0"":""Sevinir""}"
"3076.0000000009313","","survey-multi-choice","35","265630","0.0-35.0","vk1w3","unal.sercann@gmail.com","Sercan Ünal","z","","Q09","Yemekhane","{""Q0"":""Yemekhane""}"
"10298.100000014529","","survey-multi-choice","36","275946","0.0-36.0","vk1w3","unal.sercann@gmail.com","Sercan Ünal","z","","C02","null","{""Q0"":""Sevinir""}"
"4722.699999983888","","survey-multi-choice","37","280681","0.0-37.0","vk1w3","unal.sercann@gmail.com","Sercan Ünal","z","","Q02","Oyuncak bebek","{""Q0"":""Oyuncak bebek""}"
"8717.899999988731","","survey-multi-choice","38","289412","0.0-38.0","vk1w3","unal.sercann@gmail.com","Sercan Ünal","z","","F10","null","{""Q0"":""Sevinir""}"
"3689.5000000367872","","survey-multi-choice","39","293120","0.0-39.0","vk1w3","unal.sercann@gmail.com","Sercan Ünal","z","","Q10","Yüksek lisans","{""Q0"":""Yüksek lisans""}"
"7809.999999997672","","survey-multi-choice","40","300945","0.0-40.0","vk1w3","unal.sercann@gmail.com","Sercan Ünal","z","","F20","null","{""Q0"":""Sevinir""}"
"2503.7000000011176","","survey-multi-choice","41","303461","0.0-41.0","vk1w3","unal.sercann@gmail.com","Sercan Ünal","z","","Q20","Piyango bileti","{""Q0"":""Piyango bileti""}"
"19123.00000002142","","survey-multi-choice","42","322598","0.0-42.0","vk1w3","unal.sercann@gmail.com","Sercan Ünal","z","","C01","null","{""Q0"":""Üzülür""}"
"3249.2000000202097","","survey-multi-choice","43","325864","0.0-43.0","vk1w3","unal.sercann@gmail.com","Sercan Ünal","z","","Q01","Arda","{""Q0"":""Arda""}"
"7457.9999999841675","","survey-multi-choice","44","333334","0.0-44.0","vk1w3","unal.sercann@gmail.com","Sercan Ünal","z","","F07","null","{""Q0"":""Üzülür""}"
"3932.9999999608845","","survey-multi-choice","45","337285","0.0-45.0","vk1w3","unal.sercann@gmail.com","Sercan Ünal","z","","Q07","Kardan adam","{""Q0"":""Kardan adam""}"
"8393.999999971129","","survey-multi-choice","46","345690","0.0-46.0","vk1w3","unal.sercann@gmail.com","Sercan Ünal","z","","F21","null","{""Q0"":""Üzülür""}"
"2414.8000000277534","","survey-multi-choice","47","348124","0.0-47.0","vk1w3","unal.sercann@gmail.com","Sercan Ünal","z","","Q21","Odun","{""Q0"":""Odun""}"
"7306.800000020303","","survey-multi-choice","48","355444","0.0-48.0","vk1w3","unal.sercann@gmail.com","Sercan Ünal","z","","F12","null","{""Q0"":""Sevinir""}"
"4285.299999988638","","survey-multi-choice","49","359742","0.0-49.0","vk1w3","unal.sercann@gmail.com","Sercan Ünal","z","","Q12","Para biriktirmek","{""Q0"":""Para biriktirmek""}"
"5689.8000000510365","","instructions","50","365450","0.0-50.0","vk1w3","unal.sercann@gmail.com","Sercan Ünal","z","[{""page_index"":0,""viewing_time"":5686.900000029709}]","","",""
