"rt","url","trial_type","trial_index","time_elapsed","internal_node_id","subject","subject_email","subject_name","group","view_history","id","correct","responses"
"43171","resources/welcome.html","external-html","0","43217","0.0-0.0","2dmmg","dberfindogan@gmail.com","Berfin","z","","","",""
"13238","","instructions","1","56457","0.0-1.0","2dmmg","dberfindogan@gmail.com","Berfin","z","[{""page_index"":0,""viewing_time"":13236}]","","",""
"13802","","survey-multi-choice","2","70276","0.0-2.0","2dmmg","dberfindogan@gmail.com","Berfin","z","","F16","null","{""Q0"":""Sevinir""}"
"4006.9999999999854","","survey-multi-choice","3","74292","0.0-3.0","2dmmg","dberfindogan@gmail.com","Berfin","z","","Q16","Kafe","{""Q0"":""Kafe""}"
"13790","","survey-multi-choice","4","88087","0.0-4.0","2dmmg","dberfindogan@gmail.com","Berfin","z","","F21","null","{""Q0"":""Üzülür""}"
"3449.0000000000146","","survey-multi-choice","5","91539","0.0-5.0","2dmmg","dberfindogan@gmail.com","Berfin","z","","Q21","Odun","{""Q0"":""Odun""}"
"14308","","survey-multi-choice","6","105853","0.0-6.0","2dmmg","dberfindogan@gmail.com","Berfin","z","","F20","null","{""Q0"":""Sevinir""}"
"3685","","survey-multi-choice","7","109542","0.0-7.0","2dmmg","dberfindogan@gmail.com","Berfin","z","","Q20","Piyango bileti","{""Q0"":""Piyango bileti""}"
"23076","","survey-multi-choice","8","132626","0.0-8.0","2dmmg","dberfindogan@gmail.com","Berfin","z","","C03","null","{""Q0"":""Üzülür""}"
"7390","","survey-multi-choice","9","140025","0.0-9.0","2dmmg","dberfindogan@gmail.com","Berfin","z","","Q03","Ofis","{""Q0"":""Fabrika""}"
"8476","","survey-multi-choice","10","148508","0.0-10.0","2dmmg","dberfindogan@gmail.com","Berfin","z","","F10","null","{""Q0"":""Sevinir""}"
"3323","","survey-multi-choice","11","151838","0.0-11.0","2dmmg","dberfindogan@gmail.com","Berfin","z","","Q10","Yüksek lisans","{""Q0"":""Yüksek lisans""}"
"8885","","survey-multi-choice","12","160727","0.0-12.0","2dmmg","dberfindogan@gmail.com","Berfin","z","","F19","null","{""Q0"":""Üzülür""}"
"2403","","survey-multi-choice","13","163140","0.0-13.0","2dmmg","dberfindogan@gmail.com","Berfin","z","","Q19","Fizik","{""Q0"":""Fizik""}"
"12199","","survey-multi-choice","14","175345","0.0-14.0","2dmmg","dberfindogan@gmail.com","Berfin","z","","C05","null","{""Q0"":""Üzülür""}"
"2708","","survey-multi-choice","15","178059","0.0-15.0","2dmmg","dberfindogan@gmail.com","Berfin","z","","Q05","Matematik","{""Q0"":""Matematik""}"
"8962.00000000003","","survey-multi-choice","16","187027","0.0-16.0","2dmmg","dberfindogan@gmail.com","Berfin","z","","F15","null","{""Q0"":""Üzülür""}"
"2591","","survey-multi-choice","17","189626","0.0-17.0","2dmmg","dberfindogan@gmail.com","Berfin","z","","Q15","Altı","{""Q0"":""Altı""}"
"14394.00000000003","","survey-multi-choice","18","204027","0.0-18.0","2dmmg","dberfindogan@gmail.com","Berfin","z","","F09","null","{""Q0"":""Sevinir""}"
"2261.000000000029","","survey-multi-choice","19","206295","0.0-19.0","2dmmg","dberfindogan@gmail.com","Berfin","z","","Q09","Yemekhane","{""Q0"":""Yemekhane""}"
"6275","","survey-multi-choice","20","212577","0.0-20.0","2dmmg","dberfindogan@gmail.com","Berfin","z","","F12","null","{""Q0"":""Sevinir""}"
"2376","","survey-multi-choice","21","214961","0.0-21.0","2dmmg","dberfindogan@gmail.com","Berfin","z","","Q12","Para biriktirmek","{""Q0"":""Para biriktirmek""}"
"9945","","survey-multi-choice","22","224912","0.0-22.0","2dmmg","dberfindogan@gmail.com","Berfin","z","","C06","null","{""Q0"":""Sevinir""}"
"3202.999999999971","","survey-multi-choice","23","228122","0.0-23.0","2dmmg","dberfindogan@gmail.com","Berfin","z","","Q06","Müdür","{""Q0"":""Müdür""}"
"5885.999999999971","","survey-multi-choice","24","234013","0.0-24.0","2dmmg","dberfindogan@gmail.com","Berfin","z","","F23","null","{""Q0"":""Üzülür""}"
"3609.999999999971","","survey-multi-choice","25","237630","0.0-25.0","2dmmg","dberfindogan@gmail.com","Berfin","z","","Q23","Çarpışan arabalar","{""Q0"":""Çarpışan arabalar""}"
"8110","","survey-multi-choice","26","245747","0.0-26.0","2dmmg","dberfindogan@gmail.com","Berfin","z","","F17","null","{""Q0"":""Üzülür""}"
"2589","","survey-multi-choice","27","248343","0.0-27.0","2dmmg","dberfindogan@gmail.com","Berfin","z","","Q17","Öğle yemeği","{""Q0"":""Akşam yemeği""}"
"10496","","survey-multi-choice","28","258846","0.0-28.0","2dmmg","dberfindogan@gmail.com","Berfin","z","","F22","null","{""Q0"":""Sevinir""}"
"2494.999999999971","","survey-multi-choice","29","261352","0.0-29.0","2dmmg","dberfindogan@gmail.com","Berfin","z","","Q22","Yoğun","{""Q0"":""Yoğun""}"
"11235","","survey-multi-choice","30","272594","0.0-30.0","2dmmg","dberfindogan@gmail.com","Berfin","z","","C01","null","{""Q0"":""Sevinir""}"
"2512","","survey-multi-choice","31","275113","0.0-31.0","2dmmg","dberfindogan@gmail.com","Berfin","z","","Q01","Arda","{""Q0"":""Arda""}"
"11897","","survey-multi-choice","32","287015","0.0-32.0","2dmmg","dberfindogan@gmail.com","Berfin","z","","F07","null","{""Q0"":""Üzülür""}"
"2775","","survey-multi-choice","33","289800","0.0-33.0","2dmmg","dberfindogan@gmail.com","Berfin","z","","Q07","Kardan adam","{""Q0"":""Kardan adam""}"
"9757","","survey-multi-choice","34","299564","0.0-34.0","2dmmg","dberfindogan@gmail.com","Berfin","z","","F24","null","{""Q0"":""Sevinir""}"
"1901","","survey-multi-choice","35","301486","0.0-35.0","2dmmg","dberfindogan@gmail.com","Berfin","z","","Q24","Tokyo","{""Q0"":""Tokyo""}"
"19190","","survey-multi-choice","36","320682","0.0-36.0","2dmmg","dberfindogan@gmail.com","Berfin","z","","C04","null","{""Q0"":""Sevinir""}"
"1858","","survey-multi-choice","37","322549","0.0-37.0","2dmmg","dberfindogan@gmail.com","Berfin","z","","Q04","Kamp","{""Q0"":""Kamp""}"
"8510","","survey-multi-choice","38","331066","0.0-38.0","2dmmg","dberfindogan@gmail.com","Berfin","z","","F08","null","{""Q0"":""Üzülür""}"
"2442","","survey-multi-choice","39","333516","0.0-39.0","2dmmg","dberfindogan@gmail.com","Berfin","z","","Q08","Tenis","{""Q0"":""Tenis""}"
"6806","","survey-multi-choice","40","340328","0.0-40.0","2dmmg","dberfindogan@gmail.com","Berfin","z","","F11","null","{""Q0"":""Üzülür""}"
"2784","","survey-multi-choice","41","343116","0.0-41.0","2dmmg","dberfindogan@gmail.com","Berfin","z","","Q11","Ayakkabı","{""Q0"":""Ayakkabı""}"
"11229","","survey-multi-choice","42","354352","0.0-42.0","2dmmg","dberfindogan@gmail.com","Berfin","z","","C02","null","{""Q0"":""Sevinir""}"
"5374","","survey-multi-choice","43","359732","0.0-43.0","2dmmg","dberfindogan@gmail.com","Berfin","z","","Q02","Oyuncak bebek","{""Q0"":""Oyuncak bebek""}"
"16099","","survey-multi-choice","44","375835","0.0-44.0","2dmmg","dberfindogan@gmail.com","Berfin","z","","F14","null","{""Q0"":""Sevinir""}"
"3425","","survey-multi-choice","45","379268","0.0-45.0","2dmmg","dberfindogan@gmail.com","Berfin","z","","Q14","Birinci","{""Q0"":""İkinci""}"
"9410","","survey-multi-choice","46","388685","0.0-46.0","2dmmg","dberfindogan@gmail.com","Berfin","z","","F13","null","{""Q0"":""Sevinir""}"
"2389.999999999942","","survey-multi-choice","47","391083","0.0-47.0","2dmmg","dberfindogan@gmail.com","Berfin","z","","Q13","Kars","{""Q0"":""Kars""}"
"6609","","survey-multi-choice","48","397698","0.0-48.0","2dmmg","dberfindogan@gmail.com","Berfin","z","","F18","null","{""Q0"":""Sevinir""}"
"2733","","survey-multi-choice","49","400435","0.0-49.0","2dmmg","dberfindogan@gmail.com","Berfin","z","","Q18","Çilek","{""Q0"":""Çilek""}"
"3015","","instructions","50","403468","0.0-50.0","2dmmg","dberfindogan@gmail.com","Berfin","z","[{""page_index"":0,""viewing_time"":3014}]","","",""
