"rt","url","trial_type","trial_index","time_elapsed","internal_node_id","subject","subject_email","subject_name","group","view_history","id","correct","responses"
"52497.89999999484","resources/welcome.html","external-html","0","52734","0.0-0.0","oy58o","yagmurdalgic05@gmail.com","Yağmur Dalgıç","z","","","",""
"25169.39999999886","","instructions","1","77913","0.0-1.0","oy58o","yagmurdalgic05@gmail.com","Yağmur Dalgıç","z","[{""page_index"":0,""viewing_time"":25166.39999999461}]","","",""
"9916.799999999057","","survey-multi-choice","2","87848","0.0-2.0","oy58o","yagmurdalgic05@gmail.com","Yağmur Dalgıç","z","","F21","null","{""Q0"":""Üzülür""}"
"4196.400000000722","","survey-multi-choice","3","92060","0.0-3.0","oy58o","yagmurdalgic05@gmail.com","Yağmur Dalgıç","z","","Q21","Odun","{""Q0"":""Odun""}"
"18725.399999995716","","survey-multi-choice","4","110804","0.0-4.0","oy58o","yagmurdalgic05@gmail.com","Yağmur Dalgıç","z","","F19","null","{""Q0"":""Üzülür""}"
"3487.9000000000815","","survey-multi-choice","5","114308","0.0-5.0","oy58o","yagmurdalgic05@gmail.com","Yağmur Dalgıç","z","","Q19","Fizik","{""Q0"":""Fizik""}"
"14233.200000002398","","survey-multi-choice","6","128558","0.0-6.0","oy58o","yagmurdalgic05@gmail.com","Yağmur Dalgıç","z","","F08","null","{""Q0"":""Üzülür""}"
"2447.199999995064","","survey-multi-choice","7","131021","0.0-7.0","oy58o","yagmurdalgic05@gmail.com","Yağmur Dalgıç","z","","Q08","Tenis","{""Q0"":""Tenis""}"
"35260.300000001735","","survey-multi-choice","8","166296","0.0-8.0","oy58o","yagmurdalgic05@gmail.com","Yağmur Dalgıç","z","","C01","null","{""Q0"":""Sevinir""}"
"5362.300000000687","","survey-multi-choice","9","171673","0.0-9.0","oy58o","yagmurdalgic05@gmail.com","Yağmur Dalgıç","z","","Q01","Arda","{""Q0"":""Arda""}"
"15203.600000000733","","survey-multi-choice","10","186886","0.0-10.0","oy58o","yagmurdalgic05@gmail.com","Yağmur Dalgıç","z","","F16","null","{""Q0"":""Sevinir""}"
"3768.100000001141","","survey-multi-choice","11","190674","0.0-11.0","oy58o","yagmurdalgic05@gmail.com","Yağmur Dalgıç","z","","Q16","Kafe","{""Q0"":""Kafe""}"
"18543.100000002596","","survey-multi-choice","12","209228","0.0-12.0","oy58o","yagmurdalgic05@gmail.com","Yağmur Dalgıç","z","","F15","null","{""Q0"":""Sevinir""}"
"3014.2999999952735","","survey-multi-choice","13","212253","0.0-13.0","oy58o","yagmurdalgic05@gmail.com","Yağmur Dalgıç","z","","Q15","Altı","{""Q0"":""Altı""}"
"16307.89999999979","","survey-multi-choice","14","228577","0.0-14.0","oy58o","yagmurdalgic05@gmail.com","Yağmur Dalgıç","z","","C06","null","{""Q0"":""Sevinir""}"
"3976.20000000461","","survey-multi-choice","15","232572","0.0-15.0","oy58o","yagmurdalgic05@gmail.com","Yağmur Dalgıç","z","","Q06","Müdür","{""Q0"":""Müdür""}"
"27009.799999999814","","survey-multi-choice","16","259598","0.0-16.0","oy58o","yagmurdalgic05@gmail.com","Yağmur Dalgıç","z","","F17","null","{""Q0"":""Sevinir""}"
"3392.8999999989173","","survey-multi-choice","17","263004","0.0-17.0","oy58o","yagmurdalgic05@gmail.com","Yağmur Dalgıç","z","","Q17","Öğle yemeği","{""Q0"":""Akşam yemeği""}"
"18592.799999998533","","survey-multi-choice","18","281607","0.0-18.0","oy58o","yagmurdalgic05@gmail.com","Yağmur Dalgıç","z","","F20","null","{""Q0"":""Üzülür""}"
"3986.299999996845","","survey-multi-choice","19","285608","0.0-19.0","oy58o","yagmurdalgic05@gmail.com","Yağmur Dalgıç","z","","Q20","Piyango bileti","{""Q0"":""Piyango bileti""}"
"14727.4000000034","","survey-multi-choice","20","300353","0.0-20.0","oy58o","yagmurdalgic05@gmail.com","Yağmur Dalgıç","z","","F10","null","{""Q0"":""Sevinir""}"
"5140.000000006694","","survey-multi-choice","21","305510","0.0-21.0","oy58o","yagmurdalgic05@gmail.com","Yağmur Dalgıç","z","","Q10","Yüksek lisans","{""Q0"":""Yüksek lisans""}"
"23196.299999995972","","survey-multi-choice","22","328722","0.0-22.0","oy58o","yagmurdalgic05@gmail.com","Yağmur Dalgıç","z","","C02","null","{""Q0"":""Sevinir""}"
"4476.499999997031","","survey-multi-choice","23","333213","0.0-23.0","oy58o","yagmurdalgic05@gmail.com","Yağmur Dalgıç","z","","Q02","Oyuncak bebek","{""Q0"":""Oyuncak bebek""}"
"13284.599999999045","","survey-multi-choice","24","346512","0.0-24.0","oy58o","yagmurdalgic05@gmail.com","Yağmur Dalgıç","z","","F24","null","{""Q0"":""Sevinir""}"
"2744.5000000006985","","survey-multi-choice","25","349266","0.0-25.0","oy58o","yagmurdalgic05@gmail.com","Yağmur Dalgıç","z","","Q24","Tokyo","{""Q0"":""Tokyo""}"
"10471.300000004703","","survey-multi-choice","26","359751","0.0-26.0","oy58o","yagmurdalgic05@gmail.com","Yağmur Dalgıç","z","","F23","null","{""Q0"":""Üzülür""}"
"2992.2999999980675","","survey-multi-choice","27","362762","0.0-27.0","oy58o","yagmurdalgic05@gmail.com","Yağmur Dalgıç","z","","Q23","Çarpışan arabalar","{""Q0"":""Çarpışan arabalar""}"
"23725.800000000163","","survey-multi-choice","28","386506","0.0-28.0","oy58o","yagmurdalgic05@gmail.com","Yağmur Dalgıç","z","","F14","null","{""Q0"":""Sevinir""}"
"4669.300000001385","","survey-multi-choice","29","391190","0.0-29.0","oy58o","yagmurdalgic05@gmail.com","Yağmur Dalgıç","z","","Q14","Birinci","{""Q0"":""İkinci""}"
"19498.200000001816","","survey-multi-choice","30","410705","0.0-30.0","oy58o","yagmurdalgic05@gmail.com","Yağmur Dalgıç","z","","C03","null","{""Q0"":""Üzülür""}"
"6873.500000001513","","survey-multi-choice","31","417594","0.0-31.0","oy58o","yagmurdalgic05@gmail.com","Yağmur Dalgıç","z","","Q03","Ofis","{""Q0"":""Ofis""}"
"13922.200000000885","","survey-multi-choice","32","431532","0.0-32.0","oy58o","yagmurdalgic05@gmail.com","Yağmur Dalgıç","z","","F12","null","{""Q0"":""Sevinir""}"
"4832.299999994575","","survey-multi-choice","33","436382","0.0-33.0","oy58o","yagmurdalgic05@gmail.com","Yağmur Dalgıç","z","","Q12","Para biriktirmek","{""Q0"":""Para biriktirmek""}"
"16666.999999994005","","survey-multi-choice","34","453060","0.0-34.0","oy58o","yagmurdalgic05@gmail.com","Yağmur Dalgıç","z","","F13","null","{""Q0"":""Üzülür""}"
"3024.700000001758","","survey-multi-choice","35","456104","0.0-35.0","oy58o","yagmurdalgic05@gmail.com","Yağmur Dalgıç","z","","Q13","Kars","{""Q0"":""Kars""}"
"11780.70000000298","","survey-multi-choice","36","467901","0.0-36.0","oy58o","yagmurdalgic05@gmail.com","Yağmur Dalgıç","z","","C05","null","{""Q0"":""Üzülür""}"
"2061.600000000908","","survey-multi-choice","37","469977","0.0-37.0","oy58o","yagmurdalgic05@gmail.com","Yağmur Dalgıç","z","","Q05","Matematik","{""Q0"":""Matematik""}"
"14118.399999999383","","survey-multi-choice","38","484108","0.0-38.0","oy58o","yagmurdalgic05@gmail.com","Yağmur Dalgıç","z","","F09","null","{""Q0"":""Sevinir""}"
"7264.1999999978","","survey-multi-choice","39","491382","0.0-39.0","oy58o","yagmurdalgic05@gmail.com","Yağmur Dalgıç","z","","Q09","Yemekhane","{""Q0"":""Yemekhane""}"
"12410.799999997835","","survey-multi-choice","40","503806","0.0-40.0","oy58o","yagmurdalgic05@gmail.com","Yağmur Dalgıç","z","","F22","null","{""Q0"":""Sevinir""}"
"9886.599999997998","","survey-multi-choice","41","513713","0.0-41.0","oy58o","yagmurdalgic05@gmail.com","Yağmur Dalgıç","z","","Q22","Yoğun","{""Q0"":""Yoğun""}"
"19378.399999994144","","survey-multi-choice","42","533107","0.0-42.0","oy58o","yagmurdalgic05@gmail.com","Yağmur Dalgıç","z","","C04","null","{""Q0"":""Sevinir""}"
"4094.699999994249","","survey-multi-choice","43","537218","0.0-43.0","oy58o","yagmurdalgic05@gmail.com","Yağmur Dalgıç","z","","Q04","Kamp","{""Q0"":""Kamp""}"
"17113.700000001583","","survey-multi-choice","44","554350","0.0-44.0","oy58o","yagmurdalgic05@gmail.com","Yağmur Dalgıç","z","","F07","null","{""Q0"":""Üzülür""}"
"2977.200000001234","","survey-multi-choice","45","557348","0.0-45.0","oy58o","yagmurdalgic05@gmail.com","Yağmur Dalgıç","z","","Q07","Kardan adam","{""Q0"":""Kardan adam""}"
"9553.200000002049","","survey-multi-choice","46","566917","0.0-46.0","oy58o","yagmurdalgic05@gmail.com","Yağmur Dalgıç","z","","F11","null","{""Q0"":""Üzülür""}"
"3688.6000000012573","","survey-multi-choice","47","570621","0.0-47.0","oy58o","yagmurdalgic05@gmail.com","Yağmur Dalgıç","z","","Q11","Ayakkabı","{""Q0"":""Ayakkabı""}"
"9734.50000000582","","survey-multi-choice","48","580369","0.0-48.0","oy58o","yagmurdalgic05@gmail.com","Yağmur Dalgıç","z","","F18","null","{""Q0"":""Sevinir""}"
"2540.0999999984633","","survey-multi-choice","49","582927","0.0-49.0","oy58o","yagmurdalgic05@gmail.com","Yağmur Dalgıç","z","","Q18","Çilek","{""Q0"":""Çilek""}"
"6134.700000002398","","instructions","50","589074","0.0-50.0","oy58o","yagmurdalgic05@gmail.com","Yağmur Dalgıç","z","[{""page_index"":0,""viewing_time"":6132.7000000019325}]","","",""
