"rt","url","trial_type","trial_index","time_elapsed","internal_node_id","subject","subject_email","subject_name","group","view_history","id","correct","responses"
"24011","resources/welcome.html","external-html","0","24099","0.0-0.0","uktze","cigde.saray@gmail.com","Çiğdem","z","","","",""
"17586","","instructions","1","41690","0.0-1.0","uktze","cigde.saray@gmail.com","Çiğdem","z","[{""page_index"":0,""viewing_time"":17584}]","","",""
"12885.999999999993","","survey-multi-choice","2","54589","0.0-2.0","uktze","cigde.saray@gmail.com","Çiğdem","z","","F15","null","{""Q0"":""Üzülür""}"
"5848","","survey-multi-choice","3","60445","0.0-3.0","uktze","cigde.saray@gmail.com","Çiğdem","z","","Q15","Altı","{""Q0"":""Altı""}"
"11681","","survey-multi-choice","4","72132","0.0-4.0","uktze","cigde.saray@gmail.com","Çiğdem","z","","F07","null","{""Q0"":""Üzülür""}"
"7042.999999999985","","survey-multi-choice","5","79181","0.0-5.0","uktze","cigde.saray@gmail.com","Çiğdem","z","","Q07","Kardan adam","{""Q0"":""Kardan adam""}"
"23534","","survey-multi-choice","6","102724","0.0-6.0","uktze","cigde.saray@gmail.com","Çiğdem","z","","F09","null","{""Q0"":""Sevinir""}"
"4369","","survey-multi-choice","7","107101","0.0-7.0","uktze","cigde.saray@gmail.com","Çiğdem","z","","Q09","Yemekhane","{""Q0"":""Yemekhane""}"
"14871","","survey-multi-choice","8","121979","0.0-8.0","uktze","cigde.saray@gmail.com","Çiğdem","z","","C01","null","{""Q0"":""Üzülür""}"
"4973","","survey-multi-choice","9","126958","0.0-9.0","uktze","cigde.saray@gmail.com","Çiğdem","z","","Q01","Arda","{""Q0"":""Arda""}"
"9508.999999999985","","survey-multi-choice","10","136469","0.0-10.0","uktze","cigde.saray@gmail.com","Çiğdem","z","","F22","null","{""Q0"":""Sevinir""}"
"4496","","survey-multi-choice","11","140972","0.0-11.0","uktze","cigde.saray@gmail.com","Çiğdem","z","","Q22","Yoğun","{""Q0"":""Yoğun""}"
"9655","","survey-multi-choice","12","150633","0.0-12.0","uktze","cigde.saray@gmail.com","Çiğdem","z","","F11","null","{""Q0"":""Üzülür""}"
"2993","","survey-multi-choice","13","153633","0.0-13.0","uktze","cigde.saray@gmail.com","Çiğdem","z","","Q11","Ayakkabı","{""Q0"":""Ayakkabı""}"
"14713","","survey-multi-choice","14","168351","0.0-14.0","uktze","cigde.saray@gmail.com","Çiğdem","z","","C04","null","{""Q0"":""Üzülür""}"
"3213","","survey-multi-choice","15","171570","0.0-15.0","uktze","cigde.saray@gmail.com","Çiğdem","z","","Q04","Kamp","{""Q0"":""Kamp""}"
"11327","","survey-multi-choice","16","182902","0.0-16.0","uktze","cigde.saray@gmail.com","Çiğdem","z","","F16","null","{""Q0"":""Sevinir""}"
"2730","","survey-multi-choice","17","185638","0.0-17.0","uktze","cigde.saray@gmail.com","Çiğdem","z","","Q16","Kafe","{""Q0"":""Kafe""}"
"97497","","survey-multi-choice","18","283139","0.0-18.0","uktze","cigde.saray@gmail.com","Çiğdem","z","","F21","null","{""Q0"":""Üzülür""}"
"3167","","survey-multi-choice","19","286313","0.0-19.0","uktze","cigde.saray@gmail.com","Çiğdem","z","","Q21","Odun","{""Q0"":""Odun""}"
"10593","","survey-multi-choice","20","296912","0.0-20.0","uktze","cigde.saray@gmail.com","Çiğdem","z","","F13","null","{""Q0"":""Sevinir""}"
"2937","","survey-multi-choice","21","299851","0.0-21.0","uktze","cigde.saray@gmail.com","Çiğdem","z","","Q13","Kars","{""Q0"":""Kars""}"
"11674","","survey-multi-choice","22","311530","0.0-22.0","uktze","cigde.saray@gmail.com","Çiğdem","z","","C02","null","{""Q0"":""Sevinir""}"
"3875","","survey-multi-choice","23","315412","0.0-23.0","uktze","cigde.saray@gmail.com","Çiğdem","z","","Q02","Oyuncak bebek","{""Q0"":""Oyuncak bebek""}"
"7574","","survey-multi-choice","24","322992","0.0-24.0","uktze","cigde.saray@gmail.com","Çiğdem","z","","F08","null","{""Q0"":""Üzülür""}"
"5213","","survey-multi-choice","25","328211","0.0-25.0","uktze","cigde.saray@gmail.com","Çiğdem","z","","Q08","Tenis","{""Q0"":""Tenis""}"
"108584","","survey-multi-choice","26","436801","0.0-26.0","uktze","cigde.saray@gmail.com","Çiğdem","z","","F14","null","{""Q0"":""Sevinir""}"
"3630.999999999942","","survey-multi-choice","27","440439","0.0-27.0","uktze","cigde.saray@gmail.com","Çiğdem","z","","Q14","Birinci","{""Q0"":""İkinci""}"
"8531","","survey-multi-choice","28","448980","0.0-28.0","uktze","cigde.saray@gmail.com","Çiğdem","z","","F24","null","{""Q0"":""Sevinir""}"
"2532","","survey-multi-choice","29","451519","0.0-29.0","uktze","cigde.saray@gmail.com","Çiğdem","z","","Q24","Tokyo","{""Q0"":""Tokyo""}"
"9596","","survey-multi-choice","30","461121","0.0-30.0","uktze","cigde.saray@gmail.com","Çiğdem","z","","C06","null","{""Q0"":""Üzülür""}"
"3340","","survey-multi-choice","31","464468","0.0-31.0","uktze","cigde.saray@gmail.com","Çiğdem","z","","Q06","Müdür","{""Q0"":""Müdür""}"
"9492.999999999942","","survey-multi-choice","32","473968","0.0-32.0","uktze","cigde.saray@gmail.com","Çiğdem","z","","F20","null","{""Q0"":""Sevinir""}"
"3430.999999999942","","survey-multi-choice","33","477404","0.0-33.0","uktze","cigde.saray@gmail.com","Çiğdem","z","","Q20","Piyango bileti","{""Q0"":""Piyango bileti""}"
"16709.99999999994","","survey-multi-choice","34","494119","0.0-34.0","uktze","cigde.saray@gmail.com","Çiğdem","z","","F12","null","{""Q0"":""Sevinir""}"
"5107","","survey-multi-choice","35","499235","0.0-35.0","uktze","cigde.saray@gmail.com","Çiğdem","z","","Q12","Para biriktirmek","{""Q0"":""Para biriktirmek""}"
"9682","","survey-multi-choice","36","508922","0.0-36.0","uktze","cigde.saray@gmail.com","Çiğdem","z","","C05","null","{""Q0"":""Üzülür""}"
"2810.999999999942","","survey-multi-choice","37","511739","0.0-37.0","uktze","cigde.saray@gmail.com","Çiğdem","z","","Q05","Matematik","{""Q0"":""Matematik""}"
"6344.000000000058","","survey-multi-choice","38","518088","0.0-38.0","uktze","cigde.saray@gmail.com","Çiğdem","z","","F19","null","{""Q0"":""Üzülür""}"
"2594.000000000058","","survey-multi-choice","39","520689","0.0-39.0","uktze","cigde.saray@gmail.com","Çiğdem","z","","Q19","Fizik","{""Q0"":""Fizik""}"
"62514.99999999994","","survey-multi-choice","40","583209","0.0-40.0","uktze","cigde.saray@gmail.com","Çiğdem","z","","F17","null","{""Q0"":""Sevinir""}"
"4113","","survey-multi-choice","41","587329","0.0-41.0","uktze","cigde.saray@gmail.com","Çiğdem","z","","Q17","Öğle yemeği","{""Q0"":""Akşam yemeği""}"
"9145.999999999884","","survey-multi-choice","42","596478","0.0-42.0","uktze","cigde.saray@gmail.com","Çiğdem","z","","C03","null","{""Q0"":""Sevinir""}"
"4510","","survey-multi-choice","43","600991","0.0-43.0","uktze","cigde.saray@gmail.com","Çiğdem","z","","Q03","Ofis","{""Q0"":""Ofis""}"
"6633","","survey-multi-choice","44","607630","0.0-44.0","uktze","cigde.saray@gmail.com","Çiğdem","z","","F23","null","{""Q0"":""Üzülür""}"
"2843.9999999998836","","survey-multi-choice","45","610479","0.0-45.0","uktze","cigde.saray@gmail.com","Çiğdem","z","","Q23","Çarpışan arabalar","{""Q0"":""Çarpışan arabalar""}"
"8175","","survey-multi-choice","46","618660","0.0-46.0","uktze","cigde.saray@gmail.com","Çiğdem","z","","F10","null","{""Q0"":""Sevinir""}"
"2629","","survey-multi-choice","47","621295","0.0-47.0","uktze","cigde.saray@gmail.com","Çiğdem","z","","Q10","Yüksek lisans","{""Q0"":""Yüksek lisans""}"
"12328","","survey-multi-choice","48","633628","0.0-48.0","uktze","cigde.saray@gmail.com","Çiğdem","z","","F18","null","{""Q0"":""Sevinir""}"
"2492","","survey-multi-choice","49","636127","0.0-49.0","uktze","cigde.saray@gmail.com","Çiğdem","z","","Q18","Çilek","{""Q0"":""Çilek""}"
