"rt","url","trial_type","trial_index","time_elapsed","internal_node_id","subject","subject_email","subject_name","group","view_history","id","correct","responses"
"19337","resources/welcome.html","external-html","0","19395","0.0-0.0","thzrx","-","hande","z","","","",""
"18408","","instructions","1","37805","0.0-1.0","thzrx","-","hande","z","[{""page_index"":0,""viewing_time"":18407}]","","",""
"11200","","survey-multi-choice","2","49008","0.0-2.0","thzrx","-","hande","z","","F19","null","{""Q0"":""Üzülür""}"
"3382","","survey-multi-choice","3","52402","0.0-3.0","thzrx","-","hande","z","","Q19","Fizik","{""Q0"":""Fizik""}"
"7913.999999999993","","survey-multi-choice","4","60327","0.0-4.0","thzrx","-","hande","z","","F15","null","{""Q0"":""Sevinir""}"
"3170","","survey-multi-choice","5","63511","0.0-5.0","thzrx","-","hande","z","","Q15","Altı","{""Q0"":""Altı""}"
"15678","","survey-multi-choice","6","79201","0.0-6.0","thzrx","-","hande","z","","F12","null","{""Q0"":""Üzülür""}"
"5774","","survey-multi-choice","7","84988","0.0-7.0","thzrx","-","hande","z","","Q12","Para biriktirmek","{""Q0"":""Para biriktirmek""}"
"13699","","survey-multi-choice","8","98698","0.0-8.0","thzrx","-","hande","z","","C06","null","{""Q0"":""Sevinir""}"
"5045.999999999985","","survey-multi-choice","9","103757","0.0-9.0","thzrx","-","hande","z","","Q06","Müdür","{""Q0"":""Müdür""}"
"10852.000000000015","","survey-multi-choice","10","114620","0.0-10.0","thzrx","-","hande","z","","F13","null","{""Q0"":""Sevinir""}"
"3762","","survey-multi-choice","11","118395","0.0-11.0","thzrx","-","hande","z","","Q13","Kars","{""Q0"":""Kars""}"
"8758","","survey-multi-choice","12","127165","0.0-12.0","thzrx","-","hande","z","","F07","null","{""Q0"":""Üzülür""}"
"4253","","survey-multi-choice","13","131430","0.0-13.0","thzrx","-","hande","z","","Q07","Kardan adam","{""Q0"":""Kardan adam""}"
"10377.00000000003","","survey-multi-choice","14","141818","0.0-14.0","thzrx","-","hande","z","","C03","null","{""Q0"":""Üzülür""}"
"7217","","survey-multi-choice","15","149047","0.0-15.0","thzrx","-","hande","z","","Q03","Ofis","{""Q0"":""Ofis""}"
"11121","","survey-multi-choice","16","160180","0.0-16.0","thzrx","-","hande","z","","F17","null","{""Q0"":""Üzülür""}"
"3071","","survey-multi-choice","17","163263","0.0-17.0","thzrx","-","hande","z","","Q17","Öğle yemeği","{""Q0"":""Akşam yemeği""}"
"8007","","survey-multi-choice","18","171282","0.0-18.0","thzrx","-","hande","z","","F23","null","{""Q0"":""Üzülür""}"
"2458","","survey-multi-choice","19","173752","0.0-19.0","thzrx","-","hande","z","","Q23","Çarpışan arabalar","{""Q0"":""Çarpışan arabalar""}"
"11469","","survey-multi-choice","20","185231","0.0-20.0","thzrx","-","hande","z","","F18","null","{""Q0"":""Sevinir""}"
"2778","","survey-multi-choice","21","188022","0.0-21.0","thzrx","-","hande","z","","Q18","Çilek","{""Q0"":""Çilek""}"
"7895.999999999971","","survey-multi-choice","22","195930","0.0-22.0","thzrx","-","hande","z","","C02","null","{""Q0"":""Sevinir""}"
"3299","","survey-multi-choice","23","199242","0.0-23.0","thzrx","-","hande","z","","Q02","Oyuncak bebek","{""Q0"":""Oyuncak bebek""}"
"6744","","survey-multi-choice","24","205997","0.0-24.0","thzrx","-","hande","z","","F21","null","{""Q0"":""Üzülür""}"
"2833","","survey-multi-choice","25","208841","0.0-25.0","thzrx","-","hande","z","","Q21","Odun","{""Q0"":""Odun""}"
"11853","","survey-multi-choice","26","220705","0.0-26.0","thzrx","-","hande","z","","F14","null","{""Q0"":""Sevinir""}"
"3865.999999999971","","survey-multi-choice","27","224586","0.0-27.0","thzrx","-","hande","z","","Q14","Birinci","{""Q0"":""İkinci""}"
"8220","","survey-multi-choice","28","232818","0.0-28.0","thzrx","-","hande","z","","F11","null","{""Q0"":""Üzülür""}"
"2706","","survey-multi-choice","29","235538","0.0-29.0","thzrx","-","hande","z","","Q11","Ayakkabı","{""Q0"":""Ayakkabı""}"
"5976","","survey-multi-choice","30","241526","0.0-30.0","thzrx","-","hande","z","","C05","null","{""Q0"":""Üzülür""}"
"2791","","survey-multi-choice","31","244329","0.0-31.0","thzrx","-","hande","z","","Q05","Matematik","{""Q0"":""Matematik""}"
"8004","","survey-multi-choice","32","252344","0.0-32.0","thzrx","-","hande","z","","F16","null","{""Q0"":""Sevinir""}"
"2724","","survey-multi-choice","33","255080","0.0-33.0","thzrx","-","hande","z","","Q16","Kafe","{""Q0"":""Kafe""}"
"7267","","survey-multi-choice","34","262359","0.0-34.0","thzrx","-","hande","z","","F10","null","{""Q0"":""Sevinir""}"
"2847.000000000058","","survey-multi-choice","35","265218","0.0-35.0","thzrx","-","hande","z","","Q10","Yüksek lisans","{""Q0"":""Yüksek lisans""}"
"6786.999999999942","","survey-multi-choice","36","272017","0.0-36.0","thzrx","-","hande","z","","C01","null","{""Q0"":""Üzülür""}"
"4205","","survey-multi-choice","37","276234","0.0-37.0","thzrx","-","hande","z","","Q01","Arda","{""Q0"":""Arda""}"
"8878","","survey-multi-choice","38","285123","0.0-38.0","thzrx","-","hande","z","","F08","null","{""Q0"":""Üzülür""}"
"2971","","survey-multi-choice","39","288107","0.0-39.0","thzrx","-","hande","z","","Q08","Tenis","{""Q0"":""Tenis""}"
"6880","","survey-multi-choice","40","294998","0.0-40.0","thzrx","-","hande","z","","F09","null","{""Q0"":""Sevinir""}"
"2538","","survey-multi-choice","41","297550","0.0-41.0","thzrx","-","hande","z","","Q09","Yemekhane","{""Q0"":""Yemekhane""}"
"9757","","survey-multi-choice","42","307319","0.0-42.0","thzrx","-","hande","z","","C04","null","{""Q0"":""Sevinir""}"
"2843","","survey-multi-choice","43","310179","0.0-43.0","thzrx","-","hande","z","","Q04","Kamp","{""Q0"":""Kamp""}"
"5801","","survey-multi-choice","44","315994","0.0-44.0","thzrx","-","hande","z","","F22","null","{""Q0"":""Sevinir""}"
"3848","","survey-multi-choice","45","319852","0.0-45.0","thzrx","-","hande","z","","Q22","Yoğun","{""Q0"":""Yoğun""}"
"8200","","survey-multi-choice","46","328064","0.0-46.0","thzrx","-","hande","z","","F24","null","{""Q0"":""Sevinir""}"
"2491.000000000058","","survey-multi-choice","47","330571","0.0-47.0","thzrx","-","hande","z","","Q24","Tokyo","{""Q0"":""Tokyo""}"
"6697","","survey-multi-choice","48","337279","0.0-48.0","thzrx","-","hande","z","","F20","null","{""Q0"":""Sevinir""}"
"2625.999999999942","","survey-multi-choice","49","339918","0.0-49.0","thzrx","-","hande","z","","Q20","Piyango bileti","{""Q0"":""Piyango bileti""}"
"3554","","instructions","50","343489","0.0-50.0","thzrx","-","hande","z","[{""page_index"":0,""viewing_time"":3554}]","","",""
