"rt","url","trial_type","trial_index","time_elapsed","internal_node_id","subject","subject_email","subject_name","group","view_history","id","correct","responses"
"27150.99999999802","resources/welcome.html","external-html","0","27216","0.0-0.0","jcj9n","e218777@metu.edu.tr","Edanur","z","","","",""
"19248.200000001816","","instructions","1","46472","0.0-1.0","jcj9n","e218777@metu.edu.tr","Edanur","z","[{""page_index"":0,""viewing_time"":19236.700000001292}]","","",""
"12148.29999999347","","survey-multi-choice","2","58642","0.0-2.0","jcj9n","e218777@metu.edu.tr","Edanur","z","","F22","null","{""Q0"":""Sevinir""}"
"3597.200000003795","","survey-multi-choice","3","62257","0.0-3.0","jcj9n","e218777@metu.edu.tr","Edanur","z","","Q22","Yoğun","{""Q0"":""Yoğun""}"
"9260.399999999208","","survey-multi-choice","4","71562","0.0-4.0","jcj9n","e218777@metu.edu.tr","Edanur","z","","F23","null","{""Q0"":""Üzülür""}"
"5112.399999998161","","survey-multi-choice","5","76722","0.0-5.0","jcj9n","e218777@metu.edu.tr","Edanur","z","","Q23","Çarpışan arabalar","{""Q0"":""Çarpışan arabalar""}"
"11636.899999997695","","survey-multi-choice","6","88405","0.0-6.0","jcj9n","e218777@metu.edu.tr","Edanur","z","","F19","null","{""Q0"":""Üzülür""}"
"2847.799999995914","","survey-multi-choice","7","91279","0.0-7.0","jcj9n","e218777@metu.edu.tr","Edanur","z","","Q19","Fizik","{""Q0"":""Fizik""}"
"20592.499999998836","","survey-multi-choice","8","111906","0.0-8.0","jcj9n","e218777@metu.edu.tr","Edanur","z","","C04","null","{""Q0"":""Sevinir""}"
"3779.1999999972177","","survey-multi-choice","9","115697","0.0-9.0","jcj9n","e218777@metu.edu.tr","Edanur","z","","Q04","Kamp","{""Q0"":""Kamp""}"
"8782.600000005914","","survey-multi-choice","10","124512","0.0-10.0","jcj9n","e218777@metu.edu.tr","Edanur","z","","F10","null","{""Q0"":""Sevinir""}"
"3183.099999994738","","survey-multi-choice","11","127731","0.0-11.0","jcj9n","e218777@metu.edu.tr","Edanur","z","","Q10","Yüksek lisans","{""Q0"":""Yüksek lisans""}"
"11269.999999996799","","survey-multi-choice","12","139039","0.0-12.0","jcj9n","e218777@metu.edu.tr","Edanur","z","","F11","null","{""Q0"":""Üzülür""}"
"3444.900000002235","","survey-multi-choice","13","142522","0.0-13.0","jcj9n","e218777@metu.edu.tr","Edanur","z","","Q11","Ayakkabı","{""Q0"":""Ayakkabı""}"
"21486.49999999907","","survey-multi-choice","14","164050","0.0-14.0","jcj9n","e218777@metu.edu.tr","Edanur","z","","C03","null","{""Q0"":""Üzülür""}"
"4501.400000001013","","survey-multi-choice","15","168586","0.0-15.0","jcj9n","e218777@metu.edu.tr","Edanur","z","","Q03","Ofis","{""Q0"":""Ofis""}"
"7864.499999996042","","survey-multi-choice","16","176464","0.0-16.0","jcj9n","e218777@metu.edu.tr","Edanur","z","","F09","null","{""Q0"":""Sevinir""}"
"3601.699999999255","","survey-multi-choice","17","180098","0.0-17.0","jcj9n","e218777@metu.edu.tr","Edanur","z","","Q09","Yemekhane","{""Q0"":""Yemekhane""}"
"10965.099999993981","","survey-multi-choice","18","191108","0.0-18.0","jcj9n","e218777@metu.edu.tr","Edanur","z","","F14","null","{""Q0"":""Sevinir""}"
"4388.099999996484","","survey-multi-choice","19","195542","0.0-19.0","jcj9n","e218777@metu.edu.tr","Edanur","z","","Q14","Birinci","{""Q0"":""İkinci""}"
"8075.4999999990105","","survey-multi-choice","20","203654","0.0-20.0","jcj9n","e218777@metu.edu.tr","Edanur","z","","F15","null","{""Q0"":""Üzülür""}"
"3901.7000000021653","","survey-multi-choice","21","207599","0.0-21.0","jcj9n","e218777@metu.edu.tr","Edanur","z","","Q15","Altı","{""Q0"":""Altı""}"
"9746.299999998882","","survey-multi-choice","22","217373","0.0-22.0","jcj9n","e218777@metu.edu.tr","Edanur","z","","C05","null","{""Q0"":""Sevinir""}"
"3425.9000000020023","","survey-multi-choice","23","220811","0.0-23.0","jcj9n","e218777@metu.edu.tr","Edanur","z","","Q05","Matematik","{""Q0"":""Matematik""}"
"9527.30000000156","","survey-multi-choice","24","230346","0.0-24.0","jcj9n","e218777@metu.edu.tr","Edanur","z","","F21","null","{""Q0"":""Üzülür""}"
"3266.6000000026543","","survey-multi-choice","25","233650","0.0-25.0","jcj9n","e218777@metu.edu.tr","Edanur","z","","Q21","Odun","{""Q0"":""Odun""}"
"11402.200000004086","","survey-multi-choice","26","245086","0.0-26.0","jcj9n","e218777@metu.edu.tr","Edanur","z","","F20","null","{""Q0"":""Üzülür""}"
"3005.1000000021304","","survey-multi-choice","27","248125","0.0-27.0","jcj9n","e218777@metu.edu.tr","Edanur","z","","Q20","Piyango bileti","{""Q0"":""Piyango bileti""}"
"10613.799999999173","","survey-multi-choice","28","258773","0.0-28.0","jcj9n","e218777@metu.edu.tr","Edanur","z","","F17","null","{""Q0"":""Sevinir""}"
"2816.400000003341","","survey-multi-choice","29","261603","0.0-29.0","jcj9n","e218777@metu.edu.tr","Edanur","z","","Q17","Öğle yemeği","{""Q0"":""Akşam yemeği""}"
"11603.300000002491","","survey-multi-choice","30","273230","0.0-30.0","jcj9n","e218777@metu.edu.tr","Edanur","z","","C06","null","{""Q0"":""Sevinir""}"
"4544.099999999162","","survey-multi-choice","31","277822","0.0-31.0","jcj9n","e218777@metu.edu.tr","Edanur","z","","Q06","Müdür","{""Q0"":""Müdür""}"
"7652.699999998731","","survey-multi-choice","32","285523","0.0-32.0","jcj9n","e218777@metu.edu.tr","Edanur","z","","F16","null","{""Q0"":""Sevinir""}"
"3412.5000000058208","","survey-multi-choice","33","288980","0.0-33.0","jcj9n","e218777@metu.edu.tr","Edanur","z","","Q16","Kafe","{""Q0"":""Kafe""}"
"9020.599999996193","","survey-multi-choice","34","298028","0.0-34.0","jcj9n","e218777@metu.edu.tr","Edanur","z","","F24","null","{""Q0"":""Sevinir""}"
"2655.5000000007567","","survey-multi-choice","35","300722","0.0-35.0","jcj9n","e218777@metu.edu.tr","Edanur","z","","Q24","Tokyo","{""Q0"":""Tokyo""}"
"10167.00000000128","","survey-multi-choice","36","310919","0.0-36.0","jcj9n","e218777@metu.edu.tr","Edanur","z","","C02","null","{""Q0"":""Sevinir""}"
"3870.199999997567","","survey-multi-choice","37","314815","0.0-37.0","jcj9n","e218777@metu.edu.tr","Edanur","z","","Q02","Oyuncak bebek","{""Q0"":""Oyuncak bebek""}"
"9200.400000001537","","survey-multi-choice","38","324046","0.0-38.0","jcj9n","e218777@metu.edu.tr","Edanur","z","","F18","null","{""Q0"":""Sevinir""}"
"5637.0999999999185","","survey-multi-choice","39","329713","0.0-39.0","jcj9n","e218777@metu.edu.tr","Edanur","z","","Q18","Çilek","{""Q0"":""Çilek""}"
"15332.99999999872","","survey-multi-choice","40","345061","0.0-40.0","jcj9n","e218777@metu.edu.tr","Edanur","z","","F08","null","{""Q0"":""Üzülür""}"
"5756.500000003143","","survey-multi-choice","41","350846","0.0-41.0","jcj9n","e218777@metu.edu.tr","Edanur","z","","Q08","Tenis","{""Q0"":""Tenis""}"
"15063.499999996566","","survey-multi-choice","42","365950","0.0-42.0","jcj9n","e218777@metu.edu.tr","Edanur","z","","C01","null","{""Q0"":""Sevinir""}"
"3625.800000001618","","survey-multi-choice","43","369606","0.0-43.0","jcj9n","e218777@metu.edu.tr","Edanur","z","","Q01","Arda","{""Q0"":""Arda""}"
"10142.299999999523","","survey-multi-choice","44","379800","0.0-44.0","jcj9n","e218777@metu.edu.tr","Edanur","z","","F13","null","{""Q0"":""Sevinir""}"
"2424.800000000687","","survey-multi-choice","45","382270","0.0-45.0","jcj9n","e218777@metu.edu.tr","Edanur","z","","Q13","Kars","{""Q0"":""Kars""}"
"11800.600000002305","","survey-multi-choice","46","394117","0.0-46.0","jcj9n","e218777@metu.edu.tr","Edanur","z","","F07","null","{""Q0"":""Üzülür""}"
"3326.200000003155","","survey-multi-choice","47","397490","0.0-47.0","jcj9n","e218777@metu.edu.tr","Edanur","z","","Q07","Kardan adam","{""Q0"":""Kardan adam""}"
"9132.299999997485","","survey-multi-choice","48","406658","0.0-48.0","jcj9n","e218777@metu.edu.tr","Edanur","z","","F12","null","{""Q0"":""Sevinir""}"
"3081.0999999957858","","survey-multi-choice","49","409775","0.0-49.0","jcj9n","e218777@metu.edu.tr","Edanur","z","","Q12","Para biriktirmek","{""Q0"":""Para biriktirmek""}"
"5195.39999999688","","instructions","50","415035","0.0-50.0","jcj9n","e218777@metu.edu.tr","Edanur","z","[{""page_index"":0,""viewing_time"":5192.10000000021}]","","",""
