"rt","url","trial_type","trial_index","time_elapsed","internal_node_id","subject","subject_email","subject_name","group","view_history","id","correct","responses"
"27981.099999975413","resources/welcome.html","external-html","0","28071","0.0-0.0","pl67m","kaan.koken@metu.edu.tr","Kaan Taha Köken","z","","","",""
"12170.90000002645","","instructions","1","40252","0.0-1.0","pl67m","kaan.koken@metu.edu.tr","Kaan Taha Köken","z","[{""page_index"":0,""viewing_time"":12161.100000026636}]","","",""
"13913.000000000466","","survey-multi-choice","2","54187","0.0-2.0","pl67m","kaan.koken@metu.edu.tr","Kaan Taha Köken","z","","F17","null","{""Q0"":""Üzülür""}"
"4337.300000013784","","survey-multi-choice","3","58546","0.0-3.0","pl67m","kaan.koken@metu.edu.tr","Kaan Taha Köken","z","","Q17","Öğle yemeği","{""Q0"":""Akşam yemeği""}"
"17380.500000028405","","survey-multi-choice","4","75941","0.0-4.0","pl67m","kaan.koken@metu.edu.tr","Kaan Taha Köken","z","","F12","null","{""Q0"":""Sevinir""}"
"4622.10000003688","","survey-multi-choice","5","80591","0.0-5.0","pl67m","kaan.koken@metu.edu.tr","Kaan Taha Köken","z","","Q12","Para biriktirmek","{""Q0"":""Para biriktirmek""}"
"31622.90000001667","","survey-multi-choice","6","112227","0.0-6.0","pl67m","kaan.koken@metu.edu.tr","Kaan Taha Köken","z","","F08","null","{""Q0"":""Üzülür""}"
"4626.0999999940395","","survey-multi-choice","7","116863","0.0-7.0","pl67m","kaan.koken@metu.edu.tr","Kaan Taha Köken","z","","Q08","Tenis","{""Q0"":""Tenis""}"
"11634.900000004563","","survey-multi-choice","8","128522","0.0-8.0","pl67m","kaan.koken@metu.edu.tr","Kaan Taha Köken","z","","C02","null","{""Q0"":""Üzülür""}"
"4448.300000047311","","survey-multi-choice","9","132990","0.0-9.0","pl67m","kaan.koken@metu.edu.tr","Kaan Taha Köken","z","","Q02","Oyuncak bebek","{""Q0"":""Oyuncak bebek""}"
"8061.8999999715015","","survey-multi-choice","10","141066","0.0-10.0","pl67m","kaan.koken@metu.edu.tr","Kaan Taha Köken","z","","F24","null","{""Q0"":""Sevinir""}"
"2846.6999999945983","","survey-multi-choice","11","143925","0.0-11.0","pl67m","kaan.koken@metu.edu.tr","Kaan Taha Köken","z","","Q24","Tokyo","{""Q0"":""Tokyo""}"
"19617.099999974016","","survey-multi-choice","12","163555","0.0-12.0","pl67m","kaan.koken@metu.edu.tr","Kaan Taha Köken","z","","F16","null","{""Q0"":""Sevinir""}"
"3514.2000000341795","","survey-multi-choice","13","167089","0.0-13.0","pl67m","kaan.koken@metu.edu.tr","Kaan Taha Köken","z","","Q16","Kafe","{""Q0"":""Kafe""}"
"22995.80000003334","","survey-multi-choice","14","190107","0.0-14.0","pl67m","kaan.koken@metu.edu.tr","Kaan Taha Köken","z","","C04","null","{""Q0"":""Sevinir""}"
"4882.999999972526","","survey-multi-choice","15","195006","0.0-15.0","pl67m","kaan.koken@metu.edu.tr","Kaan Taha Köken","z","","Q04","Kamp","{""Q0"":""Kamp""}"
"9610.600000014529","","survey-multi-choice","16","204629","0.0-16.0","pl67m","kaan.koken@metu.edu.tr","Kaan Taha Köken","z","","F13","null","{""Q0"":""Üzülür""}"
"3522.7999999769963","","survey-multi-choice","17","208172","0.0-17.0","pl67m","kaan.koken@metu.edu.tr","Kaan Taha Köken","z","","Q13","Kars","{""Q0"":""Kars""}"
"9771.699999982957","","survey-multi-choice","18","217961","0.0-18.0","pl67m","kaan.koken@metu.edu.tr","Kaan Taha Köken","z","","F21","null","{""Q0"":""Üzülür""}"
"2659.1999999945983","","survey-multi-choice","19","220648","0.0-19.0","pl67m","kaan.koken@metu.edu.tr","Kaan Taha Köken","z","","Q21","Odun","{""Q0"":""Odun""}"
"16380.100000009406","","survey-multi-choice","20","237052","0.0-20.0","pl67m","kaan.koken@metu.edu.tr","Kaan Taha Köken","z","","F15","null","{""Q0"":""Sevinir""}"
"2986.0999999800697","","survey-multi-choice","21","240054","0.0-21.0","pl67m","kaan.koken@metu.edu.tr","Kaan Taha Köken","z","","Q15","Altı","{""Q0"":""Altı""}"
"10985.800000024028","","survey-multi-choice","22","251050","0.0-22.0","pl67m","kaan.koken@metu.edu.tr","Kaan Taha Köken","z","","C01","null","{""Q0"":""Üzülür""}"
"4200.0000000116415","","survey-multi-choice","23","255264","0.0-23.0","pl67m","kaan.koken@metu.edu.tr","Kaan Taha Köken","z","","Q01","Arda","{""Q0"":""Arda""}"
"7764.899999951012","","survey-multi-choice","24","263045","0.0-24.0","pl67m","kaan.koken@metu.edu.tr","Kaan Taha Köken","z","","F10","null","{""Q0"":""Sevinir""}"
"2658.49999996135","","survey-multi-choice","25","265728","0.0-25.0","pl67m","kaan.koken@metu.edu.tr","Kaan Taha Köken","z","","Q10","Yüksek lisans","{""Q0"":""Yüksek lisans""}"
"15958.899999968708","","survey-multi-choice","26","281701","0.0-26.0","pl67m","kaan.koken@metu.edu.tr","Kaan Taha Köken","z","","F09","null","{""Q0"":""Sevinir""}"
"2682.600000000093","","survey-multi-choice","27","284402","0.0-27.0","pl67m","kaan.koken@metu.edu.tr","Kaan Taha Köken","z","","Q09","Yemekhane","{""Q0"":""Yemekhane""}"
"7121.900000027381","","survey-multi-choice","28","291557","0.0-28.0","pl67m","kaan.koken@metu.edu.tr","Kaan Taha Köken","z","","F19","null","{""Q0"":""Üzülür""}"
"1770.4999999841675","","survey-multi-choice","29","293342","0.0-29.0","pl67m","kaan.koken@metu.edu.tr","Kaan Taha Köken","z","","Q19","Fizik","{""Q0"":""Fizik""}"
"9684.799999988172","","survey-multi-choice","30","303046","0.0-30.0","pl67m","kaan.koken@metu.edu.tr","Kaan Taha Köken","z","","C03","null","{""Q0"":""Üzülür""}"
"4868.900000001304","","survey-multi-choice","31","307932","0.0-31.0","pl67m","kaan.koken@metu.edu.tr","Kaan Taha Köken","z","","Q03","Ofis","{""Q0"":""Ofis""}"
"10234.599999967031","","survey-multi-choice","32","318186","0.0-32.0","pl67m","kaan.koken@metu.edu.tr","Kaan Taha Köken","z","","F11","null","{""Q0"":""Üzülür""}"
"3269.999999960419","","survey-multi-choice","33","321473","0.0-33.0","pl67m","kaan.koken@metu.edu.tr","Kaan Taha Köken","z","","Q11","Ayakkabı","{""Q0"":""Ayakkabı""}"
"13152.70000003511","","survey-multi-choice","34","334641","0.0-34.0","pl67m","kaan.koken@metu.edu.tr","Kaan Taha Köken","z","","F07","null","{""Q0"":""Sevinir""}"
"2831.2000000150874","","survey-multi-choice","35","337505","0.0-35.0","pl67m","kaan.koken@metu.edu.tr","Kaan Taha Köken","z","","Q07","Kardan adam","{""Q0"":""Kardan adam""}"
"16071.100000001024","","survey-multi-choice","36","353602","0.0-36.0","pl67m","kaan.koken@metu.edu.tr","Kaan Taha Köken","z","","C06","null","{""Q0"":""Sevinir""}"
"2778.7999999709427","","survey-multi-choice","37","356397","0.0-37.0","pl67m","kaan.koken@metu.edu.tr","Kaan Taha Köken","z","","Q06","Müdür","{""Q0"":""Müdür""}"
"11124.399999971502","","survey-multi-choice","38","367546","0.0-38.0","pl67m","kaan.koken@metu.edu.tr","Kaan Taha Köken","z","","F18","null","{""Q0"":""Sevinir""}"
"2603.1000000075437","","survey-multi-choice","39","370171","0.0-39.0","pl67m","kaan.koken@metu.edu.tr","Kaan Taha Köken","z","","Q18","Çilek","{""Q0"":""Çilek""}"
"18855.80000001937","","survey-multi-choice","40","389047","0.0-40.0","pl67m","kaan.koken@metu.edu.tr","Kaan Taha Köken","z","","F14","null","{""Q0"":""Üzülür""}"
"3456.499999971129","","survey-multi-choice","41","392526","0.0-41.0","pl67m","kaan.koken@metu.edu.tr","Kaan Taha Köken","z","","Q14","Birinci","{""Q0"":""İkinci""}"
"6415.399999998044","","survey-multi-choice","42","398960","0.0-42.0","pl67m","kaan.koken@metu.edu.tr","Kaan Taha Köken","z","","C05","null","{""Q0"":""Üzülür""}"
"2219.19999999227","","survey-multi-choice","43","401202","0.0-43.0","pl67m","kaan.koken@metu.edu.tr","Kaan Taha Köken","z","","Q05","Matematik","{""Q0"":""Matematik""}"
"8870.199999946635","","survey-multi-choice","44","410097","0.0-44.0","pl67m","kaan.koken@metu.edu.tr","Kaan Taha Köken","z","","F22","null","{""Q0"":""Sevinir""}"
"3252.5000000023283","","survey-multi-choice","45","413369","0.0-45.0","pl67m","kaan.koken@metu.edu.tr","Kaan Taha Köken","z","","Q22","Yoğun","{""Q0"":""Yoğun""}"
"8151.700000045821","","survey-multi-choice","46","421539","0.0-46.0","pl67m","kaan.koken@metu.edu.tr","Kaan Taha Köken","z","","F23","null","{""Q0"":""Üzülür""}"
"2180.7000000262633","","survey-multi-choice","47","423736","0.0-47.0","pl67m","kaan.koken@metu.edu.tr","Kaan Taha Köken","z","","Q23","Çarpışan arabalar","{""Q0"":""Çarpışan arabalar""}"
"7401.699999987613","","survey-multi-choice","48","431155","0.0-48.0","pl67m","kaan.koken@metu.edu.tr","Kaan Taha Köken","z","","F20","null","{""Q0"":""Sevinir""}"
"1769.0999999758787","","survey-multi-choice","49","432944","0.0-49.0","pl67m","kaan.koken@metu.edu.tr","Kaan Taha Köken","z","","Q20","Piyango bileti","{""Q0"":""Piyango bileti""}"
"3349.500000011176","","instructions","50","436336","0.0-50.0","pl67m","kaan.koken@metu.edu.tr","Kaan Taha Köken","z","[{""page_index"":0,""viewing_time"":3347.200000018347}]","","",""
