"rt","url","trial_type","trial_index","time_elapsed","internal_node_id","subject","subject_email","subject_name","group","view_history","id","correct","responses"
"53578.26499996008","resources/welcome.html","external-html","0","53621","0.0-0.0","pvv47","baburerdem@gmail.com","Babür Erdem","z","","","",""
"22335.260000021663","","instructions","1","75957","0.0-1.0","pvv47","baburerdem@gmail.com","Babür Erdem","z","[{""page_index"":0,""viewing_time"":22334.610000019893}]","","",""
"17326.05000003241","","survey-multi-choice","2","93287","0.0-2.0","pvv47","baburerdem@gmail.com","Babür Erdem","z","","F10","null","{""Q0"":""Sevinir""}"
"3949.880000029225","","survey-multi-choice","3","97239","0.0-3.0","pvv47","baburerdem@gmail.com","Babür Erdem","z","","Q10","Yüksek lisans","{""Q0"":""Yüksek lisans""}"
"18650.23500000825","","survey-multi-choice","4","115891","0.0-4.0","pvv47","baburerdem@gmail.com","Babür Erdem","z","","F24","null","{""Q0"":""Sevinir""}"
"2712.3000000137836","","survey-multi-choice","5","118605","0.0-5.0","pvv47","baburerdem@gmail.com","Babür Erdem","z","","Q24","Tokyo","{""Q0"":""Tokyo""}"
"37386.15999999456","","survey-multi-choice","6","155993","0.0-6.0","pvv47","baburerdem@gmail.com","Babür Erdem","z","","F18","null","{""Q0"":""Sevinir""}"
"9388.295000011567","","survey-multi-choice","7","165383","0.0-7.0","pvv47","baburerdem@gmail.com","Babür Erdem","z","","Q18","Çilek","{""Q0"":""Çilek""}"
"17464.289999974426","","survey-multi-choice","8","182849","0.0-8.0","pvv47","baburerdem@gmail.com","Babür Erdem","z","","C01","null","{""Q0"":""Üzülür""}"
"3716.3200000068173","","survey-multi-choice","9","186567","0.0-9.0","pvv47","baburerdem@gmail.com","Babür Erdem","z","","Q01","Arda","{""Q0"":""Arda""}"
"16494.38500002725","","survey-multi-choice","10","203063","0.0-10.0","pvv47","baburerdem@gmail.com","Babür Erdem","z","","F11","null","{""Q0"":""Üzülür""}"
"3110.419999982696","","survey-multi-choice","11","206175","0.0-11.0","pvv47","baburerdem@gmail.com","Babür Erdem","z","","Q11","Ayakkabı","{""Q0"":""Ayakkabı""}"
"21880.250000045635","","survey-multi-choice","12","228057","0.0-12.0","pvv47","baburerdem@gmail.com","Babür Erdem","z","","F14","null","{""Q0"":""Sevinir""}"
"5486.239999998361","","survey-multi-choice","13","233545","0.0-13.0","pvv47","baburerdem@gmail.com","Babür Erdem","z","","Q14","Birinci","{""Q0"":""İkinci""}"
"8524.205000023358","","survey-multi-choice","14","242071","0.0-14.0","pvv47","baburerdem@gmail.com","Babür Erdem","z","","C05","null","{""Q0"":""Üzülür""}"
"4310.25000003865","","survey-multi-choice","15","246383","0.0-15.0","pvv47","baburerdem@gmail.com","Babür Erdem","z","","Q05","Matematik","{""Q0"":""Matematik""}"
"12758.489999978337","","survey-multi-choice","16","259143","0.0-16.0","pvv47","baburerdem@gmail.com","Babür Erdem","z","","F16","null","{""Q0"":""Sevinir""}"
"3678.795000014361","","survey-multi-choice","17","262825","0.0-17.0","pvv47","baburerdem@gmail.com","Babür Erdem","z","","Q16","Kafe","{""Q0"":""Kafe""}"
"17644.3900000304","","survey-multi-choice","18","280471","0.0-18.0","pvv47","baburerdem@gmail.com","Babür Erdem","z","","F09","null","{""Q0"":""Sevinir""}"
"5828.284999995958","","survey-multi-choice","19","286301","0.0-19.0","pvv47","baburerdem@gmail.com","Babür Erdem","z","","Q09","Yemekhane","{""Q0"":""Yemekhane""}"
"17942.344999988563","","survey-multi-choice","20","304245","0.0-20.0","pvv47","baburerdem@gmail.com","Babür Erdem","z","","F08","null","{""Q0"":""Üzülür""}"
"4446.17000001017","","survey-multi-choice","21","308693","0.0-21.0","pvv47","baburerdem@gmail.com","Babür Erdem","z","","Q08","Tenis","{""Q0"":""Tenis""}"
"24412.34500001883","","survey-multi-choice","22","333107","0.0-22.0","pvv47","baburerdem@gmail.com","Babür Erdem","z","","C03","null","{""Q0"":""Üzülür""}"
"11056.284999998752","","survey-multi-choice","23","344165","0.0-23.0","pvv47","baburerdem@gmail.com","Babür Erdem","z","","Q03","Ofis","{""Q0"":""Ofis""}"
"9076.249999983702","","survey-multi-choice","24","353242","0.0-24.0","pvv47","baburerdem@gmail.com","Babür Erdem","z","","F23","null","{""Q0"":""Üzülür""}"
"5512.225000013132","","survey-multi-choice","25","358756","0.0-25.0","pvv47","baburerdem@gmail.com","Babür Erdem","z","","Q23","Çarpışan arabalar","{""Q0"":""Çarpışan arabalar""}"
"17360.430000000633","","survey-multi-choice","26","376118","0.0-26.0","pvv47","baburerdem@gmail.com","Babür Erdem","z","","F07","null","{""Q0"":""Üzülür""}"
"4630.285000021104","","survey-multi-choice","27","380751","0.0-27.0","pvv47","baburerdem@gmail.com","Babür Erdem","z","","Q07","Kardan adam","{""Q0"":""Kardan adam""}"
"30096.33499995107","","survey-multi-choice","28","410848","0.0-28.0","pvv47","baburerdem@gmail.com","Babür Erdem","z","","F17","null","{""Q0"":""Üzülür""}"
"5206.084999954328","","survey-multi-choice","29","416056","0.0-29.0","pvv47","baburerdem@gmail.com","Babür Erdem","z","","Q17","Öğle yemeği","{""Q0"":""Akşam yemeği""}"
"15670.4000000027","","survey-multi-choice","30","431728","0.0-30.0","pvv47","baburerdem@gmail.com","Babür Erdem","z","","C02","null","{""Q0"":""Sevinir""}"
"5205.369999981485","","survey-multi-choice","31","436936","0.0-31.0","pvv47","baburerdem@gmail.com","Babür Erdem","z","","Q02","Oyuncak bebek","{""Q0"":""Oyuncak bebek""}"
"27380.174999998417","","survey-multi-choice","32","464318","0.0-32.0","pvv47","baburerdem@gmail.com","Babür Erdem","z","","F13","null","{""Q0"":""Üzülür""}"
"4226.655000005849","","survey-multi-choice","33","468547","0.0-33.0","pvv47","baburerdem@gmail.com","Babür Erdem","z","","Q13","Kars","{""Q0"":""Kars""}"
"20529.68499995768","","survey-multi-choice","34","489089","0.0-34.0","pvv47","baburerdem@gmail.com","Babür Erdem","z","","F19","null","{""Q0"":""Üzülür""}"
"3233.0850000143982","","survey-multi-choice","35","492324","0.0-35.0","pvv47","baburerdem@gmail.com","Babür Erdem","z","","Q19","Fizik","{""Q0"":""Fizik""}"
"18784.144999983255","","survey-multi-choice","36","511110","0.0-36.0","pvv47","baburerdem@gmail.com","Babür Erdem","z","","C04","null","{""Q0"":""Sevinir""}"
"3870.4250000300817","","survey-multi-choice","37","514982","0.0-37.0","pvv47","baburerdem@gmail.com","Babür Erdem","z","","Q04","Kamp","{""Q0"":""Kamp""}"
"21824.44499997655","","survey-multi-choice","38","536809","0.0-38.0","pvv47","baburerdem@gmail.com","Babür Erdem","z","","F12","null","{""Q0"":""Sevinir""}"
"4554.390000004787","","survey-multi-choice","39","541365","0.0-39.0","pvv47","baburerdem@gmail.com","Babür Erdem","z","","Q12","Para biriktirmek","{""Q0"":""Para biriktirmek""}"
"30806.32000003243","","survey-multi-choice","40","572172","0.0-40.0","pvv47","baburerdem@gmail.com","Babür Erdem","z","","F20","null","{""Q0"":""Üzülür""}"
"3524.2200000211596","","survey-multi-choice","41","575698","0.0-41.0","pvv47","baburerdem@gmail.com","Babür Erdem","z","","Q20","Piyango bileti","{""Q0"":""Piyango bileti""}"
"12500.425000034738","","survey-multi-choice","42","588200","0.0-42.0","pvv47","baburerdem@gmail.com","Babür Erdem","z","","C06","null","{""Q0"":""Sevinir""}"
"5782.3249999783","","survey-multi-choice","43","593984","0.0-43.0","pvv47","baburerdem@gmail.com","Babür Erdem","z","","Q06","Müdür","{""Q0"":""Müdür""}"
"24234.36500004027","","survey-multi-choice","44","618220","0.0-44.0","pvv47","baburerdem@gmail.com","Babür Erdem","z","","F15","null","{""Q0"":""Üzülür""}"
"4475.860000005923","","survey-multi-choice","45","622698","0.0-45.0","pvv47","baburerdem@gmail.com","Babür Erdem","z","","Q15","Altı","{""Q0"":""Altı""}"
"16984.420000051614","","survey-multi-choice","46","639684","0.0-46.0","pvv47","baburerdem@gmail.com","Babür Erdem","z","","F21","null","{""Q0"":""Üzülür""}"
"4764.194999996107","","survey-multi-choice","47","644450","0.0-47.0","pvv47","baburerdem@gmail.com","Babür Erdem","z","","Q21","Odun","{""Q0"":""Odun""}"
"16428.240000037476","","survey-multi-choice","48","660880","0.0-48.0","pvv47","baburerdem@gmail.com","Babür Erdem","z","","F22","null","{""Q0"":""Sevinir""}"
"3978.260000003502","","survey-multi-choice","49","664860","0.0-49.0","pvv47","baburerdem@gmail.com","Babür Erdem","z","","Q22","Yoğun","{""Q0"":""Yoğun""}"
"484787.0550000225","","instructions","50","1149651","0.0-50.0","pvv47","baburerdem@gmail.com","Babür Erdem","z","[{""page_index"":0,""viewing_time"":484786.5200000233}]","","",""
