"rt","url","trial_type","trial_index","time_elapsed","internal_node_id","subject","subject_email","subject_name","group","view_history","id","correct","responses"
"33367","resources/welcome.html","external-html","0","33456","0.0-0.0","nokbr","cagatay.gursoy@metu.edu.tr","Çağatay Gürsoy","z","","","",""
"10959","","instructions","1","44417","0.0-1.0","nokbr","cagatay.gursoy@metu.edu.tr","Çağatay Gürsoy","z","[{""page_index"":0,""viewing_time"":10953}]","","",""
"17918","","survey-multi-choice","2","62353","0.0-2.0","nokbr","cagatay.gursoy@metu.edu.tr","Çağatay Gürsoy","z","","F20","null","{""Q0"":""Üzülür""}"
"4448","","survey-multi-choice","3","66811","0.0-3.0","nokbr","cagatay.gursoy@metu.edu.tr","Çağatay Gürsoy","z","","Q20","Piyango bileti","{""Q0"":""Piyango bileti""}"
"12123","","survey-multi-choice","4","78948","0.0-4.0","nokbr","cagatay.gursoy@metu.edu.tr","Çağatay Gürsoy","z","","F24","null","{""Q0"":""Sevinir""}"
"5257","","survey-multi-choice","5","84213","0.0-5.0","nokbr","cagatay.gursoy@metu.edu.tr","Çağatay Gürsoy","z","","Q24","Tokyo","{""Q0"":""Tokyo""}"
"12170","","survey-multi-choice","6","96389","0.0-6.0","nokbr","cagatay.gursoy@metu.edu.tr","Çağatay Gürsoy","z","","F08","null","{""Q0"":""Üzülür""}"
"3297","","survey-multi-choice","7","99692","0.0-7.0","nokbr","cagatay.gursoy@metu.edu.tr","Çağatay Gürsoy","z","","Q08","Tenis","{""Q0"":""Tenis""}"
"8143.000000000015","","survey-multi-choice","8","107842","0.0-8.0","nokbr","cagatay.gursoy@metu.edu.tr","Çağatay Gürsoy","z","","C04","null","{""Q0"":""Sevinir""}"
"3111","","survey-multi-choice","9","110964","0.0-9.0","nokbr","cagatay.gursoy@metu.edu.tr","Çağatay Gürsoy","z","","Q04","Kamp","{""Q0"":""Kamp""}"
"5590.999999999985","","survey-multi-choice","10","116564","0.0-10.0","nokbr","cagatay.gursoy@metu.edu.tr","Çağatay Gürsoy","z","","F13","null","{""Q0"":""Sevinir""}"
"2266.0000000000146","","survey-multi-choice","11","118839","0.0-11.0","nokbr","cagatay.gursoy@metu.edu.tr","Çağatay Gürsoy","z","","Q13","Kars","{""Q0"":""Kars""}"
"9784.999999999985","","survey-multi-choice","12","128630","0.0-12.0","nokbr","cagatay.gursoy@metu.edu.tr","Çağatay Gürsoy","z","","F14","null","{""Q0"":""Sevinir""}"
"4371","","survey-multi-choice","13","133011","0.0-13.0","nokbr","cagatay.gursoy@metu.edu.tr","Çağatay Gürsoy","z","","Q14","Birinci","{""Q0"":""İkinci""}"
"8489","","survey-multi-choice","14","141510","0.0-14.0","nokbr","cagatay.gursoy@metu.edu.tr","Çağatay Gürsoy","z","","C03","null","{""Q0"":""Üzülür""}"
"2807","","survey-multi-choice","15","144330","0.0-15.0","nokbr","cagatay.gursoy@metu.edu.tr","Çağatay Gürsoy","z","","Q03","Ofis","{""Q0"":""Ofis""}"
"8839","","survey-multi-choice","16","153177","0.0-16.0","nokbr","cagatay.gursoy@metu.edu.tr","Çağatay Gürsoy","z","","F18","null","{""Q0"":""Sevinir""}"
"2778","","survey-multi-choice","17","155959","0.0-17.0","nokbr","cagatay.gursoy@metu.edu.tr","Çağatay Gürsoy","z","","Q18","Çilek","{""Q0"":""Çilek""}"
"6900","","survey-multi-choice","18","162865","0.0-18.0","nokbr","cagatay.gursoy@metu.edu.tr","Çağatay Gürsoy","z","","F21","null","{""Q0"":""Üzülür""}"
"2840","","survey-multi-choice","19","165713","0.0-19.0","nokbr","cagatay.gursoy@metu.edu.tr","Çağatay Gürsoy","z","","Q21","Odun","{""Q0"":""Odun""}"
"5907","","survey-multi-choice","20","171630","0.0-20.0","nokbr","cagatay.gursoy@metu.edu.tr","Çağatay Gürsoy","z","","F10","null","{""Q0"":""Sevinir""}"
"2792","","survey-multi-choice","21","174431","0.0-21.0","nokbr","cagatay.gursoy@metu.edu.tr","Çağatay Gürsoy","z","","Q10","Yüksek lisans","{""Q0"":""Yüksek lisans""}"
"7862","","survey-multi-choice","22","182299","0.0-22.0","nokbr","cagatay.gursoy@metu.edu.tr","Çağatay Gürsoy","z","","C01","null","{""Q0"":""Sevinir""}"
"2757","","survey-multi-choice","23","185066","0.0-23.0","nokbr","cagatay.gursoy@metu.edu.tr","Çağatay Gürsoy","z","","Q01","Arda","{""Q0"":""Arda""}"
"7758.999999999971","","survey-multi-choice","24","192834","0.0-24.0","nokbr","cagatay.gursoy@metu.edu.tr","Çağatay Gürsoy","z","","F11","null","{""Q0"":""Üzülür""}"
"3991","","survey-multi-choice","25","196835","0.0-25.0","nokbr","cagatay.gursoy@metu.edu.tr","Çağatay Gürsoy","z","","Q11","Ayakkabı","{""Q0"":""Ayakkabı""}"
"13888","","survey-multi-choice","26","210733","0.0-26.0","nokbr","cagatay.gursoy@metu.edu.tr","Çağatay Gürsoy","z","","F16","null","{""Q0"":""Sevinir""}"
"2450","","survey-multi-choice","27","213199","0.0-27.0","nokbr","cagatay.gursoy@metu.edu.tr","Çağatay Gürsoy","z","","Q16","Kafe","{""Q0"":""Kafe""}"
"5291.000000000029","","survey-multi-choice","28","218498","0.0-28.0","nokbr","cagatay.gursoy@metu.edu.tr","Çağatay Gürsoy","z","","F22","null","{""Q0"":""Sevinir""}"
"2727","","survey-multi-choice","29","221233","0.0-29.0","nokbr","cagatay.gursoy@metu.edu.tr","Çağatay Gürsoy","z","","Q22","Yoğun","{""Q0"":""Yoğun""}"
"4975.000000000029","","survey-multi-choice","30","226219","0.0-30.0","nokbr","cagatay.gursoy@metu.edu.tr","Çağatay Gürsoy","z","","C06","null","{""Q0"":""Üzülür""}"
"2773","","survey-multi-choice","31","229000","0.0-31.0","nokbr","cagatay.gursoy@metu.edu.tr","Çağatay Gürsoy","z","","Q06","Müdür","{""Q0"":""Müdür""}"
"5861","","survey-multi-choice","32","234868","0.0-32.0","nokbr","cagatay.gursoy@metu.edu.tr","Çağatay Gürsoy","z","","F09","null","{""Q0"":""Sevinir""}"
"3722","","survey-multi-choice","33","238604","0.0-33.0","nokbr","cagatay.gursoy@metu.edu.tr","Çağatay Gürsoy","z","","Q09","Yemekhane","{""Q0"":""Yemekhane""}"
"9204.00000000003","","survey-multi-choice","34","247818","0.0-34.0","nokbr","cagatay.gursoy@metu.edu.tr","Çağatay Gürsoy","z","","F07","null","{""Q0"":""Üzülür""}"
"3139.000000000029","","survey-multi-choice","35","250967","0.0-35.0","nokbr","cagatay.gursoy@metu.edu.tr","Çağatay Gürsoy","z","","Q07","Kardan adam","{""Q0"":""Kardan adam""}"
"10691","","survey-multi-choice","36","261668","0.0-36.0","nokbr","cagatay.gursoy@metu.edu.tr","Çağatay Gürsoy","z","","C02","null","{""Q0"":""Üzülür""}"
"3055","","survey-multi-choice","37","264732","0.0-37.0","nokbr","cagatay.gursoy@metu.edu.tr","Çağatay Gürsoy","z","","Q02","Oyuncak bebek","{""Q0"":""Oyuncak bebek""}"
"6243","","survey-multi-choice","38","270982","0.0-38.0","nokbr","cagatay.gursoy@metu.edu.tr","Çağatay Gürsoy","z","","F23","null","{""Q0"":""Üzülür""}"
"4557","","survey-multi-choice","39","275545","0.0-39.0","nokbr","cagatay.gursoy@metu.edu.tr","Çağatay Gürsoy","z","","Q23","Çarpışan arabalar","{""Q0"":""Çarpışan arabalar""}"
"11282","","survey-multi-choice","40","286830","0.0-40.0","nokbr","cagatay.gursoy@metu.edu.tr","Çağatay Gürsoy","z","","F17","null","{""Q0"":""Üzülür""}"
"3286","","survey-multi-choice","41","290119","0.0-41.0","nokbr","cagatay.gursoy@metu.edu.tr","Çağatay Gürsoy","z","","Q17","Öğle yemeği","{""Q0"":""Akşam yemeği""}"
"6841.999999999942","","survey-multi-choice","42","296973","0.0-42.0","nokbr","cagatay.gursoy@metu.edu.tr","Çağatay Gürsoy","z","","C05","null","{""Q0"":""Üzülür""}"
"2289","","survey-multi-choice","43","299273","0.0-43.0","nokbr","cagatay.gursoy@metu.edu.tr","Çağatay Gürsoy","z","","Q05","Matematik","{""Q0"":""Matematik""}"
"4648","","survey-multi-choice","44","303930","0.0-44.0","nokbr","cagatay.gursoy@metu.edu.tr","Çağatay Gürsoy","z","","F15","null","{""Q0"":""Üzülür""}"
"3271.999999999942","","survey-multi-choice","45","307205","0.0-45.0","nokbr","cagatay.gursoy@metu.edu.tr","Çağatay Gürsoy","z","","Q15","Altı","{""Q0"":""Altı""}"
"5324","","survey-multi-choice","46","312538","0.0-46.0","nokbr","cagatay.gursoy@metu.edu.tr","Çağatay Gürsoy","z","","F12","null","{""Q0"":""Sevinir""}"
"2672","","survey-multi-choice","47","315222","0.0-47.0","nokbr","cagatay.gursoy@metu.edu.tr","Çağatay Gürsoy","z","","Q12","Para biriktirmek","{""Q0"":""Para biriktirmek""}"
"8254.999999999942","","survey-multi-choice","48","323486","0.0-48.0","nokbr","cagatay.gursoy@metu.edu.tr","Çağatay Gürsoy","z","","F19","null","{""Q0"":""Üzülür""}"
"2528","","survey-multi-choice","49","326020","0.0-49.0","nokbr","cagatay.gursoy@metu.edu.tr","Çağatay Gürsoy","z","","Q19","Fizik","{""Q0"":""Matematik""}"
"3349.000000000058","","instructions","50","329403","0.0-50.0","nokbr","cagatay.gursoy@metu.edu.tr","Çağatay Gürsoy","z","[{""page_index"":0,""viewing_time"":3348}]","","",""
