"rt","url","trial_type","trial_index","time_elapsed","internal_node_id","subject","subject_email","subject_name","group","view_history","id","correct","responses"
"42189","resources/welcome.html","external-html","0","42230","0.0-0.0","2t4mu","e231403@metu.edu.tr","Hece alize demir","z","","","",""
"25478","","instructions","1","67712","0.0-1.0","2t4mu","e231403@metu.edu.tr","Hece alize demir","z","[{""page_index"":0,""viewing_time"":25477}]","","",""
"11556","","survey-multi-choice","2","79283","0.0-2.0","2t4mu","e231403@metu.edu.tr","Hece alize demir","z","","F18","null","{""Q0"":""Sevinir""}"
"3266.0000000000146","","survey-multi-choice","3","82552","0.0-3.0","2t4mu","e231403@metu.edu.tr","Hece alize demir","z","","Q18","Çilek","{""Q0"":""Çilek""}"
"10423","","survey-multi-choice","4","92982","0.0-4.0","2t4mu","e231403@metu.edu.tr","Hece alize demir","z","","F12","null","{""Q0"":""Sevinir""}"
"5099.000000000015","","survey-multi-choice","5","98085","0.0-5.0","2t4mu","e231403@metu.edu.tr","Hece alize demir","z","","Q12","Para biriktirmek","{""Q0"":""Para biriktirmek""}"
"13059","","survey-multi-choice","6","111148","0.0-6.0","2t4mu","e231403@metu.edu.tr","Hece alize demir","z","","F10","null","{""Q0"":""Sevinir""}"
"4265","","survey-multi-choice","7","115416","0.0-7.0","2t4mu","e231403@metu.edu.tr","Hece alize demir","z","","Q10","Yüksek lisans","{""Q0"":""Yüksek lisans""}"
"18317","","survey-multi-choice","8","133738","0.0-8.0","2t4mu","e231403@metu.edu.tr","Hece alize demir","z","","C03","null","{""Q0"":""Üzülür""}"
"5757.999999999971","","survey-multi-choice","9","139511","0.0-9.0","2t4mu","e231403@metu.edu.tr","Hece alize demir","z","","Q03","Ofis","{""Q0"":""Ofis""}"
"20823","","survey-multi-choice","10","160339","0.0-10.0","2t4mu","e231403@metu.edu.tr","Hece alize demir","z","","F14","null","{""Q0"":""Sevinir""}"
"3738","","survey-multi-choice","11","164085","0.0-11.0","2t4mu","e231403@metu.edu.tr","Hece alize demir","z","","Q14","Birinci","{""Q0"":""İkinci""}"
"8928","","survey-multi-choice","12","173021","0.0-12.0","2t4mu","e231403@metu.edu.tr","Hece alize demir","z","","F09","null","{""Q0"":""Sevinir""}"
"3514.999999999971","","survey-multi-choice","13","176541","0.0-13.0","2t4mu","e231403@metu.edu.tr","Hece alize demir","z","","Q09","Yemekhane","{""Q0"":""Yemekhane""}"
"10929.99999999997","","survey-multi-choice","14","187479","0.0-14.0","2t4mu","e231403@metu.edu.tr","Hece alize demir","z","","C01","null","{""Q0"":""Üzülür""}"
"4075","","survey-multi-choice","15","191559","0.0-15.0","2t4mu","e231403@metu.edu.tr","Hece alize demir","z","","Q01","Arda","{""Q0"":""Arda""}"
"8475.00000000003","","survey-multi-choice","16","200044","0.0-16.0","2t4mu","e231403@metu.edu.tr","Hece alize demir","z","","F23","null","{""Q0"":""Üzülür""}"
"3198","","survey-multi-choice","17","203249","0.0-17.0","2t4mu","e231403@metu.edu.tr","Hece alize demir","z","","Q23","Çarpışan arabalar","{""Q0"":""Çarpışan arabalar""}"
"11240","","survey-multi-choice","18","214497","0.0-18.0","2t4mu","e231403@metu.edu.tr","Hece alize demir","z","","F15","null","{""Q0"":""Üzülür""}"
"3646","","survey-multi-choice","19","218150","0.0-19.0","2t4mu","e231403@metu.edu.tr","Hece alize demir","z","","Q15","Altı","{""Q0"":""Altı""}"
"13754","","survey-multi-choice","20","231910","0.0-20.0","2t4mu","e231403@metu.edu.tr","Hece alize demir","z","","F08","null","{""Q0"":""Sevinir""}"
"10294","","survey-multi-choice","21","242211","0.0-21.0","2t4mu","e231403@metu.edu.tr","Hece alize demir","z","","Q08","Tenis","{""Q0"":""Basketbol""}"
"10394.99999999997","","survey-multi-choice","22","252611","0.0-22.0","2t4mu","e231403@metu.edu.tr","Hece alize demir","z","","C05","null","{""Q0"":""Üzülür""}"
"2855","","survey-multi-choice","23","255472","0.0-23.0","2t4mu","e231403@metu.edu.tr","Hece alize demir","z","","Q05","Matematik","{""Q0"":""Matematik""}"
"12151","","survey-multi-choice","24","267626","0.0-24.0","2t4mu","e231403@metu.edu.tr","Hece alize demir","z","","F11","null","{""Q0"":""Üzülür""}"
"2801","","survey-multi-choice","25","270433","0.0-25.0","2t4mu","e231403@metu.edu.tr","Hece alize demir","z","","Q11","Ayakkabı","{""Q0"":""Ayakkabı""}"
"10592","","survey-multi-choice","26","281033","0.0-26.0","2t4mu","e231403@metu.edu.tr","Hece alize demir","z","","F07","null","{""Q0"":""Üzülür""}"
"3538","","survey-multi-choice","27","284578","0.0-27.0","2t4mu","e231403@metu.edu.tr","Hece alize demir","z","","Q07","Kardan adam","{""Q0"":""Kardan adam""}"
"19851","","survey-multi-choice","28","304432","0.0-28.0","2t4mu","e231403@metu.edu.tr","Hece alize demir","z","","F20","null","{""Q0"":""Üzülür""}"
"2944","","survey-multi-choice","29","307387","0.0-29.0","2t4mu","e231403@metu.edu.tr","Hece alize demir","z","","Q20","Piyango bileti","{""Q0"":""Piyango bileti""}"
"9428","","survey-multi-choice","30","316823","0.0-30.0","2t4mu","e231403@metu.edu.tr","Hece alize demir","z","","C04","null","{""Q0"":""Sevinir""}"
"4024","","survey-multi-choice","31","320856","0.0-31.0","2t4mu","e231403@metu.edu.tr","Hece alize demir","z","","Q04","Kamp","{""Q0"":""Kamp""}"
"7451","","survey-multi-choice","32","328313","0.0-32.0","2t4mu","e231403@metu.edu.tr","Hece alize demir","z","","F21","null","{""Q0"":""Üzülür""}"
"2796","","survey-multi-choice","33","331121","0.0-33.0","2t4mu","e231403@metu.edu.tr","Hece alize demir","z","","Q21","Odun","{""Q0"":""Odun""}"
"9921","","survey-multi-choice","34","341047","0.0-34.0","2t4mu","e231403@metu.edu.tr","Hece alize demir","z","","F13","null","{""Q0"":""Üzülür""}"
"2366.000000000058","","survey-multi-choice","35","343420","0.0-35.0","2t4mu","e231403@metu.edu.tr","Hece alize demir","z","","Q13","Kars","{""Q0"":""Kars""}"
"7324","","survey-multi-choice","36","350752","0.0-36.0","2t4mu","e231403@metu.edu.tr","Hece alize demir","z","","C02","null","{""Q0"":""Sevinir""}"
"4447","","survey-multi-choice","37","355207","0.0-37.0","2t4mu","e231403@metu.edu.tr","Hece alize demir","z","","Q02","Oyuncak bebek","{""Q0"":""Oyuncak bebek""}"
"6904","","survey-multi-choice","38","362119","0.0-38.0","2t4mu","e231403@metu.edu.tr","Hece alize demir","z","","F17","null","{""Q0"":""Üzülür""}"
"3383.000000000058","","survey-multi-choice","39","365515","0.0-39.0","2t4mu","e231403@metu.edu.tr","Hece alize demir","z","","Q17","Öğle yemeği","{""Q0"":""Akşam yemeği""}"
"8884","","survey-multi-choice","40","374408","0.0-40.0","2t4mu","e231403@metu.edu.tr","Hece alize demir","z","","F19","null","{""Q0"":""Üzülür""}"
"3642","","survey-multi-choice","41","378057","0.0-41.0","2t4mu","e231403@metu.edu.tr","Hece alize demir","z","","Q19","Fizik","{""Q0"":""Fizik""}"
"7423","","survey-multi-choice","42","385492","0.0-42.0","2t4mu","e231403@metu.edu.tr","Hece alize demir","z","","C06","null","{""Q0"":""Sevinir""}"
"3975","","survey-multi-choice","43","389474","0.0-43.0","2t4mu","e231403@metu.edu.tr","Hece alize demir","z","","Q06","Müdür","{""Q0"":""Müdür""}"
"7880","","survey-multi-choice","44","397363","0.0-44.0","2t4mu","e231403@metu.edu.tr","Hece alize demir","z","","F22","null","{""Q0"":""Sevinir""}"
"3095.999999999942","","survey-multi-choice","45","400462","0.0-45.0","2t4mu","e231403@metu.edu.tr","Hece alize demir","z","","Q22","Yoğun","{""Q0"":""Yoğun""}"
"8853","","survey-multi-choice","46","409320","0.0-46.0","2t4mu","e231403@metu.edu.tr","Hece alize demir","z","","F24","null","{""Q0"":""Sevinir""}"
"2828","","survey-multi-choice","47","412156","0.0-47.0","2t4mu","e231403@metu.edu.tr","Hece alize demir","z","","Q24","Tokyo","{""Q0"":""Tokyo""}"
"7578","","survey-multi-choice","48","419742","0.0-48.0","2t4mu","e231403@metu.edu.tr","Hece alize demir","z","","F16","null","{""Q0"":""Sevinir""}"
"2942","","survey-multi-choice","49","422690","0.0-49.0","2t4mu","e231403@metu.edu.tr","Hece alize demir","z","","Q16","Kafe","{""Q0"":""Kafe""}"
