"rt","url","trial_type","trial_index","time_elapsed","internal_node_id","subject","subject_email","subject_name","group","view_history","id","correct","responses"
"38779.50000000419","resources/welcome.html","external-html","0","38860","0.0-0.0","66mb5","ozanertekin13@gmail.com ","Ozan Ertekin ","z","","","",""
"21777.499999996508","","instructions","1","60642","0.0-1.0","66mb5","ozanertekin13@gmail.com ","Ozan Ertekin ","z","[{""page_index"":0,""viewing_time"":21769.000000000233}]","","",""
"9443.899999998393","","survey-multi-choice","2","70099","0.0-2.0","66mb5","ozanertekin13@gmail.com ","Ozan Ertekin ","z","","F23","null","{""Q0"":""Üzülür""}"
"3781.600000002072","","survey-multi-choice","3","73889","0.0-3.0","66mb5","ozanertekin13@gmail.com ","Ozan Ertekin ","z","","Q23","Çarpışan arabalar","{""Q0"":""Çarpışan arabalar""}"
"12953.599999993457","","survey-multi-choice","4","86852","0.0-4.0","66mb5","ozanertekin13@gmail.com ","Ozan Ertekin ","z","","F13","null","{""Q0"":""Sevinir""}"
"2402.6000000012573","","survey-multi-choice","5","89259","0.0-5.0","66mb5","ozanertekin13@gmail.com ","Ozan Ertekin ","z","","Q13","Kars","{""Q0"":""Kars""}"
"6303.299999999581","","survey-multi-choice","6","95572","0.0-6.0","66mb5","ozanertekin13@gmail.com ","Ozan Ertekin ","z","","F08","null","{""Q0"":""Üzülür""}"
"4247.499999997672","","survey-multi-choice","7","99828","0.0-7.0","66mb5","ozanertekin13@gmail.com ","Ozan Ertekin ","z","","Q08","Tenis","{""Q0"":""Tenis""}"
"10537.700000000768","","survey-multi-choice","8","110374","0.0-8.0","66mb5","ozanertekin13@gmail.com ","Ozan Ertekin ","z","","C01","null","{""Q0"":""Üzülür""}"
"2718.30000000773","","survey-multi-choice","9","113101","0.0-9.0","66mb5","ozanertekin13@gmail.com ","Ozan Ertekin ","z","","Q01","Arda","{""Q0"":""Arda""}"
"5578.5999999934575","","survey-multi-choice","10","118689","0.0-10.0","66mb5","ozanertekin13@gmail.com ","Ozan Ertekin ","z","","F22","null","{""Q0"":""Sevinir""}"
"4124.599999995553","","survey-multi-choice","11","122824","0.0-11.0","66mb5","ozanertekin13@gmail.com ","Ozan Ertekin ","z","","Q22","Yoğun","{""Q0"":""Yoğun""}"
"9462.199999994482","","survey-multi-choice","12","132296","0.0-12.0","66mb5","ozanertekin13@gmail.com ","Ozan Ertekin ","z","","F14","null","{""Q0"":""Sevinir""}"
"3864.800000010291","","survey-multi-choice","13","136169","0.0-13.0","66mb5","ozanertekin13@gmail.com ","Ozan Ertekin ","z","","Q14","Birinci","{""Q0"":""İkinci""}"
"10211.40000000014","","survey-multi-choice","14","146389","0.0-14.0","66mb5","ozanertekin13@gmail.com ","Ozan Ertekin ","z","","C05","null","{""Q0"":""Üzülür""}"
"2449.5000000024447","","survey-multi-choice","15","148847","0.0-15.0","66mb5","ozanertekin13@gmail.com ","Ozan Ertekin ","z","","Q05","Matematik","{""Q0"":""Matematik""}"
"6090.700000000652","","survey-multi-choice","16","154947","0.0-16.0","66mb5","ozanertekin13@gmail.com ","Ozan Ertekin ","z","","F19","null","{""Q0"":""Üzülür""}"
"2098.8999999972293","","survey-multi-choice","17","157054","0.0-17.0","66mb5","ozanertekin13@gmail.com ","Ozan Ertekin ","z","","Q19","Fizik","{""Q0"":""Matematik""}"
"8804.49999999837","","survey-multi-choice","18","165867","0.0-18.0","66mb5","ozanertekin13@gmail.com ","Ozan Ertekin ","z","","F11","null","{""Q0"":""Üzülür""}"
"2308.3000000042375","","survey-multi-choice","19","168185","0.0-19.0","66mb5","ozanertekin13@gmail.com ","Ozan Ertekin ","z","","Q11","Ayakkabı","{""Q0"":""Ayakkabı""}"
"6168.30000000482","","survey-multi-choice","20","174362","0.0-20.0","66mb5","ozanertekin13@gmail.com ","Ozan Ertekin ","z","","F20","null","{""Q0"":""Sevinir""}"
"3708.4000000031665","","survey-multi-choice","21","178081","0.0-21.0","66mb5","ozanertekin13@gmail.com ","Ozan Ertekin ","z","","Q20","Piyango bileti","{""Q0"":""Piyango bileti""}"
"9907.999999995809","","survey-multi-choice","22","187997","0.0-22.0","66mb5","ozanertekin13@gmail.com ","Ozan Ertekin ","z","","C03","null","{""Q0"":""Üzülür""}"
"3451.600000000326","","survey-multi-choice","23","191457","0.0-23.0","66mb5","ozanertekin13@gmail.com ","Ozan Ertekin ","z","","Q03","Ofis","{""Q0"":""Ofis""}"
"6936.900000000605","","survey-multi-choice","24","198402","0.0-24.0","66mb5","ozanertekin13@gmail.com ","Ozan Ertekin ","z","","F15","null","{""Q0"":""Üzülür""}"
"2642.099999997299","","survey-multi-choice","25","201053","0.0-25.0","66mb5","ozanertekin13@gmail.com ","Ozan Ertekin ","z","","Q15","Altı","{""Q0"":""Altı""}"
"9555.500000002212","","survey-multi-choice","26","210617","0.0-26.0","66mb5","ozanertekin13@gmail.com ","Ozan Ertekin ","z","","F18","null","{""Q0"":""Sevinir""}"
"2330.600000001141","","survey-multi-choice","27","212956","0.0-27.0","66mb5","ozanertekin13@gmail.com ","Ozan Ertekin ","z","","Q18","Çilek","{""Q0"":""Çilek""}"
"8142.500000001746","","survey-multi-choice","28","221108","0.0-28.0","66mb5","ozanertekin13@gmail.com ","Ozan Ertekin ","z","","F07","null","{""Q0"":""Üzülür""}"
"2271.2999999930616","","survey-multi-choice","29","223390","0.0-29.0","66mb5","ozanertekin13@gmail.com ","Ozan Ertekin ","z","","Q07","Kardan adam","{""Q0"":""Kardan adam""}"
"17091.69999998994","","survey-multi-choice","30","240490","0.0-30.0","66mb5","ozanertekin13@gmail.com ","Ozan Ertekin ","z","","C02","null","{""Q0"":""Sevinir""}"
"3368.799999996554","","survey-multi-choice","31","243867","0.0-31.0","66mb5","ozanertekin13@gmail.com ","Ozan Ertekin ","z","","Q02","Oyuncak bebek","{""Q0"":""Oyuncak bebek""}"
"5191.299999991315","","survey-multi-choice","32","249066","0.0-32.0","66mb5","ozanertekin13@gmail.com ","Ozan Ertekin ","z","","F12","null","{""Q0"":""Sevinir""}"
"3401.1999999929685","","survey-multi-choice","33","252477","0.0-33.0","66mb5","ozanertekin13@gmail.com ","Ozan Ertekin ","z","","Q12","Para biriktirmek","{""Q0"":""Para biriktirmek""}"
"8446.500000005472","","survey-multi-choice","34","260932","0.0-34.0","66mb5","ozanertekin13@gmail.com ","Ozan Ertekin ","z","","F21","null","{""Q0"":""Üzülür""}"
"2351.0999999998603","","survey-multi-choice","35","263302","0.0-35.0","66mb5","ozanertekin13@gmail.com ","Ozan Ertekin ","z","","Q21","Odun","{""Q0"":""Odun""}"
"7440.699999991921","","survey-multi-choice","36","270752","0.0-36.0","66mb5","ozanertekin13@gmail.com ","Ozan Ertekin ","z","","C06","null","{""Q0"":""Sevinir""}"
"3310.300000011921","","survey-multi-choice","37","274071","0.0-37.0","66mb5","ozanertekin13@gmail.com ","Ozan Ertekin ","z","","Q06","Müdür","{""Q0"":""Müdür""}"
"6667.500000010477","","survey-multi-choice","38","280746","0.0-38.0","66mb5","ozanertekin13@gmail.com ","Ozan Ertekin ","z","","F10","null","{""Q0"":""Sevinir""}"
"2138.999999995576","","survey-multi-choice","39","282895","0.0-39.0","66mb5","ozanertekin13@gmail.com ","Ozan Ertekin ","z","","Q10","Yüksek lisans","{""Q0"":""Yüksek lisans""}"
"7702.6999999943655","","survey-multi-choice","40","290606","0.0-40.0","66mb5","ozanertekin13@gmail.com ","Ozan Ertekin ","z","","F16","null","{""Q0"":""Sevinir""}"
"3137.1999999973923","","survey-multi-choice","41","293753","0.0-41.0","66mb5","ozanertekin13@gmail.com ","Ozan Ertekin ","z","","Q16","Kafe","{""Q0"":""Restoran""}"
"7759.099999995669","","survey-multi-choice","42","301521","0.0-42.0","66mb5","ozanertekin13@gmail.com ","Ozan Ertekin ","z","","C04","null","{""Q0"":""Sevinir""}"
"3072.599999999511","","survey-multi-choice","43","304607","0.0-43.0","66mb5","ozanertekin13@gmail.com ","Ozan Ertekin ","z","","Q04","Kamp","{""Q0"":""Kamp""}"
"7009.699999995064","","survey-multi-choice","44","311626","0.0-44.0","66mb5","ozanertekin13@gmail.com ","Ozan Ertekin ","z","","F09","null","{""Q0"":""Sevinir""}"
"2555.500000002212","","survey-multi-choice","45","314192","0.0-45.0","66mb5","ozanertekin13@gmail.com ","Ozan Ertekin ","z","","Q09","Yemekhane","{""Q0"":""Yemekhane""}"
"9067.10000000021","","survey-multi-choice","46","323268","0.0-46.0","66mb5","ozanertekin13@gmail.com ","Ozan Ertekin ","z","","F17","null","{""Q0"":""Üzülür""}"
"3071.400000000722","","survey-multi-choice","47","326351","0.0-47.0","66mb5","ozanertekin13@gmail.com ","Ozan Ertekin ","z","","Q17","Öğle yemeği","{""Q0"":""Akşam yemeği""}"
"6318.399999989197","","survey-multi-choice","48","332678","0.0-48.0","66mb5","ozanertekin13@gmail.com ","Ozan Ertekin ","z","","F24","null","{""Q0"":""Sevinir""}"
"1953.5000000032596","","survey-multi-choice","49","334640","0.0-49.0","66mb5","ozanertekin13@gmail.com ","Ozan Ertekin ","z","","Q24","Tokyo","{""Q0"":""Tokyo""}"
"4676.600000006147","","instructions","50","339339","0.0-50.0","66mb5","ozanertekin13@gmail.com ","Ozan Ertekin ","z","[{""page_index"":0,""viewing_time"":4675.199999997858}]","","",""
