"rt","url","trial_type","trial_index","time_elapsed","internal_node_id","subject","subject_email","subject_name","group","view_history","id","correct","responses"
"17387.719999998808","resources/welcome.html","external-html","0","17505","0.0-0.0","7jyeb","ozgurmehmetgur@gmail.com","Özgür Gür","z","","","",""
"8498.489999969024","","instructions","1","26004","0.0-1.0","7jyeb","ozgurmehmetgur@gmail.com","Özgür Gür","z","[{""page_index"":0,""viewing_time"":8497.93499999214}]","","",""
"16842.75000001071","","survey-multi-choice","2","42849","0.0-2.0","7jyeb","ozgurmehmetgur@gmail.com","Özgür Gür","z","","F17","null","{""Q0"":""Sevinir""}"
"2206.545000022743","","survey-multi-choice","3","45063","0.0-3.0","7jyeb","ozgurmehmetgur@gmail.com","Özgür Gür","z","","Q17","Öğle yemeği","{""Q0"":""Akşam yemeği""}"
"6199.26000002306","","survey-multi-choice","4","51266","0.0-4.0","7jyeb","ozgurmehmetgur@gmail.com","Özgür Gür","z","","F20","null","{""Q0"":""Sevinir""}"
"2105.104999965988","","survey-multi-choice","5","53378","0.0-5.0","7jyeb","ozgurmehmetgur@gmail.com","Özgür Gür","z","","Q20","Piyango bileti","{""Q0"":""Piyango bileti""}"
"8272.144999995362","","survey-multi-choice","6","61657","0.0-6.0","7jyeb","ozgurmehmetgur@gmail.com","Özgür Gür","z","","F19","null","{""Q0"":""Üzülür""}"
"2400.774999987334","","survey-multi-choice","7","64062","0.0-7.0","7jyeb","ozgurmehmetgur@gmail.com","Özgür Gür","z","","Q19","Fizik","{""Q0"":""Fizik""}"
"10622.779999976046","","survey-multi-choice","8","74688","0.0-8.0","7jyeb","ozgurmehmetgur@gmail.com","Özgür Gür","z","","C01","null","{""Q0"":""Üzülür""}"
"3933.43500001356","","survey-multi-choice","9","78629","0.0-9.0","7jyeb","ozgurmehmetgur@gmail.com","Özgür Gür","z","","Q01","Arda","{""Q0"":""Arda""}"
"65197.939999983646","","survey-multi-choice","10","143832","0.0-10.0","7jyeb","ozgurmehmetgur@gmail.com","Özgür Gür","z","","F21","null","{""Q0"":""Üzülür""}"
"2412.590000021737","","survey-multi-choice","11","146248","0.0-11.0","7jyeb","ozgurmehmetgur@gmail.com","Özgür Gür","z","","Q21","Odun","{""Q0"":""Odun""}"
"13233.264999988023","","survey-multi-choice","12","159486","0.0-12.0","7jyeb","ozgurmehmetgur@gmail.com","Özgür Gür","z","","F18","null","{""Q0"":""Sevinir""}"
"2244.639999989886","","survey-multi-choice","13","161738","0.0-13.0","7jyeb","ozgurmehmetgur@gmail.com","Özgür Gür","z","","Q18","Çilek","{""Q0"":""Çilek""}"
"5943.954999966081","","survey-multi-choice","14","167690","0.0-14.0","7jyeb","ozgurmehmetgur@gmail.com","Özgür Gür","z","","C04","null","{""Q0"":""Sevinir""}"
"2855.519999982789","","survey-multi-choice","15","170552","0.0-15.0","7jyeb","ozgurmehmetgur@gmail.com","Özgür Gür","z","","Q04","Kamp","{""Q0"":""Tatil köyü""}"
"9334.659999993164","","survey-multi-choice","16","179890","0.0-16.0","7jyeb","ozgurmehmetgur@gmail.com","Özgür Gür","z","","F12","null","{""Q0"":""Sevinir""}"
"3980.1100000040606","","survey-multi-choice","17","183874","0.0-17.0","7jyeb","ozgurmehmetgur@gmail.com","Özgür Gür","z","","Q12","Para biriktirmek","{""Q0"":""Para biriktirmek""}"
"13926.715000008699","","survey-multi-choice","18","197807","0.0-18.0","7jyeb","ozgurmehmetgur@gmail.com","Özgür Gür","z","","F13","null","{""Q0"":""Üzülür""}"
"2757.5249999645166","","survey-multi-choice","19","200568","0.0-19.0","7jyeb","ozgurmehmetgur@gmail.com","Özgür Gür","z","","Q13","Kars","{""Q0"":""Kars""}"
"11033.945000031963","","survey-multi-choice","20","211609","0.0-20.0","7jyeb","ozgurmehmetgur@gmail.com","Özgür Gür","z","","F23","null","{""Q0"":""Üzülür""}"
"1859.0349999722093","","survey-multi-choice","21","213474","0.0-21.0","7jyeb","ozgurmehmetgur@gmail.com","Özgür Gür","z","","Q23","Çarpışan arabalar","{""Q0"":""Çarpışan arabalar""}"
"8634.22000000719","","survey-multi-choice","22","222112","0.0-22.0","7jyeb","ozgurmehmetgur@gmail.com","Özgür Gür","z","","C03","null","{""Q0"":""Üzülür""}"
"4945.654999988619","","survey-multi-choice","23","227065","0.0-23.0","7jyeb","ozgurmehmetgur@gmail.com","Özgür Gür","z","","Q03","Ofis","{""Q0"":""Ofis""}"
"9867.830000002868","","survey-multi-choice","24","236936","0.0-24.0","7jyeb","ozgurmehmetgur@gmail.com","Özgür Gür","z","","F09","null","{""Q0"":""Üzülür""}"
"2227.6100000017323","","survey-multi-choice","25","239167","0.0-25.0","7jyeb","ozgurmehmetgur@gmail.com","Özgür Gür","z","","Q09","Yemekhane","{""Q0"":""Yemekhane""}"
"15639.405000023544","","survey-multi-choice","26","254814","0.0-26.0","7jyeb","ozgurmehmetgur@gmail.com","Özgür Gür","z","","F16","null","{""Q0"":""Sevinir""}"
"2811.9949999963865","","survey-multi-choice","27","257633","0.0-27.0","7jyeb","ozgurmehmetgur@gmail.com","Özgür Gür","z","","Q16","Kafe","{""Q0"":""Kafe""}"
"4781.185000028927","","survey-multi-choice","28","262418","0.0-28.0","7jyeb","ozgurmehmetgur@gmail.com","Özgür Gür","z","","F22","null","{""Q0"":""Sevinir""}"
"1839.9000000208616","","survey-multi-choice","29","264265","0.0-29.0","7jyeb","ozgurmehmetgur@gmail.com","Özgür Gür","z","","Q22","Yoğun","{""Q0"":""Yoğun""}"
"5802.309999999125","","survey-multi-choice","30","270074","0.0-30.0","7jyeb","ozgurmehmetgur@gmail.com","Özgür Gür","z","","C02","null","{""Q0"":""Sevinir""}"
"2452.579999982845","","survey-multi-choice","31","272532","0.0-31.0","7jyeb","ozgurmehmetgur@gmail.com","Özgür Gür","z","","Q02","Oyuncak bebek","{""Q0"":""Oyuncak bebek""}"
"9244.389999948908","","survey-multi-choice","32","281783","0.0-32.0","7jyeb","ozgurmehmetgur@gmail.com","Özgür Gür","z","","F11","null","{""Q0"":""Üzülür""}"
"2305.190000042785","","survey-multi-choice","33","284094","0.0-33.0","7jyeb","ozgurmehmetgur@gmail.com","Özgür Gür","z","","Q11","Ayakkabı","{""Q0"":""Ayakkabı""}"
"19077.60999997845","","survey-multi-choice","34","303175","0.0-34.0","7jyeb","ozgurmehmetgur@gmail.com","Özgür Gür","z","","F08","null","{""Q0"":""Sevinir""}"
"4641.255000024103","","survey-multi-choice","35","307820","0.0-35.0","7jyeb","ozgurmehmetgur@gmail.com","Özgür Gür","z","","Q08","Tenis","{""Q0"":""Tenis""}"
"6666.049999999814","","survey-multi-choice","36","314492","0.0-36.0","7jyeb","ozgurmehmetgur@gmail.com","Özgür Gür","z","","C06","null","{""Q0"":""Sevinir""}"
"2153.0149999889545","","survey-multi-choice","37","316652","0.0-37.0","7jyeb","ozgurmehmetgur@gmail.com","Özgür Gür","z","","Q06","Müdür","{""Q0"":""Müdür""}"
"6430.799999972805","","survey-multi-choice","38","323090","0.0-38.0","7jyeb","ozgurmehmetgur@gmail.com","Özgür Gür","z","","F07","null","{""Q0"":""Üzülür""}"
"2417.2949999920093","","survey-multi-choice","39","325515","0.0-39.0","7jyeb","ozgurmehmetgur@gmail.com","Özgür Gür","z","","Q07","Kardan adam","{""Q0"":""Kardan adam""}"
"11228.2450000057","","survey-multi-choice","40","336747","0.0-40.0","7jyeb","ozgurmehmetgur@gmail.com","Özgür Gür","z","","F24","null","{""Q0"":""Sevinir""}"
"1848.1150000006892","","survey-multi-choice","41","338602","0.0-41.0","7jyeb","ozgurmehmetgur@gmail.com","Özgür Gür","z","","Q24","Tokyo","{""Q0"":""Tokyo""}"
"6613.134999992326","","survey-multi-choice","42","345222","0.0-42.0","7jyeb","ozgurmehmetgur@gmail.com","Özgür Gür","z","","C05","null","{""Q0"":""Üzülür""}"
"1374.260000011418","","survey-multi-choice","43","346601","0.0-43.0","7jyeb","ozgurmehmetgur@gmail.com","Özgür Gür","z","","Q05","Matematik","{""Q0"":""Matematik""}"
"7165.485000004992","","survey-multi-choice","44","353773","0.0-44.0","7jyeb","ozgurmehmetgur@gmail.com","Özgür Gür","z","","F14","null","{""Q0"":""Üzülür""}"
"2718.170000007376","","survey-multi-choice","45","356495","0.0-45.0","7jyeb","ozgurmehmetgur@gmail.com","Özgür Gür","z","","Q14","Birinci","{""Q0"":""İkinci""}"
"20687.404999975115","","survey-multi-choice","46","377201","0.0-46.0","7jyeb","ozgurmehmetgur@gmail.com","Özgür Gür","z","","F10","null","{""Q0"":""Sevinir""}"
"2128.9099999703467","","survey-multi-choice","47","379337","0.0-47.0","7jyeb","ozgurmehmetgur@gmail.com","Özgür Gür","z","","Q10","Yüksek lisans","{""Q0"":""Yüksek lisans""}"
"9526.095000037458","","survey-multi-choice","48","388867","0.0-48.0","7jyeb","ozgurmehmetgur@gmail.com","Özgür Gür","z","","F15","null","{""Q0"":""Sevinir""}"
"1822.0800000126474","","survey-multi-choice","49","390696","0.0-49.0","7jyeb","ozgurmehmetgur@gmail.com","Özgür Gür","z","","Q15","Altı","{""Q0"":""Altı""}"
"2540.27999995742","","instructions","50","393250","0.0-50.0","7jyeb","ozgurmehmetgur@gmail.com","Özgür Gür","z","[{""page_index"":0,""viewing_time"":2539.8949999944307}]","","",""
