"rt","url","trial_type","trial_index","time_elapsed","internal_node_id","subject","subject_email","subject_name","group","view_history","id","correct","responses"
"84419.62000000058","resources/welcome.html","external-html","0","84688","0.0-0.0","getrs","aybikesahintr@gmail.com","aybike şahin","z","","","",""
"13396.9550000038","","instructions","1","98088","0.0-1.0","getrs","aybikesahintr@gmail.com","aybike şahin","z","[{""page_index"":0,""viewing_time"":13393.100000015693}]","","",""
"13820.79500000691","","survey-multi-choice","2","111917","0.0-2.0","getrs","aybikesahintr@gmail.com","aybike şahin","z","","F20","null","{""Q0"":""Sevinir""}"
"3191.899999976158","","survey-multi-choice","3","115115","0.0-3.0","getrs","aybikesahintr@gmail.com","aybike şahin","z","","Q20","Piyango bileti","{""Q0"":""Piyango bileti""}"
"12572.66500001424","","survey-multi-choice","4","127693","0.0-4.0","getrs","aybikesahintr@gmail.com","aybike şahin","z","","F07","null","{""Q0"":""Üzülür""}"
"4772.655000007944","","survey-multi-choice","5","132474","0.0-5.0","getrs","aybikesahintr@gmail.com","aybike şahin","z","","Q07","Kardan adam","{""Q0"":""Kardan adam""}"
"6466.165000019828","","survey-multi-choice","6","138944","0.0-6.0","getrs","aybikesahintr@gmail.com","aybike şahin","z","","F23","null","{""Q0"":""Üzülür""}"
"3521.884999994654","","survey-multi-choice","7","142472","0.0-7.0","getrs","aybikesahintr@gmail.com","aybike şahin","z","","Q23","Çarpışan arabalar","{""Q0"":""Çarpışan arabalar""}"
"10441.334999981336","","survey-multi-choice","8","152918","0.0-8.0","getrs","aybikesahintr@gmail.com","aybike şahin","z","","C02","null","{""Q0"":""Sevinir""}"
"3827.355000015814","","survey-multi-choice","9","156751","0.0-9.0","getrs","aybikesahintr@gmail.com","aybike şahin","z","","Q02","Oyuncak bebek","{""Q0"":""Oyuncak bebek""}"
"17055.870000011055","","survey-multi-choice","10","173812","0.0-10.0","getrs","aybikesahintr@gmail.com","aybike şahin","z","","F24","null","{""Q0"":""Sevinir""}"
"2597.9200000001583","","survey-multi-choice","11","176415","0.0-11.0","getrs","aybikesahintr@gmail.com","aybike şahin","z","","Q24","Tokyo","{""Q0"":""Tokyo""}"
"8311.255000007804","","survey-multi-choice","12","184734","0.0-12.0","getrs","aybikesahintr@gmail.com","aybike şahin","z","","F11","null","{""Q0"":""Üzülür""}"
"3094.035000016447","","survey-multi-choice","13","187835","0.0-13.0","getrs","aybikesahintr@gmail.com","aybike şahin","z","","Q11","Ayakkabı","{""Q0"":""Ayakkabı""}"
"13530.254999990575","","survey-multi-choice","14","201370","0.0-14.0","getrs","aybikesahintr@gmail.com","aybike şahin","z","","C03","null","{""Q0"":""Üzülür""}"
"5771.389999979874","","survey-multi-choice","15","207146","0.0-15.0","getrs","aybikesahintr@gmail.com","aybike şahin","z","","Q03","Ofis","{""Q0"":""Ofis""}"
"52111.21000000276","","survey-multi-choice","16","259262","0.0-16.0","getrs","aybikesahintr@gmail.com","aybike şahin","z","","F13","null","{""Q0"":""Sevinir""}"
"2413.4199999971315","","survey-multi-choice","17","261683","0.0-17.0","getrs","aybikesahintr@gmail.com","aybike şahin","z","","Q13","Kars","{""Q0"":""Kars""}"
"11482.95999999391","","survey-multi-choice","18","273172","0.0-18.0","getrs","aybikesahintr@gmail.com","aybike şahin","z","","F21","null","{""Q0"":""Üzülür""}"
"3557.700000004843","","survey-multi-choice","19","276736","0.0-19.0","getrs","aybikesahintr@gmail.com","aybike şahin","z","","Q21","Odun","{""Q0"":""Odun""}"
"11788.310000003548","","survey-multi-choice","20","288529","0.0-20.0","getrs","aybikesahintr@gmail.com","aybike şahin","z","","F14","null","{""Q0"":""Sevinir""}"
"4553.6750000028405","","survey-multi-choice","21","293089","0.0-21.0","getrs","aybikesahintr@gmail.com","aybike şahin","z","","Q14","Birinci","{""Q0"":""İkinci""}"
"7458.950000000186","","survey-multi-choice","22","300553","0.0-22.0","getrs","aybikesahintr@gmail.com","aybike şahin","z","","C05","null","{""Q0"":""Üzülür""}"
"3021.645000000717","","survey-multi-choice","23","303580","0.0-23.0","getrs","aybikesahintr@gmail.com","aybike şahin","z","","Q05","Matematik","{""Q0"":""Matematik""}"
"7592.460000014398","","survey-multi-choice","24","311179","0.0-24.0","getrs","aybikesahintr@gmail.com","aybike şahin","z","","F19","null","{""Q0"":""Üzülür""}"
"4574.115000024904","","survey-multi-choice","25","315762","0.0-25.0","getrs","aybikesahintr@gmail.com","aybike şahin","z","","Q19","Fizik","{""Q0"":""Fizik""}"
"8771.609999996144","","survey-multi-choice","26","324538","0.0-26.0","getrs","aybikesahintr@gmail.com","aybike şahin","z","","F08","null","{""Q0"":""Üzülür""}"
"4245.194999995874","","survey-multi-choice","27","328793","0.0-27.0","getrs","aybikesahintr@gmail.com","aybike şahin","z","","Q08","Tenis","{""Q0"":""Tenis""}"
"6597.775000002002","","survey-multi-choice","28","335395","0.0-28.0","getrs","aybikesahintr@gmail.com","aybike şahin","z","","F15","null","{""Q0"":""Üzülür""}"
"4747.965000016848","","survey-multi-choice","29","340149","0.0-29.0","getrs","aybikesahintr@gmail.com","aybike şahin","z","","Q15","Altı","{""Q0"":""Altı""}"
"8551.18500001845","","survey-multi-choice","30","348706","0.0-30.0","getrs","aybikesahintr@gmail.com","aybike şahin","z","","C06","null","{""Q0"":""Sevinir""}"
"5110.584999987623","","survey-multi-choice","31","353824","0.0-31.0","getrs","aybikesahintr@gmail.com","aybike şahin","z","","Q06","Müdür","{""Q0"":""Müdür""}"
"12358.119999989867","","survey-multi-choice","32","366187","0.0-32.0","getrs","aybikesahintr@gmail.com","aybike şahin","z","","F22","null","{""Q0"":""Sevinir""}"
"2908.4149999835063","","survey-multi-choice","33","369104","0.0-33.0","getrs","aybikesahintr@gmail.com","aybike şahin","z","","Q22","Yoğun","{""Q0"":""Yoğun""}"
"14227.205000002868","","survey-multi-choice","34","383338","0.0-34.0","getrs","aybikesahintr@gmail.com","aybike şahin","z","","F17","null","{""Q0"":""Sevinir""}"
"4235.4749999940395","","survey-multi-choice","35","387580","0.0-35.0","getrs","aybikesahintr@gmail.com","aybike şahin","z","","Q17","Öğle yemeği","{""Q0"":""Akşam yemeği""}"
"10850.82500000135","","survey-multi-choice","36","398441","0.0-36.0","getrs","aybikesahintr@gmail.com","aybike şahin","z","","C01","null","{""Q0"":""Üzülür""}"
"3111.635000008391","","survey-multi-choice","37","401560","0.0-37.0","getrs","aybikesahintr@gmail.com","aybike şahin","z","","Q01","Arda","{""Q0"":""Arda""}"
"9112.215000001015","","survey-multi-choice","38","410677","0.0-38.0","getrs","aybikesahintr@gmail.com","aybike şahin","z","","F18","null","{""Q0"":""Sevinir""}"
"2717.7150000061374","","survey-multi-choice","39","413400","0.0-39.0","getrs","aybikesahintr@gmail.com","aybike şahin","z","","Q18","Çilek","{""Q0"":""Çilek""}"
"9000.91999999131","","survey-multi-choice","40","422408","0.0-40.0","getrs","aybikesahintr@gmail.com","aybike şahin","z","","F16","null","{""Q0"":""Sevinir""}"
"4088.91500000027","","survey-multi-choice","41","426503","0.0-41.0","getrs","aybikesahintr@gmail.com","aybike şahin","z","","Q16","Kafe","{""Q0"":""Kafe""}"
"7798.479999997653","","survey-multi-choice","42","434306","0.0-42.0","getrs","aybikesahintr@gmail.com","aybike şahin","z","","C04","null","{""Q0"":""Sevinir""}"
"3397.1399999863934","","survey-multi-choice","43","437710","0.0-43.0","getrs","aybikesahintr@gmail.com","aybike şahin","z","","Q04","Kamp","{""Q0"":""Kamp""}"
"11468.62999998848","","survey-multi-choice","44","449184","0.0-44.0","getrs","aybikesahintr@gmail.com","aybike şahin","z","","F09","null","{""Q0"":""Sevinir""}"
"4029.9250000098255","","survey-multi-choice","45","453220","0.0-45.0","getrs","aybikesahintr@gmail.com","aybike şahin","z","","Q09","Yemekhane","{""Q0"":""Yemekhane""}"
"7384.275000018533","","survey-multi-choice","46","460609","0.0-46.0","getrs","aybikesahintr@gmail.com","aybike şahin","z","","F10","null","{""Q0"":""Sevinir""}"
"3299.1049999836832","","survey-multi-choice","47","463915","0.0-47.0","getrs","aybikesahintr@gmail.com","aybike şahin","z","","Q10","Yüksek lisans","{""Q0"":""Yüksek lisans""}"
"7871.564999979455","","survey-multi-choice","48","471791","0.0-48.0","getrs","aybikesahintr@gmail.com","aybike şahin","z","","F12","null","{""Q0"":""Sevinir""}"
"4198.815000010654","","survey-multi-choice","49","475995","0.0-49.0","getrs","aybikesahintr@gmail.com","aybike şahin","z","","Q12","Para biriktirmek","{""Q0"":""Para biriktirmek""}"
"3155.7299999985844","","instructions","50","479167","0.0-50.0","getrs","aybikesahintr@gmail.com","aybike şahin","z","[{""page_index"":0,""viewing_time"":3154.9900000100024}]","","",""
