"rt","url","trial_type","trial_index","time_elapsed","internal_node_id","subject","subject_email","subject_name","group","view_history","id","correct","responses"
"53353.90000001644","resources/welcome.html","external-html","0","53492","0.0-0.0","omnel","elifnurdurmaz@gmail.com","Elif Nur","z","","","",""
"33636.99999998789","","instructions","1","87139","0.0-1.0","omnel","elifnurdurmaz@gmail.com","Elif Nur","z","[{""page_index"":0,""viewing_time"":33634.599999990314}]","","",""
"9061.200000025565","","survey-multi-choice","2","96220","0.0-2.0","omnel","elifnurdurmaz@gmail.com","Elif Nur","z","","F22","null","{""Q0"":""Sevinir""}"
"3989.000000001397","","survey-multi-choice","3","100220","0.0-3.0","omnel","elifnurdurmaz@gmail.com","Elif Nur","z","","Q22","Yoğun","{""Q0"":""Yoğun""}"
"36596.3000000047","","survey-multi-choice","4","136831","0.0-4.0","omnel","elifnurdurmaz@gmail.com","Elif Nur","z","","F15","null","{""Q0"":""Üzülür""}"
"4236.299999989569","","survey-multi-choice","5","141080","0.0-5.0","omnel","elifnurdurmaz@gmail.com","Elif Nur","z","","Q15","Altı","{""Q0"":""Altı""}"
"10080.200000025798","","survey-multi-choice","6","151175","0.0-6.0","omnel","elifnurdurmaz@gmail.com","Elif Nur","z","","F09","null","{""Q0"":""Sevinir""}"
"4904.799999989336","","survey-multi-choice","7","156094","0.0-7.0","omnel","elifnurdurmaz@gmail.com","Elif Nur","z","","Q09","Yemekhane","{""Q0"":""Yemekhane""}"
"13249.099999986356","","survey-multi-choice","8","169356","0.0-8.0","omnel","elifnurdurmaz@gmail.com","Elif Nur","z","","C01","null","{""Q0"":""Üzülür""}"
"5197.099999990314","","survey-multi-choice","9","174568","0.0-9.0","omnel","elifnurdurmaz@gmail.com","Elif Nur","z","","Q01","Arda","{""Q0"":""Arda""}"
"15146.799999987707","","survey-multi-choice","10","189727","0.0-10.0","omnel","elifnurdurmaz@gmail.com","Elif Nur","z","","F12","null","{""Q0"":""Sevinir""}"
"4962.100000004284","","survey-multi-choice","11","194703","0.0-11.0","omnel","elifnurdurmaz@gmail.com","Elif Nur","z","","Q12","Para biriktirmek","{""Q0"":""Para biriktirmek""}"
"16795.09999998845","","survey-multi-choice","12","211512","0.0-12.0","omnel","elifnurdurmaz@gmail.com","Elif Nur","z","","F11","null","{""Q0"":""Üzülür""}"
"3492.99999998766","","survey-multi-choice","13","215017","0.0-13.0","omnel","elifnurdurmaz@gmail.com","Elif Nur","z","","Q11","Ayakkabı","{""Q0"":""Ayakkabı""}"
"12221.099999995204","","survey-multi-choice","14","227252","0.0-14.0","omnel","elifnurdurmaz@gmail.com","Elif Nur","z","","C02","null","{""Q0"":""Sevinir""}"
"3385.600000008708","","survey-multi-choice","15","230649","0.0-15.0","omnel","elifnurdurmaz@gmail.com","Elif Nur","z","","Q02","Oyuncak bebek","{""Q0"":""Oyuncak bebek""}"
"10056.5999999817","","survey-multi-choice","16","240717","0.0-16.0","omnel","elifnurdurmaz@gmail.com","Elif Nur","z","","F10","null","{""Q0"":""Sevinir""}"
"3267.299999977695","","survey-multi-choice","17","244001","0.0-17.0","omnel","elifnurdurmaz@gmail.com","Elif Nur","z","","Q10","Yüksek lisans","{""Q0"":""Yüksek lisans""}"
"17910.499999998137","","survey-multi-choice","18","261928","0.0-18.0","omnel","elifnurdurmaz@gmail.com","Elif Nur","z","","F13","null","{""Q0"":""Sevinir""}"
"2604.4999999867287","","survey-multi-choice","19","264549","0.0-19.0","omnel","elifnurdurmaz@gmail.com","Elif Nur","z","","Q13","Kars","{""Q0"":""Kars""}"
"12686.199999996461","","survey-multi-choice","20","277247","0.0-20.0","omnel","elifnurdurmaz@gmail.com","Elif Nur","z","","F18","null","{""Q0"":""Sevinir""}"
"2384.299999976065","","survey-multi-choice","21","279645","0.0-21.0","omnel","elifnurdurmaz@gmail.com","Elif Nur","z","","Q18","Çilek","{""Q0"":""Çilek""}"
"14041.700000001583","","survey-multi-choice","22","293701","0.0-22.0","omnel","elifnurdurmaz@gmail.com","Elif Nur","z","","C06","null","{""Q0"":""Sevinir""}"
"4719.8000000207685","","survey-multi-choice","23","298437","0.0-23.0","omnel","elifnurdurmaz@gmail.com","Elif Nur","z","","Q06","Müdür","{""Q0"":""Müdür""}"
"14124.69999998575","","survey-multi-choice","24","312577","0.0-24.0","omnel","elifnurdurmaz@gmail.com","Elif Nur","z","","F24","null","{""Q0"":""Sevinir""}"
"3236.2000000139233","","survey-multi-choice","25","315829","0.0-25.0","omnel","elifnurdurmaz@gmail.com","Elif Nur","z","","Q24","Tokyo","{""Q0"":""Tokyo""}"
"8188.999999983935","","survey-multi-choice","26","324030","0.0-26.0","omnel","elifnurdurmaz@gmail.com","Elif Nur","z","","F21","null","{""Q0"":""Üzülür""}"
"3863.4000000020023","","survey-multi-choice","27","327907","0.0-27.0","omnel","elifnurdurmaz@gmail.com","Elif Nur","z","","Q21","Odun","{""Q0"":""Odun""}"
"9058.600000018487","","survey-multi-choice","28","336978","0.0-28.0","omnel","elifnurdurmaz@gmail.com","Elif Nur","z","","F17","null","{""Q0"":""Üzülür""}"
"4956.500000000233","","survey-multi-choice","29","341951","0.0-29.0","omnel","elifnurdurmaz@gmail.com","Elif Nur","z","","Q17","Öğle yemeği","{""Q0"":""Akşam yemeği""}"
"21366.299999994226","","survey-multi-choice","30","363328","0.0-30.0","omnel","elifnurdurmaz@gmail.com","Elif Nur","z","","C03","null","{""Q0"":""Üzülür""}"
"7768.600000010338","","survey-multi-choice","31","371110","0.0-31.0","omnel","elifnurdurmaz@gmail.com","Elif Nur","z","","Q03","Ofis","{""Q0"":""Ofis""}"
"16481.899999984307","","survey-multi-choice","32","387606","0.0-32.0","omnel","elifnurdurmaz@gmail.com","Elif Nur","z","","F14","null","{""Q0"":""Sevinir""}"
"3841.600000014296","","survey-multi-choice","33","391463","0.0-33.0","omnel","elifnurdurmaz@gmail.com","Elif Nur","z","","Q14","Birinci","{""Q0"":""İkinci""}"
"17850.800000014715","","survey-multi-choice","34","409329","0.0-34.0","omnel","elifnurdurmaz@gmail.com","Elif Nur","z","","F20","null","{""Q0"":""Sevinir""}"
"4338.900000002468","","survey-multi-choice","35","413688","0.0-35.0","omnel","elifnurdurmaz@gmail.com","Elif Nur","z","","Q20","Piyango bileti","{""Q0"":""Piyango bileti""}"
"22377.700000011828","","survey-multi-choice","36","436090","0.0-36.0","omnel","elifnurdurmaz@gmail.com","Elif Nur","z","","C04","null","{""Q0"":""Sevinir""}"
"2889.7999999753665","","survey-multi-choice","37","438993","0.0-37.0","omnel","elifnurdurmaz@gmail.com","Elif Nur","z","","Q04","Kamp","{""Q0"":""Kamp""}"
"8819.40000000759","","survey-multi-choice","38","447828","0.0-38.0","omnel","elifnurdurmaz@gmail.com","Elif Nur","z","","F16","null","{""Q0"":""Sevinir""}"
"2981.7000000039116","","survey-multi-choice","39","450824","0.0-39.0","omnel","elifnurdurmaz@gmail.com","Elif Nur","z","","Q16","Kafe","{""Q0"":""Kafe""}"
"10733.99999999674","","survey-multi-choice","40","461575","0.0-40.0","omnel","elifnurdurmaz@gmail.com","Elif Nur","z","","F08","null","{""Q0"":""Üzülür""}"
"3663.4999999951106","","survey-multi-choice","41","465249","0.0-41.0","omnel","elifnurdurmaz@gmail.com","Elif Nur","z","","Q08","Tenis","{""Q0"":""Basketbol""}"
"10151.199999992969","","survey-multi-choice","42","475413","0.0-42.0","omnel","elifnurdurmaz@gmail.com","Elif Nur","z","","C05","null","{""Q0"":""Üzülür""}"
"5121.499999979278","","survey-multi-choice","43","480546","0.0-43.0","omnel","elifnurdurmaz@gmail.com","Elif Nur","z","","Q05","Matematik","{""Q0"":""Matematik""}"
"15592.899999988731","","survey-multi-choice","44","496153","0.0-44.0","omnel","elifnurdurmaz@gmail.com","Elif Nur","z","","F19","null","{""Q0"":""Üzülür""}"
"2629.5000000100117","","survey-multi-choice","45","498798","0.0-45.0","omnel","elifnurdurmaz@gmail.com","Elif Nur","z","","Q19","Fizik","{""Q0"":""Fizik""}"
"17340.399999986403","","survey-multi-choice","46","516153","0.0-46.0","omnel","elifnurdurmaz@gmail.com","Elif Nur","z","","F23","null","{""Q0"":""Üzülür""}"
"2876.1000000231434","","survey-multi-choice","47","519044","0.0-47.0","omnel","elifnurdurmaz@gmail.com","Elif Nur","z","","Q23","Çarpışan arabalar","{""Q0"":""Çarpışan arabalar""}"
"12591.199999995297","","survey-multi-choice","48","531650","0.0-48.0","omnel","elifnurdurmaz@gmail.com","Elif Nur","z","","F07","null","{""Q0"":""Üzülür""}"
"4391.00000000326","","survey-multi-choice","49","536055","0.0-49.0","omnel","elifnurdurmaz@gmail.com","Elif Nur","z","","Q07","Kardan adam","{""Q0"":""Kardan adam""}"
"2913.699999975506","","instructions","50","538991","0.0-50.0","omnel","elifnurdurmaz@gmail.com","Elif Nur","z","[{""page_index"":0,""viewing_time"":2912.099999986822}]","","",""
