"rt","url","trial_type","trial_index","time_elapsed","internal_node_id","subject","subject_email","subject_name","group","view_history","id","correct","responses"
"35100.000000000364","resources/welcome.html","external-html","0","35203","0.0-0.0","euud9","uzun. pinar@metu.edu.tr","pınar uzun","z","","","",""
"22888.50000000093","","instructions","1","58098","0.0-1.0","euud9","uzun. pinar@metu.edu.tr","pınar uzun","z","[{""page_index"":0,""viewing_time"":22885.700000000725}]","","",""
"17757.300000001123","","survey-multi-choice","2","75874","0.0-2.0","euud9","uzun. pinar@metu.edu.tr","pınar uzun","z","","F07","null","{""Q0"":""Üzülür""}"
"4980.800000001182","","survey-multi-choice","3","80870","0.0-3.0","euud9","uzun. pinar@metu.edu.tr","pınar uzun","z","","Q07","Kardan adam","{""Q0"":""Kardan adam""}"
"10232.099999999264","","survey-multi-choice","4","91114","0.0-4.0","euud9","uzun. pinar@metu.edu.tr","pınar uzun","z","","F15","null","{""Q0"":""Üzülür""}"
"2859.099999999671","","survey-multi-choice","5","93986","0.0-5.0","euud9","uzun. pinar@metu.edu.tr","pınar uzun","z","","Q15","Altı","{""Q0"":""Altı""}"
"10422.700000000987","","survey-multi-choice","6","104421","0.0-6.0","euud9","uzun. pinar@metu.edu.tr","pınar uzun","z","","F09","null","{""Q0"":""Sevinir""}"
"4487.800000000789","","survey-multi-choice","7","108925","0.0-7.0","euud9","uzun. pinar@metu.edu.tr","pınar uzun","z","","Q09","Yemekhane","{""Q0"":""Yemekhane""}"
"11672.200000000885","","survey-multi-choice","8","120610","0.0-8.0","euud9","uzun. pinar@metu.edu.tr","pınar uzun","z","","C06","null","{""Q0"":""Üzülür""}"
"3657.199999999648","","survey-multi-choice","9","124284","0.0-9.0","euud9","uzun. pinar@metu.edu.tr","pınar uzun","z","","Q06","Müdür","{""Q0"":""Müdür""}"
"8797.300000000163","","survey-multi-choice","10","133093","0.0-10.0","euud9","uzun. pinar@metu.edu.tr","pınar uzun","z","","F18","null","{""Q0"":""Sevinir""}"
"2745.100000000093","","survey-multi-choice","11","135854","0.0-11.0","euud9","uzun. pinar@metu.edu.tr","pınar uzun","z","","Q18","Çilek","{""Q0"":""Çilek""}"
"13003.800000000425","","survey-multi-choice","12","148871","0.0-12.0","euud9","uzun. pinar@metu.edu.tr","pınar uzun","z","","F14","null","{""Q0"":""Sevinir""}"
"3200.300000000425","","survey-multi-choice","13","152085","0.0-13.0","euud9","uzun. pinar@metu.edu.tr","pınar uzun","z","","Q14","Birinci","{""Q0"":""İkinci""}"
"8467.699999999226","","survey-multi-choice","14","160566","0.0-14.0","euud9","uzun. pinar@metu.edu.tr","pınar uzun","z","","C05","null","{""Q0"":""Sevinir""}"
"3073.5000000004075","","survey-multi-choice","15","163655","0.0-15.0","euud9","uzun. pinar@metu.edu.tr","pınar uzun","z","","Q05","Matematik","{""Q0"":""Matematik""}"
"9677.800000001327","","survey-multi-choice","16","173345","0.0-16.0","euud9","uzun. pinar@metu.edu.tr","pınar uzun","z","","F12","null","{""Q0"":""Sevinir""}"
"4297.099999999744","","survey-multi-choice","17","177658","0.0-17.0","euud9","uzun. pinar@metu.edu.tr","pınar uzun","z","","Q12","Para biriktirmek","{""Q0"":""Para biriktirmek""}"
"28236.500000000873","","survey-multi-choice","18","205907","0.0-18.0","euud9","uzun. pinar@metu.edu.tr","pınar uzun","z","","F11","null","{""Q0"":""Üzülür""}"
"2721.599999998958","","survey-multi-choice","19","208642","0.0-19.0","euud9","uzun. pinar@metu.edu.tr","pınar uzun","z","","Q11","Ayakkabı","{""Q0"":""Ayakkabı""}"
"8142.299999999523","","survey-multi-choice","20","216798","0.0-20.0","euud9","uzun. pinar@metu.edu.tr","pınar uzun","z","","F10","null","{""Q0"":""Sevinir""}"
"4297.099999999773","","survey-multi-choice","21","221109","0.0-21.0","euud9","uzun. pinar@metu.edu.tr","pınar uzun","z","","Q10","Yüksek lisans","{""Q0"":""Yüksek lisans""}"
"13851.700000001088","","survey-multi-choice","22","234978","0.0-22.0","euud9","uzun. pinar@metu.edu.tr","pınar uzun","z","","C02","null","{""Q0"":""Üzülür""}"
"3765.5999999988126","","survey-multi-choice","23","238757","0.0-23.0","euud9","uzun. pinar@metu.edu.tr","pınar uzun","z","","Q02","Oyuncak bebek","{""Q0"":""Oyuncak bebek""}"
"12439.099999999598","","survey-multi-choice","24","251206","0.0-24.0","euud9","uzun. pinar@metu.edu.tr","pınar uzun","z","","F08","null","{""Q0"":""Üzülür""}"
"5474.999999998545","","survey-multi-choice","25","256693","0.0-25.0","euud9","uzun. pinar@metu.edu.tr","pınar uzun","z","","Q08","Tenis","{""Q0"":""Basketbol""}"
"13475.399999999354","","survey-multi-choice","26","270180","0.0-26.0","euud9","uzun. pinar@metu.edu.tr","pınar uzun","z","","F20","null","{""Q0"":""Sevinir""}"
"3849.3000000016764","","survey-multi-choice","27","274043","0.0-27.0","euud9","uzun. pinar@metu.edu.tr","pınar uzun","z","","Q20","Piyango bileti","{""Q0"":""Piyango bileti""}"
"7252.899999999499","","survey-multi-choice","28","281311","0.0-28.0","euud9","uzun. pinar@metu.edu.tr","pınar uzun","z","","F16","null","{""Q0"":""Sevinir""}"
"2564.9000000011874","","survey-multi-choice","29","283889","0.0-29.0","euud9","uzun. pinar@metu.edu.tr","pınar uzun","z","","Q16","Kafe","{""Q0"":""Kafe""}"
"11055.699999998964","","survey-multi-choice","30","294957","0.0-30.0","euud9","uzun. pinar@metu.edu.tr","pınar uzun","z","","C01","null","{""Q0"":""Sevinir""}"
"2860.5999999999767","","survey-multi-choice","31","297830","0.0-31.0","euud9","uzun. pinar@metu.edu.tr","pınar uzun","z","","Q01","Arda","{""Q0"":""Arda""}"
"8504.19999999943","","survey-multi-choice","32","306346","0.0-32.0","euud9","uzun. pinar@metu.edu.tr","pınar uzun","z","","F22","null","{""Q0"":""Sevinir""}"
"4241.799999999814","","survey-multi-choice","33","310605","0.0-33.0","euud9","uzun. pinar@metu.edu.tr","pınar uzun","z","","Q22","Yoğun","{""Q0"":""Yoğun""}"
"13306.59999999986","","survey-multi-choice","34","323924","0.0-34.0","euud9","uzun. pinar@metu.edu.tr","pınar uzun","z","","F24","null","{""Q0"":""Sevinir""}"
"3114.0999999988708","","survey-multi-choice","35","327054","0.0-35.0","euud9","uzun. pinar@metu.edu.tr","pınar uzun","z","","Q24","Tokyo","{""Q0"":""Tokyo""}"
"11458.09999999986","","survey-multi-choice","36","338590","0.0-36.0","euud9","uzun. pinar@metu.edu.tr","pınar uzun","z","","C03","null","{""Q0"":""Üzülür""}"
"4101.800000000338","","survey-multi-choice","37","342713","0.0-37.0","euud9","uzun. pinar@metu.edu.tr","pınar uzun","z","","Q03","Ofis","{""Q0"":""Ofis""}"
"11832.40000000113","","survey-multi-choice","38","354561","0.0-38.0","euud9","uzun. pinar@metu.edu.tr","pınar uzun","z","","F21","null","{""Q0"":""Üzülür""}"
"2583.300000000221","","survey-multi-choice","39","357158","0.0-39.0","euud9","uzun. pinar@metu.edu.tr","pınar uzun","z","","Q21","Odun","{""Q0"":""Odun""}"
"8392.499999999942","","survey-multi-choice","40","365564","0.0-40.0","euud9","uzun. pinar@metu.edu.tr","pınar uzun","z","","F13","null","{""Q0"":""Üzülür""}"
"1770.8000000002212","","survey-multi-choice","41","367349","0.0-41.0","euud9","uzun. pinar@metu.edu.tr","pınar uzun","z","","Q13","Kars","{""Q0"":""Kars""}"
"11282.699999999779","","survey-multi-choice","42","378644","0.0-42.0","euud9","uzun. pinar@metu.edu.tr","pınar uzun","z","","C04","null","{""Q0"":""Sevinir""}"
"2841.20000000071","","survey-multi-choice","43","381499","0.0-43.0","euud9","uzun. pinar@metu.edu.tr","pınar uzun","z","","Q04","Kamp","{""Q0"":""Kamp""}"
"11490.100000000908","","survey-multi-choice","44","393005","0.0-44.0","euud9","uzun. pinar@metu.edu.tr","pınar uzun","z","","F17","null","{""Q0"":""Üzülür""}"
"2836.8000000009197","","survey-multi-choice","45","395856","0.0-45.0","euud9","uzun. pinar@metu.edu.tr","pınar uzun","z","","Q17","Öğle yemeği","{""Q0"":""Akşam yemeği""}"
"9059.900000000256","","survey-multi-choice","46","404930","0.0-46.0","euud9","uzun. pinar@metu.edu.tr","pınar uzun","z","","F23","null","{""Q0"":""Üzülür""}"
"3098.7999999997555","","survey-multi-choice","47","408044","0.0-47.0","euud9","uzun. pinar@metu.edu.tr","pınar uzun","z","","Q23","Çarpışan arabalar","{""Q0"":""Çarpışan arabalar""}"
"12711.600000000559","","survey-multi-choice","48","420769","0.0-48.0","euud9","uzun. pinar@metu.edu.tr","pınar uzun","z","","F19","null","{""Q0"":""Üzülür""}"
"2358.5999999995693","","survey-multi-choice","49","423145","0.0-49.0","euud9","uzun. pinar@metu.edu.tr","pınar uzun","z","","Q19","Fizik","{""Q0"":""Fizik""}"
"5032.4000000000815","","instructions","50","428219","0.0-50.0","euud9","uzun. pinar@metu.edu.tr","pınar uzun","z","[{""page_index"":0,""viewing_time"":5030.700000001176}]","","",""
