"rt","url","trial_type","trial_index","time_elapsed","internal_node_id","subject","subject_email","subject_name","group","view_history","id","correct","responses"
"25868.800000000192","resources/welcome.html","external-html","0","26042","0.0-0.0","ju9x7","Enescandonmez@gmail.com","Enes","z","","","",""
"9566.999999999098","","instructions","1","35612","0.0-1.0","ju9x7","Enescandonmez@gmail.com","Enes","z","[{""page_index"":0,""viewing_time"":9564.699999998993}]","","",""
"11595.70000000167","","survey-multi-choice","2","47222","0.0-2.0","ju9x7","Enescandonmez@gmail.com","Enes","z","","F24","null","{""Q0"":""Sevinir""}"
"17705.799999999726","","survey-multi-choice","3","64935","0.0-3.0","ju9x7","Enescandonmez@gmail.com","Enes","z","","Q24","Tokyo","{""Q0"":""New York""}"
"24309.700000001612","","survey-multi-choice","4","89252","0.0-4.0","ju9x7","Enescandonmez@gmail.com","Enes","z","","F17","null","{""Q0"":""Sevinir""}"
"3977.3999999997613","","survey-multi-choice","5","93236","0.0-5.0","ju9x7","Enescandonmez@gmail.com","Enes","z","","Q17","Öğle yemeği","{""Q0"":""Akşam yemeği""}"
"12299.699999999575","","survey-multi-choice","6","105542","0.0-6.0","ju9x7","Enescandonmez@gmail.com","Enes","z","","F13","null","{""Q0"":""Sevinir""}"
"2874.7999999977765","","survey-multi-choice","7","108423","0.0-7.0","ju9x7","Enescandonmez@gmail.com","Enes","z","","Q13","Kars","{""Q0"":""Kars""}"
"21462.999999999738","","survey-multi-choice","8","129893","0.0-8.0","ju9x7","Enescandonmez@gmail.com","Enes","z","","C02","null","{""Q0"":""Sevinir""}"
"3884.699999998702","","survey-multi-choice","9","133784","0.0-9.0","ju9x7","Enescandonmez@gmail.com","Enes","z","","Q02","Oyuncak bebek","{""Q0"":""Oyuncak bebek""}"
"9055.000000000291","","survey-multi-choice","10","142845","0.0-10.0","ju9x7","Enescandonmez@gmail.com","Enes","z","","F10","null","{""Q0"":""Sevinir""}"
"2709.3000000022585","","survey-multi-choice","11","145561","0.0-11.0","ju9x7","Enescandonmez@gmail.com","Enes","z","","Q10","Yüksek lisans","{""Q0"":""Yüksek lisans""}"
"26488.30000000089","","survey-multi-choice","12","172054","0.0-12.0","ju9x7","Enescandonmez@gmail.com","Enes","z","","F21","null","{""Q0"":""Üzülür""}"
"4646.90000000337","","survey-multi-choice","13","176708","0.0-13.0","ju9x7","Enescandonmez@gmail.com","Enes","z","","Q21","Odun","{""Q0"":""Odun""}"
"27208.800000000338","","survey-multi-choice","14","203923","0.0-14.0","ju9x7","Enescandonmez@gmail.com","Enes","z","","C04","null","{""Q0"":""Sevinir""}"
"3286.1999999986438","","survey-multi-choice","15","207216","0.0-15.0","ju9x7","Enescandonmez@gmail.com","Enes","z","","Q04","Kamp","{""Q0"":""Kamp""}"
"18470.099999998638","","survey-multi-choice","16","225693","0.0-16.0","ju9x7","Enescandonmez@gmail.com","Enes","z","","F19","null","{""Q0"":""Üzülür""}"
"5477.399999999761","","survey-multi-choice","17","231177","0.0-17.0","ju9x7","Enescandonmez@gmail.com","Enes","z","","Q19","Fizik","{""Q0"":""Fizik""}"
"9543.600000000879","","survey-multi-choice","18","240727","0.0-18.0","ju9x7","Enescandonmez@gmail.com","Enes","z","","F20","null","{""Q0"":""Üzülür""}"
"1856.5999999991618","","survey-multi-choice","19","242591","0.0-19.0","ju9x7","Enescandonmez@gmail.com","Enes","z","","Q20","Piyango bileti","{""Q0"":""Piyango bileti""}"
"11857.399999997142","","survey-multi-choice","20","254455","0.0-20.0","ju9x7","Enescandonmez@gmail.com","Enes","z","","F07","null","{""Q0"":""Üzülür""}"
"1841.4000000011583","","survey-multi-choice","21","256303","0.0-21.0","ju9x7","Enescandonmez@gmail.com","Enes","z","","Q07","Kardan adam","{""Q0"":""Kardan adam""}"
"70337.40000000037","","survey-multi-choice","22","326647","0.0-22.0","ju9x7","Enescandonmez@gmail.com","Enes","z","","C06","null","{""Q0"":""Sevinir""}"
"6454.799999999523","","survey-multi-choice","23","333110","0.0-23.0","ju9x7","Enescandonmez@gmail.com","Enes","z","","Q06","Müdür","{""Q0"":""Müdür""}"
"7453.39999999851","","survey-multi-choice","24","340572","0.0-24.0","ju9x7","Enescandonmez@gmail.com","Enes","z","","F22","null","{""Q0"":""Sevinir""}"
"5195.50000000163","","survey-multi-choice","25","345774","0.0-25.0","ju9x7","Enescandonmez@gmail.com","Enes","z","","Q22","Yoğun","{""Q0"":""Yoğun""}"
"6158.900000002235","","survey-multi-choice","26","351940","0.0-26.0","ju9x7","Enescandonmez@gmail.com","Enes","z","","F16","null","{""Q0"":""Sevinir""}"
"2730.4999999978463","","survey-multi-choice","27","354680","0.0-27.0","ju9x7","Enescandonmez@gmail.com","Enes","z","","Q16","Kafe","{""Q0"":""Kafe""}"
"13008.999999998137","","survey-multi-choice","28","367695","0.0-28.0","ju9x7","Enescandonmez@gmail.com","Enes","z","","F08","null","{""Q0"":""Üzülür""}"
"2847.1000000026543","","survey-multi-choice","29","370549","0.0-29.0","ju9x7","Enescandonmez@gmail.com","Enes","z","","Q08","Tenis","{""Q0"":""Tenis""}"
"21132.09999999887","","survey-multi-choice","30","391687","0.0-30.0","ju9x7","Enescandonmez@gmail.com","Enes","z","","C01","null","{""Q0"":""Üzülür""}"
"3396.6999999975087","","survey-multi-choice","31","395092","0.0-31.0","ju9x7","Enescandonmez@gmail.com","Enes","z","","Q01","Arda","{""Q0"":""Arda""}"
"5612.999999997555","","survey-multi-choice","32","400712","0.0-32.0","ju9x7","Enescandonmez@gmail.com","Enes","z","","F23","null","{""Q0"":""Üzülür""}"
"2223.09999999922","","survey-multi-choice","33","402942","0.0-33.0","ju9x7","Enescandonmez@gmail.com","Enes","z","","Q23","Çarpışan arabalar","{""Q0"":""Çarpışan arabalar""}"
"18891.499999997905","","survey-multi-choice","34","421839","0.0-34.0","ju9x7","Enescandonmez@gmail.com","Enes","z","","F15","null","{""Q0"":""Üzülür""}"
"1633.5999999974156","","survey-multi-choice","35","423481","0.0-35.0","ju9x7","Enescandonmez@gmail.com","Enes","z","","Q15","Altı","{""Q0"":""Altı""}"
"9551.999999999709","","survey-multi-choice","36","433042","0.0-36.0","ju9x7","Enescandonmez@gmail.com","Enes","z","","C03","null","{""Q0"":""Üzülür""}"
"5063.79999999993","","survey-multi-choice","37","438115","0.0-37.0","ju9x7","Enescandonmez@gmail.com","Enes","z","","Q03","Ofis","{""Q0"":""Ofis""}"
"6489.300000001094","","survey-multi-choice","38","444611","0.0-38.0","ju9x7","Enescandonmez@gmail.com","Enes","z","","F11","null","{""Q0"":""Üzülür""}"
"2077.1999999997206","","survey-multi-choice","39","446698","0.0-39.0","ju9x7","Enescandonmez@gmail.com","Enes","z","","Q11","Ayakkabı","{""Q0"":""Ayakkabı""}"
"8055.099999997765","","survey-multi-choice","40","454761","0.0-40.0","ju9x7","Enescandonmez@gmail.com","Enes","z","","F09","null","{""Q0"":""Sevinir""}"
"2797.1999999972177","","survey-multi-choice","41","457566","0.0-41.0","ju9x7","Enescandonmez@gmail.com","Enes","z","","Q09","Yemekhane","{""Q0"":""Yemekhane""}"
"9828.199999999895","","survey-multi-choice","42","467400","0.0-42.0","ju9x7","Enescandonmez@gmail.com","Enes","z","","C05","null","{""Q0"":""Üzülür""}"
"1587.9000000022352","","survey-multi-choice","43","468996","0.0-43.0","ju9x7","Enescandonmez@gmail.com","Enes","z","","Q05","Matematik","{""Q0"":""Matematik""}"
"10371.399999999965","","survey-multi-choice","44","479374","0.0-44.0","ju9x7","Enescandonmez@gmail.com","Enes","z","","F18","null","{""Q0"":""Sevinir""}"
"2365.2000000001863","","survey-multi-choice","45","481746","0.0-45.0","ju9x7","Enescandonmez@gmail.com","Enes","z","","Q18","Çilek","{""Q0"":""Çilek""}"
"10519.600000003295","","survey-multi-choice","46","492273","0.0-46.0","ju9x7","Enescandonmez@gmail.com","Enes","z","","F12","null","{""Q0"":""Sevinir""}"
"1703.6000000007916","","survey-multi-choice","47","493984","0.0-47.0","ju9x7","Enescandonmez@gmail.com","Enes","z","","Q12","Para biriktirmek","{""Q0"":""Para biriktirmek""}"
"12974.500000000291","","survey-multi-choice","48","506965","0.0-48.0","ju9x7","Enescandonmez@gmail.com","Enes","z","","F14","null","{""Q0"":""Sevinir""}"
"3292.1000000023632","","survey-multi-choice","49","510265","0.0-49.0","ju9x7","Enescandonmez@gmail.com","Enes","z","","Q14","Birinci","{""Q0"":""İkinci""}"
"4510.199999997043","","instructions","50","514788","0.0-50.0","ju9x7","Enescandonmez@gmail.com","Enes","z","[{""page_index"":0,""viewing_time"":4509.099999999336}]","","",""
