"rt","url","trial_type","trial_index","time_elapsed","internal_node_id","subject","subject_email","subject_name","group","view_history","id","correct","responses"
"38263","resources/welcome.html","external-html","0","38364","0.0-0.0","yr0ah","kazanci98@hotmail.com","Sebla Ayşe Kazancı","z","","","",""
"36636","","instructions","1","75005","0.0-1.0","yr0ah","kazanci98@hotmail.com","Sebla Ayşe Kazancı","z","[{""page_index"":0,""viewing_time"":36634}]","","",""
"9031","","survey-multi-choice","2","84042","0.0-2.0","yr0ah","kazanci98@hotmail.com","Sebla Ayşe Kazancı","z","","F14","null","{""Q0"":""Sevinir""}"
"4628","","survey-multi-choice","3","88678","0.0-3.0","yr0ah","kazanci98@hotmail.com","Sebla Ayşe Kazancı","z","","Q14","Birinci","{""Q0"":""İkinci""}"
"8547.999999999985","","survey-multi-choice","4","97231","0.0-4.0","yr0ah","kazanci98@hotmail.com","Sebla Ayşe Kazancı","z","","F23","null","{""Q0"":""Üzülür""}"
"2951","","survey-multi-choice","5","100188","0.0-5.0","yr0ah","kazanci98@hotmail.com","Sebla Ayşe Kazancı","z","","Q23","Çarpışan arabalar","{""Q0"":""Çarpışan arabalar""}"
"7515","","survey-multi-choice","6","107709","0.0-6.0","yr0ah","kazanci98@hotmail.com","Sebla Ayşe Kazancı","z","","F07","null","{""Q0"":""Üzülür""}"
"3106","","survey-multi-choice","7","110821","0.0-7.0","yr0ah","kazanci98@hotmail.com","Sebla Ayşe Kazancı","z","","Q07","Kardan adam","{""Q0"":""Kardan adam""}"
"16953","","survey-multi-choice","8","127780","0.0-8.0","yr0ah","kazanci98@hotmail.com","Sebla Ayşe Kazancı","z","","C01","null","{""Q0"":""Üzülür""}"
"3270","","survey-multi-choice","9","131056","0.0-9.0","yr0ah","kazanci98@hotmail.com","Sebla Ayşe Kazancı","z","","Q01","Arda","{""Q0"":""Arda""}"
"6364","","survey-multi-choice","10","137426","0.0-10.0","yr0ah","kazanci98@hotmail.com","Sebla Ayşe Kazancı","z","","F19","null","{""Q0"":""Üzülür""}"
"2469","","survey-multi-choice","11","139902","0.0-11.0","yr0ah","kazanci98@hotmail.com","Sebla Ayşe Kazancı","z","","Q19","Fizik","{""Q0"":""Fizik""}"
"8974","","survey-multi-choice","12","148882","0.0-12.0","yr0ah","kazanci98@hotmail.com","Sebla Ayşe Kazancı","z","","F20","null","{""Q0"":""Üzülür""}"
"3162","","survey-multi-choice","13","152051","0.0-13.0","yr0ah","kazanci98@hotmail.com","Sebla Ayşe Kazancı","z","","Q20","Piyango bileti","{""Q0"":""Piyango bileti""}"
"7685","","survey-multi-choice","14","159742","0.0-14.0","yr0ah","kazanci98@hotmail.com","Sebla Ayşe Kazancı","z","","C06","null","{""Q0"":""Üzülür""}"
"3991.999999999971","","survey-multi-choice","15","163738","0.0-15.0","yr0ah","kazanci98@hotmail.com","Sebla Ayşe Kazancı","z","","Q06","Müdür","{""Q0"":""Müdür""}"
"5656","","survey-multi-choice","16","169401","0.0-16.0","yr0ah","kazanci98@hotmail.com","Sebla Ayşe Kazancı","z","","F13","null","{""Q0"":""Sevinir""}"
"2536.999999999971","","survey-multi-choice","17","171945","0.0-17.0","yr0ah","kazanci98@hotmail.com","Sebla Ayşe Kazancı","z","","Q13","Kars","{""Q0"":""Kars""}"
"9638","","survey-multi-choice","18","181590","0.0-18.0","yr0ah","kazanci98@hotmail.com","Sebla Ayşe Kazancı","z","","F24","null","{""Q0"":""Sevinir""}"
"1962","","survey-multi-choice","19","183557","0.0-19.0","yr0ah","kazanci98@hotmail.com","Sebla Ayşe Kazancı","z","","Q24","Tokyo","{""Q0"":""Tokyo""}"
"6781","","survey-multi-choice","20","190345","0.0-20.0","yr0ah","kazanci98@hotmail.com","Sebla Ayşe Kazancı","z","","F21","null","{""Q0"":""Üzülür""}"
"2961","","survey-multi-choice","21","193313","0.0-21.0","yr0ah","kazanci98@hotmail.com","Sebla Ayşe Kazancı","z","","Q21","Odun","{""Q0"":""Odun""}"
"9549","","survey-multi-choice","22","202868","0.0-22.0","yr0ah","kazanci98@hotmail.com","Sebla Ayşe Kazancı","z","","C04","null","{""Q0"":""Üzülür""}"
"5354.000000000029","","survey-multi-choice","23","208229","0.0-23.0","yr0ah","kazanci98@hotmail.com","Sebla Ayşe Kazancı","z","","Q04","Kamp","{""Q0"":""Kamp""}"
"9973","","survey-multi-choice","24","218209","0.0-24.0","yr0ah","kazanci98@hotmail.com","Sebla Ayşe Kazancı","z","","F18","null","{""Q0"":""Sevinir""}"
"2811.000000000029","","survey-multi-choice","25","221027","0.0-25.0","yr0ah","kazanci98@hotmail.com","Sebla Ayşe Kazancı","z","","Q18","Çilek","{""Q0"":""Çilek""}"
"8815","","survey-multi-choice","26","229847","0.0-26.0","yr0ah","kazanci98@hotmail.com","Sebla Ayşe Kazancı","z","","F15","null","{""Q0"":""Üzülür""}"
"3195.999999999971","","survey-multi-choice","27","233049","0.0-27.0","yr0ah","kazanci98@hotmail.com","Sebla Ayşe Kazancı","z","","Q15","Altı","{""Q0"":""Altı""}"
"8256","","survey-multi-choice","28","241312","0.0-28.0","yr0ah","kazanci98@hotmail.com","Sebla Ayşe Kazancı","z","","F09","null","{""Q0"":""Sevinir""}"
"4461","","survey-multi-choice","29","245780","0.0-29.0","yr0ah","kazanci98@hotmail.com","Sebla Ayşe Kazancı","z","","Q09","Yemekhane","{""Q0"":""Yemekhane""}"
"5789","","survey-multi-choice","30","251575","0.0-30.0","yr0ah","kazanci98@hotmail.com","Sebla Ayşe Kazancı","z","","C05","null","{""Q0"":""Sevinir""}"
"2662","","survey-multi-choice","31","254242","0.0-31.0","yr0ah","kazanci98@hotmail.com","Sebla Ayşe Kazancı","z","","Q05","Matematik","{""Q0"":""Matematik""}"
"5639.999999999971","","survey-multi-choice","32","259887","0.0-32.0","yr0ah","kazanci98@hotmail.com","Sebla Ayşe Kazancı","z","","F10","null","{""Q0"":""Sevinir""}"
"2619","","survey-multi-choice","33","262514","0.0-33.0","yr0ah","kazanci98@hotmail.com","Sebla Ayşe Kazancı","z","","Q10","Yüksek lisans","{""Q0"":""Yüksek lisans""}"
"5871","","survey-multi-choice","34","268391","0.0-34.0","yr0ah","kazanci98@hotmail.com","Sebla Ayşe Kazancı","z","","F11","null","{""Q0"":""Üzülür""}"
"2307","","survey-multi-choice","35","270706","0.0-35.0","yr0ah","kazanci98@hotmail.com","Sebla Ayşe Kazancı","z","","Q11","Ayakkabı","{""Q0"":""Ayakkabı""}"
"13720","","survey-multi-choice","36","284432","0.0-36.0","yr0ah","kazanci98@hotmail.com","Sebla Ayşe Kazancı","z","","C02","null","{""Q0"":""Sevinir""}"
"4204","","survey-multi-choice","37","288643","0.0-37.0","yr0ah","kazanci98@hotmail.com","Sebla Ayşe Kazancı","z","","Q02","Oyuncak bebek","{""Q0"":""Oyuncak bebek""}"
"6339","","survey-multi-choice","38","294988","0.0-38.0","yr0ah","kazanci98@hotmail.com","Sebla Ayşe Kazancı","z","","F08","null","{""Q0"":""Üzülür""}"
"4996","","survey-multi-choice","39","299991","0.0-39.0","yr0ah","kazanci98@hotmail.com","Sebla Ayşe Kazancı","z","","Q08","Tenis","{""Q0"":""Tenis""}"
"9073.000000000058","","survey-multi-choice","40","309071","0.0-40.0","yr0ah","kazanci98@hotmail.com","Sebla Ayşe Kazancı","z","","F17","null","{""Q0"":""Sevinir""}"
"2817","","survey-multi-choice","41","311894","0.0-41.0","yr0ah","kazanci98@hotmail.com","Sebla Ayşe Kazancı","z","","Q17","Öğle yemeği","{""Q0"":""Akşam yemeği""}"
"11727","","survey-multi-choice","42","323627","0.0-42.0","yr0ah","kazanci98@hotmail.com","Sebla Ayşe Kazancı","z","","C03","null","{""Q0"":""Üzülür""}"
"4446","","survey-multi-choice","43","328081","0.0-43.0","yr0ah","kazanci98@hotmail.com","Sebla Ayşe Kazancı","z","","Q03","Ofis","{""Q0"":""Ofis""}"
"6847","","survey-multi-choice","44","334933","0.0-44.0","yr0ah","kazanci98@hotmail.com","Sebla Ayşe Kazancı","z","","F16","null","{""Q0"":""Sevinir""}"
"2767","","survey-multi-choice","45","337707","0.0-45.0","yr0ah","kazanci98@hotmail.com","Sebla Ayşe Kazancı","z","","Q16","Kafe","{""Q0"":""Kafe""}"
"64435.00000000006","","survey-multi-choice","46","402150","0.0-46.0","yr0ah","kazanci98@hotmail.com","Sebla Ayşe Kazancı","z","","F22","null","{""Q0"":""Sevinir""}"
"3964","","survey-multi-choice","47","406126","0.0-47.0","yr0ah","kazanci98@hotmail.com","Sebla Ayşe Kazancı","z","","Q22","Yoğun","{""Q0"":""Yoğun""}"
"6278.000000000058","","survey-multi-choice","48","412410","0.0-48.0","yr0ah","kazanci98@hotmail.com","Sebla Ayşe Kazancı","z","","F12","null","{""Q0"":""Sevinir""}"
"2677.000000000058","","survey-multi-choice","49","415095","0.0-49.0","yr0ah","kazanci98@hotmail.com","Sebla Ayşe Kazancı","z","","Q12","Para biriktirmek","{""Q0"":""Para biriktirmek""}"
"2509","","instructions","50","417621","0.0-50.0","yr0ah","kazanci98@hotmail.com","Sebla Ayşe Kazancı","z","[{""page_index"":0,""viewing_time"":2508}]","","",""
