"rt","url","trial_type","trial_index","time_elapsed","internal_node_id","subject","subject_email","subject_name","group","view_history","id","correct","responses"
"24351.694999961182","resources/welcome.html","external-html","0","24531","0.0-0.0","5gxz9","ozgunacar@yahoo.com","Özgün Acar","z","","","",""
"1155051.1549999937","","instructions","1","1179583","0.0-1.0","5gxz9","ozgunacar@yahoo.com","Özgün Acar","z","[{""page_index"":0,""viewing_time"":1155050.589999999}]","","",""
"15618.464999948628","","survey-multi-choice","2","1195205","0.0-2.0","5gxz9","ozgunacar@yahoo.com","Özgün Acar","z","","F11","null","{""Q0"":""Üzülür""}"
"5626.954999985173","","survey-multi-choice","3","1200835","0.0-3.0","5gxz9","ozgunacar@yahoo.com","Özgün Acar","z","","Q11","Ayakkabı","{""Q0"":""Ayakkabı""}"
"32035.629999940284","","survey-multi-choice","4","1232873","0.0-4.0","5gxz9","ozgunacar@yahoo.com","Özgün Acar","z","","F14","null","{""Q0"":""Sevinir""}"
"4815.109999966808","","survey-multi-choice","5","1237691","0.0-5.0","5gxz9","ozgunacar@yahoo.com","Özgün Acar","z","","Q14","Birinci","{""Q0"":""İkinci""}"
"9653.735000058077","","survey-multi-choice","6","1247347","0.0-6.0","5gxz9","ozgunacar@yahoo.com","Özgün Acar","z","","F09","null","{""Q0"":""Sevinir""}"
"3281.840000068769","","survey-multi-choice","7","1250631","0.0-7.0","5gxz9","ozgunacar@yahoo.com","Özgün Acar","z","","Q09","Yemekhane","{""Q0"":""Yemekhane""}"
"24513.299999991432","","survey-multi-choice","8","1275147","0.0-8.0","5gxz9","ozgunacar@yahoo.com","Özgün Acar","z","","C03","null","{""Q0"":""Üzülür""}"
"7071.140000014566","","survey-multi-choice","9","1282221","0.0-9.0","5gxz9","ozgunacar@yahoo.com","Özgün Acar","z","","Q03","Ofis","{""Q0"":""Ofis""}"
"16851.825000019744","","survey-multi-choice","10","1299075","0.0-10.0","5gxz9","ozgunacar@yahoo.com","Özgün Acar","z","","F13","null","{""Q0"":""Sevinir""}"
"2303.3699999796227","","survey-multi-choice","11","1301381","0.0-11.0","5gxz9","ozgunacar@yahoo.com","Özgün Acar","z","","Q13","Kars","{""Q0"":""Kars""}"
"10891.99999999255","","survey-multi-choice","12","1312275","0.0-12.0","5gxz9","ozgunacar@yahoo.com","Özgün Acar","z","","F07","null","{""Q0"":""Üzülür""}"
"3255.15500002075","","survey-multi-choice","13","1315533","0.0-13.0","5gxz9","ozgunacar@yahoo.com","Özgün Acar","z","","Q07","Kardan adam","{""Q0"":""Kardan adam""}"
"19157.76500001084","","survey-multi-choice","14","1334693","0.0-14.0","5gxz9","ozgunacar@yahoo.com","Özgün Acar","z","","C01","null","{""Q0"":""Üzülür""}"
"2679.3799999868497","","survey-multi-choice","15","1337375","0.0-15.0","5gxz9","ozgunacar@yahoo.com","Özgün Acar","z","","Q01","Arda","{""Q0"":""Arda""}"
"14115.850000060163","","survey-multi-choice","16","1351493","0.0-16.0","5gxz9","ozgunacar@yahoo.com","Özgün Acar","z","","F20","null","{""Q0"":""Üzülür""}"
"2125.2400000812486","","survey-multi-choice","17","1353621","0.0-17.0","5gxz9","ozgunacar@yahoo.com","Özgün Acar","z","","Q20","Piyango bileti","{""Q0"":""Piyango bileti""}"
"8203.75999994576","","survey-multi-choice","18","1361827","0.0-18.0","5gxz9","ozgunacar@yahoo.com","Özgün Acar","z","","F19","null","{""Q0"":""Üzülür""}"
"3289.2050000373274","","survey-multi-choice","19","1365119","0.0-19.0","5gxz9","ozgunacar@yahoo.com","Özgün Acar","z","","Q19","Fizik","{""Q0"":""Fizik""}"
"30245.685000088997","","survey-multi-choice","20","1395367","0.0-20.0","5gxz9","ozgunacar@yahoo.com","Özgün Acar","z","","F12","null","{""Q0"":""Sevinir""}"
"3943.4149999869987","","survey-multi-choice","21","1399313","0.0-21.0","5gxz9","ozgunacar@yahoo.com","Özgün Acar","z","","Q12","Para biriktirmek","{""Q0"":""Para biriktirmek""}"
"17911.63999994751","","survey-multi-choice","22","1417227","0.0-22.0","5gxz9","ozgunacar@yahoo.com","Özgün Acar","z","","C06","null","{""Q0"":""Sevinir""}"
"2848.974999971688","","survey-multi-choice","23","1420079","0.0-23.0","5gxz9","ozgunacar@yahoo.com","Özgün Acar","z","","Q06","Müdür","{""Q0"":""Müdür""}"
"8151.4850000385195","","survey-multi-choice","24","1428233","0.0-24.0","5gxz9","ozgunacar@yahoo.com","Özgün Acar","z","","F18","null","{""Q0"":""Sevinir""}"
"3305.4799999808893","","survey-multi-choice","25","1431542","0.0-25.0","5gxz9","ozgunacar@yahoo.com","Özgün Acar","z","","Q18","Çilek","{""Q0"":""Çilek""}"
"8199.555000057444","","survey-multi-choice","26","1439743","0.0-26.0","5gxz9","ozgunacar@yahoo.com","Özgün Acar","z","","F24","null","{""Q0"":""Sevinir""}"
"2007.5250000227243","","survey-multi-choice","27","1441754","0.0-27.0","5gxz9","ozgunacar@yahoo.com","Özgün Acar","z","","Q24","Tokyo","{""Q0"":""Tokyo""}"
"7911.444999976084","","survey-multi-choice","28","1449667","0.0-28.0","5gxz9","ozgunacar@yahoo.com","Özgün Acar","z","","F22","null","{""Q0"":""Sevinir""}"
"4357.829999993555","","survey-multi-choice","29","1454028","0.0-29.0","5gxz9","ozgunacar@yahoo.com","Özgün Acar","z","","Q22","Yoğun","{""Q0"":""Yoğun""}"
"13333.140000002459","","survey-multi-choice","30","1467365","0.0-30.0","5gxz9","ozgunacar@yahoo.com","Özgün Acar","z","","C04","null","{""Q0"":""Sevinir""}"
"2161.959999939427","","survey-multi-choice","31","1469530","0.0-31.0","5gxz9","ozgunacar@yahoo.com","Özgün Acar","z","","Q04","Kamp","{""Q0"":""Kamp""}"
"57886.52499997988","","survey-multi-choice","32","1527420","0.0-32.0","5gxz9","ozgunacar@yahoo.com","Özgün Acar","z","","F16","null","{""Q0"":""Sevinir""}"
"4585.039999918081","","survey-multi-choice","33","1532007","0.0-33.0","5gxz9","ozgunacar@yahoo.com","Özgün Acar","z","","Q16","Kafe","{""Q0"":""Kafe""}"
"11923.974999925122","","survey-multi-choice","34","1543934","0.0-34.0","5gxz9","ozgunacar@yahoo.com","Özgün Acar","z","","F21","null","{""Q0"":""Üzülür""}"
"2307.0750000188127","","survey-multi-choice","35","1546243","0.0-35.0","5gxz9","ozgunacar@yahoo.com","Özgün Acar","z","","Q21","Odun","{""Q0"":""Odun""}"
"7629.270000034012","","survey-multi-choice","36","1553875","0.0-36.0","5gxz9","ozgunacar@yahoo.com","Özgün Acar","z","","C02","null","{""Q0"":""Sevinir""}"
"2897.469999967143","","survey-multi-choice","37","1556775","0.0-37.0","5gxz9","ozgunacar@yahoo.com","Özgün Acar","z","","Q02","Oyuncak bebek","{""Q0"":""Oyuncak bebek""}"
"12071.51999999769","","survey-multi-choice","38","1568849","0.0-38.0","5gxz9","ozgunacar@yahoo.com","Özgün Acar","z","","F08","null","{""Q0"":""Üzülür""}"
"7033.210000023246","","survey-multi-choice","39","1575885","0.0-39.0","5gxz9","ozgunacar@yahoo.com","Özgün Acar","z","","Q08","Tenis","{""Q0"":""Tenis""}"
"21121.764999930747","","survey-multi-choice","40","1597009","0.0-40.0","5gxz9","ozgunacar@yahoo.com","Özgün Acar","z","","F17","null","{""Q0"":""Üzülür""}"
"2449.1200000047684","","survey-multi-choice","41","1599461","0.0-41.0","5gxz9","ozgunacar@yahoo.com","Özgün Acar","z","","Q17","Öğle yemeği","{""Q0"":""Akşam yemeği""}"
"7993.789999978617","","survey-multi-choice","42","1607457","0.0-42.0","5gxz9","ozgunacar@yahoo.com","Özgün Acar","z","","C05","null","{""Q0"":""Üzülür""}"
"1251.1800000211224","","survey-multi-choice","43","1608711","0.0-43.0","5gxz9","ozgunacar@yahoo.com","Özgün Acar","z","","Q05","Matematik","{""Q0"":""Matematik""}"
"9689.544999971986","","survey-multi-choice","44","1618403","0.0-44.0","5gxz9","ozgunacar@yahoo.com","Özgün Acar","z","","F15","null","{""Q0"":""Üzülür""}"
"3979.2149999411777","","survey-multi-choice","45","1622385","0.0-45.0","5gxz9","ozgunacar@yahoo.com","Özgün Acar","z","","Q15","Altı","{""Q0"":""Altı""}"
"10793.515000026673","","survey-multi-choice","46","1633181","0.0-46.0","5gxz9","ozgunacar@yahoo.com","Özgün Acar","z","","F23","null","{""Q0"":""Üzülür""}"
"1691.2849999498576","","survey-multi-choice","47","1634875","0.0-47.0","5gxz9","ozgunacar@yahoo.com","Özgün Acar","z","","Q23","Çarpışan arabalar","{""Q0"":""Çarpışan arabalar""}"
"7439.589999965392","","survey-multi-choice","48","1642317","0.0-48.0","5gxz9","ozgunacar@yahoo.com","Özgün Acar","z","","F10","null","{""Q0"":""Sevinir""}"
"4411.3199999555945","","survey-multi-choice","49","1646731","0.0-49.0","5gxz9","ozgunacar@yahoo.com","Özgün Acar","z","","Q10","Yüksek lisans","{""Q0"":""Yüksek lisans""}"
"16223818.755000018","","instructions","50","17870553","0.0-50.0","5gxz9","ozgunacar@yahoo.com","Özgün Acar","z","[{""page_index"":0,""viewing_time"":16223818.33000004}]","","",""
