"rt","url","trial_type","trial_index","time_elapsed","internal_node_id","subject","subject_email","subject_name","group","view_history","id","correct","responses"
"38691.42","resources/welcome.html","external-html","0","39109","0.0-0.0","7dmfo","emrezm1@gmail.com","Emre","z","","","",""
"11079.909999999996","","instructions","1","50196","0.0-1.0","7dmfo","emrezm1@gmail.com","Emre","z","[{""page_index"":0,""viewing_time"":11074.440000000002}]","","",""
"13239.26000000001","","survey-multi-choice","2","63466","0.0-2.0","7dmfo","emrezm1@gmail.com","Emre","z","","F18","null","{""Q0"":""Sevinir""}"
"3571.5699999999924","","survey-multi-choice","3","67058","0.0-3.0","7dmfo","emrezm1@gmail.com","Emre","z","","Q18","Çilek","{""Q0"":""Çilek""}"
"10901.994999999995","","survey-multi-choice","4","77979","0.0-4.0","7dmfo","emrezm1@gmail.com","Emre","z","","F08","null","{""Q0"":""Üzülür""}"
"3151.1800000000076","","survey-multi-choice","5","81147","0.0-5.0","7dmfo","emrezm1@gmail.com","Emre","z","","Q08","Tenis","{""Q0"":""Tenis""}"
"9012.080000000002","","survey-multi-choice","6","90177","0.0-6.0","7dmfo","emrezm1@gmail.com","Emre","z","","F22","null","{""Q0"":""Sevinir""}"
"5137.384999999995","","survey-multi-choice","7","95331","0.0-7.0","7dmfo","emrezm1@gmail.com","Emre","z","","Q22","Yoğun","{""Q0"":""Yoğun""}"
"21241.690000000002","","survey-multi-choice","8","116587","0.0-8.0","7dmfo","emrezm1@gmail.com","Emre","z","","C05","null","{""Q0"":""Üzülür""}"
"3242.034999999989","","survey-multi-choice","9","119848","0.0-9.0","7dmfo","emrezm1@gmail.com","Emre","z","","Q05","Matematik","{""Q0"":""Matematik""}"
"13572.240000000034","","survey-multi-choice","10","133435","0.0-10.0","7dmfo","emrezm1@gmail.com","Emre","z","","F14","null","{""Q0"":""Sevinir""}"
"3571.9499999999825","","survey-multi-choice","11","137022","0.0-11.0","7dmfo","emrezm1@gmail.com","Emre","z","","Q14","Birinci","{""Q0"":""İkinci""}"
"6073.569999999978","","survey-multi-choice","12","143114","0.0-12.0","7dmfo","emrezm1@gmail.com","Emre","z","","F16","null","{""Q0"":""Sevinir""}"
"2447.9499999999825","","survey-multi-choice","13","145578","0.0-13.0","7dmfo","emrezm1@gmail.com","Emre","z","","Q16","Kafe","{""Q0"":""Kafe""}"
"15289.13500000001","","survey-multi-choice","14","160887","0.0-14.0","7dmfo","emrezm1@gmail.com","Emre","z","","C01","null","{""Q0"":""Üzülür""}"
"2897.374999999971","","survey-multi-choice","15","163805","0.0-15.0","7dmfo","emrezm1@gmail.com","Emre","z","","Q01","Arda","{""Q0"":""Arda""}"
"10016.204999999987","","survey-multi-choice","16","173840","0.0-16.0","7dmfo","emrezm1@gmail.com","Emre","z","","F09","null","{""Q0"":""Sevinir""}"
"2704.9249999999884","","survey-multi-choice","17","176566","0.0-17.0","7dmfo","emrezm1@gmail.com","Emre","z","","Q09","Yemekhane","{""Q0"":""Yemekhane""}"
"7503.7850000000035","","survey-multi-choice","18","184090","0.0-18.0","7dmfo","emrezm1@gmail.com","Emre","z","","F13","null","{""Q0"":""Üzülür""}"
"4365.620000000024","","survey-multi-choice","19","188473","0.0-19.0","7dmfo","emrezm1@gmail.com","Emre","z","","Q13","Kars","{""Q0"":""Kars""}"
"4683.960000000021","","survey-multi-choice","20","193172","0.0-20.0","7dmfo","emrezm1@gmail.com","Emre","z","","F23","null","{""Q0"":""Üzülür""}"
"2762.3949999999895","","survey-multi-choice","21","195952","0.0-21.0","7dmfo","emrezm1@gmail.com","Emre","z","","Q23","Çarpışan arabalar","{""Q0"":""Çarpışan arabalar""}"
"7255.205000000016","","survey-multi-choice","22","203228","0.0-22.0","7dmfo","emrezm1@gmail.com","Emre","z","","C04","null","{""Q0"":""Sevinir""}"
"2906.7699999999895","","survey-multi-choice","23","206151","0.0-23.0","7dmfo","emrezm1@gmail.com","Emre","z","","Q04","Kamp","{""Q0"":""Kamp""}"
"8754.415000000037","","survey-multi-choice","24","214923","0.0-24.0","7dmfo","emrezm1@gmail.com","Emre","z","","F24","null","{""Q0"":""Sevinir""}"
"2153.9899999999907","","survey-multi-choice","25","217098","0.0-25.0","7dmfo","emrezm1@gmail.com","Emre","z","","Q24","Tokyo","{""Q0"":""Tokyo""}"
"14124.619999999995","","survey-multi-choice","26","231240","0.0-26.0","7dmfo","emrezm1@gmail.com","Emre","z","","F07","null","{""Q0"":""Üzülür""}"
"5274.229999999981","","survey-multi-choice","27","236536","0.0-27.0","7dmfo","emrezm1@gmail.com","Emre","z","","Q07","Kardan adam","{""Q0"":""Kardan adam""}"
"51898.19000000003","","survey-multi-choice","28","288448","0.0-28.0","7dmfo","emrezm1@gmail.com","Emre","z","","F19","null","{""Q0"":""Üzülür""}"
"1799.0000000000582","","survey-multi-choice","29","290266","0.0-29.0","7dmfo","emrezm1@gmail.com","Emre","z","","Q19","Fizik","{""Q0"":""Fizik""}"
"14875.744999999995","","survey-multi-choice","30","305160","0.0-30.0","7dmfo","emrezm1@gmail.com","Emre","z","","C03","null","{""Q0"":""Üzülür""}"
"5005.554999999935","","survey-multi-choice","31","310183","0.0-31.0","7dmfo","emrezm1@gmail.com","Emre","z","","Q03","Ofis","{""Q0"":""Ofis""}"
"9066.734999999986","","survey-multi-choice","32","319264","0.0-32.0","7dmfo","emrezm1@gmail.com","Emre","z","","F15","null","{""Q0"":""Üzülür""}"
"2048.0149999999558","","survey-multi-choice","33","321334","0.0-33.0","7dmfo","emrezm1@gmail.com","Emre","z","","Q15","Altı","{""Q0"":""Altı""}"
"14881.414999999979","","survey-multi-choice","34","336232","0.0-34.0","7dmfo","emrezm1@gmail.com","Emre","z","","F20","null","{""Q0"":""Üzülür""}"
"2354.4249999999884","","survey-multi-choice","35","338602","0.0-35.0","7dmfo","emrezm1@gmail.com","Emre","z","","Q20","Piyango bileti","{""Q0"":""Piyango bileti""}"
"10269.234999999928","","survey-multi-choice","36","348890","0.0-36.0","7dmfo","emrezm1@gmail.com","Emre","z","","C02","null","{""Q0"":""Sevinir""}"
"2613.600000000035","","survey-multi-choice","37","351521","0.0-37.0","7dmfo","emrezm1@gmail.com","Emre","z","","Q02","Oyuncak bebek","{""Q0"":""Oyuncak bebek""}"
"8010.6849999999395","","survey-multi-choice","38","359551","0.0-38.0","7dmfo","emrezm1@gmail.com","Emre","z","","F10","null","{""Q0"":""Sevinir""}"
"3327.914999999921","","survey-multi-choice","39","362895","0.0-39.0","7dmfo","emrezm1@gmail.com","Emre","z","","Q10","Yüksek lisans","{""Q0"":""Yüksek lisans""}"
"11869.445000000007","","survey-multi-choice","40","374805","0.0-40.0","7dmfo","emrezm1@gmail.com","Emre","z","","F17","null","{""Q0"":""Üzülür""}"
"2641.634999999951","","survey-multi-choice","41","377467","0.0-41.0","7dmfo","emrezm1@gmail.com","Emre","z","","Q17","Öğle yemeği","{""Q0"":""Akşam yemeği""}"
"7244.749999999942","","survey-multi-choice","42","384727","0.0-42.0","7dmfo","emrezm1@gmail.com","Emre","z","","C06","null","{""Q0"":""Üzülür""}"
"3563.7150000000256","","survey-multi-choice","43","388314","0.0-43.0","7dmfo","emrezm1@gmail.com","Emre","z","","Q06","Müdür","{""Q0"":""Müdür""}"
"8207.735000000044","","survey-multi-choice","44","396537","0.0-44.0","7dmfo","emrezm1@gmail.com","Emre","z","","F12","null","{""Q0"":""Üzülür""}"
"2849.9400000000023","","survey-multi-choice","45","399404","0.0-45.0","7dmfo","emrezm1@gmail.com","Emre","z","","Q12","Para biriktirmek","{""Q0"":""Para biriktirmek""}"
"6073.390000000014","","survey-multi-choice","46","405498","0.0-46.0","7dmfo","emrezm1@gmail.com","Emre","z","","F11","null","{""Q0"":""Üzülür""}"
"2556.570000000007","","survey-multi-choice","47","408077","0.0-47.0","7dmfo","emrezm1@gmail.com","Emre","z","","Q11","Ayakkabı","{""Q0"":""Ayakkabı""}"
"18442.77000000002","","survey-multi-choice","48","426538","0.0-48.0","7dmfo","emrezm1@gmail.com","Emre","z","","F21","null","{""Q0"":""Üzülür""}"
"2212.6049999999814","","survey-multi-choice","49","428773","0.0-49.0","7dmfo","emrezm1@gmail.com","Emre","z","","Q21","Odun","{""Q0"":""Odun""}"
"4164.325000000012","","instructions","50","432960","0.0-50.0","7dmfo","emrezm1@gmail.com","Emre","z","[{""page_index"":0,""viewing_time"":4162.065000000002}]","","",""
