"rt","url","trial_type","trial_index","time_elapsed","internal_node_id","subject","subject_email","subject_name","group","view_history","id","correct","responses"
"59296","resources/welcome.html","external-html","0","59416","0.0-0.0","7tcm3","guduk.tugce@gmail.com","Tuğçe Güdük","z","","","",""
"18106","","instructions","1","77542","0.0-1.0","7tcm3","guduk.tugce@gmail.com","Tuğçe Güdük","z","[{""page_index"":0,""viewing_time"":18101}]","","",""
"12405.999999999985","","survey-multi-choice","2","90014","0.0-2.0","7tcm3","guduk.tugce@gmail.com","Tuğçe Güdük","z","","F16","null","{""Q0"":""Sevinir""}"
"4808","","survey-multi-choice","3","94849","0.0-3.0","7tcm3","guduk.tugce@gmail.com","Tuğçe Güdük","z","","Q16","Kafe","{""Q0"":""Kafe""}"
"18052","","survey-multi-choice","4","112914","0.0-4.0","7tcm3","guduk.tugce@gmail.com","Tuğçe Güdük","z","","F07","null","{""Q0"":""Üzülür""}"
"5318","","survey-multi-choice","5","118246","0.0-5.0","7tcm3","guduk.tugce@gmail.com","Tuğçe Güdük","z","","Q07","Kardan adam","{""Q0"":""Kardan adam""}"
"10467.999999999985","","survey-multi-choice","6","128725","0.0-6.0","7tcm3","guduk.tugce@gmail.com","Tuğçe Güdük","z","","F22","null","{""Q0"":""Sevinir""}"
"7250","","survey-multi-choice","7","135983","0.0-7.0","7tcm3","guduk.tugce@gmail.com","Tuğçe Güdük","z","","Q22","Yoğun","{""Q0"":""Yoğun""}"
"24554","","survey-multi-choice","8","160554","0.0-8.0","7tcm3","guduk.tugce@gmail.com","Tuğçe Güdük","z","","C02","null","{""Q0"":""Sevinir""}"
"4417","","survey-multi-choice","9","164988","0.0-9.0","7tcm3","guduk.tugce@gmail.com","Tuğçe Güdük","z","","Q02","Oyuncak bebek","{""Q0"":""Oyuncak bebek""}"
"12603","","survey-multi-choice","10","177604","0.0-10.0","7tcm3","guduk.tugce@gmail.com","Tuğçe Güdük","z","","F23","null","{""Q0"":""Üzülür""}"
"4140","","survey-multi-choice","11","181757","0.0-11.0","7tcm3","guduk.tugce@gmail.com","Tuğçe Güdük","z","","Q23","Çarpışan arabalar","{""Q0"":""Çarpışan arabalar""}"
"16836.00000000003","","survey-multi-choice","12","198608","0.0-12.0","7tcm3","guduk.tugce@gmail.com","Tuğçe Güdük","z","","F08","null","{""Q0"":""Üzülür""}"
"4483","","survey-multi-choice","13","203105","0.0-13.0","7tcm3","guduk.tugce@gmail.com","Tuğçe Güdük","z","","Q08","Tenis","{""Q0"":""Tenis""}"
"9244.99999999997","","survey-multi-choice","14","212360","0.0-14.0","7tcm3","guduk.tugce@gmail.com","Tuğçe Güdük","z","","C06","null","{""Q0"":""Sevinir""}"
"5986","","survey-multi-choice","15","218358","0.0-15.0","7tcm3","guduk.tugce@gmail.com","Tuğçe Güdük","z","","Q06","Müdür","{""Q0"":""Müdür""}"
"16972.00000000003","","survey-multi-choice","16","235345","0.0-16.0","7tcm3","guduk.tugce@gmail.com","Tuğçe Güdük","z","","F19","null","{""Q0"":""Sevinir""}"
"3204.999999999971","","survey-multi-choice","17","238562","0.0-17.0","7tcm3","guduk.tugce@gmail.com","Tuğçe Güdük","z","","Q19","Fizik","{""Q0"":""Fizik""}"
"8941.99999999997","","survey-multi-choice","18","247512","0.0-18.0","7tcm3","guduk.tugce@gmail.com","Tuğçe Güdük","z","","F09","null","{""Q0"":""Sevinir""}"
"4103","","survey-multi-choice","19","251630","0.0-19.0","7tcm3","guduk.tugce@gmail.com","Tuğçe Güdük","z","","Q09","Yemekhane","{""Q0"":""Yemekhane""}"
"25444.00000000006","","survey-multi-choice","20","277085","0.0-20.0","7tcm3","guduk.tugce@gmail.com","Tuğçe Güdük","z","","F14","null","{""Q0"":""Sevinir""}"
"5238","","survey-multi-choice","21","282333","0.0-21.0","7tcm3","guduk.tugce@gmail.com","Tuğçe Güdük","z","","Q14","Birinci","{""Q0"":""İkinci""}"
"12388.999999999942","","survey-multi-choice","22","294735","0.0-22.0","7tcm3","guduk.tugce@gmail.com","Tuğçe Güdük","z","","C01","null","{""Q0"":""Üzülür""}"
"3452","","survey-multi-choice","23","298201","0.0-23.0","7tcm3","guduk.tugce@gmail.com","Tuğçe Güdük","z","","Q01","Arda","{""Q0"":""Arda""}"
"11464","","survey-multi-choice","24","309707","0.0-24.0","7tcm3","guduk.tugce@gmail.com","Tuğçe Güdük","z","","F21","null","{""Q0"":""Üzülür""}"
"3686","","survey-multi-choice","25","313405","0.0-25.0","7tcm3","guduk.tugce@gmail.com","Tuğçe Güdük","z","","Q21","Odun","{""Q0"":""Odun""}"
"13389","","survey-multi-choice","26","326805","0.0-26.0","7tcm3","guduk.tugce@gmail.com","Tuğçe Güdük","z","","F10","null","{""Q0"":""Sevinir""}"
"5257.000000000058","","survey-multi-choice","27","332071","0.0-27.0","7tcm3","guduk.tugce@gmail.com","Tuğçe Güdük","z","","Q10","Yüksek lisans","{""Q0"":""Lisans""}"
"17623","","survey-multi-choice","28","349704","0.0-28.0","7tcm3","guduk.tugce@gmail.com","Tuğçe Güdük","z","","F20","null","{""Q0"":""Üzülür""}"
"3279","","survey-multi-choice","29","352992","0.0-29.0","7tcm3","guduk.tugce@gmail.com","Tuğçe Güdük","z","","Q20","Piyango bileti","{""Q0"":""Piyango bileti""}"
"7489","","survey-multi-choice","30","360492","0.0-30.0","7tcm3","guduk.tugce@gmail.com","Tuğçe Güdük","z","","C03","null","{""Q0"":""Üzülür""}"
"5437.000000000058","","survey-multi-choice","31","365941","0.0-31.0","7tcm3","guduk.tugce@gmail.com","Tuğçe Güdük","z","","Q03","Ofis","{""Q0"":""Ofis""}"
"13707","","survey-multi-choice","32","379660","0.0-32.0","7tcm3","guduk.tugce@gmail.com","Tuğçe Güdük","z","","F17","null","{""Q0"":""Üzülür""}"
"3235","","survey-multi-choice","33","382912","0.0-33.0","7tcm3","guduk.tugce@gmail.com","Tuğçe Güdük","z","","Q17","Öğle yemeği","{""Q0"":""Akşam yemeği""}"
"7439","","survey-multi-choice","34","390363","0.0-34.0","7tcm3","guduk.tugce@gmail.com","Tuğçe Güdük","z","","F18","null","{""Q0"":""Sevinir""}"
"3286","","survey-multi-choice","35","393662","0.0-35.0","7tcm3","guduk.tugce@gmail.com","Tuğçe Güdük","z","","Q18","Çilek","{""Q0"":""Çilek""}"
"17673","","survey-multi-choice","36","411348","0.0-36.0","7tcm3","guduk.tugce@gmail.com","Tuğçe Güdük","z","","C04","null","{""Q0"":""Sevinir""}"
"3158","","survey-multi-choice","37","414514","0.0-37.0","7tcm3","guduk.tugce@gmail.com","Tuğçe Güdük","z","","Q04","Kamp","{""Q0"":""Kamp""}"
"9941","","survey-multi-choice","38","424466","0.0-38.0","7tcm3","guduk.tugce@gmail.com","Tuğçe Güdük","z","","F12","null","{""Q0"":""Üzülür""}"
"3801.999999999942","","survey-multi-choice","39","428283","0.0-39.0","7tcm3","guduk.tugce@gmail.com","Tuğçe Güdük","z","","Q12","Para biriktirmek","{""Q0"":""Para biriktirmek""}"
"21004","","survey-multi-choice","40","449301","0.0-40.0","7tcm3","guduk.tugce@gmail.com","Tuğçe Güdük","z","","F13","null","{""Q0"":""Üzülür""}"
"3624","","survey-multi-choice","41","452935","0.0-41.0","7tcm3","guduk.tugce@gmail.com","Tuğçe Güdük","z","","Q13","Kars","{""Q0"":""Kars""}"
"8322","","survey-multi-choice","42","461271","0.0-42.0","7tcm3","guduk.tugce@gmail.com","Tuğçe Güdük","z","","C05","null","{""Q0"":""Üzülür""}"
"6504.999999999942","","survey-multi-choice","43","467789","0.0-43.0","7tcm3","guduk.tugce@gmail.com","Tuğçe Güdük","z","","Q05","Matematik","{""Q0"":""Matematik""}"
"15777","","survey-multi-choice","44","483577","0.0-44.0","7tcm3","guduk.tugce@gmail.com","Tuğçe Güdük","z","","F15","null","{""Q0"":""Üzülür""}"
"3351","","survey-multi-choice","45","486936","0.0-45.0","7tcm3","guduk.tugce@gmail.com","Tuğçe Güdük","z","","Q15","Altı","{""Q0"":""Altı""}"
"6266","","survey-multi-choice","46","493207","0.0-46.0","7tcm3","guduk.tugce@gmail.com","Tuğçe Güdük","z","","F11","null","{""Q0"":""Üzülür""}"
"3311","","survey-multi-choice","47","496530","0.0-47.0","7tcm3","guduk.tugce@gmail.com","Tuğçe Güdük","z","","Q11","Ayakkabı","{""Q0"":""Ayakkabı""}"
"7584","","survey-multi-choice","48","504125","0.0-48.0","7tcm3","guduk.tugce@gmail.com","Tuğçe Güdük","z","","F24","null","{""Q0"":""Sevinir""}"
"3539","","survey-multi-choice","49","507675","0.0-49.0","7tcm3","guduk.tugce@gmail.com","Tuğçe Güdük","z","","Q24","Tokyo","{""Q0"":""Tokyo""}"
"3094","","instructions","50","510864","0.0-50.0","7tcm3","guduk.tugce@gmail.com","Tuğçe Güdük","z","[{""page_index"":0,""viewing_time"":3090.999999999942}]","","",""
