"rt","url","trial_type","trial_index","time_elapsed","internal_node_id","subject","subject_email","subject_name","group","view_history","id","correct","responses"
"14511.099999999715","resources/welcome.html","external-html","0","14543","0.0-0.0","brb3a","alperozkan21@gmail.com","Alper","z","","","",""
"1213.2349999992584","","instructions","1","15757","0.0-1.0","brb3a","alperozkan21@gmail.com","Alper","z","[{""page_index"":0,""viewing_time"":1212.9600000007486}]","","",""
"11189.75500000306","","survey-multi-choice","2","26949","0.0-2.0","brb3a","alperozkan21@gmail.com","Alper","z","","F09","null","{""Q0"":""Sevinir""}"
"2440.8199999998033","","survey-multi-choice","3","29391","0.0-3.0","brb3a","alperozkan21@gmail.com","Alper","z","","Q09","Yemekhane","{""Q0"":""Yemekhane""}"
"8946.35500000004","","survey-multi-choice","4","38339","0.0-4.0","brb3a","alperozkan21@gmail.com","Alper","z","","F07","null","{""Q0"":""Üzülür""}"
"1846.3799999990442","","survey-multi-choice","5","40186","0.0-5.0","brb3a","alperozkan21@gmail.com","Alper","z","","Q07","Kardan adam","{""Q0"":""Kardan adam""}"
"7040.28499999913","","survey-multi-choice","6","47228","0.0-6.0","brb3a","alperozkan21@gmail.com","Alper","z","","F18","null","{""Q0"":""Sevinir""}"
"1533.705000001646","","survey-multi-choice","7","48763","0.0-7.0","brb3a","alperozkan21@gmail.com","Alper","z","","Q18","Çilek","{""Q0"":""Çilek""}"
"12637.350000000879","","survey-multi-choice","8","61402","0.0-8.0","brb3a","alperozkan21@gmail.com","Alper","z","","C01","null","{""Q0"":""Üzülür""}"
"2387.9149999993388","","survey-multi-choice","9","63792","0.0-9.0","brb3a","alperozkan21@gmail.com","Alper","z","","Q01","Arda","{""Q0"":""Arda""}"
"8278.249999999389","","survey-multi-choice","10","72071","0.0-10.0","brb3a","alperozkan21@gmail.com","Alper","z","","F10","null","{""Q0"":""Sevinir""}"
"1779.5200000000477","","survey-multi-choice","11","73852","0.0-11.0","brb3a","alperozkan21@gmail.com","Alper","z","","Q10","Yüksek lisans","{""Q0"":""Yüksek lisans""}"
"4581.334999998944","","survey-multi-choice","12","78434","0.0-12.0","brb3a","alperozkan21@gmail.com","Alper","z","","F19","null","{""Q0"":""Üzülür""}"
"1686.7500000007567","","survey-multi-choice","13","80122","0.0-13.0","brb3a","alperozkan21@gmail.com","Alper","z","","Q19","Fizik","{""Q0"":""Fizik""}"
"7275.144999999611","","survey-multi-choice","14","87399","0.0-14.0","brb3a","alperozkan21@gmail.com","Alper","z","","C02","null","{""Q0"":""Sevinir""}"
"1910.0900000012189","","survey-multi-choice","15","89310","0.0-15.0","brb3a","alperozkan21@gmail.com","Alper","z","","Q02","Oyuncak bebek","{""Q0"":""Oyuncak bebek""}"
"9120.804999998654","","survey-multi-choice","16","98432","0.0-16.0","brb3a","alperozkan21@gmail.com","Alper","z","","F16","null","{""Q0"":""Sevinir""}"
"2126.8199999976787","","survey-multi-choice","17","100560","0.0-17.0","brb3a","alperozkan21@gmail.com","Alper","z","","Q16","Kafe","{""Q0"":""Kafe""}"
"6884.3699999997625","","survey-multi-choice","18","107446","0.0-18.0","brb3a","alperozkan21@gmail.com","Alper","z","","F13","null","{""Q0"":""Sevinir""}"
"1514.6249999997963","","survey-multi-choice","19","108962","0.0-19.0","brb3a","alperozkan21@gmail.com","Alper","z","","Q13","Kars","{""Q0"":""Kars""}"
"4177.739999999176","","survey-multi-choice","20","113140","0.0-20.0","brb3a","alperozkan21@gmail.com","Alper","z","","F23","null","{""Q0"":""Üzülür""}"
"2350.9500000000116","","survey-multi-choice","21","115492","0.0-21.0","brb3a","alperozkan21@gmail.com","Alper","z","","Q23","Çarpışan arabalar","{""Q0"":""Çarpışan arabalar""}"
"7212.890000002517","","survey-multi-choice","22","122706","0.0-22.0","brb3a","alperozkan21@gmail.com","Alper","z","","C06","null","{""Q0"":""Sevinir""}"
"2187.5749999999243","","survey-multi-choice","23","124895","0.0-23.0","brb3a","alperozkan21@gmail.com","Alper","z","","Q06","Müdür","{""Q0"":""Müdür""}"
"8707.954999998037","","survey-multi-choice","24","133604","0.0-24.0","brb3a","alperozkan21@gmail.com","Alper","z","","F08","null","{""Q0"":""Üzülür""}"
"3308.740000000398","","survey-multi-choice","25","136914","0.0-25.0","brb3a","alperozkan21@gmail.com","Alper","z","","Q08","Tenis","{""Q0"":""Tenis""}"
"6865.83999999857","","survey-multi-choice","26","143781","0.0-26.0","brb3a","alperozkan21@gmail.com","Alper","z","","F11","null","{""Q0"":""Üzülür""}"
"1390.015000000858","","survey-multi-choice","27","145172","0.0-27.0","brb3a","alperozkan21@gmail.com","Alper","z","","Q11","Ayakkabı","{""Q0"":""Ayakkabı""}"
"5233.925000000454","","survey-multi-choice","28","150407","0.0-28.0","brb3a","alperozkan21@gmail.com","Alper","z","","F21","null","{""Q0"":""Üzülür""}"
"1721.835000000283","","survey-multi-choice","29","152131","0.0-29.0","brb3a","alperozkan21@gmail.com","Alper","z","","Q21","Odun","{""Q0"":""Odun""}"
"4452.515000000858","","survey-multi-choice","30","156585","0.0-30.0","brb3a","alperozkan21@gmail.com","Alper","z","","C05","null","{""Q0"":""Üzülür""}"
"1437.9200000003038","","survey-multi-choice","31","158025","0.0-31.0","brb3a","alperozkan21@gmail.com","Alper","z","","Q05","Matematik","{""Q0"":""Matematik""}"
"4366.744999999355","","survey-multi-choice","32","162393","0.0-32.0","brb3a","alperozkan21@gmail.com","Alper","z","","F22","null","{""Q0"":""Sevinir""}"
"2193.9500000007683","","survey-multi-choice","33","164588","0.0-33.0","brb3a","alperozkan21@gmail.com","Alper","z","","Q22","Yoğun","{""Q0"":""Yoğun""}"
"8534.709999999905","","survey-multi-choice","34","173124","0.0-34.0","brb3a","alperozkan21@gmail.com","Alper","z","","F20","null","{""Q0"":""Üzülür""}"
"2444.824999998673","","survey-multi-choice","35","175570","0.0-35.0","brb3a","alperozkan21@gmail.com","Alper","z","","Q20","Piyango bileti","{""Q0"":""Piyango bileti""}"
"10558.305000002292","","survey-multi-choice","36","186130","0.0-36.0","brb3a","alperozkan21@gmail.com","Alper","z","","C04","null","{""Q0"":""Sevinir""}"
"1412.3500000023341","","survey-multi-choice","37","187544","0.0-37.0","brb3a","alperozkan21@gmail.com","Alper","z","","Q04","Kamp","{""Q0"":""Kamp""}"
"8019.2299999980605","","survey-multi-choice","38","195564","0.0-38.0","brb3a","alperozkan21@gmail.com","Alper","z","","F24","null","{""Q0"":""Sevinir""}"
"1344.1700000003038","","survey-multi-choice","39","196910","0.0-39.0","brb3a","alperozkan21@gmail.com","Alper","z","","Q24","Tokyo","{""Q0"":""Tokyo""}"
"13081.185000002733","","survey-multi-choice","40","209993","0.0-40.0","brb3a","alperozkan21@gmail.com","Alper","z","","F14","null","{""Q0"":""Sevinir""}"
"2372.145000001183","","survey-multi-choice","41","212366","0.0-41.0","brb3a","alperozkan21@gmail.com","Alper","z","","Q14","Birinci","{""Q0"":""İkinci""}"
"31590.745000001334","","survey-multi-choice","42","243958","0.0-42.0","brb3a","alperozkan21@gmail.com","Alper","z","","C03","null","{""Q0"":""Üzülür""}"
"3175.295000000915","","survey-multi-choice","43","247135","0.0-43.0","brb3a","alperozkan21@gmail.com","Alper","z","","Q03","Ofis","{""Q0"":""Ofis""}"
"7591.48500000083","","survey-multi-choice","44","254728","0.0-44.0","brb3a","alperozkan21@gmail.com","Alper","z","","F12","null","{""Q0"":""Sevinir""}"
"2435.764999998355","","survey-multi-choice","45","257165","0.0-45.0","brb3a","alperozkan21@gmail.com","Alper","z","","Q12","Para biriktirmek","{""Q0"":""Para biriktirmek""}"
"5997.995000001538","","survey-multi-choice","46","263165","0.0-46.0","brb3a","alperozkan21@gmail.com","Alper","z","","F15","null","{""Q0"":""Üzülür""}"
"2132.499999999709","","survey-multi-choice","47","265299","0.0-47.0","brb3a","alperozkan21@gmail.com","Alper","z","","Q15","Altı","{""Q0"":""Altı""}"
"77625.92500000028","","survey-multi-choice","48","342926","0.0-48.0","brb3a","alperozkan21@gmail.com","Alper","z","","F17","null","{""Q0"":""Üzülür""}"
"1668.8199999990175","","survey-multi-choice","49","344596","0.0-49.0","brb3a","alperozkan21@gmail.com","Alper","z","","Q17","Öğle yemeği","{""Q0"":""Akşam yemeği""}"
"2358.350000002305","","instructions","50","346956","0.0-50.0","brb3a","alperozkan21@gmail.com","Alper","z","[{""page_index"":0,""viewing_time"":2358.1300000005867}]","","",""
