"rt","url","trial_type","trial_index","time_elapsed","internal_node_id","subject","subject_email","subject_name","group","view_history","id","correct","responses"
"16501.19499998982","resources/welcome.html","external-html","0","16537","0.0-0.0","arl5m","tahabugraozdmr@hotmail.com","Taha ","z","","","",""
"4054.789999994682","","instructions","1","20592","0.0-1.0","arl5m","tahabugraozdmr@hotmail.com","Taha ","z","[{""page_index"":0,""viewing_time"":4054.4949999894015}]","","",""
"10836.47499998915","","survey-multi-choice","2","31431","0.0-2.0","arl5m","tahabugraozdmr@hotmail.com","Taha ","z","","F24","null","{""Q0"":""Sevinir""}"
"5566.315000003669","","survey-multi-choice","3","37000","0.0-3.0","arl5m","tahabugraozdmr@hotmail.com","Taha ","z","","Q24","Tokyo","{""Q0"":""Tokyo""}"
"9458.110000006855","","survey-multi-choice","4","46461","0.0-4.0","arl5m","tahabugraozdmr@hotmail.com","Taha ","z","","F11","null","{""Q0"":""Üzülür""}"
"2582.029999990482","","survey-multi-choice","5","49046","0.0-5.0","arl5m","tahabugraozdmr@hotmail.com","Taha ","z","","Q11","Ayakkabı","{""Q0"":""Ayakkabı""}"
"18107.9000000027","","survey-multi-choice","6","67157","0.0-6.0","arl5m","tahabugraozdmr@hotmail.com","Taha ","z","","F13","null","{""Q0"":""Sevinir""}"
"1840.6250000116415","","survey-multi-choice","7","69002","0.0-7.0","arl5m","tahabugraozdmr@hotmail.com","Taha ","z","","Q13","Kars","{""Q0"":""Kars""}"
"49455.73499999591","","survey-multi-choice","8","118461","0.0-8.0","arl5m","tahabugraozdmr@hotmail.com","Taha ","z","","C02","null","{""Q0"":""Üzülür""}"
"3877.0599999988917","","survey-multi-choice","9","122342","0.0-9.0","arl5m","tahabugraozdmr@hotmail.com","Taha ","z","","Q02","Oyuncak bebek","{""Q0"":""Oyuncak bebek""}"
"8242.70499998238","","survey-multi-choice","10","130589","0.0-10.0","arl5m","tahabugraozdmr@hotmail.com","Taha ","z","","F17","null","{""Q0"":""Üzülür""}"
"5018.660000001546","","survey-multi-choice","11","135612","0.0-11.0","arl5m","tahabugraozdmr@hotmail.com","Taha ","z","","Q17","Öğle yemeği","{""Q0"":""Akşam yemeği""}"
"26850.090000021737","","survey-multi-choice","12","162466","0.0-12.0","arl5m","tahabugraozdmr@hotmail.com","Taha ","z","","F14","null","{""Q0"":""Sevinir""}"
"2893.624999996973","","survey-multi-choice","13","165364","0.0-13.0","arl5m","tahabugraozdmr@hotmail.com","Taha ","z","","Q14","Birinci","{""Q0"":""İkinci""}"
"13835.120000003371","","survey-multi-choice","14","179202","0.0-14.0","arl5m","tahabugraozdmr@hotmail.com","Taha ","z","","C04","null","{""Q0"":""Üzülür""}"
"1808.9549999858718","","survey-multi-choice","15","181014","0.0-15.0","arl5m","tahabugraozdmr@hotmail.com","Taha ","z","","Q04","Kamp","{""Q0"":""Kamp""}"
"6202.95000000624","","survey-multi-choice","16","187221","0.0-16.0","arl5m","tahabugraozdmr@hotmail.com","Taha ","z","","F18","null","{""Q0"":""Sevinir""}"
"2150.3950000042096","","survey-multi-choice","17","189375","0.0-17.0","arl5m","tahabugraozdmr@hotmail.com","Taha ","z","","Q18","Çilek","{""Q0"":""Çilek""}"
"8463.17000000272","","survey-multi-choice","18","197842","0.0-18.0","arl5m","tahabugraozdmr@hotmail.com","Taha ","z","","F19","null","{""Q0"":""Üzülür""}"
"2414.329999999609","","survey-multi-choice","19","200261","0.0-19.0","arl5m","tahabugraozdmr@hotmail.com","Taha ","z","","Q19","Fizik","{""Q0"":""Fizik""}"
"10331.250000017462","","survey-multi-choice","20","210595","0.0-20.0","arl5m","tahabugraozdmr@hotmail.com","Taha ","z","","F15","null","{""Q0"":""Üzülür""}"
"3565.7650000066496","","survey-multi-choice","21","214165","0.0-21.0","arl5m","tahabugraozdmr@hotmail.com","Taha ","z","","Q15","Altı","{""Q0"":""Altı""}"
"22558.285000006435","","survey-multi-choice","22","236726","0.0-22.0","arl5m","tahabugraozdmr@hotmail.com","Taha ","z","","C03","null","{""Q0"":""Üzülür""}"
"5757.52499999362","","survey-multi-choice","23","242488","0.0-23.0","arl5m","tahabugraozdmr@hotmail.com","Taha ","z","","Q03","Ofis","{""Q0"":""Ofis""}"
"7947.550000011688","","survey-multi-choice","24","250440","0.0-24.0","arl5m","tahabugraozdmr@hotmail.com","Taha ","z","","F08","null","{""Q0"":""Üzülür""}"
"3377.6599999982864","","survey-multi-choice","25","253822","0.0-25.0","arl5m","tahabugraozdmr@hotmail.com","Taha ","z","","Q08","Tenis","{""Q0"":""Tenis""}"
"10400.060000014491","","survey-multi-choice","26","264225","0.0-26.0","arl5m","tahabugraozdmr@hotmail.com","Taha ","z","","F07","null","{""Q0"":""Sevinir""}"
"2670.7600000081584","","survey-multi-choice","27","266899","0.0-27.0","arl5m","tahabugraozdmr@hotmail.com","Taha ","z","","Q07","Kardan adam","{""Q0"":""Kardan adam""}"
"22930.1249999844","","survey-multi-choice","28","289832","0.0-28.0","arl5m","tahabugraozdmr@hotmail.com","Taha ","z","","F23","null","{""Q0"":""Üzülür""}"
"2462.8349999838974","","survey-multi-choice","29","292299","0.0-29.0","arl5m","tahabugraozdmr@hotmail.com","Taha ","z","","Q23","Çarpışan arabalar","{""Q0"":""Çarpışan arabalar""}"
"9214.349999994738","","survey-multi-choice","30","301517","0.0-30.0","arl5m","tahabugraozdmr@hotmail.com","Taha ","z","","C05","null","{""Q0"":""Sevinir""}"
"2254.769999999553","","survey-multi-choice","31","303776","0.0-31.0","arl5m","tahabugraozdmr@hotmail.com","Taha ","z","","Q05","Matematik","{""Q0"":""Matematik""}"
"7054.184999986319","","survey-multi-choice","32","310833","0.0-32.0","arl5m","tahabugraozdmr@hotmail.com","Taha ","z","","F22","null","{""Q0"":""Sevinir""}"
"2883.4749999805354","","survey-multi-choice","33","313720","0.0-33.0","arl5m","tahabugraozdmr@hotmail.com","Taha ","z","","Q22","Yoğun","{""Q0"":""Yoğun""}"
"13756.094999989728","","survey-multi-choice","34","327479","0.0-34.0","arl5m","tahabugraozdmr@hotmail.com","Taha ","z","","F16","null","{""Q0"":""Sevinir""}"
"2273.9200000069104","","survey-multi-choice","35","329756","0.0-35.0","arl5m","tahabugraozdmr@hotmail.com","Taha ","z","","Q16","Kafe","{""Q0"":""Kafe""}"
"22995.670000003884","","survey-multi-choice","36","352756","0.0-36.0","arl5m","tahabugraozdmr@hotmail.com","Taha ","z","","C01","null","{""Q0"":""Sevinir""}"
"3765.4400000174064","","survey-multi-choice","37","356526","0.0-37.0","arl5m","tahabugraozdmr@hotmail.com","Taha ","z","","Q01","Arda","{""Q0"":""Arda""}"
"29480.85500000161","","survey-multi-choice","38","386010","0.0-38.0","arl5m","tahabugraozdmr@hotmail.com","Taha ","z","","F20","null","{""Q0"":""Üzülür""}"
"1584.0299999981653","","survey-multi-choice","39","387598","0.0-39.0","arl5m","tahabugraozdmr@hotmail.com","Taha ","z","","Q20","Piyango bileti","{""Q0"":""Piyango bileti""}"
"7745.8000000042375","","survey-multi-choice","40","395347","0.0-40.0","arl5m","tahabugraozdmr@hotmail.com","Taha ","z","","F10","null","{""Q0"":""Üzülür""}"
"1994.8100000037812","","survey-multi-choice","41","397345","0.0-41.0","arl5m","tahabugraozdmr@hotmail.com","Taha ","z","","Q10","Yüksek lisans","{""Q0"":""Yüksek lisans""}"
"12978.644999995595","","survey-multi-choice","42","410327","0.0-42.0","arl5m","tahabugraozdmr@hotmail.com","Taha ","z","","C06","null","{""Q0"":""Üzülür""}"
"2217.4749999830965","","survey-multi-choice","43","412548","0.0-43.0","arl5m","tahabugraozdmr@hotmail.com","Taha ","z","","Q06","Müdür","{""Q0"":""Müdür""}"
"7271.154999994906","","survey-multi-choice","44","419822","0.0-44.0","arl5m","tahabugraozdmr@hotmail.com","Taha ","z","","F09","null","{""Q0"":""Sevinir""}"
"2230.925000010757","","survey-multi-choice","45","422056","0.0-45.0","arl5m","tahabugraozdmr@hotmail.com","Taha ","z","","Q09","Yemekhane","{""Q0"":""Yemekhane""}"
"17748.97499999497","","survey-multi-choice","46","439808","0.0-46.0","arl5m","tahabugraozdmr@hotmail.com","Taha ","z","","F21","null","{""Q0"":""Üzülür""}"
"1893.6000000103377","","survey-multi-choice","47","441705","0.0-47.0","arl5m","tahabugraozdmr@hotmail.com","Taha ","z","","Q21","Odun","{""Q0"":""Odun""}"
"13851.085000002058","","survey-multi-choice","48","455558","0.0-48.0","arl5m","tahabugraozdmr@hotmail.com","Taha ","z","","F12","null","{""Q0"":""Sevinir""}"
"3361.6750000219326","","survey-multi-choice","49","458924","0.0-49.0","arl5m","tahabugraozdmr@hotmail.com","Taha ","z","","Q12","Para biriktirmek","{""Q0"":""Para biriktirmek""}"
"17426.83500002022","","instructions","50","476355","0.0-50.0","arl5m","tahabugraozdmr@hotmail.com","Taha ","z","[{""page_index"":0,""viewing_time"":17426.644999999553}]","","",""
