"rt","url","trial_type","trial_index","time_elapsed","internal_node_id","subject","subject_email","subject_name","group","view_history","id","correct","responses"
"31262","resources/welcome.html","external-html","0","31310","0.0-0.0","ev4j5","ucars@gmail.com","Selin Uçar","z","","","",""
"7623","","instructions","1","38938","0.0-1.0","ev4j5","ucars@gmail.com","Selin Uçar","z","[{""page_index"":0,""viewing_time"":7622}]","","",""
"26554","","survey-multi-choice","2","65505","0.0-2.0","ev4j5","ucars@gmail.com","Selin Uçar","z","","F14","null","{""Q0"":""Sevinir""}"
"9213","","survey-multi-choice","3","74723","0.0-3.0","ev4j5","ucars@gmail.com","Selin Uçar","z","","Q14","Birinci","{""Q0"":""İkinci""}"
"20594","","survey-multi-choice","4","95323","0.0-4.0","ev4j5","ucars@gmail.com","Selin Uçar","z","","F07","null","{""Q0"":""Üzülür""}"
"4278.000000000015","","survey-multi-choice","5","99607","0.0-5.0","ev4j5","ucars@gmail.com","Selin Uçar","z","","Q07","Kardan adam","{""Q0"":""Kardan adam""}"
"14044","","survey-multi-choice","6","113655","0.0-6.0","ev4j5","ucars@gmail.com","Selin Uçar","z","","F22","null","{""Q0"":""Sevinir""}"
"4578.000000000015","","survey-multi-choice","7","118238","0.0-7.0","ev4j5","ucars@gmail.com","Selin Uçar","z","","Q22","Yoğun","{""Q0"":""Yoğun""}"
"30533.00000000003","","survey-multi-choice","8","148774","0.0-8.0","ev4j5","ucars@gmail.com","Selin Uçar","z","","C06","null","{""Q0"":""Üzülür""}"
"4097","","survey-multi-choice","9","152876","0.0-9.0","ev4j5","ucars@gmail.com","Selin Uçar","z","","Q06","Müdür","{""Q0"":""Müdür""}"
"10763.00000000003","","survey-multi-choice","10","163643","0.0-10.0","ev4j5","ucars@gmail.com","Selin Uçar","z","","F09","null","{""Q0"":""Sevinir""}"
"3796","","survey-multi-choice","11","167443","0.0-11.0","ev4j5","ucars@gmail.com","Selin Uçar","z","","Q09","Yemekhane","{""Q0"":""Yemekhane""}"
"11612","","survey-multi-choice","12","179060","0.0-12.0","ev4j5","ucars@gmail.com","Selin Uçar","z","","F11","null","{""Q0"":""Üzülür""}"
"2909","","survey-multi-choice","13","181976","0.0-13.0","ev4j5","ucars@gmail.com","Selin Uçar","z","","Q11","Ayakkabı","{""Q0"":""Ayakkabı""}"
"9595","","survey-multi-choice","14","191575","0.0-14.0","ev4j5","ucars@gmail.com","Selin Uçar","z","","C02","null","{""Q0"":""Üzülür""}"
"3365","","survey-multi-choice","15","194945","0.0-15.0","ev4j5","ucars@gmail.com","Selin Uçar","z","","Q02","Oyuncak bebek","{""Q0"":""Oyuncak bebek""}"
"9542.99999999997","","survey-multi-choice","16","204495","0.0-16.0","ev4j5","ucars@gmail.com","Selin Uçar","z","","F10","null","{""Q0"":""Sevinir""}"
"2659","","survey-multi-choice","17","207159","0.0-17.0","ev4j5","ucars@gmail.com","Selin Uçar","z","","Q10","Yüksek lisans","{""Q0"":""Yüksek lisans""}"
"7029","","survey-multi-choice","18","214194","0.0-18.0","ev4j5","ucars@gmail.com","Selin Uçar","z","","F16","null","{""Q0"":""Sevinir""}"
"2630","","survey-multi-choice","19","216829","0.0-19.0","ev4j5","ucars@gmail.com","Selin Uçar","z","","Q16","Kafe","{""Q0"":""Kafe""}"
"14296","","survey-multi-choice","20","231130","0.0-20.0","ev4j5","ucars@gmail.com","Selin Uçar","z","","F12","null","{""Q0"":""Sevinir""}"
"4343.999999999971","","survey-multi-choice","21","235480","0.0-21.0","ev4j5","ucars@gmail.com","Selin Uçar","z","","Q12","Para biriktirmek","{""Q0"":""Para biriktirmek""}"
"13395","","survey-multi-choice","22","248879","0.0-22.0","ev4j5","ucars@gmail.com","Selin Uçar","z","","C03","null","{""Q0"":""Sevinir""}"
"8179.999999999971","","survey-multi-choice","23","257063","0.0-23.0","ev4j5","ucars@gmail.com","Selin Uçar","z","","Q03","Ofis","{""Q0"":""Mağaza""}"
"9866","","survey-multi-choice","24","266933","0.0-24.0","ev4j5","ucars@gmail.com","Selin Uçar","z","","F08","null","{""Q0"":""Üzülür""}"
"2991","","survey-multi-choice","25","269930","0.0-25.0","ev4j5","ucars@gmail.com","Selin Uçar","z","","Q08","Tenis","{""Q0"":""Tenis""}"
"13229.999999999942","","survey-multi-choice","26","283165","0.0-26.0","ev4j5","ucars@gmail.com","Selin Uçar","z","","F15","null","{""Q0"":""Sevinir""}"
"2190.999999999942","","survey-multi-choice","27","285365","0.0-27.0","ev4j5","ucars@gmail.com","Selin Uçar","z","","Q15","Altı","{""Q0"":""Altı""}"
"6126.999999999942","","survey-multi-choice","28","291498","0.0-28.0","ev4j5","ucars@gmail.com","Selin Uçar","z","","F23","null","{""Q0"":""Üzülür""}"
"2312","","survey-multi-choice","29","293815","0.0-29.0","ev4j5","ucars@gmail.com","Selin Uçar","z","","Q23","Çarpışan arabalar","{""Q0"":""Çarpışan arabalar""}"
"9260.999999999942","","survey-multi-choice","30","303083","0.0-30.0","ev4j5","ucars@gmail.com","Selin Uçar","z","","C05","null","{""Q0"":""Sevinir""}"
"2025","","survey-multi-choice","31","305115","0.0-31.0","ev4j5","ucars@gmail.com","Selin Uçar","z","","Q05","Matematik","{""Q0"":""Matematik""}"
"7678","","survey-multi-choice","32","312799","0.0-32.0","ev4j5","ucars@gmail.com","Selin Uçar","z","","F17","null","{""Q0"":""Üzülür""}"
"2560","","survey-multi-choice","33","315368","0.0-33.0","ev4j5","ucars@gmail.com","Selin Uçar","z","","Q17","Öğle yemeği","{""Q0"":""Akşam yemeği""}"
"11707","","survey-multi-choice","34","327082","0.0-34.0","ev4j5","ucars@gmail.com","Selin Uçar","z","","F20","null","{""Q0"":""Sevinir""}"
"3095","","survey-multi-choice","35","330182","0.0-35.0","ev4j5","ucars@gmail.com","Selin Uçar","z","","Q20","Piyango bileti","{""Q0"":""Piyango bileti""}"
"11780","","survey-multi-choice","36","341966","0.0-36.0","ev4j5","ucars@gmail.com","Selin Uçar","z","","C01","null","{""Q0"":""Sevinir""}"
"2162","","survey-multi-choice","37","344134","0.0-37.0","ev4j5","ucars@gmail.com","Selin Uçar","z","","Q01","Arda","{""Q0"":""Arda""}"
"14758","","survey-multi-choice","38","358899","0.0-38.0","ev4j5","ucars@gmail.com","Selin Uçar","z","","F24","null","{""Q0"":""Sevinir""}"
"3695","","survey-multi-choice","39","362600","0.0-39.0","ev4j5","ucars@gmail.com","Selin Uçar","z","","Q24","Tokyo","{""Q0"":""Tokyo""}"
"15944","","survey-multi-choice","40","378553","0.0-40.0","ev4j5","ucars@gmail.com","Selin Uçar","z","","F21","null","{""Q0"":""Üzülür""}"
"2937","","survey-multi-choice","41","381497","0.0-41.0","ev4j5","ucars@gmail.com","Selin Uçar","z","","Q21","Odun","{""Q0"":""Odun""}"
"9520","","survey-multi-choice","42","391020","0.0-42.0","ev4j5","ucars@gmail.com","Selin Uçar","z","","C04","null","{""Q0"":""Üzülür""}"
"2390","","survey-multi-choice","43","393418","0.0-43.0","ev4j5","ucars@gmail.com","Selin Uçar","z","","Q04","Kamp","{""Q0"":""Kamp""}"
"6827","","survey-multi-choice","44","400252","0.0-44.0","ev4j5","ucars@gmail.com","Selin Uçar","z","","F18","null","{""Q0"":""Sevinir""}"
"1679","","survey-multi-choice","45","401937","0.0-45.0","ev4j5","ucars@gmail.com","Selin Uçar","z","","Q18","Çilek","{""Q0"":""Çilek""}"
"7610.000000000058","","survey-multi-choice","46","409552","0.0-46.0","ev4j5","ucars@gmail.com","Selin Uçar","z","","F13","null","{""Q0"":""Sevinir""}"
"1664","","survey-multi-choice","47","411220","0.0-47.0","ev4j5","ucars@gmail.com","Selin Uçar","z","","Q13","Kars","{""Q0"":""Kars""}"
"7562","","survey-multi-choice","48","418786","0.0-48.0","ev4j5","ucars@gmail.com","Selin Uçar","z","","F19","null","{""Q0"":""Üzülür""}"
"3524","","survey-multi-choice","49","422316","0.0-49.0","ev4j5","ucars@gmail.com","Selin Uçar","z","","Q19","Fizik","{""Q0"":""Fizik""}"
"1844","","instructions","50","424171","0.0-50.0","ev4j5","ucars@gmail.com","Selin Uçar","z","[{""page_index"":0,""viewing_time"":1844}]","","",""
