"rt","url","trial_type","trial_index","time_elapsed","internal_node_id","subject","subject_email","subject_name","group","view_history","id","correct","responses"
"26586","resources/welcome.html","external-html","0","26665","0.0-0.0","2oxgz","Alper.endes1996@gmail.com","Alper endes","z","","","",""
"3693","","instructions","1","30363","0.0-1.0","2oxgz","Alper.endes1996@gmail.com","Alper endes","z","[{""page_index"":0,""viewing_time"":3691}]","","",""
"8294","","survey-multi-choice","2","38663","0.0-2.0","2oxgz","Alper.endes1996@gmail.com","Alper endes","z","","F15","null","{""Q0"":""Üzülür""}"
"14693.000000000007","","survey-multi-choice","3","53360","0.0-3.0","2oxgz","Alper.endes1996@gmail.com","Alper endes","z","","Q15","Altı","{""Q0"":""Altı""}"
"10560.000000000007","","survey-multi-choice","4","63924","0.0-4.0","2oxgz","Alper.endes1996@gmail.com","Alper endes","z","","F22","null","{""Q0"":""Sevinir""}"
"3127.9999999999927","","survey-multi-choice","5","67059","0.0-5.0","2oxgz","Alper.endes1996@gmail.com","Alper endes","z","","Q22","Yoğun","{""Q0"":""Yoğun""}"
"8371","","survey-multi-choice","6","75436","0.0-6.0","2oxgz","Alper.endes1996@gmail.com","Alper endes","z","","F16","null","{""Q0"":""Sevinir""}"
"3166","","survey-multi-choice","7","78607","0.0-7.0","2oxgz","Alper.endes1996@gmail.com","Alper endes","z","","Q16","Kafe","{""Q0"":""Kafe""}"
"10779","","survey-multi-choice","8","89393","0.0-8.0","2oxgz","Alper.endes1996@gmail.com","Alper endes","z","","C03","null","{""Q0"":""Üzülür""}"
"9209.999999999985","","survey-multi-choice","9","98609","0.0-9.0","2oxgz","Alper.endes1996@gmail.com","Alper endes","z","","Q03","Ofis","{""Q0"":""Fabrika""}"
"7244","","survey-multi-choice","10","105860","0.0-10.0","2oxgz","Alper.endes1996@gmail.com","Alper endes","z","","F21","null","{""Q0"":""Üzülür""}"
"2695","","survey-multi-choice","11","108561","0.0-11.0","2oxgz","Alper.endes1996@gmail.com","Alper endes","z","","Q21","Odun","{""Q0"":""Odun""}"
"8895","","survey-multi-choice","12","117462","0.0-12.0","2oxgz","Alper.endes1996@gmail.com","Alper endes","z","","F10","null","{""Q0"":""Sevinir""}"
"2162","","survey-multi-choice","13","119630","0.0-13.0","2oxgz","Alper.endes1996@gmail.com","Alper endes","z","","Q10","Yüksek lisans","{""Q0"":""Yüksek lisans""}"
"10554","","survey-multi-choice","14","130189","0.0-14.0","2oxgz","Alper.endes1996@gmail.com","Alper endes","z","","C05","null","{""Q0"":""Üzülür""}"
"2235","","survey-multi-choice","15","132429","0.0-15.0","2oxgz","Alper.endes1996@gmail.com","Alper endes","z","","Q05","Matematik","{""Q0"":""Matematik""}"
"15112","","survey-multi-choice","16","147546","0.0-16.0","2oxgz","Alper.endes1996@gmail.com","Alper endes","z","","F23","null","{""Q0"":""Üzülür""}"
"3112","","survey-multi-choice","17","150663","0.0-17.0","2oxgz","Alper.endes1996@gmail.com","Alper endes","z","","Q23","Çarpışan arabalar","{""Q0"":""Çarpışan arabalar""}"
"7797","","survey-multi-choice","18","158463","0.0-18.0","2oxgz","Alper.endes1996@gmail.com","Alper endes","z","","F07","null","{""Q0"":""Üzülür""}"
"2927","","survey-multi-choice","19","161396","0.0-19.0","2oxgz","Alper.endes1996@gmail.com","Alper endes","z","","Q07","Kardan adam","{""Q0"":""Kardan adam""}"
"10726","","survey-multi-choice","20","172127","0.0-20.0","2oxgz","Alper.endes1996@gmail.com","Alper endes","z","","F18","null","{""Q0"":""Sevinir""}"
"2774","","survey-multi-choice","21","174906","0.0-21.0","2oxgz","Alper.endes1996@gmail.com","Alper endes","z","","Q18","Çilek","{""Q0"":""Çilek""}"
"8437.99999999997","","survey-multi-choice","22","183347","0.0-22.0","2oxgz","Alper.endes1996@gmail.com","Alper endes","z","","C06","null","{""Q0"":""Sevinir""}"
"2021.000000000029","","survey-multi-choice","23","185373","0.0-23.0","2oxgz","Alper.endes1996@gmail.com","Alper endes","z","","Q06","Müdür","{""Q0"":""Müdür""}"
"11352","","survey-multi-choice","24","196729","0.0-24.0","2oxgz","Alper.endes1996@gmail.com","Alper endes","z","","F13","null","{""Q0"":""Üzülür""}"
"2249","","survey-multi-choice","25","198983","0.0-25.0","2oxgz","Alper.endes1996@gmail.com","Alper endes","z","","Q13","Kars","{""Q0"":""Kars""}"
"8608","","survey-multi-choice","26","207596","0.0-26.0","2oxgz","Alper.endes1996@gmail.com","Alper endes","z","","F24","null","{""Q0"":""Sevinir""}"
"1898","","survey-multi-choice","27","209500","0.0-27.0","2oxgz","Alper.endes1996@gmail.com","Alper endes","z","","Q24","Tokyo","{""Q0"":""Tokyo""}"
"12056","","survey-multi-choice","28","221561","0.0-28.0","2oxgz","Alper.endes1996@gmail.com","Alper endes","z","","F12","null","{""Q0"":""Sevinir""}"
"5053","","survey-multi-choice","29","226618","0.0-29.0","2oxgz","Alper.endes1996@gmail.com","Alper endes","z","","Q12","Para biriktirmek","{""Q0"":""Para biriktirmek""}"
"9495","","survey-multi-choice","30","236120","0.0-30.0","2oxgz","Alper.endes1996@gmail.com","Alper endes","z","","C04","null","{""Q0"":""Sevinir""}"
"1903","","survey-multi-choice","31","238032","0.0-31.0","2oxgz","Alper.endes1996@gmail.com","Alper endes","z","","Q04","Kamp","{""Q0"":""Kamp""}"
"10412","","survey-multi-choice","32","248448","0.0-32.0","2oxgz","Alper.endes1996@gmail.com","Alper endes","z","","F11","null","{""Q0"":""Üzülür""}"
"2563","","survey-multi-choice","33","251018","0.0-33.0","2oxgz","Alper.endes1996@gmail.com","Alper endes","z","","Q11","Ayakkabı","{""Q0"":""Ayakkabı""}"
"14092","","survey-multi-choice","34","265117","0.0-34.0","2oxgz","Alper.endes1996@gmail.com","Alper endes","z","","F20","null","{""Q0"":""Üzülür""}"
"2848","","survey-multi-choice","35","267970","0.0-35.0","2oxgz","Alper.endes1996@gmail.com","Alper endes","z","","Q20","Piyango bileti","{""Q0"":""Piyango bileti""}"
"12057","","survey-multi-choice","36","280034","0.0-36.0","2oxgz","Alper.endes1996@gmail.com","Alper endes","z","","C02","null","{""Q0"":""Üzülür""}"
"2583","","survey-multi-choice","37","282622","0.0-37.0","2oxgz","Alper.endes1996@gmail.com","Alper endes","z","","Q02","Oyuncak bebek","{""Q0"":""Oyuncak bebek""}"
"6712","","survey-multi-choice","38","289339","0.0-38.0","2oxgz","Alper.endes1996@gmail.com","Alper endes","z","","F14","null","{""Q0"":""Sevinir""}"
"3760","","survey-multi-choice","39","293104","0.0-39.0","2oxgz","Alper.endes1996@gmail.com","Alper endes","z","","Q14","Birinci","{""Q0"":""İkinci""}"
"7108","","survey-multi-choice","40","300219","0.0-40.0","2oxgz","Alper.endes1996@gmail.com","Alper endes","z","","F09","null","{""Q0"":""Üzülür""}"
"3807","","survey-multi-choice","41","304032","0.0-41.0","2oxgz","Alper.endes1996@gmail.com","Alper endes","z","","Q09","Yemekhane","{""Q0"":""Yemekhane""}"
"6201","","survey-multi-choice","42","310238","0.0-42.0","2oxgz","Alper.endes1996@gmail.com","Alper endes","z","","C01","null","{""Q0"":""Üzülür""}"
"2681","","survey-multi-choice","43","312926","0.0-43.0","2oxgz","Alper.endes1996@gmail.com","Alper endes","z","","Q01","Arda","{""Q0"":""Arda""}"
"9360","","survey-multi-choice","44","322291","0.0-44.0","2oxgz","Alper.endes1996@gmail.com","Alper endes","z","","F19","null","{""Q0"":""Sevinir""}"
"1374","","survey-multi-choice","45","323671","0.0-45.0","2oxgz","Alper.endes1996@gmail.com","Alper endes","z","","Q19","Fizik","{""Q0"":""Fizik""}"
"12984","","survey-multi-choice","46","336659","0.0-46.0","2oxgz","Alper.endes1996@gmail.com","Alper endes","z","","F08","null","{""Q0"":""Üzülür""}"
"4395","","survey-multi-choice","47","341059","0.0-47.0","2oxgz","Alper.endes1996@gmail.com","Alper endes","z","","Q08","Tenis","{""Q0"":""Tenis""}"
"6512","","survey-multi-choice","48","347576","0.0-48.0","2oxgz","Alper.endes1996@gmail.com","Alper endes","z","","F17","null","{""Q0"":""Üzülür""}"
"3060","","survey-multi-choice","49","350642","0.0-49.0","2oxgz","Alper.endes1996@gmail.com","Alper endes","z","","Q17","Öğle yemeği","{""Q0"":""Akşam yemeği""}"
"3308","","instructions","50","353967","0.0-50.0","2oxgz","Alper.endes1996@gmail.com","Alper endes","z","[{""page_index"":0,""viewing_time"":3307.000000000058}]","","",""
