"rt","url","trial_type","trial_index","time_elapsed","internal_node_id","subject","subject_email","subject_name","group","view_history","id","correct","responses"
"441764.4850000506","resources/welcome.html","external-html","0","441861","0.0-0.0","4jcuv","selen.unaldi@p-sud.fr","Selen","z","","","",""
"1640.7949999556877","","instructions","1","443503","0.0-1.0","4jcuv","selen.unaldi@p-sud.fr","Selen","z","[{""page_index"":0,""viewing_time"":1640.3599999612197}]","","",""
"16166.874999995343","","survey-multi-choice","2","459674","0.0-2.0","4jcuv","selen.unaldi@p-sud.fr","Selen","z","","F09","null","{""Q0"":""Sevinir""}"
"3695.349999994505","","survey-multi-choice","3","463373","0.0-3.0","4jcuv","selen.unaldi@p-sud.fr","Selen","z","","Q09","Yemekhane","{""Q0"":""Yemekhane""}"
"16435.189999989234","","survey-multi-choice","4","479811","0.0-4.0","4jcuv","selen.unaldi@p-sud.fr","Selen","z","","F20","null","{""Q0"":""Üzülür""}"
"3059.3099999823608","","survey-multi-choice","5","482874","0.0-5.0","4jcuv","selen.unaldi@p-sud.fr","Selen","z","","Q20","Piyango bileti","{""Q0"":""Piyango bileti""}"
"5490.0500000221655","","survey-multi-choice","6","488368","0.0-6.0","4jcuv","selen.unaldi@p-sud.fr","Selen","z","","F23","null","{""Q0"":""Üzülür""}"
"4995.995000004768","","survey-multi-choice","7","493367","0.0-7.0","4jcuv","selen.unaldi@p-sud.fr","Selen","z","","Q23","Çarpışan arabalar","{""Q0"":""Çarpışan arabalar""}"
"9654.444999992847","","survey-multi-choice","8","503026","0.0-8.0","4jcuv","selen.unaldi@p-sud.fr","Selen","z","","C03","null","{""Q0"":""Üzülür""}"
"2753.5700000007637","","survey-multi-choice","9","505785","0.0-9.0","4jcuv","selen.unaldi@p-sud.fr","Selen","z","","Q03","Ofis","{""Q0"":""Ofis""}"
"11692.450000031386","","survey-multi-choice","10","517481","0.0-10.0","4jcuv","selen.unaldi@p-sud.fr","Selen","z","","F13","null","{""Q0"":""Sevinir""}"
"2372.239999996964","","survey-multi-choice","11","519857","0.0-11.0","4jcuv","selen.unaldi@p-sud.fr","Selen","z","","Q13","Kars","{""Q0"":""Kars""}"
"9675.660000008065","","survey-multi-choice","12","529537","0.0-12.0","4jcuv","selen.unaldi@p-sud.fr","Selen","z","","F07","null","{""Q0"":""Üzülür""}"
"3979.5800000429153","","survey-multi-choice","13","533521","0.0-13.0","4jcuv","selen.unaldi@p-sud.fr","Selen","z","","Q07","Kardan adam","{""Q0"":""Kardan adam""}"
"10117.469999997411","","survey-multi-choice","14","543643","0.0-14.0","4jcuv","selen.unaldi@p-sud.fr","Selen","z","","C04","null","{""Q0"":""Sevinir""}"
"5974.809999985155","","survey-multi-choice","15","549622","0.0-15.0","4jcuv","selen.unaldi@p-sud.fr","Selen","z","","Q04","Kamp","{""Q0"":""Kamp""}"
"14392.075000039767","","survey-multi-choice","16","564021","0.0-16.0","4jcuv","selen.unaldi@p-sud.fr","Selen","z","","F18","null","{""Q0"":""Sevinir""}"
"3179.889999970328","","survey-multi-choice","17","567205","0.0-17.0","4jcuv","selen.unaldi@p-sud.fr","Selen","z","","Q18","Çilek","{""Q0"":""Çilek""}"
"11494.454999978188","","survey-multi-choice","18","578703","0.0-18.0","4jcuv","selen.unaldi@p-sud.fr","Selen","z","","F15","null","{""Q0"":""Üzülür""}"
"2989.1549999592826","","survey-multi-choice","19","581697","0.0-19.0","4jcuv","selen.unaldi@p-sud.fr","Selen","z","","Q15","Altı","{""Q0"":""Altı""}"
"5703.975000011269","","survey-multi-choice","20","587405","0.0-20.0","4jcuv","selen.unaldi@p-sud.fr","Selen","z","","F16","null","{""Q0"":""Sevinir""}"
"2941.4749999996275","","survey-multi-choice","21","590351","0.0-21.0","4jcuv","selen.unaldi@p-sud.fr","Selen","z","","Q16","Kafe","{""Q0"":""Kafe""}"
"6032.14000002481","","survey-multi-choice","22","596387","0.0-22.0","4jcuv","selen.unaldi@p-sud.fr","Selen","z","","C06","null","{""Q0"":""Sevinir""}"
"3048.534999950789","","survey-multi-choice","23","599440","0.0-23.0","4jcuv","selen.unaldi@p-sud.fr","Selen","z","","Q06","Müdür","{""Q0"":""Müdür""}"
"6356.700000003912","","survey-multi-choice","24","605801","0.0-24.0","4jcuv","selen.unaldi@p-sud.fr","Selen","z","","F11","null","{""Q0"":""Üzülür""}"
"3384.634999965783","","survey-multi-choice","25","609190","0.0-25.0","4jcuv","selen.unaldi@p-sud.fr","Selen","z","","Q11","Ayakkabı","{""Q0"":""Ayakkabı""}"
"14505.704999959562","","survey-multi-choice","26","623700","0.0-26.0","4jcuv","selen.unaldi@p-sud.fr","Selen","z","","F19","null","{""Q0"":""Sevinir""}"
"2802.4150000419468","","survey-multi-choice","27","626506","0.0-27.0","4jcuv","selen.unaldi@p-sud.fr","Selen","z","","Q19","Fizik","{""Q0"":""Fizik""}"
"7159.3400000128895","","survey-multi-choice","28","633671","0.0-28.0","4jcuv","selen.unaldi@p-sud.fr","Selen","z","","F10","null","{""Q0"":""Sevinir""}"
"3379.659999976866","","survey-multi-choice","29","637056","0.0-29.0","4jcuv","selen.unaldi@p-sud.fr","Selen","z","","Q10","Yüksek lisans","{""Q0"":""Yüksek lisans""}"
"7105.190000031143","","survey-multi-choice","30","644165","0.0-30.0","4jcuv","selen.unaldi@p-sud.fr","Selen","z","","C01","null","{""Q0"":""Üzülür""}"
"2745.965000009164","","survey-multi-choice","31","646915","0.0-31.0","4jcuv","selen.unaldi@p-sud.fr","Selen","z","","Q01","Arda","{""Q0"":""Arda""}"
"14262.914999970235","","survey-multi-choice","32","661182","0.0-32.0","4jcuv","selen.unaldi@p-sud.fr","Selen","z","","F12","null","{""Q0"":""Sevinir""}"
"4771.760000032373","","survey-multi-choice","33","665959","0.0-33.0","4jcuv","selen.unaldi@p-sud.fr","Selen","z","","Q12","Para biriktirmek","{""Q0"":""Para biriktirmek""}"
"6749.695000005886","","survey-multi-choice","34","672714","0.0-34.0","4jcuv","selen.unaldi@p-sud.fr","Selen","z","","F24","null","{""Q0"":""Sevinir""}"
"2794.3499999819323","","survey-multi-choice","35","675513","0.0-35.0","4jcuv","selen.unaldi@p-sud.fr","Selen","z","","Q24","Tokyo","{""Q0"":""Tokyo""}"
"8126.129999989644","","survey-multi-choice","36","683643","0.0-36.0","4jcuv","selen.unaldi@p-sud.fr","Selen","z","","C02","null","{""Q0"":""Sevinir""}"
"3391.7449999717064","","survey-multi-choice","37","687040","0.0-37.0","4jcuv","selen.unaldi@p-sud.fr","Selen","z","","Q02","Oyuncak bebek","{""Q0"":""Oyuncak bebek""}"
"12046.655000012834","","survey-multi-choice","38","699091","0.0-38.0","4jcuv","selen.unaldi@p-sud.fr","Selen","z","","F14","null","{""Q0"":""Sevinir""}"
"3080.019999993965","","survey-multi-choice","39","702175","0.0-39.0","4jcuv","selen.unaldi@p-sud.fr","Selen","z","","Q14","Birinci","{""Q0"":""İkinci""}"
"10928.070000023581","","survey-multi-choice","40","713107","0.0-40.0","4jcuv","selen.unaldi@p-sud.fr","Selen","z","","F17","null","{""Q0"":""Üzülür""}"
"3473.6249999841675","","survey-multi-choice","41","716585","0.0-41.0","4jcuv","selen.unaldi@p-sud.fr","Selen","z","","Q17","Öğle yemeği","{""Q0"":""Akşam yemeği""}"
"5259.895000024699","","survey-multi-choice","42","721849","0.0-42.0","4jcuv","selen.unaldi@p-sud.fr","Selen","z","","C05","null","{""Q0"":""Üzülür""}"
"2958.485000010114","","survey-multi-choice","43","724815","0.0-43.0","4jcuv","selen.unaldi@p-sud.fr","Selen","z","","Q05","Matematik","{""Q0"":""Matematik""}"
"9785.184999986086","","survey-multi-choice","44","734604","0.0-44.0","4jcuv","selen.unaldi@p-sud.fr","Selen","z","","F08","null","{""Q0"":""Üzülür""}"
"3237.304999958724","","survey-multi-choice","45","737847","0.0-45.0","4jcuv","selen.unaldi@p-sud.fr","Selen","z","","Q08","Tenis","{""Q0"":""Tenis""}"
"6319.640000001527","","survey-multi-choice","46","744170","0.0-46.0","4jcuv","selen.unaldi@p-sud.fr","Selen","z","","F21","null","{""Q0"":""Üzülür""}"
"3276.5899999649264","","survey-multi-choice","47","747452","0.0-47.0","4jcuv","selen.unaldi@p-sud.fr","Selen","z","","Q21","Odun","{""Q0"":""Odun""}"
"7027.434999996331","","survey-multi-choice","48","754484","0.0-48.0","4jcuv","selen.unaldi@p-sud.fr","Selen","z","","F22","null","{""Q0"":""Sevinir""}"
"3078.860000008717","","survey-multi-choice","49","757567","0.0-49.0","4jcuv","selen.unaldi@p-sud.fr","Selen","z","","Q22","Yoğun","{""Q0"":""Yoğun""}"
"1704.955000022892","","instructions","50","759278","0.0-50.0","4jcuv","selen.unaldi@p-sud.fr","Selen","z","[{""page_index"":0,""viewing_time"":1704.630000051111}]","","",""
