"rt","url","trial_type","trial_index","time_elapsed","internal_node_id","subject","subject_email","subject_name","group","view_history","id","correct","responses"
"23073.000000003958","resources/welcome.html","external-html","0","23190","0.0-0.0","mmupz","ilimugur@gmail.com","İlim Uğur","z","","","",""
"81662.09999998682","","instructions","1","176371","0.0-1.0","mmupz","ilimugur@gmail.com","İlim Uğur","z","[{""page_index"":0,""viewing_time"":81657.39999999641}]","","",""
"11052.800000004936","","survey-multi-choice","2","187438","0.0-2.0","mmupz","ilimugur@gmail.com","İlim Uğur","z","","F17","null","{""Q0"":""Üzülür""}"
"16560.499999992317","","survey-multi-choice","3","204009","0.0-3.0","mmupz","ilimugur@gmail.com","İlim Uğur","z","","Q17","Öğle yemeği","{""Q0"":""Akşam yemeği""}"
"19065.00000000233","","survey-multi-choice","4","223084","0.0-4.0","mmupz","ilimugur@gmail.com","İlim Uğur","z","","F19","null","{""Q0"":""Üzülür""}"
"59535.99999999278","","survey-multi-choice","5","407017","0.0-5.0","mmupz","ilimugur@gmail.com","İlim Uğur","z","","Q19","Fizik","{""Q0"":""Fizik""}"
"17855.400000000373","","survey-multi-choice","6","424881","0.0-6.0","mmupz","ilimugur@gmail.com","İlim Uğur","z","","F08","null","{""Q0"":""Sevinir""}"
"3115.9000000043306","","survey-multi-choice","7","428007","0.0-7.0","mmupz","ilimugur@gmail.com","İlim Uğur","z","","Q08","Tenis","{""Q0"":""Tenis""}"
"33149.40000002389","","survey-multi-choice","8","520235","0.0-8.0","mmupz","ilimugur@gmail.com","İlim Uğur","z","","C05","null","{""Q0"":""Üzülür""}"
"2965.1000000012573","","survey-multi-choice","9","523207","0.0-9.0","mmupz","ilimugur@gmail.com","İlim Uğur","z","","Q05","Matematik","{""Q0"":""Matematik""}"
"10458.599999983562","","survey-multi-choice","10","533675","0.0-10.0","mmupz","ilimugur@gmail.com","İlim Uğur","z","","F11","null","{""Q0"":""Üzülür""}"
"2446.700000000419","","survey-multi-choice","11","536133","0.0-11.0","mmupz","ilimugur@gmail.com","İlim Uğur","z","","Q11","Ayakkabı","{""Q0"":""Ayakkabı""}"
"33942.19999999041","","survey-multi-choice","12","829829","0.0-12.0","mmupz","ilimugur@gmail.com","İlim Uğur","z","","F22","null","{""Q0"":""Sevinir""}"
"7843.800000002375","","survey-multi-choice","13","837683","0.0-13.0","mmupz","ilimugur@gmail.com","İlim Uğur","z","","Q22","Yoğun","{""Q0"":""Yoğun""}"
"10928.000000014435","","survey-multi-choice","14","848621","0.0-14.0","mmupz","ilimugur@gmail.com","İlim Uğur","z","","C02","null","{""Q0"":""Sevinir""}"
"4047.099999996135","","survey-multi-choice","15","852678","0.0-15.0","mmupz","ilimugur@gmail.com","İlim Uğur","z","","Q02","Oyuncak bebek","{""Q0"":""Oyuncak bebek""}"
"7658.800000004703","","survey-multi-choice","16","860348","0.0-16.0","mmupz","ilimugur@gmail.com","İlim Uğur","z","","F13","null","{""Q0"":""Sevinir""}"
"1974.1999999969266","","survey-multi-choice","17","862332","0.0-17.0","mmupz","ilimugur@gmail.com","İlim Uğur","z","","Q13","Kars","{""Q0"":""Kars""}"
"73048.09999998542","","survey-multi-choice","18","1397854","0.0-18.0","mmupz","ilimugur@gmail.com","İlim Uğur","z","","F23","null","{""Q0"":""Üzülür""}"
"2844.2999999970198","","survey-multi-choice","19","1400708","0.0-19.0","mmupz","ilimugur@gmail.com","İlim Uğur","z","","Q23","Çarpışan arabalar","{""Q0"":""Çarpışan arabalar""}"
"108678.79999999423","","survey-multi-choice","20","1613883","0.0-20.0","mmupz","ilimugur@gmail.com","İlim Uğur","z","","F07","null","{""Q0"":""Üzülür""}"
"2508.300000015879","","survey-multi-choice","21","1616401","0.0-21.0","mmupz","ilimugur@gmail.com","İlim Uğur","z","","Q07","Kardan adam","{""Q0"":""Kardan adam""}"
"42611.39999999432","","survey-multi-choice","22","1662463","0.0-22.0","mmupz","ilimugur@gmail.com","İlim Uğur","z","","C03","null","{""Q0"":""Üzülür""}"
"14222.799999988638","","survey-multi-choice","23","1676697","0.0-23.0","mmupz","ilimugur@gmail.com","İlim Uğur","z","","Q03","Ofis","{""Q0"":""Ofis""}"
"14316.900000005262","","survey-multi-choice","24","1691025","0.0-24.0","mmupz","ilimugur@gmail.com","İlim Uğur","z","","F21","null","{""Q0"":""Üzülür""}"
"3240.299999975832","","survey-multi-choice","25","1694276","0.0-25.0","mmupz","ilimugur@gmail.com","İlim Uğur","z","","Q21","Odun","{""Q0"":""Odun""}"
"9959.000000002561","","survey-multi-choice","26","1704245","0.0-26.0","mmupz","ilimugur@gmail.com","İlim Uğur","z","","F09","null","{""Q0"":""Sevinir""}"
"3690.8000000112224","","survey-multi-choice","27","1707945","0.0-27.0","mmupz","ilimugur@gmail.com","İlim Uğur","z","","Q09","Yemekhane","{""Q0"":""Yemekhane""}"
"9724.900000001071","","survey-multi-choice","28","1717679","0.0-28.0","mmupz","ilimugur@gmail.com","İlim Uğur","z","","F24","null","{""Q0"":""Sevinir""}"
"2082.699999999022","","survey-multi-choice","29","1719773","0.0-29.0","mmupz","ilimugur@gmail.com","İlim Uğur","z","","Q24","Tokyo","{""Q0"":""Tokyo""}"
"32628.700000001118","","survey-multi-choice","30","1752411","0.0-30.0","mmupz","ilimugur@gmail.com","İlim Uğur","z","","C01","null","{""Q0"":""Üzülür""}"
"3303.799999994226","","survey-multi-choice","31","1755726","0.0-31.0","mmupz","ilimugur@gmail.com","İlim Uğur","z","","Q01","Arda","{""Q0"":""Arda""}"
"7430.400000012014","","survey-multi-choice","32","1763166","0.0-32.0","mmupz","ilimugur@gmail.com","İlim Uğur","z","","F16","null","{""Q0"":""Sevinir""}"
"2861.6000000038184","","survey-multi-choice","33","1766038","0.0-33.0","mmupz","ilimugur@gmail.com","İlim Uğur","z","","Q16","Kafe","{""Q0"":""Kafe""}"
"57702.599999989616","","survey-multi-choice","34","1823750","0.0-34.0","mmupz","ilimugur@gmail.com","İlim Uğur","z","","F15","null","{""Q0"":""Üzülür""}"
"9426.500000001397","","survey-multi-choice","35","1833193","0.0-35.0","mmupz","ilimugur@gmail.com","İlim Uğur","z","","Q15","Altı","{""Q0"":""Altı""}"
"34382.800000021234","","survey-multi-choice","36","1867586","0.0-36.0","mmupz","ilimugur@gmail.com","İlim Uğur","z","","C04","null","{""Q0"":""Sevinir""}"
"3549.200000008568","","survey-multi-choice","37","1871146","0.0-37.0","mmupz","ilimugur@gmail.com","İlim Uğur","z","","Q04","Kamp","{""Q0"":""Kamp""}"
"39903.0999999959","","survey-multi-choice","38","1911059","0.0-38.0","mmupz","ilimugur@gmail.com","İlim Uğur","z","","F10","null","{""Q0"":""Sevinir""}"
"5517.200000002049","","survey-multi-choice","39","1916587","0.0-39.0","mmupz","ilimugur@gmail.com","İlim Uğur","z","","Q10","Yüksek lisans","{""Q0"":""Yüksek lisans""}"
"8884.900000004563","","survey-multi-choice","40","1925481","0.0-40.0","mmupz","ilimugur@gmail.com","İlim Uğur","z","","F20","null","{""Q0"":""Sevinir""}"
"2444.7999999974854","","survey-multi-choice","41","1927936","0.0-41.0","mmupz","ilimugur@gmail.com","İlim Uğur","z","","Q20","Piyango bileti","{""Q0"":""Piyango bileti""}"
"10479.699999996228","","survey-multi-choice","42","1938427","0.0-42.0","mmupz","ilimugur@gmail.com","İlim Uğur","z","","C06","null","{""Q0"":""Sevinir""}"
"3080.4000000061933","","survey-multi-choice","43","1941518","0.0-43.0","mmupz","ilimugur@gmail.com","İlim Uğur","z","","Q06","Müdür","{""Q0"":""Müdür""}"
"8391.399999993155","","survey-multi-choice","44","1949920","0.0-44.0","mmupz","ilimugur@gmail.com","İlim Uğur","z","","F12","null","{""Q0"":""Sevinir""}"
"4360.800000024028","","survey-multi-choice","45","1954292","0.0-45.0","mmupz","ilimugur@gmail.com","İlim Uğur","z","","Q12","Para biriktirmek","{""Q0"":""Para biriktirmek""}"
"8333.099999988917","","survey-multi-choice","46","1962634","0.0-46.0","mmupz","ilimugur@gmail.com","İlim Uğur","z","","F14","null","{""Q0"":""Sevinir""}"
"2836.1000000149943","","survey-multi-choice","47","1965481","0.0-47.0","mmupz","ilimugur@gmail.com","İlim Uğur","z","","Q14","Birinci","{""Q0"":""İkinci""}"
"17127.899999992223","","survey-multi-choice","48","1982619","0.0-48.0","mmupz","ilimugur@gmail.com","İlim Uğur","z","","F18","null","{""Q0"":""Sevinir""}"
"3811.4000000059605","","survey-multi-choice","49","1986441","0.0-49.0","mmupz","ilimugur@gmail.com","İlim Uğur","z","","Q18","Çilek","{""Q0"":""Çilek""}"
"5076.999999990221","","instructions","50","1991533","0.0-50.0","mmupz","ilimugur@gmail.com","İlim Uğur","z","[{""page_index"":0,""viewing_time"":5075.699999986682}]","","",""
