"rt","url","trial_type","trial_index","time_elapsed","internal_node_id","subject","subject_email","subject_name","group","view_history","id","correct","responses"
"53157.099999982165","resources/welcome.html","external-html","0","53275","0.0-0.0","v3wd4","besik.gokmen@metu.edu.tr","Gökmen BEŞİK","z","","","",""
"5030.90000001248","","instructions","1","58312","0.0-1.0","v3wd4","besik.gokmen@metu.edu.tr","Gökmen BEŞİK","z","[{""page_index"":0,""viewing_time"":5029.399999999441}]","","",""
"13463.599999988219","","survey-multi-choice","2","71787","0.0-2.0","v3wd4","besik.gokmen@metu.edu.tr","Gökmen BEŞİK","z","","F20","null","{""Q0"":""Üzülür""}"
"4799.500000022817","","survey-multi-choice","3","76597","0.0-3.0","v3wd4","besik.gokmen@metu.edu.tr","Gökmen BEŞİK","z","","Q20","Piyango bileti","{""Q0"":""Piyango bileti""}"
"46371.50000000838","","survey-multi-choice","4","122977","0.0-4.0","v3wd4","besik.gokmen@metu.edu.tr","Gökmen BEŞİK","z","","F08","null","{""Q0"":""Üzülür""}"
"4112.200000003213","","survey-multi-choice","5","127100","0.0-5.0","v3wd4","besik.gokmen@metu.edu.tr","Gökmen BEŞİK","z","","Q08","Tenis","{""Q0"":""Tenis""}"
"9335.800000000745","","survey-multi-choice","6","136443","0.0-6.0","v3wd4","besik.gokmen@metu.edu.tr","Gökmen BEŞİK","z","","F22","null","{""Q0"":""Sevinir""}"
"7850.299999990966","","survey-multi-choice","7","144299","0.0-7.0","v3wd4","besik.gokmen@metu.edu.tr","Gökmen BEŞİK","z","","Q22","Yoğun","{""Q0"":""Yoğun""}"
"17893.19999999134","","survey-multi-choice","8","162201","0.0-8.0","v3wd4","besik.gokmen@metu.edu.tr","Gökmen BEŞİK","z","","C05","null","{""Q0"":""Sevinir""}"
"3475.5000000004657","","survey-multi-choice","9","165687","0.0-9.0","v3wd4","besik.gokmen@metu.edu.tr","Gökmen BEŞİK","z","","Q05","Matematik","{""Q0"":""Matematik""}"
"9622.699999978067","","survey-multi-choice","10","175318","0.0-10.0","v3wd4","besik.gokmen@metu.edu.tr","Gökmen BEŞİK","z","","F23","null","{""Q0"":""Üzülür""}"
"3176.999999996042","","survey-multi-choice","11","178505","0.0-11.0","v3wd4","besik.gokmen@metu.edu.tr","Gökmen BEŞİK","z","","Q23","Çarpışan arabalar","{""Q0"":""Çarpışan arabalar""}"
"8898.69999999064","","survey-multi-choice","12","187409","0.0-12.0","v3wd4","besik.gokmen@metu.edu.tr","Gökmen BEŞİK","z","","F07","null","{""Q0"":""Üzülür""}"
"3064.8999999975786","","survey-multi-choice","13","190482","0.0-13.0","v3wd4","besik.gokmen@metu.edu.tr","Gökmen BEŞİK","z","","Q07","Kardan adam","{""Q0"":""Kardan adam""}"
"30353.000000002794","","survey-multi-choice","14","220845","0.0-14.0","v3wd4","besik.gokmen@metu.edu.tr","Gökmen BEŞİK","z","","C02","null","{""Q0"":""Üzülür""}"
"3990.9000000043306","","survey-multi-choice","15","224845","0.0-15.0","v3wd4","besik.gokmen@metu.edu.tr","Gökmen BEŞİK","z","","Q02","Oyuncak bebek","{""Q0"":""Oyuncak bebek""}"
"35746.50000000838","","survey-multi-choice","16","260600","0.0-16.0","v3wd4","besik.gokmen@metu.edu.tr","Gökmen BEŞİK","z","","F18","null","{""Q0"":""Sevinir""}"
"2455.6999999913387","","survey-multi-choice","17","263065","0.0-17.0","v3wd4","besik.gokmen@metu.edu.tr","Gökmen BEŞİK","z","","Q18","Çilek","{""Q0"":""Çilek""}"
"6903.200000000652","","survey-multi-choice","18","269976","0.0-18.0","v3wd4","besik.gokmen@metu.edu.tr","Gökmen BEŞİK","z","","F13","null","{""Q0"":""Sevinir""}"
"2486.700000008568","","survey-multi-choice","19","272471","0.0-19.0","v3wd4","besik.gokmen@metu.edu.tr","Gökmen BEŞİK","z","","Q13","Kars","{""Q0"":""Kars""}"
"20304.200000013225","","survey-multi-choice","20","292784","0.0-20.0","v3wd4","besik.gokmen@metu.edu.tr","Gökmen BEŞİK","z","","F21","null","{""Q0"":""Üzülür""}"
"4269.399999990128","","survey-multi-choice","21","297064","0.0-21.0","v3wd4","besik.gokmen@metu.edu.tr","Gökmen BEŞİK","z","","Q21","Odun","{""Q0"":""Odun""}"
"9793.900000018766","","survey-multi-choice","22","306866","0.0-22.0","v3wd4","besik.gokmen@metu.edu.tr","Gökmen BEŞİK","z","","C06","null","{""Q0"":""Sevinir""}"
"7790.2999999932945","","survey-multi-choice","23","314666","0.0-23.0","v3wd4","besik.gokmen@metu.edu.tr","Gökmen BEŞİK","z","","Q06","Müdür","{""Q0"":""Müdür""}"
"9113.299999997253","","survey-multi-choice","24","323786","0.0-24.0","v3wd4","besik.gokmen@metu.edu.tr","Gökmen BEŞİK","z","","F19","null","{""Q0"":""Üzülür""}"
"2616.4999999746215","","survey-multi-choice","25","326412","0.0-25.0","v3wd4","besik.gokmen@metu.edu.tr","Gökmen BEŞİK","z","","Q19","Fizik","{""Q0"":""Fizik""}"
"12706.699999980628","","survey-multi-choice","26","339127","0.0-26.0","v3wd4","besik.gokmen@metu.edu.tr","Gökmen BEŞİK","z","","F11","null","{""Q0"":""Üzülür""}"
"3113.500000006752","","survey-multi-choice","27","342250","0.0-27.0","v3wd4","besik.gokmen@metu.edu.tr","Gökmen BEŞİK","z","","Q11","Ayakkabı","{""Q0"":""Ayakkabı""}"
"7390.500000008615","","survey-multi-choice","28","349649","0.0-28.0","v3wd4","besik.gokmen@metu.edu.tr","Gökmen BEŞİK","z","","F24","null","{""Q0"":""Sevinir""}"
"2534.1999999945983","","survey-multi-choice","29","352192","0.0-29.0","v3wd4","besik.gokmen@metu.edu.tr","Gökmen BEŞİK","z","","Q24","Tokyo","{""Q0"":""Tokyo""}"
"12089.500000001863","","survey-multi-choice","30","364290","0.0-30.0","v3wd4","besik.gokmen@metu.edu.tr","Gökmen BEŞİK","z","","C01","null","{""Q0"":""Sevinir""}"
"3225.30000002007","","survey-multi-choice","31","367524","0.0-31.0","v3wd4","besik.gokmen@metu.edu.tr","Gökmen BEŞİK","z","","Q01","Arda","{""Q0"":""Arda""}"
"9212.999999988824","","survey-multi-choice","32","376746","0.0-32.0","v3wd4","besik.gokmen@metu.edu.tr","Gökmen BEŞİK","z","","F15","null","{""Q0"":""Sevinir""}"
"2832.9999999841675","","survey-multi-choice","33","379589","0.0-33.0","v3wd4","besik.gokmen@metu.edu.tr","Gökmen BEŞİK","z","","Q15","Altı","{""Q0"":""Altı""}"
"9829.700000002049","","survey-multi-choice","34","389428","0.0-34.0","v3wd4","besik.gokmen@metu.edu.tr","Gökmen BEŞİK","z","","F09","null","{""Q0"":""Sevinir""}"
"3791.1000000021886","","survey-multi-choice","35","393229","0.0-35.0","v3wd4","besik.gokmen@metu.edu.tr","Gökmen BEŞİK","z","","Q09","Yemekhane","{""Q0"":""Yemekhane""}"
"30044.30000000866","","survey-multi-choice","36","423298","0.0-36.0","v3wd4","besik.gokmen@metu.edu.tr","Gökmen BEŞİK","z","","C04","null","{""Q0"":""Üzülür""}"
"5587.300000013784","","survey-multi-choice","37","428894","0.0-37.0","v3wd4","besik.gokmen@metu.edu.tr","Gökmen BEŞİK","z","","Q04","Kamp","{""Q0"":""Kamp""}"
"7722.000000008848","","survey-multi-choice","38","436624","0.0-38.0","v3wd4","besik.gokmen@metu.edu.tr","Gökmen BEŞİK","z","","F10","null","{""Q0"":""Sevinir""}"
"4018.000000010943","","survey-multi-choice","39","440650","0.0-39.0","v3wd4","besik.gokmen@metu.edu.tr","Gökmen BEŞİK","z","","Q10","Yüksek lisans","{""Q0"":""Yüksek lisans""}"
"12276.499999978114","","survey-multi-choice","40","452936","0.0-40.0","v3wd4","besik.gokmen@metu.edu.tr","Gökmen BEŞİK","z","","F17","null","{""Q0"":""Üzülür""}"
"19331.500000000233","","survey-multi-choice","41","472278","0.0-41.0","v3wd4","besik.gokmen@metu.edu.tr","Gökmen BEŞİK","z","","Q17","Öğle yemeği","{""Q0"":""Akşam yemeği""}"
"9896.70000001206","","survey-multi-choice","42","482184","0.0-42.0","v3wd4","besik.gokmen@metu.edu.tr","Gökmen BEŞİK","z","","C03","null","{""Q0"":""Sevinir""}"
"7799.499999993714","","survey-multi-choice","43","489994","0.0-43.0","v3wd4","besik.gokmen@metu.edu.tr","Gökmen BEŞİK","z","","Q03","Ofis","{""Q0"":""Ofis""}"
"179831.29999999073","","survey-multi-choice","44","669838","0.0-44.0","v3wd4","besik.gokmen@metu.edu.tr","Gökmen BEŞİK","z","","F12","null","{""Q0"":""Sevinir""}"
"5596.699999994598","","survey-multi-choice","45","675454","0.0-45.0","v3wd4","besik.gokmen@metu.edu.tr","Gökmen BEŞİK","z","","Q12","Para biriktirmek","{""Q0"":""Para biriktirmek""}"
"52952.499999984866","","survey-multi-choice","46","728417","0.0-46.0","v3wd4","besik.gokmen@metu.edu.tr","Gökmen BEŞİK","z","","F14","null","{""Q0"":""Sevinir""}"
"3389.100000000326","","survey-multi-choice","47","731816","0.0-47.0","v3wd4","besik.gokmen@metu.edu.tr","Gökmen BEŞİK","z","","Q14","Birinci","{""Q0"":""İkinci""}"
"25308.799999998882","","survey-multi-choice","48","757133","0.0-48.0","v3wd4","besik.gokmen@metu.edu.tr","Gökmen BEŞİK","z","","F16","null","{""Q0"":""Üzülür""}"
"12544.199999974808","","survey-multi-choice","49","769685","0.0-49.0","v3wd4","besik.gokmen@metu.edu.tr","Gökmen BEŞİK","z","","Q16","Kafe","{""Q0"":""Kafe""}"
"3956.6000000049826","","instructions","50","773658","0.0-50.0","v3wd4","besik.gokmen@metu.edu.tr","Gökmen BEŞİK","z","[{""page_index"":0,""viewing_time"":3955.000000016298}]","","",""
