"rt","url","trial_type","trial_index","time_elapsed","internal_node_id","subject","subject_email","subject_name","group","view_history","id","correct","responses"
"25958.39999999953","resources/welcome.html","external-html","0","26192","0.0-0.0","0092r","Cankayti@gmail.com","Can Kaytaz ","z","","","",""
"16927.89999999877","","instructions","1","43129","0.0-1.0","0092r","Cankayti@gmail.com","Can Kaytaz ","z","[{""page_index"":0,""viewing_time"":16917.099999998754}]","","",""
"16696.099999997386","","survey-multi-choice","2","59848","0.0-2.0","0092r","Cankayti@gmail.com","Can Kaytaz ","z","","F13","null","{""Q0"":""Sevinir""}"
"2649.0000000012515","","survey-multi-choice","3","62514","0.0-3.0","0092r","Cankayti@gmail.com","Can Kaytaz ","z","","Q13","Kars","{""Q0"":""Kars""}"
"112996.29999999888","","survey-multi-choice","4","175523","0.0-4.0","0092r","Cankayti@gmail.com","Can Kaytaz ","z","","F16","null","{""Q0"":""Sevinir""}"
"3163.5999999998603","","survey-multi-choice","5","178701","0.0-5.0","0092r","Cankayti@gmail.com","Can Kaytaz ","z","","Q16","Kafe","{""Q0"":""Kafe""}"
"50408.400000000256","","survey-multi-choice","6","229122","0.0-6.0","0092r","Cankayti@gmail.com","Can Kaytaz ","z","","F21","null","{""Q0"":""Üzülür""}"
"2725.2000000007683","","survey-multi-choice","7","231862","0.0-7.0","0092r","Cankayti@gmail.com","Can Kaytaz ","z","","Q21","Odun","{""Q0"":""Odun""}"
"13679.000000000087","","survey-multi-choice","8","245556","0.0-8.0","0092r","Cankayti@gmail.com","Can Kaytaz ","z","","C04","null","{""Q0"":""Üzülür""}"
"3553.4999999981665","","survey-multi-choice","9","249126","0.0-9.0","0092r","Cankayti@gmail.com","Can Kaytaz ","z","","Q04","Kamp","{""Q0"":""Kamp""}"
"85634.399999999","","survey-multi-choice","10","346304","0.0-10.0","0092r","Cankayti@gmail.com","Can Kaytaz ","z","","F22","null","{""Q0"":""Sevinir""}"
"4145.799999998417","","survey-multi-choice","11","350464","0.0-11.0","0092r","Cankayti@gmail.com","Can Kaytaz ","z","","Q22","Yoğun","{""Q0"":""Yoğun""}"
"15262.399999999558","","survey-multi-choice","12","365754","0.0-12.0","0092r","Cankayti@gmail.com","Can Kaytaz ","z","","F17","null","{""Q0"":""Üzülür""}"
"2663.8999999995576","","survey-multi-choice","13","368433","0.0-13.0","0092r","Cankayti@gmail.com","Can Kaytaz ","z","","Q17","Öğle yemeği","{""Q0"":""Akşam yemeği""}"
"22477.80000000057","","survey-multi-choice","14","390926","0.0-14.0","0092r","Cankayti@gmail.com","Can Kaytaz ","z","","C06","null","{""Q0"":""Sevinir""}"
"3300.500000001164","","survey-multi-choice","15","394242","0.0-15.0","0092r","Cankayti@gmail.com","Can Kaytaz ","z","","Q06","Müdür","{""Q0"":""Müdür""}"
"42857.70000000048","","survey-multi-choice","16","437114","0.0-16.0","0092r","Cankayti@gmail.com","Can Kaytaz ","z","","F15","null","{""Q0"":""Üzülür""}"
"2212.999999999767","","survey-multi-choice","17","439345","0.0-17.0","0092r","Cankayti@gmail.com","Can Kaytaz ","z","","Q15","Altı","{""Q0"":""Altı""}"
"32146.40000000148","","survey-multi-choice","18","471505","0.0-18.0","0092r","Cankayti@gmail.com","Can Kaytaz ","z","","F12","null","{""Q0"":""Sevinir""}"
"3375.1999999986147","","survey-multi-choice","19","474895","0.0-19.0","0092r","Cankayti@gmail.com","Can Kaytaz ","z","","Q12","Para biriktirmek","{""Q0"":""Para biriktirmek""}"
"42264.69999999972","","survey-multi-choice","20","517173","0.0-20.0","0092r","Cankayti@gmail.com","Can Kaytaz ","z","","F24","null","{""Q0"":""Sevinir""}"
"11811.399999998685","","survey-multi-choice","21","529002","0.0-21.0","0092r","Cankayti@gmail.com","Can Kaytaz ","z","","Q24","Tokyo","{""Q0"":""Tokyo""}"
"21537.29999999993","","survey-multi-choice","22","550555","0.0-22.0","0092r","Cankayti@gmail.com","Can Kaytaz ","z","","C03","null","{""Q0"":""Sevinir""}"
"7294.099999999162","","survey-multi-choice","23","557864","0.0-23.0","0092r","Cankayti@gmail.com","Can Kaytaz ","z","","Q03","Ofis","{""Q0"":""Ofis""}"
"8921.800000000047","","survey-multi-choice","24","566801","0.0-24.0","0092r","Cankayti@gmail.com","Can Kaytaz ","z","","F23","null","{""Q0"":""Üzülür""}"
"2434.400000001886","","survey-multi-choice","25","569252","0.0-25.0","0092r","Cankayti@gmail.com","Can Kaytaz ","z","","Q23","Çarpışan arabalar","{""Q0"":""Çarpışan arabalar""}"
"61886.099999999744","","survey-multi-choice","26","631152","0.0-26.0","0092r","Cankayti@gmail.com","Can Kaytaz ","z","","F07","null","{""Q0"":""Üzülür""}"
"2258.2000000001863","","survey-multi-choice","27","633430","0.0-27.0","0092r","Cankayti@gmail.com","Can Kaytaz ","z","","Q07","Kardan adam","{""Q0"":""Kardan adam""}"
"6227.800000000512","","survey-multi-choice","28","639676","0.0-28.0","0092r","Cankayti@gmail.com","Can Kaytaz ","z","","F20","null","{""Q0"":""Sevinir""}"
"2093.4999999989523","","survey-multi-choice","29","641787","0.0-29.0","0092r","Cankayti@gmail.com","Can Kaytaz ","z","","Q20","Piyango bileti","{""Q0"":""Piyango bileti""}"
"11855.400000000373","","survey-multi-choice","30","653663","0.0-30.0","0092r","Cankayti@gmail.com","Can Kaytaz ","z","","C02","null","{""Q0"":""Sevinir""}"
"2091.6999999971595","","survey-multi-choice","31","655773","0.0-31.0","0092r","Cankayti@gmail.com","Can Kaytaz ","z","","Q02","Oyuncak bebek","{""Q0"":""Oyuncak bebek""}"
"7765.199999997974","","survey-multi-choice","32","663556","0.0-32.0","0092r","Cankayti@gmail.com","Can Kaytaz ","z","","F19","null","{""Q0"":""Üzülür""}"
"1777.6000000012573","","survey-multi-choice","33","665350","0.0-33.0","0092r","Cankayti@gmail.com","Can Kaytaz ","z","","Q19","Fizik","{""Q0"":""Fizik""}"
"8518","","survey-multi-choice","34","673890","0.0-34.0","0092r","Cankayti@gmail.com","Can Kaytaz ","z","","F10","null","{""Q0"":""Sevinir""}"
"1741.9000000008382","","survey-multi-choice","35","675652","0.0-35.0","0092r","Cankayti@gmail.com","Can Kaytaz ","z","","Q10","Yüksek lisans","{""Q0"":""Yüksek lisans""}"
"7852.000000002561","","survey-multi-choice","36","683519","0.0-36.0","0092r","Cankayti@gmail.com","Can Kaytaz ","z","","C01","null","{""Q0"":""Üzülür""}"
"2292.700000001816","","survey-multi-choice","37","685830","0.0-37.0","0092r","Cankayti@gmail.com","Can Kaytaz ","z","","Q01","Arda","{""Q0"":""Arda""}"
"23322.400000000955","","survey-multi-choice","38","709167","0.0-38.0","0092r","Cankayti@gmail.com","Can Kaytaz ","z","","F14","null","{""Q0"":""Sevinir""}"
"2879.699999997625","","survey-multi-choice","39","712065","0.0-39.0","0092r","Cankayti@gmail.com","Can Kaytaz ","z","","Q14","Birinci","{""Q0"":""İkinci""}"
"31461.40000000014","","survey-multi-choice","40","743547","0.0-40.0","0092r","Cankayti@gmail.com","Can Kaytaz ","z","","F11","null","{""Q0"":""Üzülür""}"
"5776.299999997718","","survey-multi-choice","41","749344","0.0-41.0","0092r","Cankayti@gmail.com","Can Kaytaz ","z","","Q11","Ayakkabı","{""Q0"":""Ayakkabı""}"
"20072.59999999951","","survey-multi-choice","42","769432","0.0-42.0","0092r","Cankayti@gmail.com","Can Kaytaz ","z","","C05","null","{""Q0"":""Sevinir""}"
"1815.3000000020256","","survey-multi-choice","43","771265","0.0-43.0","0092r","Cankayti@gmail.com","Can Kaytaz ","z","","Q05","Matematik","{""Q0"":""Matematik""}"
"11180.600000003353","","survey-multi-choice","44","782462","0.0-44.0","0092r","Cankayti@gmail.com","Can Kaytaz ","z","","F09","null","{""Q0"":""Üzülür""}"
"2412.899999999325","","survey-multi-choice","45","784894","0.0-45.0","0092r","Cankayti@gmail.com","Can Kaytaz ","z","","Q09","Yemekhane","{""Q0"":""Yemekhane""}"
"9171.099999999627","","survey-multi-choice","46","794081","0.0-46.0","0092r","Cankayti@gmail.com","Can Kaytaz ","z","","F18","null","{""Q0"":""Sevinir""}"
"2593.800000002375","","survey-multi-choice","47","796694","0.0-47.0","0092r","Cankayti@gmail.com","Can Kaytaz ","z","","Q18","Çilek","{""Q0"":""Çilek""}"
"6228.100000000326","","survey-multi-choice","48","802937","0.0-48.0","0092r","Cankayti@gmail.com","Can Kaytaz ","z","","F08","null","{""Q0"":""Üzülür""}"
"2049.1000000002095","","survey-multi-choice","49","805004","0.0-49.0","0092r","Cankayti@gmail.com","Can Kaytaz ","z","","Q08","Tenis","{""Q0"":""Tenis""}"
"8773.39999999816","","instructions","50","813817","0.0-50.0","0092r","Cankayti@gmail.com","Can Kaytaz ","z","[{""page_index"":0,""viewing_time"":8770.199999999022}]","","",""
