"rt","url","trial_type","trial_index","time_elapsed","internal_node_id","subject","subject_email","subject_name","group","view_history","id","correct","responses"
"25437.2999999905","resources/welcome.html","external-html","0","25241","0.0-0.0","1uuq5","fundanefise@gmail.com","Funda Özsoy","z","","","",""
"1657.6000000350177","","instructions","1","26905","0.0-1.0","1uuq5","fundanefise@gmail.com","Funda Özsoy","z","[{""page_index"":0,""viewing_time"":1652.6999999769032}]","","",""
"6625.699999975041","","survey-multi-choice","2","33548","0.0-2.0","1uuq5","fundanefise@gmail.com","Funda Özsoy","z","","F18","null","{""Q0"":""Sevinir""}"
"3116.400000057183","","survey-multi-choice","3","36677","0.0-3.0","1uuq5","fundanefise@gmail.com","Funda Özsoy","z","","Q18","Çilek","{""Q0"":""Çilek""}"
"10106.599999940954","","survey-multi-choice","4","46795","0.0-4.0","1uuq5","fundanefise@gmail.com","Funda Özsoy","z","","F08","null","{""Q0"":""Üzülür""}"
"5510.299999965355","","survey-multi-choice","5","52317","0.0-5.0","1uuq5","fundanefise@gmail.com","Funda Özsoy","z","","Q08","Tenis","{""Q0"":""Basketbol""}"
"6470.399999991059","","survey-multi-choice","6","58798","0.0-6.0","1uuq5","fundanefise@gmail.com","Funda Özsoy","z","","F19","null","{""Q0"":""Üzülür""}"
"2341.899999999441","","survey-multi-choice","7","61151","0.0-7.0","1uuq5","fundanefise@gmail.com","Funda Özsoy","z","","Q19","Fizik","{""Q0"":""Fizik""}"
"8163.499999907799","","survey-multi-choice","8","69157","0.0-8.0","1uuq5","fundanefise@gmail.com","Funda Özsoy","z","","C03","null","{""Q0"":""Üzülür""}"
"2906.7000000504777","","survey-multi-choice","9","72077","0.0-9.0","1uuq5","fundanefise@gmail.com","Funda Özsoy","z","","Q03","Ofis","{""Q0"":""Ofis""}"
"9549.69999997411","","survey-multi-choice","10","81450","0.0-10.0","1uuq5","fundanefise@gmail.com","Funda Özsoy","z","","F17","null","{""Q0"":""Üzülür""}"
"2598.3000000705943","","survey-multi-choice","11","84060","0.0-11.0","1uuq5","fundanefise@gmail.com","Funda Özsoy","z","","Q17","Öğle yemeği","{""Q0"":""Akşam yemeği""}"
"5453.39999999851","","survey-multi-choice","12","89523","0.0-12.0","1uuq5","fundanefise@gmail.com","Funda Özsoy","z","","F24","null","{""Q0"":""Sevinir""}"
"3331.99999993667","","survey-multi-choice","13","92865","0.0-13.0","1uuq5","fundanefise@gmail.com","Funda Özsoy","z","","Q24","Tokyo","{""Q0"":""Tokyo""}"
"3690.999999991618","","survey-multi-choice","14","96566","0.0-14.0","1uuq5","fundanefise@gmail.com","Funda Özsoy","z","","C04","null","{""Q0"":""Sevinir""}"
"2189.8999999975786","","survey-multi-choice","15","98767","0.0-15.0","1uuq5","fundanefise@gmail.com","Funda Özsoy","z","","Q04","Kamp","{""Q0"":""Kamp""}"
"2555.999999982305","","survey-multi-choice","16","101334","0.0-16.0","1uuq5","fundanefise@gmail.com","Funda Özsoy","z","","F20","null","{""Q0"":""Sevinir""}"
"2010.4000000283122","","survey-multi-choice","17","103355","0.0-17.0","1uuq5","fundanefise@gmail.com","Funda Özsoy","z","","Q20","Piyango bileti","{""Q0"":""Piyango bileti""}"
"7815.899999928661","","survey-multi-choice","18","111182","0.0-18.0","1uuq5","fundanefise@gmail.com","Funda Özsoy","z","","F11","null","{""Q0"":""Üzülür""}"
"3099.999999976717","","survey-multi-choice","19","114292","0.0-19.0","1uuq5","fundanefise@gmail.com","Funda Özsoy","z","","Q11","Ayakkabı","{""Q0"":""Ayakkabı""}"
"6513.599999947473","","survey-multi-choice","20","120818","0.0-20.0","1uuq5","fundanefise@gmail.com","Funda Özsoy","z","","F10","null","{""Q0"":""Sevinir""}"
"2437.099999981001","","survey-multi-choice","21","123266","0.0-21.0","1uuq5","fundanefise@gmail.com","Funda Özsoy","z","","Q10","Yüksek lisans","{""Q0"":""Yüksek lisans""}"
"7027.10000006482","","survey-multi-choice","22","130304","0.0-22.0","1uuq5","fundanefise@gmail.com","Funda Özsoy","z","","C05","null","{""Q0"":""Sevinir""}"
"3241.2000000476837","","survey-multi-choice","23","133557","0.0-23.0","1uuq5","fundanefise@gmail.com","Funda Özsoy","z","","Q05","Matematik","{""Q0"":""Matematik""}"
"7430.000000051223","","survey-multi-choice","24","140998","0.0-24.0","1uuq5","fundanefise@gmail.com","Funda Özsoy","z","","F23","null","{""Q0"":""Sevinir""}"
"2327.50000001397","","survey-multi-choice","25","143335","0.0-25.0","1uuq5","fundanefise@gmail.com","Funda Özsoy","z","","Q23","Çarpışan arabalar","{""Q0"":""Çarpışan arabalar""}"
"6365.299999946728","","survey-multi-choice","26","149711","0.0-26.0","1uuq5","fundanefise@gmail.com","Funda Özsoy","z","","F14","null","{""Q0"":""Sevinir""}"
"4309.599999920465","","survey-multi-choice","27","154033","0.0-27.0","1uuq5","fundanefise@gmail.com","Funda Özsoy","z","","Q14","Birinci","{""Q0"":""İkinci""}"
"7943.599999998696","","survey-multi-choice","28","161989","0.0-28.0","1uuq5","fundanefise@gmail.com","Funda Özsoy","z","","F22","null","{""Q0"":""Sevinir""}"
"4538.700000033714","","survey-multi-choice","29","166541","0.0-29.0","1uuq5","fundanefise@gmail.com","Funda Özsoy","z","","Q22","Yoğun","{""Q0"":""Sıkıcı""}"
"11477.500000037253","","survey-multi-choice","30","178029","0.0-30.0","1uuq5","fundanefise@gmail.com","Funda Özsoy","z","","C01","null","{""Q0"":""Sevinir""}"
"3209.2999999877065","","survey-multi-choice","31","181250","0.0-31.0","1uuq5","fundanefise@gmail.com","Funda Özsoy","z","","Q01","Arda","{""Q0"":""Arda""}"
"8844.50000000652","","survey-multi-choice","32","190106","0.0-32.0","1uuq5","fundanefise@gmail.com","Funda Özsoy","z","","F13","null","{""Q0"":""Sevinir""}"
"4617.499999934807","","survey-multi-choice","33","194736","0.0-33.0","1uuq5","fundanefise@gmail.com","Funda Özsoy","z","","Q13","Kars","{""Q0"":""Kars""}"
"19609.200000064448","","survey-multi-choice","34","214357","0.0-34.0","1uuq5","fundanefise@gmail.com","Funda Özsoy","z","","F07","null","{""Q0"":""Üzülür""}"
"4429.599999915808","","survey-multi-choice","35","218799","0.0-35.0","1uuq5","fundanefise@gmail.com","Funda Özsoy","z","","Q07","Kardan adam","{""Q0"":""Kartopu savaşı""}"
"7367.199999978766","","survey-multi-choice","36","226191","0.0-36.0","1uuq5","fundanefise@gmail.com","Funda Özsoy","z","","C06","null","{""Q0"":""Üzülür""}"
"3798.9999999990687","","survey-multi-choice","37","230002","0.0-37.0","1uuq5","fundanefise@gmail.com","Funda Özsoy","z","","Q06","Müdür","{""Q0"":""Müdür""}"
"6035.700000007637","","survey-multi-choice","38","236048","0.0-38.0","1uuq5","fundanefise@gmail.com","Funda Özsoy","z","","F16","null","{""Q0"":""Sevinir""}"
"2225.6999999517575","","survey-multi-choice","39","238285","0.0-39.0","1uuq5","fundanefise@gmail.com","Funda Özsoy","z","","Q16","Kafe","{""Q0"":""Kafe""}"
"7255.800000042655","","survey-multi-choice","40","245551","0.0-40.0","1uuq5","fundanefise@gmail.com","Funda Özsoy","z","","F21","null","{""Q0"":""Üzülür""}"
"3148.600000073202","","survey-multi-choice","41","248712","0.0-41.0","1uuq5","fundanefise@gmail.com","Funda Özsoy","z","","Q21","Odun","{""Q0"":""Odun""}"
"18670.90000002645","","survey-multi-choice","42","267395","0.0-42.0","1uuq5","fundanefise@gmail.com","Funda Özsoy","z","","C02","null","{""Q0"":""Sevinir""}"
"6512.700000079349","","survey-multi-choice","43","273920","0.0-43.0","1uuq5","fundanefise@gmail.com","Funda Özsoy","z","","Q02","Oyuncak bebek","{""Q0"":""Ayakkabı""}"
"11874.199999962002","","survey-multi-choice","44","285805","0.0-44.0","1uuq5","fundanefise@gmail.com","Funda Özsoy","z","","F09","null","{""Q0"":""Sevinir""}"
"3096.6999999945983","","survey-multi-choice","45","288917","0.0-45.0","1uuq5","fundanefise@gmail.com","Funda Özsoy","z","","Q09","Yemekhane","{""Q0"":""Yemekhane""}"
"7540.900000021793","","survey-multi-choice","46","296468","0.0-46.0","1uuq5","fundanefise@gmail.com","Funda Özsoy","z","","F12","null","{""Q0"":""Sevinir""}"
"3063.1000000284985","","survey-multi-choice","47","299543","0.0-47.0","1uuq5","fundanefise@gmail.com","Funda Özsoy","z","","Q12","Para biriktirmek","{""Q0"":""Para biriktirmek""}"
"8298.400000086986","","survey-multi-choice","48","307853","0.0-48.0","1uuq5","fundanefise@gmail.com","Funda Özsoy","z","","F15","null","{""Q0"":""Sevinir""}"
"4493.000000016764","","survey-multi-choice","49","312358","0.0-49.0","1uuq5","fundanefise@gmail.com","Funda Özsoy","z","","Q15","Altı","{""Q0"":""Altı""}"
"1496.3999999454245","","instructions","50","313896","0.0-50.0","1uuq5","fundanefise@gmail.com","Funda Özsoy","z","[{""page_index"":0,""viewing_time"":1494.7000000393018}]","","",""
