"rt","url","trial_type","trial_index","time_elapsed","internal_node_id","subject","subject_email","subject_name","group","view_history","id","correct","responses"
"67258.09499999741","resources/welcome.html","external-html","0","67358","0.0-0.0","hbkaz","ertuilhan@yandex.com","Ertuğ","z","","","",""
"8142.410000000382","","instructions","1","75502","0.0-1.0","hbkaz","ertuilhan@yandex.com","Ertuğ","z","[{""page_index"":0,""viewing_time"":8141.210000001593}]","","",""
"47865.79999999958","","survey-multi-choice","2","123372","0.0-2.0","hbkaz","ertuilhan@yandex.com","Ertuğ","z","","F13","null","{""Q0"":""Sevinir""}"
"3197.905000008177","","survey-multi-choice","3","126578","0.0-3.0","hbkaz","ertuilhan@yandex.com","Ertuğ","z","","Q13","Kars","{""Q0"":""Kars""}"
"10008.995000011055","","survey-multi-choice","4","136596","0.0-4.0","hbkaz","ertuilhan@yandex.com","Ertuğ","z","","F24","null","{""Q0"":""Sevinir""}"
"2566.1850000033155","","survey-multi-choice","5","139173","0.0-5.0","hbkaz","ertuilhan@yandex.com","Ertuğ","z","","Q24","Tokyo","{""Q0"":""Tokyo""}"
"11671.629999997094","","survey-multi-choice","6","150852","0.0-6.0","hbkaz","ertuilhan@yandex.com","Ertuğ","z","","F23","null","{""Q0"":""Üzülür""}"
"2243.0500000191387","","survey-multi-choice","7","153107","0.0-7.0","hbkaz","ertuilhan@yandex.com","Ertuğ","z","","Q23","Çarpışan arabalar","{""Q0"":""Çarpışan arabalar""}"
"10402.969999995548","","survey-multi-choice","8","163520","0.0-8.0","hbkaz","ertuilhan@yandex.com","Ertuğ","z","","C06","null","{""Q0"":""Sevinir""}"
"4227.324999985285","","survey-multi-choice","9","167758","0.0-9.0","hbkaz","ertuilhan@yandex.com","Ertuğ","z","","Q06","Müdür","{""Q0"":""Müdür""}"
"16296.759999997448","","survey-multi-choice","10","184064","0.0-10.0","hbkaz","ertuilhan@yandex.com","Ertuğ","z","","F10","null","{""Q0"":""Sevinir""}"
"2629.9199999775738","","survey-multi-choice","11","186704","0.0-11.0","hbkaz","ertuilhan@yandex.com","Ertuğ","z","","Q10","Yüksek lisans","{""Q0"":""Yüksek lisans""}"
"9398.760000010952","","survey-multi-choice","12","196113","0.0-12.0","hbkaz","ertuilhan@yandex.com","Ertuğ","z","","F20","null","{""Q0"":""Üzülür""}"
"1989.945000008447","","survey-multi-choice","13","198113","0.0-13.0","hbkaz","ertuilhan@yandex.com","Ertuğ","z","","Q20","Piyango bileti","{""Q0"":""Piyango bileti""}"
"12168.225000001257","","survey-multi-choice","14","210291","0.0-14.0","hbkaz","ertuilhan@yandex.com","Ertuğ","z","","C01","null","{""Q0"":""Üzülür""}"
"3037.75499999756","","survey-multi-choice","15","213336","0.0-15.0","hbkaz","ertuilhan@yandex.com","Ertuğ","z","","Q01","Arda","{""Q0"":""Arda""}"
"11423.749999987194","","survey-multi-choice","16","224770","0.0-16.0","hbkaz","ertuilhan@yandex.com","Ertuğ","z","","F18","null","{""Q0"":""Sevinir""}"
"1711.2400000041816","","survey-multi-choice","17","226490","0.0-17.0","hbkaz","ertuilhan@yandex.com","Ertuğ","z","","Q18","Çilek","{""Q0"":""Çilek""}"
"10015.790000004927","","survey-multi-choice","18","236516","0.0-18.0","hbkaz","ertuilhan@yandex.com","Ertuğ","z","","F16","null","{""Q0"":""Sevinir""}"
"2165.1549999951385","","survey-multi-choice","19","238691","0.0-19.0","hbkaz","ertuilhan@yandex.com","Ertuğ","z","","Q16","Kafe","{""Q0"":""Kafe""}"
"19335.84499999415","","survey-multi-choice","20","258036","0.0-20.0","hbkaz","ertuilhan@yandex.com","Ertuğ","z","","F14","null","{""Q0"":""Sevinir""}"
"2711.825000005774","","survey-multi-choice","21","260758","0.0-21.0","hbkaz","ertuilhan@yandex.com","Ertuğ","z","","Q14","Birinci","{""Q0"":""İkinci""}"
"5911.145000020042","","survey-multi-choice","22","266678","0.0-22.0","hbkaz","ertuilhan@yandex.com","Ertuğ","z","","C05","null","{""Q0"":""Üzülür""}"
"2071.44500000868","","survey-multi-choice","23","268759","0.0-23.0","hbkaz","ertuilhan@yandex.com","Ertuğ","z","","Q05","Matematik","{""Q0"":""Matematik""}"
"13142.24999997532","","survey-multi-choice","24","281910","0.0-24.0","hbkaz","ertuilhan@yandex.com","Ertuğ","z","","F12","null","{""Q0"":""Sevinir""}"
"3075.474999990547","","survey-multi-choice","25","284995","0.0-25.0","hbkaz","ertuilhan@yandex.com","Ertuğ","z","","Q12","Para biriktirmek","{""Q0"":""Para biriktirmek""}"
"13184.900000022026","","survey-multi-choice","26","298189","0.0-26.0","hbkaz","ertuilhan@yandex.com","Ertuğ","z","","F17","null","{""Q0"":""Üzülür""}"
"3303.6550000251736","","survey-multi-choice","27","301502","0.0-27.0","hbkaz","ertuilhan@yandex.com","Ertuğ","z","","Q17","Öğle yemeği","{""Q0"":""Akşam yemeği""}"
"24538.424999976996","","survey-multi-choice","28","326051","0.0-28.0","hbkaz","ertuilhan@yandex.com","Ertuğ","z","","F19","null","{""Q0"":""Üzülür""}"
"2292.1750000095926","","survey-multi-choice","29","328353","0.0-29.0","hbkaz","ertuilhan@yandex.com","Ertuğ","z","","Q19","Fizik","{""Q0"":""Fizik""}"
"24732.940000016242","","survey-multi-choice","30","353097","0.0-30.0","hbkaz","ertuilhan@yandex.com","Ertuğ","z","","C02","null","{""Q0"":""Sevinir""}"
"2972.2100000071805","","survey-multi-choice","31","356077","0.0-31.0","hbkaz","ertuilhan@yandex.com","Ertuğ","z","","Q02","Oyuncak bebek","{""Q0"":""Oyuncak bebek""}"
"7808.534999989206","","survey-multi-choice","32","363894","0.0-32.0","hbkaz","ertuilhan@yandex.com","Ertuğ","z","","F08","null","{""Q0"":""Sevinir""}"
"2184.515000000829","","survey-multi-choice","33","366089","0.0-33.0","hbkaz","ertuilhan@yandex.com","Ertuğ","z","","Q08","Tenis","{""Q0"":""Tenis""}"
"7679.659999994328","","survey-multi-choice","34","373777","0.0-34.0","hbkaz","ertuilhan@yandex.com","Ertuğ","z","","F11","null","{""Q0"":""Üzülür""}"
"2066.4549999928568","","survey-multi-choice","35","375854","0.0-35.0","hbkaz","ertuilhan@yandex.com","Ertuğ","z","","Q11","Ayakkabı","{""Q0"":""Ayakkabı""}"
"23054.094999999506","","survey-multi-choice","36","398916","0.0-36.0","hbkaz","ertuilhan@yandex.com","Ertuğ","z","","C03","null","{""Q0"":""Üzülür""}"
"5771.575000020675","","survey-multi-choice","37","404699","0.0-37.0","hbkaz","ertuilhan@yandex.com","Ertuğ","z","","Q03","Ofis","{""Q0"":""Mağaza""}"
"7677.465000015218","","survey-multi-choice","38","412384","0.0-38.0","hbkaz","ertuilhan@yandex.com","Ertuğ","z","","F21","null","{""Q0"":""Üzülür""}"
"2398.3750000188593","","survey-multi-choice","39","414792","0.0-39.0","hbkaz","ertuilhan@yandex.com","Ertuğ","z","","Q21","Odun","{""Q0"":""Odun""}"
"11934.875000006286","","survey-multi-choice","40","426737","0.0-40.0","hbkaz","ertuilhan@yandex.com","Ertuğ","z","","F22","null","{""Q0"":""Sevinir""}"
"2513.524999987567","","survey-multi-choice","41","429261","0.0-41.0","hbkaz","ertuilhan@yandex.com","Ertuğ","z","","Q22","Yoğun","{""Q0"":""Yoğun""}"
"19039.649999991525","","survey-multi-choice","42","448310","0.0-42.0","hbkaz","ertuilhan@yandex.com","Ertuğ","z","","C04","null","{""Q0"":""Sevinir""}"
"2140.7600000093225","","survey-multi-choice","43","450461","0.0-43.0","hbkaz","ertuilhan@yandex.com","Ertuğ","z","","Q04","Kamp","{""Q0"":""Kamp""}"
"25609.5900000073","","survey-multi-choice","44","476082","0.0-44.0","hbkaz","ertuilhan@yandex.com","Ertuğ","z","","F15","null","{""Q0"":""Sevinir""}"
"1693.8549999904353","","survey-multi-choice","45","477788","0.0-45.0","hbkaz","ertuilhan@yandex.com","Ertuğ","z","","Q15","Altı","{""Q0"":""Altı""}"
"7230.229999986477","","survey-multi-choice","46","485027","0.0-46.0","hbkaz","ertuilhan@yandex.com","Ertuğ","z","","F07","null","{""Q0"":""Üzülür""}"
"2195.3950000170153","","survey-multi-choice","47","487232","0.0-47.0","hbkaz","ertuilhan@yandex.com","Ertuğ","z","","Q07","Kardan adam","{""Q0"":""Kardan adam""}"
"11091.524999996182","","survey-multi-choice","48","498333","0.0-48.0","hbkaz","ertuilhan@yandex.com","Ertuğ","z","","F09","null","{""Q0"":""Sevinir""}"
"2074.3950000032783","","survey-multi-choice","49","500419","0.0-49.0","hbkaz","ertuilhan@yandex.com","Ertuğ","z","","Q09","Yemekhane","{""Q0"":""Yemekhane""}"
"3106.80500001763","","instructions","50","503541","0.0-50.0","hbkaz","ertuilhan@yandex.com","Ertuğ","z","[{""page_index"":0,""viewing_time"":3106.1599999957252}]","","",""
