"rt","url","trial_type","trial_index","time_elapsed","internal_node_id","subject","subject_email","subject_name","group","view_history","id","correct","responses"
"33391.72999999573","resources/welcome.html","external-html","0","33491","0.0-0.0","vp5a7","sarielifezgi@gmail.com","Elif Ezgi Sarı","z","","","",""
"17884.890000001178","","instructions","1","51376","0.0-1.0","vp5a7","sarielifezgi@gmail.com","Elif Ezgi Sarı","z","[{""page_index"":0,""viewing_time"":17884.330000000773}]","","",""
"14584.985000001325","","survey-multi-choice","2","65965","0.0-2.0","vp5a7","sarielifezgi@gmail.com","Elif Ezgi Sarı","z","","F18","null","{""Q0"":""Sevinir""}"
"4792.669999995269","","survey-multi-choice","3","70759","0.0-3.0","vp5a7","sarielifezgi@gmail.com","Elif Ezgi Sarı","z","","Q18","Çilek","{""Q0"":""Çilek""}"
"18266.789999994216","","survey-multi-choice","4","89027","0.0-4.0","vp5a7","sarielifezgi@gmail.com","Elif Ezgi Sarı","z","","F15","null","{""Q0"":""Üzülür""}"
"3883.8050000049407","","survey-multi-choice","5","92913","0.0-5.0","vp5a7","sarielifezgi@gmail.com","Elif Ezgi Sarı","z","","Q15","Altı","{""Q0"":""Altı""}"
"18351.815000001807","","survey-multi-choice","6","111266","0.0-6.0","vp5a7","sarielifezgi@gmail.com","Elif Ezgi Sarı","z","","F14","null","{""Q0"":""Sevinir""}"
"4704.584999999497","","survey-multi-choice","7","115972","0.0-7.0","vp5a7","sarielifezgi@gmail.com","Elif Ezgi Sarı","z","","Q14","Birinci","{""Q0"":""İkinci""}"
"15993.524999998044","","survey-multi-choice","8","131967","0.0-8.0","vp5a7","sarielifezgi@gmail.com","Elif Ezgi Sarı","z","","C06","null","{""Q0"":""Sevinir""}"
"5070.904999993218","","survey-multi-choice","9","137040","0.0-9.0","vp5a7","sarielifezgi@gmail.com","Elif Ezgi Sarı","z","","Q06","Müdür","{""Q0"":""Müdür""}"
"8633.710000001884","","survey-multi-choice","10","145675","0.0-10.0","vp5a7","sarielifezgi@gmail.com","Elif Ezgi Sarı","z","","F07","null","{""Q0"":""Üzülür""}"
"3370.4500000021653","","survey-multi-choice","11","149047","0.0-11.0","vp5a7","sarielifezgi@gmail.com","Elif Ezgi Sarı","z","","Q07","Kardan adam","{""Q0"":""Kardan adam""}"
"9960.395000001881","","survey-multi-choice","12","159009","0.0-12.0","vp5a7","sarielifezgi@gmail.com","Elif Ezgi Sarı","z","","F23","null","{""Q0"":""Üzülür""}"
"4301.4650000041","","survey-multi-choice","13","163312","0.0-13.0","vp5a7","sarielifezgi@gmail.com","Elif Ezgi Sarı","z","","Q23","Çarpışan arabalar","{""Q0"":""Çarpışan arabalar""}"
"12840.980000000854","","survey-multi-choice","14","176154","0.0-14.0","vp5a7","sarielifezgi@gmail.com","Elif Ezgi Sarı","z","","C04","null","{""Q0"":""Sevinir""}"
"3011.194999999134","","survey-multi-choice","15","179167","0.0-15.0","vp5a7","sarielifezgi@gmail.com","Elif Ezgi Sarı","z","","Q04","Kamp","{""Q0"":""Kamp""}"
"19976.75000000163","","survey-multi-choice","16","199145","0.0-16.0","vp5a7","sarielifezgi@gmail.com","Elif Ezgi Sarı","z","","F19","null","{""Q0"":""Üzülür""}"
"3377.5099999984377","","survey-multi-choice","17","202524","0.0-17.0","vp5a7","sarielifezgi@gmail.com","Elif Ezgi Sarı","z","","Q19","Fizik","{""Q0"":""Fizik""}"
"10604.61000000214","","survey-multi-choice","18","213131","0.0-18.0","vp5a7","sarielifezgi@gmail.com","Elif Ezgi Sarı","z","","F17","null","{""Q0"":""Üzülür""}"
"6052.934999999707","","survey-multi-choice","19","219185","0.0-19.0","vp5a7","sarielifezgi@gmail.com","Elif Ezgi Sarı","z","","Q17","Öğle yemeği","{""Q0"":""Akşam yemeği""}"
"9416.575000002922","","survey-multi-choice","20","228603","0.0-20.0","vp5a7","sarielifezgi@gmail.com","Elif Ezgi Sarı","z","","F13","null","{""Q0"":""Sevinir""}"
"2380.2550000036717","","survey-multi-choice","21","230985","0.0-21.0","vp5a7","sarielifezgi@gmail.com","Elif Ezgi Sarı","z","","Q13","Kars","{""Q0"":""Kars""}"
"40445.34500000009","","survey-multi-choice","22","271432","0.0-22.0","vp5a7","sarielifezgi@gmail.com","Elif Ezgi Sarı","z","","C03","null","{""Q0"":""Üzülür""}"
"5276.695000000473","","survey-multi-choice","23","276710","0.0-23.0","vp5a7","sarielifezgi@gmail.com","Elif Ezgi Sarı","z","","Q03","Ofis","{""Q0"":""Ofis""}"
"14974.73500000342","","survey-multi-choice","24","291686","0.0-24.0","vp5a7","sarielifezgi@gmail.com","Elif Ezgi Sarı","z","","F10","null","{""Q0"":""Sevinir""}"
"5855.6099999987055","","survey-multi-choice","25","297543","0.0-25.0","vp5a7","sarielifezgi@gmail.com","Elif Ezgi Sarı","z","","Q10","Yüksek lisans","{""Q0"":""Yüksek lisans""}"
"29137.25500000146","","survey-multi-choice","26","326682","0.0-26.0","vp5a7","sarielifezgi@gmail.com","Elif Ezgi Sarı","z","","F20","null","{""Q0"":""Üzülür""}"
"3377.5650000025053","","survey-multi-choice","27","330061","0.0-27.0","vp5a7","sarielifezgi@gmail.com","Elif Ezgi Sarı","z","","Q20","Piyango bileti","{""Q0"":""Piyango bileti""}"
"19035.60500000458","","survey-multi-choice","28","349099","0.0-28.0","vp5a7","sarielifezgi@gmail.com","Elif Ezgi Sarı","z","","F08","null","{""Q0"":""Üzülür""}"
"6067.84499999776","","survey-multi-choice","29","355168","0.0-29.0","vp5a7","sarielifezgi@gmail.com","Elif Ezgi Sarı","z","","Q08","Tenis","{""Q0"":""Tenis""}"
"14665.70500000671","","survey-multi-choice","30","369835","0.0-30.0","vp5a7","sarielifezgi@gmail.com","Elif Ezgi Sarı","z","","C02","null","{""Q0"":""Sevinir""}"
"4161.404999998922","","survey-multi-choice","31","373998","0.0-31.0","vp5a7","sarielifezgi@gmail.com","Elif Ezgi Sarı","z","","Q02","Oyuncak bebek","{""Q0"":""Oyuncak bebek""}"
"11520.040000003064","","survey-multi-choice","32","385520","0.0-32.0","vp5a7","sarielifezgi@gmail.com","Elif Ezgi Sarı","z","","F24","null","{""Q0"":""Sevinir""}"
"2211.97000000393","","survey-multi-choice","33","387734","0.0-33.0","vp5a7","sarielifezgi@gmail.com","Elif Ezgi Sarı","z","","Q24","Tokyo","{""Q0"":""Tokyo""}"
"23794.050000004063","","survey-multi-choice","34","411529","0.0-34.0","vp5a7","sarielifezgi@gmail.com","Elif Ezgi Sarı","z","","F12","null","{""Q0"":""Sevinir""}"
"5891.415000005509","","survey-multi-choice","35","417422","0.0-35.0","vp5a7","sarielifezgi@gmail.com","Elif Ezgi Sarı","z","","Q12","Para biriktirmek","{""Q0"":""Para biriktirmek""}"
"36885.34999999683","","survey-multi-choice","36","454315","0.0-36.0","vp5a7","sarielifezgi@gmail.com","Elif Ezgi Sarı","z","","C05","null","{""Q0"":""Sevinir""}"
"3701.7699999996694","","survey-multi-choice","37","458019","0.0-37.0","vp5a7","sarielifezgi@gmail.com","Elif Ezgi Sarı","z","","Q05","Matematik","{""Q0"":""Matematik""}"
"17365.294999995967","","survey-multi-choice","38","475386","0.0-38.0","vp5a7","sarielifezgi@gmail.com","Elif Ezgi Sarı","z","","F09","null","{""Q0"":""Sevinir""}"
"4118.0899999963","","survey-multi-choice","39","479506","0.0-39.0","vp5a7","sarielifezgi@gmail.com","Elif Ezgi Sarı","z","","Q09","Yemekhane","{""Q0"":""Yemekhane""}"
"9264.714999997523","","survey-multi-choice","40","488772","0.0-40.0","vp5a7","sarielifezgi@gmail.com","Elif Ezgi Sarı","z","","F21","null","{""Q0"":""Üzülür""}"
"3092.04999999929","","survey-multi-choice","41","491865","0.0-41.0","vp5a7","sarielifezgi@gmail.com","Elif Ezgi Sarı","z","","Q21","Odun","{""Q0"":""Odun""}"
"8971.06000000349","","survey-multi-choice","42","500838","0.0-42.0","vp5a7","sarielifezgi@gmail.com","Elif Ezgi Sarı","z","","C01","null","{""Q0"":""Sevinir""}"
"2622.8900000060094","","survey-multi-choice","43","503462","0.0-43.0","vp5a7","sarielifezgi@gmail.com","Elif Ezgi Sarı","z","","Q01","Arda","{""Q0"":""Arda""}"
"9850.064999998722","","survey-multi-choice","44","513314","0.0-44.0","vp5a7","sarielifezgi@gmail.com","Elif Ezgi Sarı","z","","F11","null","{""Q0"":""Üzülür""}"
"2732.6800000009825","","survey-multi-choice","45","516048","0.0-45.0","vp5a7","sarielifezgi@gmail.com","Elif Ezgi Sarı","z","","Q11","Ayakkabı","{""Q0"":""Ayakkabı""}"
"11976.0399999941","","survey-multi-choice","46","528026","0.0-46.0","vp5a7","sarielifezgi@gmail.com","Elif Ezgi Sarı","z","","F22","null","{""Q0"":""Sevinir""}"
"3025.5450000041164","","survey-multi-choice","47","531053","0.0-47.0","vp5a7","sarielifezgi@gmail.com","Elif Ezgi Sarı","z","","Q22","Yoğun","{""Q0"":""Yoğun""}"
"8464.594999997644","","survey-multi-choice","48","539519","0.0-48.0","vp5a7","sarielifezgi@gmail.com","Elif Ezgi Sarı","z","","F16","null","{""Q0"":""Sevinir""}"
"2263.559999999474","","survey-multi-choice","49","541784","0.0-49.0","vp5a7","sarielifezgi@gmail.com","Elif Ezgi Sarı","z","","Q16","Kafe","{""Q0"":""Kafe""}"
"10016.835000002291","","instructions","50","551804","0.0-50.0","vp5a7","sarielifezgi@gmail.com","Elif Ezgi Sarı","z","[{""page_index"":0,""viewing_time"":10016.564999998081}]","","",""
