"rt","url","trial_type","trial_index","time_elapsed","internal_node_id","subject","subject_email","subject_name","group","view_history","id","correct","responses"
"51919.00000000001","resources/welcome.html","external-html","0","52066","0.0-0.0","ozf3b","oykudemir2006@hotmail.com","Öykü","z","","","",""
"21852.999999999993","","instructions","1","73922","0.0-1.0","ozf3b","oykudemir2006@hotmail.com","Öykü","z","[{""page_index"":0,""viewing_time"":21852.000000000007}]","","",""
"17443.999999999985","","survey-multi-choice","2","91377","0.0-2.0","ozf3b","oykudemir2006@hotmail.com","Öykü","z","","F16","null","{""Q0"":""Sevinir""}"
"3588","","survey-multi-choice","3","94971","0.0-3.0","ozf3b","oykudemir2006@hotmail.com","Öykü","z","","Q16","Kafe","{""Q0"":""Kafe""}"
"15425.000000000015","","survey-multi-choice","4","110404","0.0-4.0","ozf3b","oykudemir2006@hotmail.com","Öykü","z","","F12","null","{""Q0"":""Sevinir""}"
"4509","","survey-multi-choice","5","114931","0.0-5.0","ozf3b","oykudemir2006@hotmail.com","Öykü","z","","Q12","Para biriktirmek","{""Q0"":""Para biriktirmek""}"
"8502","","survey-multi-choice","6","123440","0.0-6.0","ozf3b","oykudemir2006@hotmail.com","Öykü","z","","F11","null","{""Q0"":""Üzülür""}"
"3518","","survey-multi-choice","7","126966","0.0-7.0","ozf3b","oykudemir2006@hotmail.com","Öykü","z","","Q11","Ayakkabı","{""Q0"":""Ayakkabı""}"
"14927.00000000003","","survey-multi-choice","8","141901","0.0-8.0","ozf3b","oykudemir2006@hotmail.com","Öykü","z","","C03","null","{""Q0"":""Üzülür""}"
"3926","","survey-multi-choice","9","145836","0.0-9.0","ozf3b","oykudemir2006@hotmail.com","Öykü","z","","Q03","Ofis","{""Q0"":""Fabrika""}"
"14664","","survey-multi-choice","10","160509","0.0-10.0","ozf3b","oykudemir2006@hotmail.com","Öykü","z","","F13","null","{""Q0"":""Sevinir""}"
"2464","","survey-multi-choice","11","162982","0.0-11.0","ozf3b","oykudemir2006@hotmail.com","Öykü","z","","Q13","Kars","{""Q0"":""Kars""}"
"11186","","survey-multi-choice","12","174178","0.0-12.0","ozf3b","oykudemir2006@hotmail.com","Öykü","z","","F19","null","{""Q0"":""Üzülür""}"
"2566.000000000029","","survey-multi-choice","13","176758","0.0-13.0","ozf3b","oykudemir2006@hotmail.com","Öykü","z","","Q19","Fizik","{""Q0"":""Fizik""}"
"20814.99999999997","","survey-multi-choice","14","197579","0.0-14.0","ozf3b","oykudemir2006@hotmail.com","Öykü","z","","C02","null","{""Q0"":""Sevinir""}"
"3032","","survey-multi-choice","15","200623","0.0-15.0","ozf3b","oykudemir2006@hotmail.com","Öykü","z","","Q02","Oyuncak bebek","{""Q0"":""Oyuncak bebek""}"
"22885","","survey-multi-choice","16","223515","0.0-16.0","ozf3b","oykudemir2006@hotmail.com","Öykü","z","","F07","null","{""Q0"":""Üzülür""}"
"4821","","survey-multi-choice","17","228345","0.0-17.0","ozf3b","oykudemir2006@hotmail.com","Öykü","z","","Q07","Kardan adam","{""Q0"":""Kardan adam""}"
"10048","","survey-multi-choice","18","238401","0.0-18.0","ozf3b","oykudemir2006@hotmail.com","Öykü","z","","F22","null","{""Q0"":""Sevinir""}"
"4191.999999999971","","survey-multi-choice","19","242636","0.0-19.0","ozf3b","oykudemir2006@hotmail.com","Öykü","z","","Q22","Yoğun","{""Q0"":""Yoğun""}"
"14435.99999999997","","survey-multi-choice","20","257081","0.0-20.0","ozf3b","oykudemir2006@hotmail.com","Öykü","z","","F20","null","{""Q0"":""Üzülür""}"
"2903","","survey-multi-choice","21","259993","0.0-21.0","ozf3b","oykudemir2006@hotmail.com","Öykü","z","","Q20","Piyango bileti","{""Q0"":""Piyango bileti""}"
"16316.999999999942","","survey-multi-choice","22","276317","0.0-22.0","ozf3b","oykudemir2006@hotmail.com","Öykü","z","","C05","null","{""Q0"":""Üzülür""}"
"3075","","survey-multi-choice","23","279403","0.0-23.0","ozf3b","oykudemir2006@hotmail.com","Öykü","z","","Q05","Matematik","{""Q0"":""Matematik""}"
"11012","","survey-multi-choice","24","290427","0.0-24.0","ozf3b","oykudemir2006@hotmail.com","Öykü","z","","F18","null","{""Q0"":""Sevinir""}"
"3678","","survey-multi-choice","25","294112","0.0-25.0","ozf3b","oykudemir2006@hotmail.com","Öykü","z","","Q18","Çilek","{""Q0"":""Çilek""}"
"14290","","survey-multi-choice","26","308410","0.0-26.0","ozf3b","oykudemir2006@hotmail.com","Öykü","z","","F17","null","{""Q0"":""Üzülür""}"
"4683","","survey-multi-choice","27","313102","0.0-27.0","ozf3b","oykudemir2006@hotmail.com","Öykü","z","","Q17","Öğle yemeği","{""Q0"":""Akşam yemeği""}"
"7462","","survey-multi-choice","28","320570","0.0-28.0","ozf3b","oykudemir2006@hotmail.com","Öykü","z","","F21","null","{""Q0"":""Üzülür""}"
"3062.000000000058","","survey-multi-choice","29","323638","0.0-29.0","ozf3b","oykudemir2006@hotmail.com","Öykü","z","","Q21","Odun","{""Q0"":""Odun""}"
"9078","","survey-multi-choice","30","332723","0.0-30.0","ozf3b","oykudemir2006@hotmail.com","Öykü","z","","C06","null","{""Q0"":""Sevinir""}"
"3456","","survey-multi-choice","31","336189","0.0-31.0","ozf3b","oykudemir2006@hotmail.com","Öykü","z","","Q06","Müdür","{""Q0"":""Müdür""}"
"5943","","survey-multi-choice","32","342139","0.0-32.0","ozf3b","oykudemir2006@hotmail.com","Öykü","z","","F23","null","{""Q0"":""Üzülür""}"
"3618","","survey-multi-choice","33","345765","0.0-33.0","ozf3b","oykudemir2006@hotmail.com","Öykü","z","","Q23","Çarpışan arabalar","{""Q0"":""Çarpışan arabalar""}"
"20749","","survey-multi-choice","34","366522","0.0-34.0","ozf3b","oykudemir2006@hotmail.com","Öykü","z","","F15","null","{""Q0"":""Üzülür""}"
"2344","","survey-multi-choice","35","368873","0.0-35.0","ozf3b","oykudemir2006@hotmail.com","Öykü","z","","Q15","Altı","{""Q0"":""Altı""}"
"15079","","survey-multi-choice","36","383959","0.0-36.0","ozf3b","oykudemir2006@hotmail.com","Öykü","z","","C04","null","{""Q0"":""Sevinir""}"
"5542","","survey-multi-choice","37","389509","0.0-37.0","ozf3b","oykudemir2006@hotmail.com","Öykü","z","","Q04","Kamp","{""Q0"":""Kamp""}"
"19843","","survey-multi-choice","38","409359","0.0-38.0","ozf3b","oykudemir2006@hotmail.com","Öykü","z","","F14","null","{""Q0"":""Sevinir""}"
"3193","","survey-multi-choice","39","412560","0.0-39.0","ozf3b","oykudemir2006@hotmail.com","Öykü","z","","Q14","Birinci","{""Q0"":""İkinci""}"
"9855","","survey-multi-choice","40","422423","0.0-40.0","ozf3b","oykudemir2006@hotmail.com","Öykü","z","","F09","null","{""Q0"":""Sevinir""}"
"6363","","survey-multi-choice","41","428795","0.0-41.0","ozf3b","oykudemir2006@hotmail.com","Öykü","z","","Q09","Yemekhane","{""Q0"":""Yemekhane""}"
"7394.999999999942","","survey-multi-choice","42","436196","0.0-42.0","ozf3b","oykudemir2006@hotmail.com","Öykü","z","","C01","null","{""Q0"":""Üzülür""}"
"3489","","survey-multi-choice","43","439696","0.0-43.0","ozf3b","oykudemir2006@hotmail.com","Öykü","z","","Q01","Arda","{""Q0"":""Arda""}"
"9103","","survey-multi-choice","44","448806","0.0-44.0","ozf3b","oykudemir2006@hotmail.com","Öykü","z","","F08","null","{""Q0"":""Üzülür""}"
"4459","","survey-multi-choice","45","453274","0.0-45.0","ozf3b","oykudemir2006@hotmail.com","Öykü","z","","Q08","Tenis","{""Q0"":""Tenis""}"
"12105","","survey-multi-choice","46","465386","0.0-46.0","ozf3b","oykudemir2006@hotmail.com","Öykü","z","","F24","null","{""Q0"":""Sevinir""}"
"1964","","survey-multi-choice","47","467361","0.0-47.0","ozf3b","oykudemir2006@hotmail.com","Öykü","z","","Q24","Tokyo","{""Q0"":""Tokyo""}"
"9523","","survey-multi-choice","48","476895","0.0-48.0","ozf3b","oykudemir2006@hotmail.com","Öykü","z","","F10","null","{""Q0"":""Sevinir""}"
"3378","","survey-multi-choice","49","480279","0.0-49.0","ozf3b","oykudemir2006@hotmail.com","Öykü","z","","Q10","Yüksek lisans","{""Q0"":""Yüksek lisans""}"
"3243.000000000058","","instructions","50","483534","0.0-50.0","ozf3b","oykudemir2006@hotmail.com","Öykü","z","[{""page_index"":0,""viewing_time"":3243.000000000058}]","","",""
