"rt","url","trial_type","trial_index","time_elapsed","internal_node_id","subject","subject_email","subject_name","group","view_history","id","correct","responses"
"4341110.400000001","resources/welcome.html","external-html","0","15593706","0.0-0.0","nbxaq","Batuhan.karapinar@outlook.com","Batuhan karapınat","z","","","",""
"21908.900000002235","","instructions","1","15615631","0.0-1.0","nbxaq","Batuhan.karapinar@outlook.com","Batuhan karapınat","z","[{""page_index"":0,""viewing_time"":21900.900000000373}]","","",""
"12008.799999996088","","survey-multi-choice","2","15627676","0.0-2.0","nbxaq","Batuhan.karapinar@outlook.com","Batuhan karapınat","z","","F11","null","{""Q0"":""Üzülür""}"
"3663.0000000009313","","survey-multi-choice","3","15631364","0.0-3.0","nbxaq","Batuhan.karapinar@outlook.com","Batuhan karapınat","z","","Q11","Ayakkabı","{""Q0"":""Ayakkabı""}"
"14178.89999999851","","survey-multi-choice","4","15645560","0.0-4.0","nbxaq","Batuhan.karapinar@outlook.com","Batuhan karapınat","z","","F09","null","{""Q0"":""Sevinir""}"
"3635.6999999983236","","survey-multi-choice","5","15649216","0.0-5.0","nbxaq","Batuhan.karapinar@outlook.com","Batuhan karapınat","z","","Q09","Yemekhane","{""Q0"":""Yemekhane""}"
"9917.500000003725","","survey-multi-choice","6","15659152","0.0-6.0","nbxaq","Batuhan.karapinar@outlook.com","Batuhan karapınat","z","","F19","null","{""Q0"":""Üzülür""}"
"2204.8999999966472","","survey-multi-choice","7","15661378","0.0-7.0","nbxaq","Batuhan.karapinar@outlook.com","Batuhan karapınat","z","","Q19","Fizik","{""Q0"":""Fizik""}"
"11089.299999999814","","survey-multi-choice","8","15672486","0.0-8.0","nbxaq","Batuhan.karapinar@outlook.com","Batuhan karapınat","z","","C06","null","{""Q0"":""Sevinir""}"
"3681.6000000033528","","survey-multi-choice","9","15676187","0.0-9.0","nbxaq","Batuhan.karapinar@outlook.com","Batuhan karapınat","z","","Q06","Müdür","{""Q0"":""Müdür""}"
"17551.400000004098","","survey-multi-choice","10","15693755","0.0-10.0","nbxaq","Batuhan.karapinar@outlook.com","Batuhan karapınat","z","","F13","null","{""Q0"":""Üzülür""}"
"2461.4999999981374","","survey-multi-choice","11","15696236","0.0-11.0","nbxaq","Batuhan.karapinar@outlook.com","Batuhan karapınat","z","","Q13","Kars","{""Q0"":""Kars""}"
"12521.299999999814","","survey-multi-choice","12","15708777","0.0-12.0","nbxaq","Batuhan.karapinar@outlook.com","Batuhan karapınat","z","","F23","null","{""Q0"":""Üzülür""}"
"2059.0000000009313","","survey-multi-choice","13","15710853","0.0-13.0","nbxaq","Batuhan.karapinar@outlook.com","Batuhan karapınat","z","","Q23","Çarpışan arabalar","{""Q0"":""Çarpışan arabalar""}"
"8359.700000001118","","survey-multi-choice","14","15719231","0.0-14.0","nbxaq","Batuhan.karapinar@outlook.com","Batuhan karapınat","z","","C02","null","{""Q0"":""Sevinir""}"
"3991.0999999996275","","survey-multi-choice","15","15723241","0.0-15.0","nbxaq","Batuhan.karapinar@outlook.com","Batuhan karapınat","z","","Q02","Oyuncak bebek","{""Q0"":""Oyuncak bebek""}"
"6853.100000000559","","survey-multi-choice","16","15730114","0.0-16.0","nbxaq","Batuhan.karapinar@outlook.com","Batuhan karapınat","z","","F10","null","{""Q0"":""Sevinir""}"
"3363.6999999945983","","survey-multi-choice","17","15733496","0.0-17.0","nbxaq","Batuhan.karapinar@outlook.com","Batuhan karapınat","z","","Q10","Yüksek lisans","{""Q0"":""Yüksek lisans""}"
"13616.900000001304","","survey-multi-choice","18","15747133","0.0-18.0","nbxaq","Batuhan.karapinar@outlook.com","Batuhan karapınat","z","","F17","null","{""Q0"":""Üzülür""}"
"3029.7999999960884","","survey-multi-choice","19","15750191","0.0-19.0","nbxaq","Batuhan.karapinar@outlook.com","Batuhan karapınat","z","","Q17","Öğle yemeği","{""Q0"":""Akşam yemeği""}"
"14078.999999998137","","survey-multi-choice","20","15764283","0.0-20.0","nbxaq","Batuhan.karapinar@outlook.com","Batuhan karapınat","z","","F16","null","{""Q0"":""Sevinir""}"
"4117.5","","survey-multi-choice","21","15768422","0.0-21.0","nbxaq","Batuhan.karapinar@outlook.com","Batuhan karapınat","z","","Q16","Kafe","{""Q0"":""Kafe""}"
"12627.699999997392","","survey-multi-choice","22","15781070","0.0-22.0","nbxaq","Batuhan.karapinar@outlook.com","Batuhan karapınat","z","","C03","null","{""Q0"":""Üzülür""}"
"6478.399999999441","","survey-multi-choice","23","15787571","0.0-23.0","nbxaq","Batuhan.karapinar@outlook.com","Batuhan karapınat","z","","Q03","Ofis","{""Q0"":""Fabrika""}"
"28774.899999996647","","survey-multi-choice","24","15816360","0.0-24.0","nbxaq","Batuhan.karapinar@outlook.com","Batuhan karapınat","z","","F14","null","{""Q0"":""Sevinir""}"
"2666.700000002049","","survey-multi-choice","25","15819045","0.0-25.0","nbxaq","Batuhan.karapinar@outlook.com","Batuhan karapınat","z","","Q14","Birinci","{""Q0"":""İkinci""}"
"11816.299999998882","","survey-multi-choice","26","15830876","0.0-26.0","nbxaq","Batuhan.karapinar@outlook.com","Batuhan karapınat","z","","F21","null","{""Q0"":""Üzülür""}"
"3509.400000002235","","survey-multi-choice","27","15834407","0.0-27.0","nbxaq","Batuhan.karapinar@outlook.com","Batuhan karapınat","z","","Q21","Odun","{""Q0"":""Odun""}"
"10247.400000000373","","survey-multi-choice","28","15844670","0.0-28.0","nbxaq","Batuhan.karapinar@outlook.com","Batuhan karapınat","z","","F20","null","{""Q0"":""Üzülür""}"
"1924.800000000745","","survey-multi-choice","29","15846614","0.0-29.0","nbxaq","Batuhan.karapinar@outlook.com","Batuhan karapınat","z","","Q20","Piyango bileti","{""Q0"":""Piyango bileti""}"
"7940.499999997206","","survey-multi-choice","30","15854576","0.0-30.0","nbxaq","Batuhan.karapinar@outlook.com","Batuhan karapınat","z","","C05","null","{""Q0"":""Üzülür""}"
"1749.8999999947846","","survey-multi-choice","31","15856347","0.0-31.0","nbxaq","Batuhan.karapinar@outlook.com","Batuhan karapınat","z","","Q05","Matematik","{""Q0"":""Matematik""}"
"29594.99999999348","","survey-multi-choice","32","15885962","0.0-32.0","nbxaq","Batuhan.karapinar@outlook.com","Batuhan karapınat","z","","F07","null","{""Q0"":""Üzülür""}"
"4854.299999998882","","survey-multi-choice","33","15890839","0.0-33.0","nbxaq","Batuhan.karapinar@outlook.com","Batuhan karapınat","z","","Q07","Kardan adam","{""Q0"":""Kardan adam""}"
"15036.800000001676","","survey-multi-choice","34","15905895","0.0-34.0","nbxaq","Batuhan.karapinar@outlook.com","Batuhan karapınat","z","","F15","null","{""Q0"":""Sevinir""}"
"3494.7999999998137","","survey-multi-choice","35","15909421","0.0-35.0","nbxaq","Batuhan.karapinar@outlook.com","Batuhan karapınat","z","","Q15","Altı","{""Q0"":""Altı""}"
"13461.900000001304","","survey-multi-choice","36","15922903","0.0-36.0","nbxaq","Batuhan.karapinar@outlook.com","Batuhan karapınat","z","","C04","null","{""Q0"":""Sevinir""}"
"4133.600000000559","","survey-multi-choice","37","15927058","0.0-37.0","nbxaq","Batuhan.karapinar@outlook.com","Batuhan karapınat","z","","Q04","Kamp","{""Q0"":""Tatil köyü""}"
"16221.700000002049","","survey-multi-choice","38","15943299","0.0-38.0","nbxaq","Batuhan.karapinar@outlook.com","Batuhan karapınat","z","","F22","null","{""Q0"":""Sevinir""}"
"4260.999999998137","","survey-multi-choice","39","15947581","0.0-39.0","nbxaq","Batuhan.karapinar@outlook.com","Batuhan karapınat","z","","Q22","Yoğun","{""Q0"":""Yoğun""}"
"13916.199999999255","","survey-multi-choice","40","15961514","0.0-40.0","nbxaq","Batuhan.karapinar@outlook.com","Batuhan karapınat","z","","F12","null","{""Q0"":""Sevinir""}"
"2982.4999999981374","","survey-multi-choice","41","15964516","0.0-41.0","nbxaq","Batuhan.karapinar@outlook.com","Batuhan karapınat","z","","Q12","Para biriktirmek","{""Q0"":""Para biriktirmek""}"
"45890.70000000391","","survey-multi-choice","42","16010423","0.0-42.0","nbxaq","Batuhan.karapinar@outlook.com","Batuhan karapınat","z","","C01","null","{""Q0"":""Üzülür""}"
"3077.4999999990687","","survey-multi-choice","43","16013518","0.0-43.0","nbxaq","Batuhan.karapinar@outlook.com","Batuhan karapınat","z","","Q01","Arda","{""Q0"":""Arda""}"
"5551.200000002049","","survey-multi-choice","44","16019091","0.0-44.0","nbxaq","Batuhan.karapinar@outlook.com","Batuhan karapınat","z","","F24","null","{""Q0"":""Sevinir""}"
"1809.9999999981374","","survey-multi-choice","45","16020920","0.0-45.0","nbxaq","Batuhan.karapinar@outlook.com","Batuhan karapınat","z","","Q24","Tokyo","{""Q0"":""Tokyo""}"
"5642.400000005029","","survey-multi-choice","46","16026585","0.0-46.0","nbxaq","Batuhan.karapinar@outlook.com","Batuhan karapınat","z","","F18","null","{""Q0"":""Sevinir""}"
"2949.200000002049","","survey-multi-choice","47","16029551","0.0-47.0","nbxaq","Batuhan.karapinar@outlook.com","Batuhan karapınat","z","","Q18","Çilek","{""Q0"":""Çilek""}"
"5862.20000000298","","survey-multi-choice","48","16035434","0.0-48.0","nbxaq","Batuhan.karapinar@outlook.com","Batuhan karapınat","z","","F08","null","{""Q0"":""Üzülür""}"
"3639.7999999970198","","survey-multi-choice","49","16039095","0.0-49.0","nbxaq","Batuhan.karapinar@outlook.com","Batuhan karapınat","z","","Q08","Tenis","{""Q0"":""Tenis""}"
"2565.1999999973923","","instructions","50","16041696","0.0-50.0","nbxaq","Batuhan.karapinar@outlook.com","Batuhan karapınat","z","[{""page_index"":0,""viewing_time"":2563.39999999851}]","","",""
