"rt","url","trial_type","trial_index","time_elapsed","internal_node_id","subject","subject_email","subject_name","group","view_history","id","correct","responses"
"9980.299999937415","resources/welcome.html","external-html","0","10092","0.0-0.0","akzyb","","","z","","","",""
"1438.5000000474975","","instructions","1","11537","0.0-1.0","akzyb","","","z","[{""page_index"":0,""viewing_time"":1435.799999977462}]","","",""
"19643.79999996163","","survey-multi-choice","2","31193","0.0-2.0","akzyb","","","z","","F18","null","{""Q0"":""Sevinir""}"
"3521.0999998962507","","survey-multi-choice","3","34730","0.0-3.0","akzyb","","","z","","Q18","Çilek","{""Q0"":""Çilek""}"
"22147.899999981746","","survey-multi-choice","4","56892","0.0-4.0","akzyb","","","z","","F19","null","{""Q0"":""Sevinir""}"
"3782.0000000065193","","survey-multi-choice","5","60691","0.0-5.0","akzyb","","","z","","Q19","Fizik","{""Q0"":""Fizik""}"
"17493.299999972805","","survey-multi-choice","6","78204","0.0-6.0","akzyb","","","z","","F24","null","{""Q0"":""Sevinir""}"
"2719.400000059977","","survey-multi-choice","7","80939","0.0-7.0","akzyb","","","z","","Q24","Tokyo","{""Q0"":""Tokyo""}"
"19448.800000012852","","survey-multi-choice","8","100405","0.0-8.0","akzyb","","","z","","C05","null","{""Q0"":""Üzülür""}"
"3624.7999999905005","","survey-multi-choice","9","104043","0.0-9.0","akzyb","","","z","","Q05","Matematik","{""Q0"":""Matematik""}"
"12636.100000003353","","survey-multi-choice","10","116696","0.0-10.0","akzyb","","","z","","F13","null","{""Q0"":""Üzülür""}"
"2893.7000000150874","","survey-multi-choice","11","119610","0.0-11.0","akzyb","","","z","","Q13","Kars","{""Q0"":""Kars""}"
"13307.699999888428","","survey-multi-choice","12","132929","0.0-12.0","akzyb","","","z","","F16","null","{""Q0"":""Sevinir""}"
"2469.000000040978","","survey-multi-choice","13","135412","0.0-13.0","akzyb","","","z","","Q16","Kafe","{""Q0"":""Kafe""}"
"9716.099999961443","","survey-multi-choice","14","145146","0.0-14.0","akzyb","","","z","","C06","null","{""Q0"":""Sevinir""}"
"6544.699999969453","","survey-multi-choice","15","151706","0.0-15.0","akzyb","","","z","","Q06","Müdür","{""Q0"":""Müdür""}"
"16178.699999931268","","survey-multi-choice","16","167896","0.0-16.0","akzyb","","","z","","F14","null","{""Q0"":""Sevinir""}"
"5367.699999944307","","survey-multi-choice","17","173275","0.0-17.0","akzyb","","","z","","Q14","Birinci","{""Q0"":""İkinci""}"
"12997.600000002421","","survey-multi-choice","18","186290","0.0-18.0","akzyb","","","z","","F17","null","{""Q0"":""Üzülür""}"
"2876.9999999785796","","survey-multi-choice","19","189180","0.0-19.0","akzyb","","","z","","Q17","Öğle yemeği","{""Q0"":""Akşam yemeği""}"
"9273.700000019744","","survey-multi-choice","20","198464","0.0-20.0","akzyb","","","z","","F10","null","{""Q0"":""Sevinir""}"
"3132.1999999927357","","survey-multi-choice","21","201606","0.0-21.0","akzyb","","","z","","Q10","Yüksek lisans","{""Q0"":""Yüksek lisans""}"
"7964.500000001863","","survey-multi-choice","22","209584","0.0-22.0","akzyb","","","z","","C03","null","{""Q0"":""Üzülür""}"
"3477.599999983795","","survey-multi-choice","23","213080","0.0-23.0","akzyb","","","z","","Q03","Ofis","{""Q0"":""Fabrika""}"
"16810.30000001192","","survey-multi-choice","24","229906","0.0-24.0","akzyb","","","z","","F20","null","{""Q0"":""Üzülür""}"
"3406.6999999340624","","survey-multi-choice","25","233327","0.0-25.0","akzyb","","","z","","Q20","Piyango bileti","{""Q0"":""Piyango bileti""}"
"9109.50000002049","","survey-multi-choice","26","242449","0.0-26.0","akzyb","","","z","","F11","null","{""Q0"":""Üzülür""}"
"2702.2000000579283","","survey-multi-choice","27","245166","0.0-27.0","akzyb","","","z","","Q11","Ayakkabı","{""Q0"":""Ayakkabı""}"
"9638.70000001043","","survey-multi-choice","28","254819","0.0-28.0","akzyb","","","z","","F15","null","{""Q0"":""Üzülür""}"
"2818.599999998696","","survey-multi-choice","29","257655","0.0-29.0","akzyb","","","z","","Q15","Altı","{""Q0"":""Altı""}"
"12477.100000018254","","survey-multi-choice","30","270144","0.0-30.0","akzyb","","","z","","C01","null","{""Q0"":""Üzülür""}"
"2502.100000041537","","survey-multi-choice","31","272660","0.0-31.0","akzyb","","","z","","Q01","Arda","{""Q0"":""Arda""}"
"6793.7000000383705","","survey-multi-choice","32","279469","0.0-32.0","akzyb","","","z","","F21","null","{""Q0"":""Üzülür""}"
"5882.400000002235","","survey-multi-choice","33","285365","0.0-33.0","akzyb","","","z","","Q21","Odun","{""Q0"":""Odun""}"
"11943.700000061654","","survey-multi-choice","34","297324","0.0-34.0","akzyb","","","z","","F12","null","{""Q0"":""Sevinir""}"
"3690.6000000890344","","survey-multi-choice","35","301030","0.0-35.0","akzyb","","","z","","Q12","Para biriktirmek","{""Q0"":""Para biriktirmek""}"
"8178.09999990277","","survey-multi-choice","36","309234","0.0-36.0","akzyb","","","z","","C02","null","{""Q0"":""Sevinir""}"
"3749.7999999905005","","survey-multi-choice","37","313003","0.0-37.0","akzyb","","","z","","Q02","Oyuncak bebek","{""Q0"":""Oyuncak bebek""}"
"10991.200000047684","","survey-multi-choice","38","324005","0.0-38.0","akzyb","","","z","","F09","null","{""Q0"":""Sevinir""}"
"3721.2999999755993","","survey-multi-choice","39","327739","0.0-39.0","akzyb","","","z","","Q09","Yemekhane","{""Q0"":""Yemekhane""}"
"7875.800000037998","","survey-multi-choice","40","335632","0.0-40.0","akzyb","","","z","","F07","null","{""Q0"":""Üzülür""}"
"3496.999999973923","","survey-multi-choice","41","339145","0.0-41.0","akzyb","","","z","","Q07","Kardan adam","{""Q0"":""Kardan adam""}"
"22151.199999963865","","survey-multi-choice","42","361308","0.0-42.0","akzyb","","","z","","C04","null","{""Q0"":""Sevinir""}"
"4449.60000005085","","survey-multi-choice","43","365770","0.0-43.0","akzyb","","","z","","Q04","Kamp","{""Q0"":""Kamp""}"
"6876.300000003539","","survey-multi-choice","44","372658","0.0-44.0","akzyb","","","z","","F23","null","{""Q0"":""Üzülür""}"
"4150.200000032783","","survey-multi-choice","45","376827","0.0-45.0","akzyb","","","z","","Q23","Çarpışan arabalar","{""Q0"":""Çarpışan arabalar""}"
"34296.20000009891","","survey-multi-choice","46","411138","0.0-46.0","akzyb","","","z","","F08","null","{""Q0"":""Üzülür""}"
"4869.799999985844","","survey-multi-choice","47","416025","0.0-47.0","akzyb","","","z","","Q08","Tenis","{""Q0"":""Tenis""}"
"9463.600000017323","","survey-multi-choice","48","425500","0.0-48.0","akzyb","","","z","","F22","null","{""Q0"":""Sevinir""}"
"5016.900000046007","","survey-multi-choice","49","430526","0.0-49.0","akzyb","","","z","","Q22","Yoğun","{""Q0"":""Yoğun""}"
