"rt","url","trial_type","trial_index","time_elapsed","internal_node_id","subject","subject_email","subject_name","group","view_history","id","correct","responses"
"40422.10000001069","resources/welcome.html","external-html","0","40592","0.0-0.0","t3e9u","onrylm96@gmail.com ","Onır","z","","","",""
"15732.400000008056","","instructions","1","56329","0.0-1.0","t3e9u","onrylm96@gmail.com ","Onır","z","[{""page_index"":0,""viewing_time"":15728.700000006938}]","","",""
"15288.100000005215","","survey-multi-choice","2","71640","0.0-2.0","t3e9u","onrylm96@gmail.com ","Onır","z","","F17","null","{""Q0"":""Sevinir""}"
"5231.700000003912","","survey-multi-choice","3","76880","0.0-3.0","t3e9u","onrylm96@gmail.com ","Onır","z","","Q17","Öğle yemeği","{""Q0"":""Akşam yemeği""}"
"13169.099999999162","","survey-multi-choice","4","90059","0.0-4.0","t3e9u","onrylm96@gmail.com ","Onır","z","","F18","null","{""Q0"":""Sevinir""}"
"4805.399999997462","","survey-multi-choice","5","94874","0.0-5.0","t3e9u","onrylm96@gmail.com ","Onır","z","","Q18","Çilek","{""Q0"":""Çilek""}"
"20689.90000001213","","survey-multi-choice","6","115571","0.0-6.0","t3e9u","onrylm96@gmail.com ","Onır","z","","F12","null","{""Q0"":""Sevinir""}"
"4967.600000003586","","survey-multi-choice","7","120548","0.0-7.0","t3e9u","onrylm96@gmail.com ","Onır","z","","Q12","Para biriktirmek","{""Q0"":""Para biriktirmek""}"
"19933.799999998882","","survey-multi-choice","8","140491","0.0-8.0","t3e9u","onrylm96@gmail.com ","Onır","z","","C04","null","{""Q0"":""Sevinir""}"
"3306.299999996554","","survey-multi-choice","9","143806","0.0-9.0","t3e9u","onrylm96@gmail.com ","Onır","z","","Q04","Kamp","{""Q0"":""Kamp""}"
"18502.699999997276","","survey-multi-choice","10","162317","0.0-10.0","t3e9u","onrylm96@gmail.com ","Onır","z","","F24","null","{""Q0"":""Sevinir""}"
"2768.1999999913387","","survey-multi-choice","11","165095","0.0-11.0","t3e9u","onrylm96@gmail.com ","Onır","z","","Q24","Tokyo","{""Q0"":""Tokyo""}"
"34500.700000004144","","survey-multi-choice","12","199604","0.0-12.0","t3e9u","onrylm96@gmail.com ","Onır","z","","F08","null","{""Q0"":""Sevinir""}"
"5595.200000010664","","survey-multi-choice","13","205211","0.0-13.0","t3e9u","onrylm96@gmail.com ","Onır","z","","Q08","Tenis","{""Q0"":""Tenis""}"
"16030.899999997928","","survey-multi-choice","14","221251","0.0-14.0","t3e9u","onrylm96@gmail.com ","Onır","z","","C06","null","{""Q0"":""Sevinir""}"
"6839.200000002165","","survey-multi-choice","15","228099","0.0-15.0","t3e9u","onrylm96@gmail.com ","Onır","z","","Q06","Müdür","{""Q0"":""Müdür""}"
"17390.400000003865","","survey-multi-choice","16","245500","0.0-16.0","t3e9u","onrylm96@gmail.com ","Onır","z","","F13","null","{""Q0"":""Sevinir""}"
"2852.7000000030966","","survey-multi-choice","17","248362","0.0-17.0","t3e9u","onrylm96@gmail.com ","Onır","z","","Q13","Kars","{""Q0"":""Kars""}"
"11879.49999999546","","survey-multi-choice","18","260251","0.0-18.0","t3e9u","onrylm96@gmail.com ","Onır","z","","F15","null","{""Q0"":""Sevinir""}"
"4678.399999989779","","survey-multi-choice","19","264938","0.0-19.0","t3e9u","onrylm96@gmail.com ","Onır","z","","Q15","Altı","{""Q0"":""Altı""}"
"8125.599999999395","","survey-multi-choice","20","273073","0.0-20.0","t3e9u","onrylm96@gmail.com ","Onır","z","","F10","null","{""Q0"":""Sevinir""}"
"3257.400000002235","","survey-multi-choice","21","276340","0.0-21.0","t3e9u","onrylm96@gmail.com ","Onır","z","","Q10","Yüksek lisans","{""Q0"":""Yüksek lisans""}"
"21023.000000001048","","survey-multi-choice","22","297373","0.0-22.0","t3e9u","onrylm96@gmail.com ","Onır","z","","C03","null","{""Q0"":""Üzülür""}"
"5653.999999994994","","survey-multi-choice","23","303036","0.0-23.0","t3e9u","onrylm96@gmail.com ","Onır","z","","Q03","Ofis","{""Q0"":""Ofis""}"
"19382.599999997183","","survey-multi-choice","24","322428","0.0-24.0","t3e9u","onrylm96@gmail.com ","Onır","z","","F23","null","{""Q0"":""Üzülür""}"
"4710.900000005495","","survey-multi-choice","25","327150","0.0-25.0","t3e9u","onrylm96@gmail.com ","Onır","z","","Q23","Çarpışan arabalar","{""Q0"":""Çarpışan arabalar""}"
"10754.100000005565","","survey-multi-choice","26","337912","0.0-26.0","t3e9u","onrylm96@gmail.com ","Onır","z","","F16","null","{""Q0"":""Sevinir""}"
"2938.799999988987","","survey-multi-choice","27","340862","0.0-27.0","t3e9u","onrylm96@gmail.com ","Onır","z","","Q16","Kafe","{""Q0"":""Kafe""}"
"19454.200000007404","","survey-multi-choice","28","360325","0.0-28.0","t3e9u","onrylm96@gmail.com ","Onır","z","","F21","null","{""Q0"":""Üzülür""}"
"4415.599999992992","","survey-multi-choice","29","364751","0.0-29.0","t3e9u","onrylm96@gmail.com ","Onır","z","","Q21","Odun","{""Q0"":""Odun""}"
"8450.500000006286","","survey-multi-choice","30","373210","0.0-30.0","t3e9u","onrylm96@gmail.com ","Onır","z","","C02","null","{""Q0"":""Sevinir""}"
"4324.399999997695","","survey-multi-choice","31","377544","0.0-31.0","t3e9u","onrylm96@gmail.com ","Onır","z","","Q02","Oyuncak bebek","{""Q0"":""Oyuncak bebek""}"
"7498.600000006263","","survey-multi-choice","32","385053","0.0-32.0","t3e9u","onrylm96@gmail.com ","Onır","z","","F19","null","{""Q0"":""Üzülür""}"
"2623.5999999917112","","survey-multi-choice","33","387686","0.0-33.0","t3e9u","onrylm96@gmail.com ","Onır","z","","Q19","Fizik","{""Q0"":""Fizik""}"
"26616.99999999837","","survey-multi-choice","34","414323","0.0-34.0","t3e9u","onrylm96@gmail.com ","Onır","z","","F14","null","{""Q0"":""Sevinir""}"
"8389.500000004773","","survey-multi-choice","35","422749","0.0-35.0","t3e9u","onrylm96@gmail.com ","Onır","z","","Q14","Birinci","{""Q0"":""İkinci""}"
"11097.59999999369","","survey-multi-choice","36","433856","0.0-36.0","t3e9u","onrylm96@gmail.com ","Onır","z","","C05","null","{""Q0"":""Üzülür""}"
"5428.699999989476","","survey-multi-choice","37","439293","0.0-37.0","t3e9u","onrylm96@gmail.com ","Onır","z","","Q05","Matematik","{""Q0"":""Matematik""}"
"17468.20000000298","","survey-multi-choice","38","456771","0.0-38.0","t3e9u","onrylm96@gmail.com ","Onır","z","","F11","null","{""Q0"":""Üzülür""}"
"6873.600000006263","","survey-multi-choice","39","463653","0.0-39.0","t3e9u","onrylm96@gmail.com ","Onır","z","","Q11","Ayakkabı","{""Q0"":""Ayakkabı""}"
"13103.099999992992","","survey-multi-choice","40","476766","0.0-40.0","t3e9u","onrylm96@gmail.com ","Onır","z","","F22","null","{""Q0"":""Sevinir""}"
"4385.699999998906","","survey-multi-choice","41","481163","0.0-41.0","t3e9u","onrylm96@gmail.com ","Onır","z","","Q22","Yoğun","{""Q0"":""Yoğun""}"
"24788.59999999986","","survey-multi-choice","42","505961","0.0-42.0","t3e9u","onrylm96@gmail.com ","Onır","z","","C01","null","{""Q0"":""Üzülür""}"
"3980.999999999767","","survey-multi-choice","43","509951","0.0-43.0","t3e9u","onrylm96@gmail.com ","Onır","z","","Q01","Arda","{""Q0"":""Arda""}"
"20037.40000000107","","survey-multi-choice","44","529996","0.0-44.0","t3e9u","onrylm96@gmail.com ","Onır","z","","F07","null","{""Q0"":""Üzülür""}"
"2696.1000000010245","","survey-multi-choice","45","532704","0.0-45.0","t3e9u","onrylm96@gmail.com ","Onır","z","","Q07","Kardan adam","{""Q0"":""Kardan adam""}"
"12525.000000008731","","survey-multi-choice","46","545240","0.0-46.0","t3e9u","onrylm96@gmail.com ","Onır","z","","F20","null","{""Q0"":""Sevinir""}"
"2755.199999999604","","survey-multi-choice","47","548005","0.0-47.0","t3e9u","onrylm96@gmail.com ","Onır","z","","Q20","Piyango bileti","{""Q0"":""Piyango bileti""}"
"19962.80000000843","","survey-multi-choice","48","567978","0.0-48.0","t3e9u","onrylm96@gmail.com ","Onır","z","","F09","null","{""Q0"":""Sevinir""}"
"3910.30000000319","","survey-multi-choice","49","571902","0.0-49.0","t3e9u","onrylm96@gmail.com ","Onır","z","","Q09","Yemekhane","{""Q0"":""Yemekhane""}"
"5729.599999991478","","instructions","50","577648","0.0-50.0","t3e9u","onrylm96@gmail.com ","Onır","z","[{""page_index"":0,""viewing_time"":5728.399999992689}]","","",""
