"rt","url","trial_type","trial_index","time_elapsed","internal_node_id","subject","subject_email","subject_name","group","view_history","id","correct","responses"
"17413.60000008717","resources/welcome.html","external-html","0","17485","0.0-0.0","ut2aa","yamac@ceng.metu.edu.tr","yamaç kurtuluş","z","","","",""
"4921.299999929033","","instructions","1","22407","0.0-1.0","ut2aa","yamac@ceng.metu.edu.tr","yamaç kurtuluş","z","[{""page_index"":0,""viewing_time"":4920.979999937117}]","","",""
"13286.06499999296","","survey-multi-choice","2","35695","0.0-2.0","ut2aa","yamac@ceng.metu.edu.tr","yamaç kurtuluş","z","","F24","null","{""Q0"":""Sevinir""}"
"2891.9600000372157","","survey-multi-choice","3","38589","0.0-3.0","ut2aa","yamac@ceng.metu.edu.tr","yamaç kurtuluş","z","","Q24","Tokyo","{""Q0"":""Tokyo""}"
"16944.424999994226","","survey-multi-choice","4","55535","0.0-4.0","ut2aa","yamac@ceng.metu.edu.tr","yamaç kurtuluş","z","","F15","null","{""Q0"":""Üzülür""}"
"2416.289999964647","","survey-multi-choice","5","57953","0.0-5.0","ut2aa","yamac@ceng.metu.edu.tr","yamaç kurtuluş","z","","Q15","Altı","{""Q0"":""Altı""}"
"8727.509999996983","","survey-multi-choice","6","66681","0.0-6.0","ut2aa","yamac@ceng.metu.edu.tr","yamaç kurtuluş","z","","F17","null","{""Q0"":""Sevinir""}"
"2443.2149999774992","","survey-multi-choice","7","69127","0.0-7.0","ut2aa","yamac@ceng.metu.edu.tr","yamaç kurtuluş","z","","Q17","Öğle yemeği","{""Q0"":""Akşam yemeği""}"
"8796.59000004176","","survey-multi-choice","8","77925","0.0-8.0","ut2aa","yamac@ceng.metu.edu.tr","yamaç kurtuluş","z","","C05","null","{""Q0"":""Sevinir""}"
"1814.075000002049","","survey-multi-choice","9","79740","0.0-9.0","ut2aa","yamac@ceng.metu.edu.tr","yamaç kurtuluş","z","","Q05","Matematik","{""Q0"":""Matematik""}"
"6689.49999997858","","survey-multi-choice","10","86431","0.0-10.0","ut2aa","yamac@ceng.metu.edu.tr","yamaç kurtuluş","z","","F16","null","{""Q0"":""Sevinir""}"
"1905.4150000447407","","survey-multi-choice","11","88338","0.0-11.0","ut2aa","yamac@ceng.metu.edu.tr","yamaç kurtuluş","z","","Q16","Kafe","{""Q0"":""Kafe""}"
"8111.395000014454","","survey-multi-choice","12","96451","0.0-12.0","ut2aa","yamac@ceng.metu.edu.tr","yamaç kurtuluş","z","","F19","null","{""Q0"":""Üzülür""}"
"1726.5399999450892","","survey-multi-choice","13","98179","0.0-13.0","ut2aa","yamac@ceng.metu.edu.tr","yamaç kurtuluş","z","","Q19","Fizik","{""Q0"":""Fizik""}"
"12077.279999968596","","survey-multi-choice","14","110258","0.0-14.0","ut2aa","yamac@ceng.metu.edu.tr","yamaç kurtuluş","z","","C01","null","{""Q0"":""Üzülür""}"
"1907.5749999610707","","survey-multi-choice","15","112168","0.0-15.0","ut2aa","yamac@ceng.metu.edu.tr","yamaç kurtuluş","z","","Q01","Arda","{""Q0"":""Arda""}"
"10454.515000106767","","survey-multi-choice","16","122624","0.0-16.0","ut2aa","yamac@ceng.metu.edu.tr","yamaç kurtuluş","z","","F09","null","{""Q0"":""Sevinir""}"
"2239.8599999723956","","survey-multi-choice","17","124865","0.0-17.0","ut2aa","yamac@ceng.metu.edu.tr","yamaç kurtuluş","z","","Q09","Yemekhane","{""Q0"":""Yemekhane""}"
"8883.640000014566","","survey-multi-choice","18","133751","0.0-18.0","ut2aa","yamac@ceng.metu.edu.tr","yamaç kurtuluş","z","","F12","null","{""Q0"":""Sevinir""}"
"1718.4000000124797","","survey-multi-choice","19","135471","0.0-19.0","ut2aa","yamac@ceng.metu.edu.tr","yamaç kurtuluş","z","","Q12","Para biriktirmek","{""Q0"":""Para biriktirmek""}"
"11226.45499999635","","survey-multi-choice","20","146698","0.0-20.0","ut2aa","yamac@ceng.metu.edu.tr","yamaç kurtuluş","z","","F08","null","{""Q0"":""Üzülür""}"
"1747.1399999922141","","survey-multi-choice","21","148447","0.0-21.0","ut2aa","yamac@ceng.metu.edu.tr","yamaç kurtuluş","z","","Q08","Tenis","{""Q0"":""Tenis""}"
"10402.424999978393","","survey-multi-choice","22","158851","0.0-22.0","ut2aa","yamac@ceng.metu.edu.tr","yamaç kurtuluş","z","","C02","null","{""Q0"":""Sevinir""}"
"1929.7600000863895","","survey-multi-choice","23","160782","0.0-23.0","ut2aa","yamac@ceng.metu.edu.tr","yamaç kurtuluş","z","","Q02","Oyuncak bebek","{""Q0"":""Oyuncak bebek""}"
"6963.144999928772","","survey-multi-choice","24","167747","0.0-24.0","ut2aa","yamac@ceng.metu.edu.tr","yamaç kurtuluş","z","","F11","null","{""Q0"":""Üzülür""}"
"1748.299999977462","","survey-multi-choice","25","169497","0.0-25.0","ut2aa","yamac@ceng.metu.edu.tr","yamaç kurtuluş","z","","Q11","Ayakkabı","{""Q0"":""Ayakkabı""}"
"12398.919999948703","","survey-multi-choice","26","181897","0.0-26.0","ut2aa","yamac@ceng.metu.edu.tr","yamaç kurtuluş","z","","F14","null","{""Q0"":""Sevinir""}"
"1808.7599999271333","","survey-multi-choice","27","183708","0.0-27.0","ut2aa","yamac@ceng.metu.edu.tr","yamaç kurtuluş","z","","Q14","Birinci","{""Q0"":""İkinci""}"
"13236.509999958798","","survey-multi-choice","28","196946","0.0-28.0","ut2aa","yamac@ceng.metu.edu.tr","yamaç kurtuluş","z","","F07","null","{""Q0"":""Üzülür""}"
"1500.3649999853224","","survey-multi-choice","29","198448","0.0-29.0","ut2aa","yamac@ceng.metu.edu.tr","yamaç kurtuluş","z","","Q07","Kardan adam","{""Q0"":""Kardan adam""}"
"12434.039999963716","","survey-multi-choice","30","210883","0.0-30.0","ut2aa","yamac@ceng.metu.edu.tr","yamaç kurtuluş","z","","C04","null","{""Q0"":""Sevinir""}"
"1671.8500000424683","","survey-multi-choice","31","212557","0.0-31.0","ut2aa","yamac@ceng.metu.edu.tr","yamaç kurtuluş","z","","Q04","Kamp","{""Q0"":""Kamp""}"
"9227.085000020452","","survey-multi-choice","32","221786","0.0-32.0","ut2aa","yamac@ceng.metu.edu.tr","yamaç kurtuluş","z","","F13","null","{""Q0"":""Üzülür""}"
"1486.2650000723079","","survey-multi-choice","33","223273","0.0-33.0","ut2aa","yamac@ceng.metu.edu.tr","yamaç kurtuluş","z","","Q13","Kars","{""Q0"":""Kars""}"
"6474.389999988489","","survey-multi-choice","34","229749","0.0-34.0","ut2aa","yamac@ceng.metu.edu.tr","yamaç kurtuluş","z","","F10","null","{""Q0"":""Sevinir""}"
"2423.4400000423193","","survey-multi-choice","35","232174","0.0-35.0","ut2aa","yamac@ceng.metu.edu.tr","yamaç kurtuluş","z","","Q10","Yüksek lisans","{""Q0"":""Yüksek lisans""}"
"7954.550000024028","","survey-multi-choice","36","240130","0.0-36.0","ut2aa","yamac@ceng.metu.edu.tr","yamaç kurtuluş","z","","C06","null","{""Q0"":""Sevinir""}"
"3040.8549999119714","","survey-multi-choice","37","243173","0.0-37.0","ut2aa","yamac@ceng.metu.edu.tr","yamaç kurtuluş","z","","Q06","Müdür","{""Q0"":""Müdür""}"
"5517.510000034235","","survey-multi-choice","38","248692","0.0-38.0","ut2aa","yamac@ceng.metu.edu.tr","yamaç kurtuluş","z","","F23","null","{""Q0"":""Üzülür""}"
"1628.734999918379","","survey-multi-choice","39","250322","0.0-39.0","ut2aa","yamac@ceng.metu.edu.tr","yamaç kurtuluş","z","","Q23","Çarpışan arabalar","{""Q0"":""Çarpışan arabalar""}"
"5418.959999922663","","survey-multi-choice","40","255743","0.0-40.0","ut2aa","yamac@ceng.metu.edu.tr","yamaç kurtuluş","z","","F22","null","{""Q0"":""Sevinir""}"
"2142.1949999639764","","survey-multi-choice","41","257887","0.0-41.0","ut2aa","yamac@ceng.metu.edu.tr","yamaç kurtuluş","z","","Q22","Yoğun","{""Q0"":""Yoğun""}"
"10605.474999989383","","survey-multi-choice","42","268494","0.0-42.0","ut2aa","yamac@ceng.metu.edu.tr","yamaç kurtuluş","z","","C03","null","{""Q0"":""Üzülür""}"
"3203.0200000153854","","survey-multi-choice","43","271699","0.0-43.0","ut2aa","yamac@ceng.metu.edu.tr","yamaç kurtuluş","z","","Q03","Ofis","{""Q0"":""Ofis""}"
"4646.509999991395","","survey-multi-choice","44","276347","0.0-44.0","ut2aa","yamac@ceng.metu.edu.tr","yamaç kurtuluş","z","","F21","null","{""Q0"":""Üzülür""}"
"1580.4599999682978","","survey-multi-choice","45","277929","0.0-45.0","ut2aa","yamac@ceng.metu.edu.tr","yamaç kurtuluş","z","","Q21","Odun","{""Q0"":""Odun""}"
"9706.645000027493","","survey-multi-choice","46","287637","0.0-46.0","ut2aa","yamac@ceng.metu.edu.tr","yamaç kurtuluş","z","","F20","null","{""Q0"":""Üzülür""}"
"1526.6650000121444","","survey-multi-choice","47","289165","0.0-47.0","ut2aa","yamac@ceng.metu.edu.tr","yamaç kurtuluş","z","","Q20","Piyango bileti","{""Q0"":""Piyango bileti""}"
"5999.705000082031","","survey-multi-choice","48","295167","0.0-48.0","ut2aa","yamac@ceng.metu.edu.tr","yamaç kurtuluş","z","","F18","null","{""Q0"":""Sevinir""}"
"1605.8199999388307","","survey-multi-choice","49","296774","0.0-49.0","ut2aa","yamac@ceng.metu.edu.tr","yamaç kurtuluş","z","","Q18","Çilek","{""Q0"":""Çilek""}"
"125567.09499994759","","instructions","50","422343","0.0-50.0","ut2aa","yamac@ceng.metu.edu.tr","yamaç kurtuluş","z","[{""page_index"":0,""viewing_time"":125566.83999998495}]","","",""
