"rt","url","trial_type","trial_index","time_elapsed","internal_node_id","subject","subject_email","subject_name","group","view_history","id","correct","responses"
"74147","resources/welcome.html","external-html","0","74221","0.0-0.0","rtejj","ozgearman@yahoo.com","Ozge ArMAN","z","","","",""
"22154","","instructions","1","96377","0.0-1.0","rtejj","ozgearman@yahoo.com","Ozge ArMAN","z","[{""page_index"":0,""viewing_time"":22154}]","","",""
"27217","","survey-multi-choice","2","123598","0.0-2.0","rtejj","ozgearman@yahoo.com","Ozge ArMAN","z","","F20","null","{""Q0"":""Üzülür""}"
"3458","","survey-multi-choice","3","127059","0.0-3.0","rtejj","ozgearman@yahoo.com","Ozge ArMAN","z","","Q20","Piyango bileti","{""Q0"":""Piyango bileti""}"
"11517","","survey-multi-choice","4","138578","0.0-4.0","rtejj","ozgearman@yahoo.com","Ozge ArMAN","z","","F09","null","{""Q0"":""Üzülür""}"
"5086","","survey-multi-choice","5","143665","0.0-5.0","rtejj","ozgearman@yahoo.com","Ozge ArMAN","z","","Q09","Yemekhane","{""Q0"":""Yemekhane""}"
"13614","","survey-multi-choice","6","157281","0.0-6.0","rtejj","ozgearman@yahoo.com","Ozge ArMAN","z","","F07","null","{""Q0"":""Üzülür""}"
"4565","","survey-multi-choice","7","161849","0.0-7.0","rtejj","ozgearman@yahoo.com","Ozge ArMAN","z","","Q07","Kardan adam","{""Q0"":""Kardan adam""}"
"18125","","survey-multi-choice","8","179976","0.0-8.0","rtejj","ozgearman@yahoo.com","Ozge ArMAN","z","","C05","null","{""Q0"":""Üzülür""}"
"3286","","survey-multi-choice","9","183263","0.0-9.0","rtejj","ozgearman@yahoo.com","Ozge ArMAN","z","","Q05","Matematik","{""Q0"":""Matematik""}"
"13790","","survey-multi-choice","10","197055","0.0-10.0","rtejj","ozgearman@yahoo.com","Ozge ArMAN","z","","F10","null","{""Q0"":""Sevinir""}"
"2750","","survey-multi-choice","11","199807","0.0-11.0","rtejj","ozgearman@yahoo.com","Ozge ArMAN","z","","Q10","Yüksek lisans","{""Q0"":""Yüksek lisans""}"
"13535","","survey-multi-choice","12","213344","0.0-12.0","rtejj","ozgearman@yahoo.com","Ozge ArMAN","z","","F23","null","{""Q0"":""Üzülür""}"
"2813","","survey-multi-choice","13","216160","0.0-13.0","rtejj","ozgearman@yahoo.com","Ozge ArMAN","z","","Q23","Çarpışan arabalar","{""Q0"":""Çarpışan arabalar""}"
"11669","","survey-multi-choice","14","227830","0.0-14.0","rtejj","ozgearman@yahoo.com","Ozge ArMAN","z","","C04","null","{""Q0"":""Üzülür""}"
"2780","","survey-multi-choice","15","230615","0.0-15.0","rtejj","ozgearman@yahoo.com","Ozge ArMAN","z","","Q04","Kamp","{""Q0"":""Kamp""}"
"17198","","survey-multi-choice","16","247813","0.0-16.0","rtejj","ozgearman@yahoo.com","Ozge ArMAN","z","","F11","null","{""Q0"":""Üzülür""}"
"2709","","survey-multi-choice","17","250525","0.0-17.0","rtejj","ozgearman@yahoo.com","Ozge ArMAN","z","","Q11","Ayakkabı","{""Q0"":""Ayakkabı""}"
"7990","","survey-multi-choice","18","258517","0.0-18.0","rtejj","ozgearman@yahoo.com","Ozge ArMAN","z","","F21","null","{""Q0"":""Üzülür""}"
"5518","","survey-multi-choice","19","264037","0.0-19.0","rtejj","ozgearman@yahoo.com","Ozge ArMAN","z","","Q21","Odun","{""Q0"":""Odun""}"
"13759","","survey-multi-choice","20","277797","0.0-20.0","rtejj","ozgearman@yahoo.com","Ozge ArMAN","z","","F12","null","{""Q0"":""Sevinir""}"
"6252","","survey-multi-choice","21","284053","0.0-21.0","rtejj","ozgearman@yahoo.com","Ozge ArMAN","z","","Q12","Para biriktirmek","{""Q0"":""Para biriktirmek""}"
"10966","","survey-multi-choice","22","295021","0.0-22.0","rtejj","ozgearman@yahoo.com","Ozge ArMAN","z","","C01","null","{""Q0"":""Sevinir""}"
"3070","","survey-multi-choice","23","298093","0.0-23.0","rtejj","ozgearman@yahoo.com","Ozge ArMAN","z","","Q01","Arda","{""Q0"":""Arda""}"
"13910","","survey-multi-choice","24","312005","0.0-24.0","rtejj","ozgearman@yahoo.com","Ozge ArMAN","z","","F19","null","{""Q0"":""Üzülür""}"
"2061","","survey-multi-choice","25","314068","0.0-25.0","rtejj","ozgearman@yahoo.com","Ozge ArMAN","z","","Q19","Fizik","{""Q0"":""Fizik""}"
"16917","","survey-multi-choice","26","330988","0.0-26.0","rtejj","ozgearman@yahoo.com","Ozge ArMAN","z","","F16","null","{""Q0"":""Sevinir""}"
"2088","","survey-multi-choice","27","333077","0.0-27.0","rtejj","ozgearman@yahoo.com","Ozge ArMAN","z","","Q16","Kafe","{""Q0"":""Kafe""}"
"7926","","survey-multi-choice","28","341005","0.0-28.0","rtejj","ozgearman@yahoo.com","Ozge ArMAN","z","","F24","null","{""Q0"":""Sevinir""}"
"1910","","survey-multi-choice","29","342917","0.0-29.0","rtejj","ozgearman@yahoo.com","Ozge ArMAN","z","","Q24","Tokyo","{""Q0"":""Tokyo""}"
"7246","","survey-multi-choice","30","350165","0.0-30.0","rtejj","ozgearman@yahoo.com","Ozge ArMAN","z","","C02","null","{""Q0"":""Üzülür""}"
"3173","","survey-multi-choice","31","353341","0.0-31.0","rtejj","ozgearman@yahoo.com","Ozge ArMAN","z","","Q02","Oyuncak bebek","{""Q0"":""Oyuncak bebek""}"
"11031","","survey-multi-choice","32","364373","0.0-32.0","rtejj","ozgearman@yahoo.com","Ozge ArMAN","z","","F08","null","{""Q0"":""Üzülür""}"
"5398","","survey-multi-choice","33","369773","0.0-33.0","rtejj","ozgearman@yahoo.com","Ozge ArMAN","z","","Q08","Tenis","{""Q0"":""Tenis""}"
"12382","","survey-multi-choice","34","382157","0.0-34.0","rtejj","ozgearman@yahoo.com","Ozge ArMAN","z","","F15","null","{""Q0"":""Üzülür""}"
"2574","","survey-multi-choice","35","384733","0.0-35.0","rtejj","ozgearman@yahoo.com","Ozge ArMAN","z","","Q15","Altı","{""Q0"":""Altı""}"
"7349","","survey-multi-choice","36","392084","0.0-36.0","rtejj","ozgearman@yahoo.com","Ozge ArMAN","z","","C06","null","{""Q0"":""Üzülür""}"
"3166","","survey-multi-choice","37","395253","0.0-37.0","rtejj","ozgearman@yahoo.com","Ozge ArMAN","z","","Q06","Müdür","{""Q0"":""Müdür""}"
"15399","","survey-multi-choice","38","410653","0.0-38.0","rtejj","ozgearman@yahoo.com","Ozge ArMAN","z","","F13","null","{""Q0"":""Sevinir""}"
"3118","","survey-multi-choice","39","413772","0.0-39.0","rtejj","ozgearman@yahoo.com","Ozge ArMAN","z","","Q13","Kars","{""Q0"":""Kars""}"
"11734","","survey-multi-choice","40","425509","0.0-40.0","rtejj","ozgearman@yahoo.com","Ozge ArMAN","z","","F18","null","{""Q0"":""Sevinir""}"
"2550","","survey-multi-choice","41","428060","0.0-41.0","rtejj","ozgearman@yahoo.com","Ozge ArMAN","z","","Q18","Çilek","{""Q0"":""Çilek""}"
"12751","","survey-multi-choice","42","440813","0.0-42.0","rtejj","ozgearman@yahoo.com","Ozge ArMAN","z","","C03","null","{""Q0"":""Üzülür""}"
"4989","","survey-multi-choice","43","445804","0.0-43.0","rtejj","ozgearman@yahoo.com","Ozge ArMAN","z","","Q03","Ofis","{""Q0"":""Ofis""}"
"19351","","survey-multi-choice","44","465157","0.0-44.0","rtejj","ozgearman@yahoo.com","Ozge ArMAN","z","","F14","null","{""Q0"":""Sevinir""}"
"2509","","survey-multi-choice","45","467668","0.0-45.0","rtejj","ozgearman@yahoo.com","Ozge ArMAN","z","","Q14","Birinci","{""Q0"":""İkinci""}"
"14214","","survey-multi-choice","46","481885","0.0-46.0","rtejj","ozgearman@yahoo.com","Ozge ArMAN","z","","F17","null","{""Q0"":""Üzülür""}"
"2694","","survey-multi-choice","47","484580","0.0-47.0","rtejj","ozgearman@yahoo.com","Ozge ArMAN","z","","Q17","Öğle yemeği","{""Q0"":""Akşam yemeği""}"
"13990","","survey-multi-choice","48","498573","0.0-48.0","rtejj","ozgearman@yahoo.com","Ozge ArMAN","z","","F22","null","{""Q0"":""Sevinir""}"
"3039","","survey-multi-choice","49","501613","0.0-49.0","rtejj","ozgearman@yahoo.com","Ozge ArMAN","z","","Q22","Yoğun","{""Q0"":""Yoğun""}"
"3757","","instructions","50","505380","0.0-50.0","rtejj","ozgearman@yahoo.com","Ozge ArMAN","z","[{""page_index"":0,""viewing_time"":3757}]","","",""
