"rt","url","trial_type","trial_index","time_elapsed","internal_node_id","subject","subject_email","subject_name","group","view_history","id","correct","responses"
"24714.999999996508","resources/welcome.html","external-html","0","24864","0.0-0.0","uxsmf","kucuk.ezgi@metu.edu.tr","Ezgi","z","","","",""
"3810.1000000024214","","instructions","1","28680","0.0-1.0","uxsmf","kucuk.ezgi@metu.edu.tr","Ezgi","z","[{""page_index"":0,""viewing_time"":3807.699999997567}]","","",""
"21226.90000000148","","survey-multi-choice","2","49923","0.0-2.0","uxsmf","kucuk.ezgi@metu.edu.tr","Ezgi","z","","F13","null","{""Q0"":""Üzülür""}"
"4056.4999999987776","","survey-multi-choice","3","53992","0.0-3.0","uxsmf","kucuk.ezgi@metu.edu.tr","Ezgi","z","","Q13","Kars","{""Q0"":""Kars""}"
"6830.600000001141","","survey-multi-choice","4","60833","0.0-4.0","uxsmf","kucuk.ezgi@metu.edu.tr","Ezgi","z","","F14","null","{""Q0"":""Sevinir""}"
"3838.999999999942","","survey-multi-choice","5","64684","0.0-5.0","uxsmf","kucuk.ezgi@metu.edu.tr","Ezgi","z","","Q14","Birinci","{""Q0"":""İkinci""}"
"7117.200000000594","","survey-multi-choice","6","71811","0.0-6.0","uxsmf","kucuk.ezgi@metu.edu.tr","Ezgi","z","","F16","null","{""Q0"":""Sevinir""}"
"3185.700000001816","","survey-multi-choice","7","75011","0.0-7.0","uxsmf","kucuk.ezgi@metu.edu.tr","Ezgi","z","","Q16","Kafe","{""Q0"":""Kafe""}"
"10134.59999999759","","survey-multi-choice","8","85155","0.0-8.0","uxsmf","kucuk.ezgi@metu.edu.tr","Ezgi","z","","C02","null","{""Q0"":""Sevinir""}"
"2456.7000000024564","","survey-multi-choice","9","87625","0.0-9.0","uxsmf","kucuk.ezgi@metu.edu.tr","Ezgi","z","","Q02","Oyuncak bebek","{""Q0"":""Oyuncak bebek""}"
"7002.4000000048545","","survey-multi-choice","10","94637","0.0-10.0","uxsmf","kucuk.ezgi@metu.edu.tr","Ezgi","z","","F10","null","{""Q0"":""Sevinir""}"
"3352.599999998347","","survey-multi-choice","11","97994","0.0-11.0","uxsmf","kucuk.ezgi@metu.edu.tr","Ezgi","z","","Q10","Yüksek lisans","{""Q0"":""Yüksek lisans""}"
"59533.69999999995","","survey-multi-choice","12","157533","0.0-12.0","uxsmf","kucuk.ezgi@metu.edu.tr","Ezgi","z","","F23","null","{""Q0"":""Üzülür""}"
"4670.1000000030035","","survey-multi-choice","13","162220","0.0-13.0","uxsmf","kucuk.ezgi@metu.edu.tr","Ezgi","z","","Q23","Çarpışan arabalar","{""Q0"":""Çarpışan arabalar""}"
"13976.900000001478","","survey-multi-choice","14","176207","0.0-14.0","uxsmf","kucuk.ezgi@metu.edu.tr","Ezgi","z","","C06","null","{""Q0"":""Sevinir""}"
"3813.6999999987893","","survey-multi-choice","15","180032","0.0-15.0","uxsmf","kucuk.ezgi@metu.edu.tr","Ezgi","z","","Q06","Müdür","{""Q0"":""Müdür""}"
"11485.000000000582","","survey-multi-choice","16","191529","0.0-16.0","uxsmf","kucuk.ezgi@metu.edu.tr","Ezgi","z","","F15","null","{""Q0"":""Sevinir""}"
"2296.999999998661","","survey-multi-choice","17","193838","0.0-17.0","uxsmf","kucuk.ezgi@metu.edu.tr","Ezgi","z","","Q15","Altı","{""Q0"":""Altı""}"
"95087.29999999923","","survey-multi-choice","18","288945","0.0-18.0","uxsmf","kucuk.ezgi@metu.edu.tr","Ezgi","z","","F20","null","{""Q0"":""Üzülür""}"
"1895.3000000037719","","survey-multi-choice","19","290854","0.0-19.0","uxsmf","kucuk.ezgi@metu.edu.tr","Ezgi","z","","Q20","Piyango bileti","{""Q0"":""Piyango bileti""}"
"27590.100000001257","","survey-multi-choice","20","318459","0.0-20.0","uxsmf","kucuk.ezgi@metu.edu.tr","Ezgi","z","","F07","null","{""Q0"":""Üzülür""}"
"5863.000000004831","","survey-multi-choice","21","324334","0.0-21.0","uxsmf","kucuk.ezgi@metu.edu.tr","Ezgi","z","","Q07","Kardan adam","{""Q0"":""Kardan adam""}"
"7297.899999997753","","survey-multi-choice","22","331644","0.0-22.0","uxsmf","kucuk.ezgi@metu.edu.tr","Ezgi","z","","C05","null","{""Q0"":""Sevinir""}"
"2252.699999997276","","survey-multi-choice","23","333908","0.0-23.0","uxsmf","kucuk.ezgi@metu.edu.tr","Ezgi","z","","Q05","Matematik","{""Q0"":""Matematik""}"
"6499.299999995856","","survey-multi-choice","24","340418","0.0-24.0","uxsmf","kucuk.ezgi@metu.edu.tr","Ezgi","z","","F18","null","{""Q0"":""Sevinir""}"
"1809.1999999960535","","survey-multi-choice","25","342238","0.0-25.0","uxsmf","kucuk.ezgi@metu.edu.tr","Ezgi","z","","Q18","Çilek","{""Q0"":""Çilek""}"
"5588.10000000085","","survey-multi-choice","26","347839","0.0-26.0","uxsmf","kucuk.ezgi@metu.edu.tr","Ezgi","z","","F12","null","{""Q0"":""Sevinir""}"
"2991.9000000008964","","survey-multi-choice","27","350843","0.0-27.0","uxsmf","kucuk.ezgi@metu.edu.tr","Ezgi","z","","Q12","Para biriktirmek","{""Q0"":""Para biriktirmek""}"
"5972.199999996519","","survey-multi-choice","28","356826","0.0-28.0","uxsmf","kucuk.ezgi@metu.edu.tr","Ezgi","z","","F11","null","{""Q0"":""Üzülür""}"
"2899.1000000023632","","survey-multi-choice","29","359737","0.0-29.0","uxsmf","kucuk.ezgi@metu.edu.tr","Ezgi","z","","Q11","Ayakkabı","{""Q0"":""Ayakkabı""}"
"10385.899999993853","","survey-multi-choice","30","370133","0.0-30.0","uxsmf","kucuk.ezgi@metu.edu.tr","Ezgi","z","","C04","null","{""Q0"":""Sevinir""}"
"2765.9999999959837","","survey-multi-choice","31","372911","0.0-31.0","uxsmf","kucuk.ezgi@metu.edu.tr","Ezgi","z","","Q04","Kamp","{""Q0"":""Kamp""}"
"6557.800000002317","","survey-multi-choice","32","379480","0.0-32.0","uxsmf","kucuk.ezgi@metu.edu.tr","Ezgi","z","","F24","null","{""Q0"":""Sevinir""}"
"1946.7999999978929","","survey-multi-choice","33","381439","0.0-33.0","uxsmf","kucuk.ezgi@metu.edu.tr","Ezgi","z","","Q24","Tokyo","{""Q0"":""Tokyo""}"
"5222.000000001572","","survey-multi-choice","34","386672","0.0-34.0","uxsmf","kucuk.ezgi@metu.edu.tr","Ezgi","z","","F17","null","{""Q0"":""Üzülür""}"
"1965.199999998731","","survey-multi-choice","35","388649","0.0-35.0","uxsmf","kucuk.ezgi@metu.edu.tr","Ezgi","z","","Q17","Öğle yemeği","{""Q0"":""Akşam yemeği""}"
"7191.700000003038","","survey-multi-choice","36","395891","0.0-36.0","uxsmf","kucuk.ezgi@metu.edu.tr","Ezgi","z","","C01","null","{""Q0"":""Üzülür""}"
"3132.5999999971827","","survey-multi-choice","37","399038","0.0-37.0","uxsmf","kucuk.ezgi@metu.edu.tr","Ezgi","z","","Q01","Arda","{""Q0"":""Arda""}"
"7616.900000000896","","survey-multi-choice","38","406665","0.0-38.0","uxsmf","kucuk.ezgi@metu.edu.tr","Ezgi","z","","F08","null","{""Q0"":""Üzülür""}"
"4143.300000003364","","survey-multi-choice","39","410820","0.0-39.0","uxsmf","kucuk.ezgi@metu.edu.tr","Ezgi","z","","Q08","Tenis","{""Q0"":""Tenis""}"
"4927.800000004936","","survey-multi-choice","40","415759","0.0-40.0","uxsmf","kucuk.ezgi@metu.edu.tr","Ezgi","z","","F21","null","{""Q0"":""Üzülür""}"
"2418.100000002596","","survey-multi-choice","41","418191","0.0-41.0","uxsmf","kucuk.ezgi@metu.edu.tr","Ezgi","z","","Q21","Odun","{""Q0"":""Odun""}"
"5229.399999996531","","survey-multi-choice","42","423432","0.0-42.0","uxsmf","kucuk.ezgi@metu.edu.tr","Ezgi","z","","C03","null","{""Q0"":""Üzülür""}"
"5558.00000000454","","survey-multi-choice","43","429003","0.0-43.0","uxsmf","kucuk.ezgi@metu.edu.tr","Ezgi","z","","Q03","Ofis","{""Q0"":""Ofis""}"
"5531.300000002375","","survey-multi-choice","44","434545","0.0-44.0","uxsmf","kucuk.ezgi@metu.edu.tr","Ezgi","z","","F19","null","{""Q0"":""Üzülür""}"
"1981.099999997241","","survey-multi-choice","45","436538","0.0-45.0","uxsmf","kucuk.ezgi@metu.edu.tr","Ezgi","z","","Q19","Fizik","{""Q0"":""Fizik""}"
"6420.299999997951","","survey-multi-choice","46","442969","0.0-46.0","uxsmf","kucuk.ezgi@metu.edu.tr","Ezgi","z","","F22","null","{""Q0"":""Sevinir""}"
"5944.600000002538","","survey-multi-choice","47","448925","0.0-47.0","uxsmf","kucuk.ezgi@metu.edu.tr","Ezgi","z","","Q22","Yoğun","{""Q0"":""Yoğun""}"
"10176.2000000017","","survey-multi-choice","48","459114","0.0-48.0","uxsmf","kucuk.ezgi@metu.edu.tr","Ezgi","z","","F09","null","{""Q0"":""Sevinir""}"
"2674.299999998766","","survey-multi-choice","49","461800","0.0-49.0","uxsmf","kucuk.ezgi@metu.edu.tr","Ezgi","z","","Q09","Yemekhane","{""Q0"":""Yemekhane""}"
"1723.5000000000582","","instructions","50","463577","0.0-50.0","uxsmf","kucuk.ezgi@metu.edu.tr","Ezgi","z","[{""page_index"":0,""viewing_time"":1719.0999999947962}]","","",""
