"rt","url","trial_type","trial_index","time_elapsed","internal_node_id","subject","subject_email","subject_name","group","view_history","id","correct","responses"
"32250.40000000081","resources/welcome.html","external-html","0","32351","0.0-0.0","onkod","Denizernalbant@gmail.com ","Deniz Ernalbant","z","","","",""
"21577.100000000428","","instructions","1","53933","0.0-1.0","onkod","Denizernalbant@gmail.com ","Deniz Ernalbant","z","[{""page_index"":0,""viewing_time"":21574.000000000524}]","","",""
"37816.30000000041","","survey-multi-choice","2","91768","0.0-2.0","onkod","Denizernalbant@gmail.com ","Deniz Ernalbant","z","","F20","null","{""Q0"":""Üzülür""}"
"5199.5999999999185","","survey-multi-choice","3","96990","0.0-3.0","onkod","Denizernalbant@gmail.com ","Deniz Ernalbant","z","","Q20","Piyango bileti","{""Q0"":""Piyango bileti""}"
"11490.600000000995","","survey-multi-choice","4","108491","0.0-4.0","onkod","Denizernalbant@gmail.com ","Deniz Ernalbant","z","","F07","null","{""Q0"":""Üzülür""}"
"5481.700000000274","","survey-multi-choice","5","113980","0.0-5.0","onkod","Denizernalbant@gmail.com ","Deniz Ernalbant","z","","Q07","Kardan adam","{""Q0"":""Kardan adam""}"
"17815.50000000061","","survey-multi-choice","6","131806","0.0-6.0","onkod","Denizernalbant@gmail.com ","Deniz Ernalbant","z","","F12","null","{""Q0"":""Sevinir""}"
"9495.80000000057","","survey-multi-choice","7","141311","0.0-7.0","onkod","Denizernalbant@gmail.com ","Deniz Ernalbant","z","","Q12","Para biriktirmek","{""Q0"":""Para biriktirmek""}"
"29374.400000000605","","survey-multi-choice","8","170698","0.0-8.0","onkod","Denizernalbant@gmail.com ","Deniz Ernalbant","z","","C03","null","{""Q0"":""Üzülür""}"
"7081.400000000955","","survey-multi-choice","9","177790","0.0-9.0","onkod","Denizernalbant@gmail.com ","Deniz Ernalbant","z","","Q03","Ofis","{""Q0"":""Ofis""}"
"18348.29999999967","","survey-multi-choice","10","196149","0.0-10.0","onkod","Denizernalbant@gmail.com ","Deniz Ernalbant","z","","F17","null","{""Q0"":""Üzülür""}"
"5273.400000000023","","survey-multi-choice","11","201433","0.0-11.0","onkod","Denizernalbant@gmail.com ","Deniz Ernalbant","z","","Q17","Öğle yemeği","{""Q0"":""Akşam yemeği""}"
"18381.099999998696","","survey-multi-choice","12","219825","0.0-12.0","onkod","Denizernalbant@gmail.com ","Deniz Ernalbant","z","","F18","null","{""Q0"":""Sevinir""}"
"3865.4000000006054","","survey-multi-choice","13","223702","0.0-13.0","onkod","Denizernalbant@gmail.com ","Deniz Ernalbant","z","","Q18","Çilek","{""Q0"":""Çilek""}"
"27175.6000000005","","survey-multi-choice","14","250887","0.0-14.0","onkod","Denizernalbant@gmail.com ","Deniz Ernalbant","z","","C06","null","{""Q0"":""Sevinir""}"
"8212.999999999709","","survey-multi-choice","15","259112","0.0-15.0","onkod","Denizernalbant@gmail.com ","Deniz Ernalbant","z","","Q06","Müdür","{""Q0"":""Müdür""}"
"14451.199999999517","","survey-multi-choice","16","273574","0.0-16.0","onkod","Denizernalbant@gmail.com ","Deniz Ernalbant","z","","F15","null","{""Q0"":""Üzülür""}"
"7355.999999999767","","survey-multi-choice","17","280948","0.0-17.0","onkod","Denizernalbant@gmail.com ","Deniz Ernalbant","z","","Q15","Altı","{""Q0"":""Altı""}"
"21336.099999998638","","survey-multi-choice","18","302297","0.0-18.0","onkod","Denizernalbant@gmail.com ","Deniz Ernalbant","z","","F13","null","{""Q0"":""Sevinir""}"
"2845.4000000001397","","survey-multi-choice","19","305158","0.0-19.0","onkod","Denizernalbant@gmail.com ","Deniz Ernalbant","z","","Q13","Kars","{""Q0"":""Kars""}"
"27887.699999999313","","survey-multi-choice","20","333066","0.0-20.0","onkod","Denizernalbant@gmail.com ","Deniz Ernalbant","z","","F09","null","{""Q0"":""Sevinir""}"
"4004.6000000002095","","survey-multi-choice","21","337083","0.0-21.0","onkod","Denizernalbant@gmail.com ","Deniz Ernalbant","z","","Q09","Yemekhane","{""Q0"":""Yemekhane""}"
"13477.29999999865","","survey-multi-choice","22","350572","0.0-22.0","onkod","Denizernalbant@gmail.com ","Deniz Ernalbant","z","","C05","null","{""Q0"":""Üzülür""}"
"8486.000000000757","","survey-multi-choice","23","359072","0.0-23.0","onkod","Denizernalbant@gmail.com ","Deniz Ernalbant","z","","Q05","Matematik","{""Q0"":""Matematik""}"
"72542.1999999999","","survey-multi-choice","24","431625","0.0-24.0","onkod","Denizernalbant@gmail.com ","Deniz Ernalbant","z","","F14","null","{""Q0"":""Sevinir""}"
"4168.499999999767","","survey-multi-choice","25","435804","0.0-25.0","onkod","Denizernalbant@gmail.com ","Deniz Ernalbant","z","","Q14","Birinci","{""Q0"":""İkinci""}"
"19230.70000000007","","survey-multi-choice","26","455044","0.0-26.0","onkod","Denizernalbant@gmail.com ","Deniz Ernalbant","z","","F23","null","{""Q0"":""Üzülür""}"
"4253.399999999616","","survey-multi-choice","27","459308","0.0-27.0","onkod","Denizernalbant@gmail.com ","Deniz Ernalbant","z","","Q23","Çarpışan arabalar","{""Q0"":""Çarpışan arabalar""}"
"13749.700000000303","","survey-multi-choice","28","473068","0.0-28.0","onkod","Denizernalbant@gmail.com ","Deniz Ernalbant","z","","F24","null","{""Q0"":""Sevinir""}"
"2451.7999999989406","","survey-multi-choice","29","475535","0.0-29.0","onkod","Denizernalbant@gmail.com ","Deniz Ernalbant","z","","Q24","Tokyo","{""Q0"":""Tokyo""}"
"26264.69999999972","","survey-multi-choice","30","501818","0.0-30.0","onkod","Denizernalbant@gmail.com ","Deniz Ernalbant","z","","C02","null","{""Q0"":""Sevinir""}"
"3728.399999999965","","survey-multi-choice","31","505559","0.0-31.0","onkod","Denizernalbant@gmail.com ","Deniz Ernalbant","z","","Q02","Oyuncak bebek","{""Q0"":""Oyuncak bebek""}"
"29807.700000001176","","survey-multi-choice","32","535378","0.0-32.0","onkod","Denizernalbant@gmail.com ","Deniz Ernalbant","z","","F21","null","{""Q0"":""Üzülür""}"
"5414.800000000512","","survey-multi-choice","33","540804","0.0-33.0","onkod","Denizernalbant@gmail.com ","Deniz Ernalbant","z","","Q21","Odun","{""Q0"":""Odun""}"
"16489.400000000373","","survey-multi-choice","34","557303","0.0-34.0","onkod","Denizernalbant@gmail.com ","Deniz Ernalbant","z","","F22","null","{""Q0"":""Sevinir""}"
"3698.0000000003492","","survey-multi-choice","35","561026","0.0-35.0","onkod","Denizernalbant@gmail.com ","Deniz Ernalbant","z","","Q22","Yoğun","{""Q0"":""Yoğun""}"
"17641.999999999884","","survey-multi-choice","36","578678","0.0-36.0","onkod","Denizernalbant@gmail.com ","Deniz Ernalbant","z","","C04","null","{""Q0"":""Sevinir""}"
"3914.800000000396","","survey-multi-choice","37","582603","0.0-37.0","onkod","Denizernalbant@gmail.com ","Deniz Ernalbant","z","","Q04","Kamp","{""Q0"":""Kamp""}"
"16191.499999998952","","survey-multi-choice","38","598807","0.0-38.0","onkod","Denizernalbant@gmail.com ","Deniz Ernalbant","z","","F11","null","{""Q0"":""Üzülür""}"
"2918.600000000908","","survey-multi-choice","39","601735","0.0-39.0","onkod","Denizernalbant@gmail.com ","Deniz Ernalbant","z","","Q11","Ayakkabı","{""Q0"":""Ayakkabı""}"
"40229.900000000256","","survey-multi-choice","40","641975","0.0-40.0","onkod","Denizernalbant@gmail.com ","Deniz Ernalbant","z","","F08","null","{""Q0"":""Üzülür""}"
"7977.29999999865","","survey-multi-choice","41","649966","0.0-41.0","onkod","Denizernalbant@gmail.com ","Deniz Ernalbant","z","","Q08","Tenis","{""Q0"":""Tenis""}"
"35055.90000000119","","survey-multi-choice","42","685032","0.0-42.0","onkod","Denizernalbant@gmail.com ","Deniz Ernalbant","z","","C01","null","{""Q0"":""Üzülür""}"
"5110.800000000396","","survey-multi-choice","43","690153","0.0-43.0","onkod","Denizernalbant@gmail.com ","Deniz Ernalbant","z","","Q01","Arda","{""Q0"":""Arda""}"
"17868.39999999944","","survey-multi-choice","44","708030","0.0-44.0","onkod","Denizernalbant@gmail.com ","Deniz Ernalbant","z","","F16","null","{""Q0"":""Sevinir""}"
"3010.200000000652","","survey-multi-choice","45","711052","0.0-45.0","onkod","Denizernalbant@gmail.com ","Deniz Ernalbant","z","","Q16","Kafe","{""Q0"":""Kafe""}"
"7956.900000000955","","survey-multi-choice","46","719025","0.0-46.0","onkod","Denizernalbant@gmail.com ","Deniz Ernalbant","z","","F19","null","{""Q0"":""Üzülür""}"
"2059.699999999837","","survey-multi-choice","47","721103","0.0-47.0","onkod","Denizernalbant@gmail.com ","Deniz Ernalbant","z","","Q19","Fizik","{""Q0"":""Fizik""}"
"11209.300000000512","","survey-multi-choice","48","732324","0.0-48.0","onkod","Denizernalbant@gmail.com ","Deniz Ernalbant","z","","F10","null","{""Q0"":""Sevinir""}"
"2743.500000000582","","survey-multi-choice","49","735084","0.0-49.0","onkod","Denizernalbant@gmail.com ","Deniz Ernalbant","z","","Q10","Yüksek lisans","{""Q0"":""Yüksek lisans""}"
"4699.400000001304","","instructions","50","739813","0.0-50.0","onkod","Denizernalbant@gmail.com ","Deniz Ernalbant","z","[{""page_index"":0,""viewing_time"":4697.900000001071}]","","",""
