"rt","url","trial_type","trial_index","time_elapsed","internal_node_id","subject","subject_email","subject_name","group","view_history","id","correct","responses"
"28095.39999999106","resources/welcome.html","external-html","0","28192","0.0-0.0","sfm0v","ozgyrozdemir@gmail.com","özgür özdemir","z","","","",""
"5837.499999994179","","instructions","1","34036","0.0-1.0","sfm0v","ozgyrozdemir@gmail.com","özgür özdemir","z","[{""page_index"":0,""viewing_time"":5832.599999994272}]","","",""
"5242.10000000312","","survey-multi-choice","2","39307","0.0-2.0","sfm0v","ozgyrozdemir@gmail.com","özgür özdemir","z","","F13","null","{""Q0"":""Sevinir""}"
"4251.499999983935","","survey-multi-choice","3","43573","0.0-3.0","sfm0v","ozgyrozdemir@gmail.com","özgür özdemir","z","","Q13","Kars","{""Q0"":""Kars""}"
"8770.500000013271","","survey-multi-choice","4","52358","0.0-4.0","sfm0v","ozgyrozdemir@gmail.com","özgür özdemir","z","","F22","null","{""Q0"":""Sevinir""}"
"4783.800000004703","","survey-multi-choice","5","57156","0.0-5.0","sfm0v","ozgyrozdemir@gmail.com","özgür özdemir","z","","Q22","Yoğun","{""Q0"":""Yoğun""}"
"7615.300000004936","","survey-multi-choice","6","64784","0.0-6.0","sfm0v","ozgyrozdemir@gmail.com","özgür özdemir","z","","F16","null","{""Q0"":""Sevinir""}"
"2415.999999997439","","survey-multi-choice","7","67216","0.0-7.0","sfm0v","ozgyrozdemir@gmail.com","özgür özdemir","z","","Q16","Kafe","{""Q0"":""Kafe""}"
"6689.800000021933","","survey-multi-choice","8","73918","0.0-8.0","sfm0v","ozgyrozdemir@gmail.com","özgür özdemir","z","","C06","null","{""Q0"":""Sevinir""}"
"2604.5999999914784","","survey-multi-choice","9","76532","0.0-9.0","sfm0v","ozgyrozdemir@gmail.com","özgür özdemir","z","","Q06","Müdür","{""Q0"":""Müdür""}"
"5856.599999999162","","survey-multi-choice","10","82403","0.0-10.0","sfm0v","ozgyrozdemir@gmail.com","özgür özdemir","z","","F19","null","{""Q0"":""Üzülür""}"
"1975.2999999909662","","survey-multi-choice","11","84389","0.0-11.0","sfm0v","ozgyrozdemir@gmail.com","özgür özdemir","z","","Q19","Fizik","{""Q0"":""Fizik""}"
"4711.799999990035","","survey-multi-choice","12","89113","0.0-12.0","sfm0v","ozgyrozdemir@gmail.com","özgür özdemir","z","","F07","null","{""Q0"":""Üzülür""}"
"2550.0000000174623","","survey-multi-choice","13","91680","0.0-13.0","sfm0v","ozgyrozdemir@gmail.com","özgür özdemir","z","","Q07","Kardan adam","{""Q0"":""Kardan adam""}"
"7595.900000014808","","survey-multi-choice","14","99288","0.0-14.0","sfm0v","ozgyrozdemir@gmail.com","özgür özdemir","z","","C01","null","{""Q0"":""Üzülür""}"
"2266.79999998305","","survey-multi-choice","15","101570","0.0-15.0","sfm0v","ozgyrozdemir@gmail.com","özgür özdemir","z","","Q01","Arda","{""Q0"":""Arda""}"
"7072.4000000045635","","survey-multi-choice","16","108655","0.0-16.0","sfm0v","ozgyrozdemir@gmail.com","özgür özdemir","z","","F20","null","{""Q0"":""Üzülür""}"
"2355.600000009872","","survey-multi-choice","17","111027","0.0-17.0","sfm0v","ozgyrozdemir@gmail.com","özgür özdemir","z","","Q20","Piyango bileti","{""Q0"":""Piyango bileti""}"
"7167.9000000003725","","survey-multi-choice","18","118207","0.0-18.0","sfm0v","ozgyrozdemir@gmail.com","özgür özdemir","z","","F08","null","{""Q0"":""Üzülür""}"
"5028.499999985797","","survey-multi-choice","19","123249","0.0-19.0","sfm0v","ozgyrozdemir@gmail.com","özgür özdemir","z","","Q08","Tenis","{""Q0"":""Basketbol""}"
"8789.39999997965","","survey-multi-choice","20","132052","0.0-20.0","sfm0v","ozgyrozdemir@gmail.com","özgür özdemir","z","","F17","null","{""Q0"":""Sevinir""}"
"4923.999999999069","","survey-multi-choice","21","136991","0.0-21.0","sfm0v","ozgyrozdemir@gmail.com","özgür özdemir","z","","Q17","Öğle yemeği","{""Q0"":""Akşam yemeği""}"
"5499.299999995856","","survey-multi-choice","22","142503","0.0-22.0","sfm0v","ozgyrozdemir@gmail.com","özgür özdemir","z","","C05","null","{""Q0"":""Sevinir""}"
"2253.7000000011176","","survey-multi-choice","23","144775","0.0-23.0","sfm0v","ozgyrozdemir@gmail.com","özgür özdemir","z","","Q05","Matematik","{""Q0"":""Matematik""}"
"5595.499999995809","","survey-multi-choice","24","150383","0.0-24.0","sfm0v","ozgyrozdemir@gmail.com","özgür özdemir","z","","F11","null","{""Q0"":""Üzülür""}"
"2078.0000000086147","","survey-multi-choice","25","152478","0.0-25.0","sfm0v","ozgyrozdemir@gmail.com","özgür özdemir","z","","Q11","Ayakkabı","{""Q0"":""Ayakkabı""}"
"5641.79999998305","","survey-multi-choice","26","158133","0.0-26.0","sfm0v","ozgyrozdemir@gmail.com","özgür özdemir","z","","F12","null","{""Q0"":""Sevinir""}"
"2254.6000000147615","","survey-multi-choice","27","160404","0.0-27.0","sfm0v","ozgyrozdemir@gmail.com","özgür özdemir","z","","Q12","Para biriktirmek","{""Q0"":""Para biriktirmek""}"
"5188.899999979185","","survey-multi-choice","28","165605","0.0-28.0","sfm0v","ozgyrozdemir@gmail.com","özgür özdemir","z","","F15","null","{""Q0"":""Üzülür""}"
"2203.9999999979045","","survey-multi-choice","29","167825","0.0-29.0","sfm0v","ozgyrozdemir@gmail.com","özgür özdemir","z","","Q15","Altı","{""Q0"":""Altı""}"
"6420.200000022305","","survey-multi-choice","30","174261","0.0-30.0","sfm0v","ozgyrozdemir@gmail.com","özgür özdemir","z","","C03","null","{""Q0"":""Üzülür""}"
"2679.200000013225","","survey-multi-choice","31","176954","0.0-31.0","sfm0v","ozgyrozdemir@gmail.com","özgür özdemir","z","","Q03","Ofis","{""Q0"":""Ofis""}"
"5016.700000007404","","survey-multi-choice","32","181978","0.0-32.0","sfm0v","ozgyrozdemir@gmail.com","özgür özdemir","z","","F21","null","{""Q0"":""Üzülür""}"
"2203.29999999376","","survey-multi-choice","33","184191","0.0-33.0","sfm0v","ozgyrozdemir@gmail.com","özgür özdemir","z","","Q21","Odun","{""Q0"":""Odun""}"
"3915.999999997439","","survey-multi-choice","34","188123","0.0-34.0","sfm0v","ozgyrozdemir@gmail.com","özgür özdemir","z","","F23","null","{""Q0"":""Üzülür""}"
"1583.4000000031665","","survey-multi-choice","35","189762","0.0-35.0","sfm0v","ozgyrozdemir@gmail.com","özgür özdemir","z","","Q23","Çarpışan arabalar","{""Q0"":""Çarpışan arabalar""}"
"7981.899999984307","","survey-multi-choice","36","197775","0.0-36.0","sfm0v","ozgyrozdemir@gmail.com","özgür özdemir","z","","C02","null","{""Q0"":""Sevinir""}"
"2578.1999999890104","","survey-multi-choice","37","200369","0.0-37.0","sfm0v","ozgyrozdemir@gmail.com","özgür özdemir","z","","Q02","Oyuncak bebek","{""Q0"":""Oyuncak bebek""}"
"7079.999999987194","","survey-multi-choice","38","207464","0.0-38.0","sfm0v","ozgyrozdemir@gmail.com","özgür özdemir","z","","F18","null","{""Q0"":""Sevinir""}"
"3004.899999999907","","survey-multi-choice","39","210482","0.0-39.0","sfm0v","ozgyrozdemir@gmail.com","özgür özdemir","z","","Q18","Çilek","{""Q0"":""Çilek""}"
"5944.399999978486","","survey-multi-choice","40","216441","0.0-40.0","sfm0v","ozgyrozdemir@gmail.com","özgür özdemir","z","","F09","null","{""Q0"":""Sevinir""}"
"1949.3000000074971","","survey-multi-choice","41","218405","0.0-41.0","sfm0v","ozgyrozdemir@gmail.com","özgür özdemir","z","","Q09","Yemekhane","{""Q0"":""Yemekhane""}"
"9717.700000008335","","survey-multi-choice","42","228136","0.0-42.0","sfm0v","ozgyrozdemir@gmail.com","özgür özdemir","z","","C04","null","{""Q0"":""Sevinir""}"
"2381.099999998696","","survey-multi-choice","43","230523","0.0-43.0","sfm0v","ozgyrozdemir@gmail.com","özgür özdemir","z","","Q04","Kamp","{""Q0"":""Kamp""}"
"4832.000000023982","","survey-multi-choice","44","235361","0.0-44.0","sfm0v","ozgyrozdemir@gmail.com","özgür özdemir","z","","F14","null","{""Q0"":""Sevinir""}"
"3535.3999999933876","","survey-multi-choice","45","238907","0.0-45.0","sfm0v","ozgyrozdemir@gmail.com","özgür özdemir","z","","Q14","Birinci","{""Q0"":""Birinci""}"
"8888.80000001518","","survey-multi-choice","46","247808","0.0-46.0","sfm0v","ozgyrozdemir@gmail.com","özgür özdemir","z","","F24","null","{""Q0"":""Sevinir""}"
"2021.6000000073109","","survey-multi-choice","47","249845","0.0-47.0","sfm0v","ozgyrozdemir@gmail.com","özgür özdemir","z","","Q24","Tokyo","{""Q0"":""Tokyo""}"
"5569.699999992736","","survey-multi-choice","48","255428","0.0-48.0","sfm0v","ozgyrozdemir@gmail.com","özgür özdemir","z","","F10","null","{""Q0"":""Sevinir""}"
"1855.0000000104774","","survey-multi-choice","49","257297","0.0-49.0","sfm0v","ozgyrozdemir@gmail.com","özgür özdemir","z","","Q10","Yüksek lisans","{""Q0"":""Yüksek lisans""}"
"2056.6999999864493","","instructions","50","259374","0.0-50.0","sfm0v","ozgyrozdemir@gmail.com","özgür özdemir","z","[{""page_index"":0,""viewing_time"":2052.7000000001863}]","","",""
