"rt","url","trial_type","trial_index","time_elapsed","internal_node_id","subject","subject_email","subject_name","group","view_history","id","correct","responses"
"39108.500000002095","resources/welcome.html","external-html","0","39255","0.0-0.0","6jy8q","bekurtoglu@gmail.com ","Beyza","z","","","",""
"24052.599999999074","","instructions","1","63319","0.0-1.0","6jy8q","bekurtoglu@gmail.com ","Beyza","z","[{""page_index"":0,""viewing_time"":24039.800000002288}]","","",""
"19086.199999997916","","survey-multi-choice","2","82435","0.0-2.0","6jy8q","bekurtoglu@gmail.com ","Beyza","z","","F11","null","{""Q0"":""Üzülür""}"
"4152.5000000001455","","survey-multi-choice","3","86600","0.0-3.0","6jy8q","bekurtoglu@gmail.com ","Beyza","z","","Q11","Ayakkabı","{""Q0"":""Ayakkabı""}"
"21142.799999997806","","survey-multi-choice","4","107762","0.0-4.0","6jy8q","bekurtoglu@gmail.com ","Beyza","z","","F07","null","{""Q0"":""Sevinir""}"
"3987.4000000017986","","survey-multi-choice","5","111766","0.0-5.0","6jy8q","bekurtoglu@gmail.com ","Beyza","z","","Q07","Kardan adam","{""Q0"":""Kardan adam""}"
"10763.699999999517","","survey-multi-choice","6","122549","0.0-6.0","6jy8q","bekurtoglu@gmail.com ","Beyza","z","","F19","null","{""Q0"":""Üzülür""}"
"3527.299999997922","","survey-multi-choice","7","126096","0.0-7.0","6jy8q","bekurtoglu@gmail.com ","Beyza","z","","Q19","Fizik","{""Q0"":""Fizik""}"
"22240.0000000016","","survey-multi-choice","8","148355","0.0-8.0","6jy8q","bekurtoglu@gmail.com ","Beyza","z","","C01","null","{""Q0"":""Sevinir""}"
"4239.300000001094","","survey-multi-choice","9","152611","0.0-9.0","6jy8q","bekurtoglu@gmail.com ","Beyza","z","","Q01","Arda","{""Q0"":""Arda""}"
"19344.40000000177","","survey-multi-choice","10","171973","0.0-10.0","6jy8q","bekurtoglu@gmail.com ","Beyza","z","","F13","null","{""Q0"":""Sevinir""}"
"4053.4000000006927","","survey-multi-choice","11","176044","0.0-11.0","6jy8q","bekurtoglu@gmail.com ","Beyza","z","","Q13","Kars","{""Q0"":""Kars""}"
"9298.099999999977","","survey-multi-choice","12","185358","0.0-12.0","6jy8q","bekurtoglu@gmail.com ","Beyza","z","","F10","null","{""Q0"":""Sevinir""}"
"4635.999999998603","","survey-multi-choice","13","190014","0.0-13.0","6jy8q","bekurtoglu@gmail.com ","Beyza","z","","Q10","Yüksek lisans","{""Q0"":""Yüksek lisans""}"
"17281.10000000015","","survey-multi-choice","14","207312","0.0-14.0","6jy8q","bekurtoglu@gmail.com ","Beyza","z","","C02","null","{""Q0"":""Sevinir""}"
"4634.600000001228","","survey-multi-choice","15","211964","0.0-15.0","6jy8q","bekurtoglu@gmail.com ","Beyza","z","","Q02","Oyuncak bebek","{""Q0"":""Oyuncak bebek""}"
"14933.80000000252","","survey-multi-choice","16","226915","0.0-16.0","6jy8q","bekurtoglu@gmail.com ","Beyza","z","","F17","null","{""Q0"":""Üzülür""}"
"2894.9999999967986","","survey-multi-choice","17","229832","0.0-17.0","6jy8q","bekurtoglu@gmail.com ","Beyza","z","","Q17","Öğle yemeği","{""Q0"":""Akşam yemeği""}"
"56267.29999999952","","survey-multi-choice","18","286120","0.0-18.0","6jy8q","bekurtoglu@gmail.com ","Beyza","z","","F14","null","{""Q0"":""Sevinir""}"
"3404.500000000524","","survey-multi-choice","19","289546","0.0-19.0","6jy8q","bekurtoglu@gmail.com ","Beyza","z","","Q14","Birinci","{""Q0"":""İkinci""}"
"7121.59999999858","","survey-multi-choice","20","296687","0.0-20.0","6jy8q","bekurtoglu@gmail.com ","Beyza","z","","F16","null","{""Q0"":""Sevinir""}"
"2600.699999999022","","survey-multi-choice","21","299309","0.0-21.0","6jy8q","bekurtoglu@gmail.com ","Beyza","z","","Q16","Kafe","{""Q0"":""Kafe""}"
"22438.200000000536","","survey-multi-choice","22","321770","0.0-22.0","6jy8q","bekurtoglu@gmail.com ","Beyza","z","","C03","null","{""Q0"":""Üzülür""}"
"6592.799999998533","","survey-multi-choice","23","328383","0.0-23.0","6jy8q","bekurtoglu@gmail.com ","Beyza","z","","Q03","Ofis","{""Q0"":""Ofis""}"
"6001.299999999872","","survey-multi-choice","24","334402","0.0-24.0","6jy8q","bekurtoglu@gmail.com ","Beyza","z","","F23","null","{""Q0"":""Üzülür""}"
"2828.4999999995925","","survey-multi-choice","25","337255","0.0-25.0","6jy8q","bekurtoglu@gmail.com ","Beyza","z","","Q23","Çarpışan arabalar","{""Q0"":""Çarpışan arabalar""}"
"7891.500000001513","","survey-multi-choice","26","345163","0.0-26.0","6jy8q","bekurtoglu@gmail.com ","Beyza","z","","F21","null","{""Q0"":""Üzülür""}"
"2704.9000000006054","","survey-multi-choice","27","347885","0.0-27.0","6jy8q","bekurtoglu@gmail.com ","Beyza","z","","Q21","Odun","{""Q0"":""Odun""}"
"7779.800000000279","","survey-multi-choice","28","355680","0.0-28.0","6jy8q","bekurtoglu@gmail.com ","Beyza","z","","F12","null","{""Q0"":""Sevinir""}"
"3313.5000000001746","","survey-multi-choice","29","359020","0.0-29.0","6jy8q","bekurtoglu@gmail.com ","Beyza","z","","Q12","Para biriktirmek","{""Q0"":""Para biriktirmek""}"
"10017.899999998976","","survey-multi-choice","30","369055","0.0-30.0","6jy8q","bekurtoglu@gmail.com ","Beyza","z","","C06","null","{""Q0"":""Sevinir""}"
"6782.8000000008615","","survey-multi-choice","31","375868","0.0-31.0","6jy8q","bekurtoglu@gmail.com ","Beyza","z","","Q06","Müdür","{""Q0"":""Müdür""}"
"7886.399999999383","","survey-multi-choice","32","383774","0.0-32.0","6jy8q","bekurtoglu@gmail.com ","Beyza","z","","F09","null","{""Q0"":""Sevinir""}"
"2599.000000001979","","survey-multi-choice","33","386405","0.0-33.0","6jy8q","bekurtoglu@gmail.com ","Beyza","z","","Q09","Yemekhane","{""Q0"":""Yemekhane""}"
"13804.899999999208","","survey-multi-choice","34","400230","0.0-34.0","6jy8q","bekurtoglu@gmail.com ","Beyza","z","","F22","null","{""Q0"":""Sevinir""}"
"4283.100000000559","","survey-multi-choice","35","404527","0.0-35.0","6jy8q","bekurtoglu@gmail.com ","Beyza","z","","Q22","Yoğun","{""Q0"":""Yoğun""}"
"10352.600000001956","","survey-multi-choice","36","414913","0.0-36.0","6jy8q","bekurtoglu@gmail.com ","Beyza","z","","C04","null","{""Q0"":""Sevinir""}"
"2711.4000000001397","","survey-multi-choice","37","417660","0.0-37.0","6jy8q","bekurtoglu@gmail.com ","Beyza","z","","Q04","Kamp","{""Q0"":""Kamp""}"
"19951.600000000326","","survey-multi-choice","38","437629","0.0-38.0","6jy8q","bekurtoglu@gmail.com ","Beyza","z","","F20","null","{""Q0"":""Üzülür""}"
"2958.600000001781","","survey-multi-choice","39","440603","0.0-39.0","6jy8q","bekurtoglu@gmail.com ","Beyza","z","","Q20","Piyango bileti","{""Q0"":""Piyango bileti""}"
"11906.50000000099","","survey-multi-choice","40","452526","0.0-40.0","6jy8q","bekurtoglu@gmail.com ","Beyza","z","","F15","null","{""Q0"":""Üzülür""}"
"2128.000000000582","","survey-multi-choice","41","454681","0.0-41.0","6jy8q","bekurtoglu@gmail.com ","Beyza","z","","Q15","Altı","{""Q0"":""Altı""}"
"7154.199999997218","","survey-multi-choice","42","461855","0.0-42.0","6jy8q","bekurtoglu@gmail.com ","Beyza","z","","C05","null","{""Q0"":""Üzülür""}"
"1917.4000000021188","","survey-multi-choice","43","463793","0.0-43.0","6jy8q","bekurtoglu@gmail.com ","Beyza","z","","Q05","Matematik","{""Q0"":""Matematik""}"
"8617.900000001071","","survey-multi-choice","44","472433","0.0-44.0","6jy8q","bekurtoglu@gmail.com ","Beyza","z","","F18","null","{""Q0"":""Sevinir""}"
"2628.100000001723","","survey-multi-choice","45","475078","0.0-45.0","6jy8q","bekurtoglu@gmail.com ","Beyza","z","","Q18","Çilek","{""Q0"":""Çilek""}"
"9649.900000000314","","survey-multi-choice","46","484750","0.0-46.0","6jy8q","bekurtoglu@gmail.com ","Beyza","z","","F24","null","{""Q0"":""Sevinir""}"
"3492.3999999992084","","survey-multi-choice","47","488260","0.0-47.0","6jy8q","bekurtoglu@gmail.com ","Beyza","z","","Q24","Tokyo","{""Q0"":""Tokyo""}"
"16462.200000001758","","survey-multi-choice","48","504743","0.0-48.0","6jy8q","bekurtoglu@gmail.com ","Beyza","z","","F08","null","{""Q0"":""Üzülür""}"
"4996.100000000268","","survey-multi-choice","49","509757","0.0-49.0","6jy8q","bekurtoglu@gmail.com ","Beyza","z","","Q08","Tenis","{""Q0"":""Tenis""}"
"4675.40000000014","","instructions","50","514456","0.0-50.0","6jy8q","bekurtoglu@gmail.com ","Beyza","z","[{""page_index"":0,""viewing_time"":4672.800000000279}]","","",""
