"rt","url","trial_type","trial_index","time_elapsed","internal_node_id","subject","subject_email","subject_name","group","view_history","id","correct","responses"
"31006.199999999808","resources/welcome.html","external-html","0","31088","0.0-0.0","0plq8","erenburakdeveci@gmail.com","Eren","z","","","",""
"16129.300000000512","","instructions","1","47233","0.0-1.0","0plq8","erenburakdeveci@gmail.com","Eren","z","[{""page_index"":0,""viewing_time"":16123.600000002625}]","","",""
"17188.999999998487","","survey-multi-choice","2","64443","0.0-2.0","0plq8","erenburakdeveci@gmail.com","Eren","z","","F24","null","{""Q0"":""Sevinir""}"
"2939.9999999986903","","survey-multi-choice","3","67398","0.0-3.0","0plq8","erenburakdeveci@gmail.com","Eren","z","","Q24","Tokyo","{""Q0"":""Tokyo""}"
"15129.699999997683","","survey-multi-choice","4","82542","0.0-4.0","0plq8","erenburakdeveci@gmail.com","Eren","z","","F10","null","{""Q0"":""Sevinir""}"
"3493.900000001304","","survey-multi-choice","5","86046","0.0-5.0","0plq8","erenburakdeveci@gmail.com","Eren","z","","Q10","Yüksek lisans","{""Q0"":""Yüksek lisans""}"
"11484.599999999773","","survey-multi-choice","6","97552","0.0-6.0","0plq8","erenburakdeveci@gmail.com","Eren","z","","F08","null","{""Q0"":""Üzülür""}"
"2498.9000000023225","","survey-multi-choice","7","100069","0.0-7.0","0plq8","erenburakdeveci@gmail.com","Eren","z","","Q08","Tenis","{""Q0"":""Tenis""}"
"11341.700000000856","","survey-multi-choice","8","111429","0.0-8.0","0plq8","erenburakdeveci@gmail.com","Eren","z","","C06","null","{""Q0"":""Sevinir""}"
"4966.000000000349","","survey-multi-choice","9","116409","0.0-9.0","0plq8","erenburakdeveci@gmail.com","Eren","z","","Q06","Müdür","{""Q0"":""Müdür""}"
"12648.49999999933","","survey-multi-choice","10","129078","0.0-10.0","0plq8","erenburakdeveci@gmail.com","Eren","z","","F15","null","{""Q0"":""Üzülür""}"
"2557.4999999989814","","survey-multi-choice","11","131650","0.0-11.0","0plq8","erenburakdeveci@gmail.com","Eren","z","","Q15","Altı","{""Q0"":""Altı""}"
"10556.400000001304","","survey-multi-choice","12","142224","0.0-12.0","0plq8","erenburakdeveci@gmail.com","Eren","z","","F21","null","{""Q0"":""Üzülür""}"
"3694.5999999989","","survey-multi-choice","13","145929","0.0-13.0","0plq8","erenburakdeveci@gmail.com","Eren","z","","Q21","Odun","{""Q0"":""Odun""}"
"10490.0000000016","","survey-multi-choice","14","156436","0.0-14.0","0plq8","erenburakdeveci@gmail.com","Eren","z","","C03","null","{""Q0"":""Üzülür""}"
"5064.800000000105","","survey-multi-choice","15","161517","0.0-15.0","0plq8","erenburakdeveci@gmail.com","Eren","z","","Q03","Ofis","{""Q0"":""Ofis""}"
"13640.300000002753","","survey-multi-choice","16","175169","0.0-16.0","0plq8","erenburakdeveci@gmail.com","Eren","z","","F23","null","{""Q0"":""Üzülür""}"
"3129.0999999982887","","survey-multi-choice","17","178309","0.0-17.0","0plq8","erenburakdeveci@gmail.com","Eren","z","","Q23","Çarpışan arabalar","{""Q0"":""Çarpışan arabalar""}"
"24193.699999999808","","survey-multi-choice","18","202521","0.0-18.0","0plq8","erenburakdeveci@gmail.com","Eren","z","","F20","null","{""Q0"":""Üzülür""}"
"2089.1999999985273","","survey-multi-choice","19","204635","0.0-19.0","0plq8","erenburakdeveci@gmail.com","Eren","z","","Q20","Piyango bileti","{""Q0"":""Piyango bileti""}"
"13942.800000000716","","survey-multi-choice","20","218595","0.0-20.0","0plq8","erenburakdeveci@gmail.com","Eren","z","","F13","null","{""Q0"":""Üzülür""}"
"2172.2000000008848","","survey-multi-choice","21","220792","0.0-21.0","0plq8","erenburakdeveci@gmail.com","Eren","z","","Q13","Kars","{""Q0"":""Kars""}"
"20757.49999999971","","survey-multi-choice","22","241567","0.0-22.0","0plq8","erenburakdeveci@gmail.com","Eren","z","","C04","null","{""Q0"":""Sevinir""}"
"2219.4000000017695","","survey-multi-choice","23","243807","0.0-23.0","0plq8","erenburakdeveci@gmail.com","Eren","z","","Q04","Kamp","{""Q0"":""Kamp""}"
"18260.700000002544","","survey-multi-choice","24","262085","0.0-24.0","0plq8","erenburakdeveci@gmail.com","Eren","z","","F22","null","{""Q0"":""Sevinir""}"
"2315.3000000020256","","survey-multi-choice","25","264414","0.0-25.0","0plq8","erenburakdeveci@gmail.com","Eren","z","","Q22","Yoğun","{""Q0"":""Yoğun""}"
"16254.400000001653","","survey-multi-choice","26","280683","0.0-26.0","0plq8","erenburakdeveci@gmail.com","Eren","z","","F19","null","{""Q0"":""Üzülür""}"
"2140.400000000198","","survey-multi-choice","27","282838","0.0-27.0","0plq8","erenburakdeveci@gmail.com","Eren","z","","Q19","Fizik","{""Q0"":""Fizik""}"
"13126.599999999627","","survey-multi-choice","28","295984","0.0-28.0","0plq8","erenburakdeveci@gmail.com","Eren","z","","F07","null","{""Q0"":""Üzülür""}"
"2500","","survey-multi-choice","29","298507","0.0-29.0","0plq8","erenburakdeveci@gmail.com","Eren","z","","Q07","Kardan adam","{""Q0"":""Kardan adam""}"
"7394.000000000233","","survey-multi-choice","30","305917","0.0-30.0","0plq8","erenburakdeveci@gmail.com","Eren","z","","C05","null","{""Q0"":""Üzülür""}"
"5819.200000001758","","survey-multi-choice","31","311753","0.0-31.0","0plq8","erenburakdeveci@gmail.com","Eren","z","","Q05","Matematik","{""Q0"":""Fizik""}"
"15877.700000000943","","survey-multi-choice","32","327646","0.0-32.0","0plq8","erenburakdeveci@gmail.com","Eren","z","","F12","null","{""Q0"":""Sevinir""}"
"3598.99999999837","","survey-multi-choice","33","331262","0.0-33.0","0plq8","erenburakdeveci@gmail.com","Eren","z","","Q12","Para biriktirmek","{""Q0"":""Para biriktirmek""}"
"17299.199999997683","","survey-multi-choice","34","348573","0.0-34.0","0plq8","erenburakdeveci@gmail.com","Eren","z","","F11","null","{""Q0"":""Üzülür""}"
"2607.400000000838","","survey-multi-choice","35","351199","0.0-35.0","0plq8","erenburakdeveci@gmail.com","Eren","z","","Q11","Ayakkabı","{""Q0"":""Ayakkabı""}"
"13533.299999999173","","survey-multi-choice","36","364748","0.0-36.0","0plq8","erenburakdeveci@gmail.com","Eren","z","","C01","null","{""Q0"":""Üzülür""}"
"2685.3999999984517","","survey-multi-choice","37","367456","0.0-37.0","0plq8","erenburakdeveci@gmail.com","Eren","z","","Q01","Arda","{""Q0"":""Arda""}"
"30170.29999999795","","survey-multi-choice","38","397641","0.0-38.0","0plq8","erenburakdeveci@gmail.com","Eren","z","","F14","null","{""Q0"":""Sevinir""}"
"4140.800000001094","","survey-multi-choice","39","401796","0.0-39.0","0plq8","erenburakdeveci@gmail.com","Eren","z","","Q14","Birinci","{""Q0"":""İkinci""}"
"22042.79999999923","","survey-multi-choice","40","423852","0.0-40.0","0plq8","erenburakdeveci@gmail.com","Eren","z","","F17","null","{""Q0"":""Üzülür""}"
"4273.199999999662","","survey-multi-choice","41","428142","0.0-41.0","0plq8","erenburakdeveci@gmail.com","Eren","z","","Q17","Öğle yemeği","{""Q0"":""Akşam yemeği""}"
"9641.500000001572","","survey-multi-choice","42","437794","0.0-42.0","0plq8","erenburakdeveci@gmail.com","Eren","z","","C02","null","{""Q0"":""Sevinir""}"
"2271.499999998894","","survey-multi-choice","43","440082","0.0-43.0","0plq8","erenburakdeveci@gmail.com","Eren","z","","Q02","Oyuncak bebek","{""Q0"":""Oyuncak bebek""}"
"26074.800000002142","","survey-multi-choice","44","466169","0.0-44.0","0plq8","erenburakdeveci@gmail.com","Eren","z","","F09","null","{""Q0"":""Sevinir""}"
"2370.8000000005704","","survey-multi-choice","45","468566","0.0-45.0","0plq8","erenburakdeveci@gmail.com","Eren","z","","Q09","Yemekhane","{""Q0"":""Yemekhane""}"
"9900.700000001932","","survey-multi-choice","46","478483","0.0-46.0","0plq8","erenburakdeveci@gmail.com","Eren","z","","F18","null","{""Q0"":""Sevinir""}"
"3342.499999998836","","survey-multi-choice","47","481837","0.0-47.0","0plq8","erenburakdeveci@gmail.com","Eren","z","","Q18","Çilek","{""Q0"":""Çilek""}"
"18808.199999999488","","survey-multi-choice","48","500663","0.0-48.0","0plq8","erenburakdeveci@gmail.com","Eren","z","","F16","null","{""Q0"":""Sevinir""}"
"1927.9999999998836","","survey-multi-choice","49","502619","0.0-49.0","0plq8","erenburakdeveci@gmail.com","Eren","z","","Q16","Kafe","{""Q0"":""Kafe""}"
"3918.099999998987","","instructions","50","506587","0.0-50.0","0plq8","erenburakdeveci@gmail.com","Eren","z","[{""page_index"":0,""viewing_time"":3914.700000001176}]","","",""
