"rt","url","trial_type","trial_index","time_elapsed","internal_node_id","subject","subject_email","subject_name","group","view_history","id","correct","responses"
"87048.59999998007","resources/welcome.html","external-html","0","87125","0.0-0.0","gx2oj","yesim.akgul@metu.edu.tr","Yesim","z","","","",""
"28902.100000006612","","instructions","1","116038","0.0-1.0","gx2oj","yesim.akgul@metu.edu.tr","Yesim","z","[{""page_index"":0,""viewing_time"":28893.09999998659}]","","",""
"10989.100000006147","","survey-multi-choice","2","127063","0.0-2.0","gx2oj","yesim.akgul@metu.edu.tr","Yesim","z","","F24","null","{""Q0"":""Sevinir""}"
"3940.0000000023283","","survey-multi-choice","3","131018","0.0-3.0","gx2oj","yesim.akgul@metu.edu.tr","Yesim","z","","Q24","Tokyo","{""Q0"":""Tokyo""}"
"18723.300000012387","","survey-multi-choice","4","149752","0.0-4.0","gx2oj","yesim.akgul@metu.edu.tr","Yesim","z","","F13","null","{""Q0"":""Sevinir""}"
"3425.9999999776483","","survey-multi-choice","5","153190","0.0-5.0","gx2oj","yesim.akgul@metu.edu.tr","Yesim","z","","Q13","Kars","{""Q0"":""Kars""}"
"8611.900000018068","","survey-multi-choice","6","161812","0.0-6.0","gx2oj","yesim.akgul@metu.edu.tr","Yesim","z","","F22","null","{""Q0"":""Sevinir""}"
"5910.100000037346","","survey-multi-choice","7","167732","0.0-7.0","gx2oj","yesim.akgul@metu.edu.tr","Yesim","z","","Q22","Yoğun","{""Q0"":""Yoğun""}"
"12183.599999989383","","survey-multi-choice","8","179930","0.0-8.0","gx2oj","yesim.akgul@metu.edu.tr","Yesim","z","","C01","null","{""Q0"":""Üzülür""}"
"4079.0999999735504","","survey-multi-choice","9","184021","0.0-9.0","gx2oj","yesim.akgul@metu.edu.tr","Yesim","z","","Q01","Arda","{""Q0"":""Arda""}"
"12893.400000000838","","survey-multi-choice","10","196924","0.0-10.0","gx2oj","yesim.akgul@metu.edu.tr","Yesim","z","","F20","null","{""Q0"":""Sevinir""}"
"4106.399999989662","","survey-multi-choice","11","201042","0.0-11.0","gx2oj","yesim.akgul@metu.edu.tr","Yesim","z","","Q20","Piyango bileti","{""Q0"":""Piyango bileti""}"
"9014.59999999497","","survey-multi-choice","12","210066","0.0-12.0","gx2oj","yesim.akgul@metu.edu.tr","Yesim","z","","F10","null","{""Q0"":""Sevinir""}"
"3716.3000000291504","","survey-multi-choice","13","213794","0.0-13.0","gx2oj","yesim.akgul@metu.edu.tr","Yesim","z","","Q10","Yüksek lisans","{""Q0"":""Yüksek lisans""}"
"7617.700000002515","","survey-multi-choice","14","221421","0.0-14.0","gx2oj","yesim.akgul@metu.edu.tr","Yesim","z","","C06","null","{""Q0"":""Sevinir""}"
"4690.600000030827","","survey-multi-choice","15","226124","0.0-15.0","gx2oj","yesim.akgul@metu.edu.tr","Yesim","z","","Q06","Müdür","{""Q0"":""Müdür""}"
"9049.700000032317","","survey-multi-choice","16","235183","0.0-16.0","gx2oj","yesim.akgul@metu.edu.tr","Yesim","z","","F07","null","{""Q0"":""Üzülür""}"
"3834.099999978207","","survey-multi-choice","17","239030","0.0-17.0","gx2oj","yesim.akgul@metu.edu.tr","Yesim","z","","Q07","Kardan adam","{""Q0"":""Kardan adam""}"
"8843.30000000773","","survey-multi-choice","18","247883","0.0-18.0","gx2oj","yesim.akgul@metu.edu.tr","Yesim","z","","F11","null","{""Q0"":""Üzülür""}"
"3642.7000000257976","","survey-multi-choice","19","251540","0.0-19.0","gx2oj","yesim.akgul@metu.edu.tr","Yesim","z","","Q11","Ayakkabı","{""Q0"":""Ayakkabı""}"
"13169.70000002766","","survey-multi-choice","20","264720","0.0-20.0","gx2oj","yesim.akgul@metu.edu.tr","Yesim","z","","F16","null","{""Q0"":""Sevinir""}"
"4163.899999985006","","survey-multi-choice","21","268895","0.0-21.0","gx2oj","yesim.akgul@metu.edu.tr","Yesim","z","","Q16","Kafe","{""Q0"":""Kafe""}"
"7756.400000012945","","survey-multi-choice","22","276664","0.0-22.0","gx2oj","yesim.akgul@metu.edu.tr","Yesim","z","","C05","null","{""Q0"":""Sevinir""}"
"4210.000000020955","","survey-multi-choice","23","280887","0.0-23.0","gx2oj","yesim.akgul@metu.edu.tr","Yesim","z","","Q05","Matematik","{""Q0"":""Matematik""}"
"8499.7999999905","","survey-multi-choice","24","289397","0.0-24.0","gx2oj","yesim.akgul@metu.edu.tr","Yesim","z","","F19","null","{""Q0"":""Sevinir""}"
"3834.499999997206","","survey-multi-choice","25","293244","0.0-25.0","gx2oj","yesim.akgul@metu.edu.tr","Yesim","z","","Q19","Fizik","{""Q0"":""Fizik""}"
"9246.599999954924","","survey-multi-choice","26","302500","0.0-26.0","gx2oj","yesim.akgul@metu.edu.tr","Yesim","z","","F15","null","{""Q0"":""Sevinir""}"
"4136.900000041351","","survey-multi-choice","27","306648","0.0-27.0","gx2oj","yesim.akgul@metu.edu.tr","Yesim","z","","Q15","Altı","{""Q0"":""Altı""}"
"8150.000000023283","","survey-multi-choice","28","314807","0.0-28.0","gx2oj","yesim.akgul@metu.edu.tr","Yesim","z","","F17","null","{""Q0"":""Üzülür""}"
"4379.300000029616","","survey-multi-choice","29","319198","0.0-29.0","gx2oj","yesim.akgul@metu.edu.tr","Yesim","z","","Q17","Öğle yemeği","{""Q0"":""Akşam yemeği""}"
"11440.799999982119","","survey-multi-choice","30","330649","0.0-30.0","gx2oj","yesim.akgul@metu.edu.tr","Yesim","z","","C02","null","{""Q0"":""Sevinir""}"
"4480.700000014622","","survey-multi-choice","31","335142","0.0-31.0","gx2oj","yesim.akgul@metu.edu.tr","Yesim","z","","Q02","Oyuncak bebek","{""Q0"":""Oyuncak bebek""}"
"10591.699999989942","","survey-multi-choice","32","345745","0.0-32.0","gx2oj","yesim.akgul@metu.edu.tr","Yesim","z","","F14","null","{""Q0"":""Sevinir""}"
"4479.5000000158325","","survey-multi-choice","33","350237","0.0-33.0","gx2oj","yesim.akgul@metu.edu.tr","Yesim","z","","Q14","Birinci","{""Q0"":""İkinci""}"
"10715.800000005402","","survey-multi-choice","34","360964","0.0-34.0","gx2oj","yesim.akgul@metu.edu.tr","Yesim","z","","F12","null","{""Q0"":""Sevinir""}"
"3158.3999999566004","","survey-multi-choice","35","364137","0.0-35.0","gx2oj","yesim.akgul@metu.edu.tr","Yesim","z","","Q12","Para biriktirmek","{""Q0"":""Para biriktirmek""}"
"11064.49999997858","","survey-multi-choice","36","375221","0.0-36.0","gx2oj","yesim.akgul@metu.edu.tr","Yesim","z","","C03","null","{""Q0"":""Sevinir""}"
"3906.5999999875203","","survey-multi-choice","37","379148","0.0-37.0","gx2oj","yesim.akgul@metu.edu.tr","Yesim","z","","Q03","Ofis","{""Q0"":""Ofis""}"
"8604.500000015832","","survey-multi-choice","38","387763","0.0-38.0","gx2oj","yesim.akgul@metu.edu.tr","Yesim","z","","F09","null","{""Q0"":""Sevinir""}"
"4412.500000034925","","survey-multi-choice","39","392188","0.0-39.0","gx2oj","yesim.akgul@metu.edu.tr","Yesim","z","","Q09","Yemekhane","{""Q0"":""Yemekhane""}"
"10823.099999979604","","survey-multi-choice","40","403022","0.0-40.0","gx2oj","yesim.akgul@metu.edu.tr","Yesim","z","","F21","null","{""Q0"":""Üzülür""}"
"3625.89999998454","","survey-multi-choice","41","406660","0.0-41.0","gx2oj","yesim.akgul@metu.edu.tr","Yesim","z","","Q21","Odun","{""Q0"":""Odun""}"
"9448.300000047311","","survey-multi-choice","42","416120","0.0-42.0","gx2oj","yesim.akgul@metu.edu.tr","Yesim","z","","C04","null","{""Q0"":""Sevinir""}"
"3877.2000000462867","","survey-multi-choice","43","420008","0.0-43.0","gx2oj","yesim.akgul@metu.edu.tr","Yesim","z","","Q04","Kamp","{""Q0"":""Kamp""}"
"10040.299999993294","","survey-multi-choice","44","430059","0.0-44.0","gx2oj","yesim.akgul@metu.edu.tr","Yesim","z","","F08","null","{""Q0"":""Üzülür""}"
"4872.499999997672","","survey-multi-choice","45","434943","0.0-45.0","gx2oj","yesim.akgul@metu.edu.tr","Yesim","z","","Q08","Tenis","{""Q0"":""Tenis""}"
"14785.499999998137","","survey-multi-choice","46","449739","0.0-46.0","gx2oj","yesim.akgul@metu.edu.tr","Yesim","z","","F18","null","{""Q0"":""Sevinir""}"
"2696.399999957066","","survey-multi-choice","47","452448","0.0-47.0","gx2oj","yesim.akgul@metu.edu.tr","Yesim","z","","Q18","Çilek","{""Q0"":""Çilek""}"
"7776.699999987613","","survey-multi-choice","48","460238","0.0-48.0","gx2oj","yesim.akgul@metu.edu.tr","Yesim","z","","F23","null","{""Q0"":""Üzülür""}"
"2997.4000000511296","","survey-multi-choice","49","463247","0.0-49.0","gx2oj","yesim.akgul@metu.edu.tr","Yesim","z","","Q23","Çarpışan arabalar","{""Q0"":""Çarpışan arabalar""}"
"4899.3000000482425","","instructions","50","468167","0.0-50.0","gx2oj","yesim.akgul@metu.edu.tr","Yesim","z","[{""page_index"":0,""viewing_time"":4897.900000039954}]","","",""
