"rt","url","trial_type","trial_index","time_elapsed","internal_node_id","subject","subject_email","subject_name","group","view_history","id","correct","responses"
"28933","resources/welcome.html","external-html","0","28982","0.0-0.0","az3xm","lolololol","asdasfasfas","z","","","",""
"2382","","instructions","1","31367","0.0-1.0","az3xm","lolololol","asdasfasfas","z","[{""page_index"":0,""viewing_time"":2381}]","","",""
"2478","","survey-multi-choice","2","33849","0.0-2.0","az3xm","lolololol","asdasfasfas","z","","F12","null","{""Q0"":""Sevinir""}"
"1652","","survey-multi-choice","3","35506","0.0-3.0","az3xm","lolololol","asdasfasfas","z","","Q12","Para biriktirmek","{""Q0"":""Para kazanmak""}"
"1173","","survey-multi-choice","4","36681","0.0-4.0","az3xm","lolololol","asdasfasfas","z","","F11","null","{""Q0"":""Üzülür""}"
"1516","","survey-multi-choice","5","38200","0.0-5.0","az3xm","lolololol","asdasfasfas","z","","Q11","Ayakkabı","{""Q0"":""Pantolon""}"
"1542","","survey-multi-choice","6","39746","0.0-6.0","az3xm","lolololol","asdasfasfas","z","","F14","null","{""Q0"":""Üzülür""}"
"1300","","survey-multi-choice","7","41048","0.0-7.0","az3xm","lolololol","asdasfasfas","z","","Q14","Birinci","{""Q0"":""İkinci""}"
"1319","","survey-multi-choice","8","42369","0.0-8.0","az3xm","lolololol","asdasfasfas","z","","C01","null","{""Q0"":""Sevinir""}"
"1268","","survey-multi-choice","9","43640","0.0-9.0","az3xm","lolololol","asdasfasfas","z","","Q01","Arda","{""Q0"":""Burhan""}"
"1221","","survey-multi-choice","10","44865","0.0-10.0","az3xm","lolololol","asdasfasfas","z","","F21","null","{""Q0"":""Üzülür""}"
"1347","","survey-multi-choice","11","46214","0.0-11.0","az3xm","lolololol","asdasfasfas","z","","Q21","Odun","{""Q0"":""Kozalak""}"
"2293","","survey-multi-choice","12","48509","0.0-12.0","az3xm","lolololol","asdasfasfas","z","","F23","null","{""Q0"":""Sevinir""}"
"1407","","survey-multi-choice","13","49920","0.0-13.0","az3xm","lolololol","asdasfasfas","z","","Q23","Çarpışan arabalar","{""Q0"":""Gondol""}"
"1334","","survey-multi-choice","14","51256","0.0-14.0","az3xm","lolololol","asdasfasfas","z","","C03","null","{""Q0"":""Sevinir""}"
"1197","","survey-multi-choice","15","52456","0.0-15.0","az3xm","lolololol","asdasfasfas","z","","Q03","Ofis","{""Q0"":""Ofis""}"
"2880","","survey-multi-choice","16","55337","0.0-16.0","az3xm","lolololol","asdasfasfas","z","","F07","null","{""Q0"":""Üzülür""}"
"1170","","survey-multi-choice","17","56510","0.0-17.0","az3xm","lolololol","asdasfasfas","z","","Q07","Kardan adam","{""Q0"":""Kartopu savaşı""}"
"1275","","survey-multi-choice","18","57788","0.0-18.0","az3xm","lolololol","asdasfasfas","z","","F15","null","{""Q0"":""Sevinir""}"
"1134","","survey-multi-choice","19","58925","0.0-19.0","az3xm","lolololol","asdasfasfas","z","","Q15","Altı","{""Q0"":""Üç""}"
"1077","","survey-multi-choice","20","60003","0.0-20.0","az3xm","lolololol","asdasfasfas","z","","F18","null","{""Q0"":""Sevinir""}"
"881","","survey-multi-choice","21","60886","0.0-21.0","az3xm","lolololol","asdasfasfas","z","","Q18","Çilek","{""Q0"":""Armut""}"
"1043","","survey-multi-choice","22","61931","0.0-22.0","az3xm","lolololol","asdasfasfas","z","","C06","null","{""Q0"":""Sevinir""}"
"996","","survey-multi-choice","23","62929","0.0-23.0","az3xm","lolololol","asdasfasfas","z","","Q06","Müdür","{""Q0"":""Patron""}"
"1168","","survey-multi-choice","24","64099","0.0-24.0","az3xm","lolololol","asdasfasfas","z","","F17","null","{""Q0"":""Sevinir""}"
"1142","","survey-multi-choice","25","65244","0.0-25.0","az3xm","lolololol","asdasfasfas","z","","Q17","Öğle yemeği","{""Q0"":""Akşam yemeği""}"
"1059","","survey-multi-choice","26","66306","0.0-26.0","az3xm","lolololol","asdasfasfas","z","","F08","null","{""Q0"":""Sevinir""}"
"954","","survey-multi-choice","27","67263","0.0-27.0","az3xm","lolololol","asdasfasfas","z","","Q08","Tenis","{""Q0"":""Basketbol""}"
"1716","","survey-multi-choice","28","68981","0.0-28.0","az3xm","lolololol","asdasfasfas","z","","F20","null","{""Q0"":""Üzülür""}"
"1144","","survey-multi-choice","29","70127","0.0-29.0","az3xm","lolololol","asdasfasfas","z","","Q20","Piyango bileti","{""Q0"":""Cüzdan""}"
"1097","","survey-multi-choice","30","71226","0.0-30.0","az3xm","lolololol","asdasfasfas","z","","C05","null","{""Q0"":""Üzülür""}"
"2745","","survey-multi-choice","31","73975","0.0-31.0","az3xm","lolololol","asdasfasfas","z","","Q05","Matematik","{""Q0"":""Matematik""}"
"844","","survey-multi-choice","32","74822","0.0-32.0","az3xm","lolololol","asdasfasfas","z","","F24","null","{""Q0"":""Sevinir""}"
"2306","","survey-multi-choice","33","77131","0.0-33.0","az3xm","lolololol","asdasfasfas","z","","Q24","Tokyo","{""Q0"":""Tokyo""}"
"1712","","survey-multi-choice","34","78844","0.0-34.0","az3xm","lolololol","asdasfasfas","z","","F10","null","{""Q0"":""Sevinir""}"
"1026","","survey-multi-choice","35","79871","0.0-35.0","az3xm","lolololol","asdasfasfas","z","","Q10","Yüksek lisans","{""Q0"":""Lisans""}"
"1248","","survey-multi-choice","36","81120","0.0-36.0","az3xm","lolololol","asdasfasfas","z","","C04","null","{""Q0"":""Üzülür""}"
"996","","survey-multi-choice","37","82118","0.0-37.0","az3xm","lolololol","asdasfasfas","z","","Q04","Kamp","{""Q0"":""Konferans""}"
"1136","","survey-multi-choice","38","83255","0.0-38.0","az3xm","lolololol","asdasfasfas","z","","F09","null","{""Q0"":""Sevinir""}"
"870","","survey-multi-choice","39","84127","0.0-39.0","az3xm","lolololol","asdasfasfas","z","","Q09","Yemekhane","{""Q0"":""Restoran""}"
"1349","","survey-multi-choice","40","85477","0.0-40.0","az3xm","lolololol","asdasfasfas","z","","F19","null","{""Q0"":""Sevinir""}"
"1789","","survey-multi-choice","41","87268","0.0-41.0","az3xm","lolololol","asdasfasfas","z","","Q19","Fizik","{""Q0"":""Matematik""}"
"1755","","survey-multi-choice","42","89026","0.0-42.0","az3xm","lolololol","asdasfasfas","z","","C02","null","{""Q0"":""Üzülür""}"
"1332","","survey-multi-choice","43","90360","0.0-43.0","az3xm","lolololol","asdasfasfas","z","","Q02","Oyuncak bebek","{""Q0"":""Oyuncak bebek""}"
"1207","","survey-multi-choice","44","91569","0.0-44.0","az3xm","lolololol","asdasfasfas","z","","F22","null","{""Q0"":""Üzülür""}"
"1034","","survey-multi-choice","45","92607","0.0-45.0","az3xm","lolololol","asdasfasfas","z","","Q22","Yoğun","{""Q0"":""Yoğun""}"
"1136","","survey-multi-choice","46","93746","0.0-46.0","az3xm","lolololol","asdasfasfas","z","","F16","null","{""Q0"":""Sevinir""}"
"1182","","survey-multi-choice","47","94929","0.0-47.0","az3xm","lolololol","asdasfasfas","z","","Q16","Kafe","{""Q0"":""Restoran""}"
"1468","","survey-multi-choice","48","96399","0.0-48.0","az3xm","lolololol","asdasfasfas","z","","F13","null","{""Q0"":""Sevinir""}"
"1850","","survey-multi-choice","49","98251","0.0-49.0","az3xm","lolololol","asdasfasfas","z","","Q13","Kars","{""Q0"":""Batum""}"
"3978","","instructions","50","102239","0.0-50.0","az3xm","lolololol","asdasfasfas","z","[{""page_index"":0,""viewing_time"":3978}]","","",""
