"rt","url","trial_type","trial_index","time_elapsed","internal_node_id","subject","subject_email","subject_name","group","view_history","id","correct","responses"
"28157.935000002908","resources/welcome.html","external-html","0","28344","0.0-0.0","19ryj","oguzmanzeynep@gmail.com","zeynep oğuzman","z","","","",""
"25627.090000001772","","instructions","1","53972","0.0-1.0","19ryj","oguzmanzeynep@gmail.com","zeynep oğuzman","z","[{""page_index"":0,""viewing_time"":25626.30999999965}]","","",""
"12470.20500000508","","survey-multi-choice","2","66446","0.0-2.0","19ryj","oguzmanzeynep@gmail.com","zeynep oğuzman","z","","F17","null","{""Q0"":""Sevinir""}"
"4155.370000000403","","survey-multi-choice","3","70629","0.0-3.0","19ryj","oguzmanzeynep@gmail.com","zeynep oğuzman","z","","Q17","Öğle yemeği","{""Q0"":""Akşam yemeği""}"
"14141.419999999925","","survey-multi-choice","4","84797","0.0-4.0","19ryj","oguzmanzeynep@gmail.com","zeynep oğuzman","z","","F14","null","{""Q0"":""Sevinir""}"
"3443.0350000038743","","survey-multi-choice","5","88266","0.0-5.0","19ryj","oguzmanzeynep@gmail.com","zeynep oğuzman","z","","Q14","Birinci","{""Q0"":""İkinci""}"
"9309.845000003406","","survey-multi-choice","6","97603","0.0-6.0","19ryj","oguzmanzeynep@gmail.com","zeynep oğuzman","z","","F12","null","{""Q0"":""Üzülür""}"
"4576.249999998254","","survey-multi-choice","7","102206","0.0-7.0","19ryj","oguzmanzeynep@gmail.com","zeynep oğuzman","z","","Q12","Para biriktirmek","{""Q0"":""Para biriktirmek""}"
"35687.33000000066","","survey-multi-choice","8","137920","0.0-8.0","19ryj","oguzmanzeynep@gmail.com","zeynep oğuzman","z","","C03","null","{""Q0"":""Üzülür""}"
"6489.770000000135","","survey-multi-choice","9","144437","0.0-9.0","19ryj","oguzmanzeynep@gmail.com","zeynep oğuzman","z","","Q03","Ofis","{""Q0"":""Ofis""}"
"16564.790000003995","","survey-multi-choice","10","161027","0.0-10.0","19ryj","oguzmanzeynep@gmail.com","zeynep oğuzman","z","","F15","null","{""Q0"":""Üzülür""}"
"6688.860000002023","","survey-multi-choice","11","167743","0.0-11.0","19ryj","oguzmanzeynep@gmail.com","zeynep oğuzman","z","","Q15","Altı","{""Q0"":""Altı""}"
"7620.275000001129","","survey-multi-choice","12","175391","0.0-12.0","19ryj","oguzmanzeynep@gmail.com","zeynep oğuzman","z","","F23","null","{""Q0"":""Üzülür""}"
"3482.595000001311","","survey-multi-choice","13","178900","0.0-13.0","19ryj","oguzmanzeynep@gmail.com","zeynep oğuzman","z","","Q23","Çarpışan arabalar","{""Q0"":""Çarpışan arabalar""}"
"9946.27500000206","","survey-multi-choice","14","188873","0.0-14.0","19ryj","oguzmanzeynep@gmail.com","zeynep oğuzman","z","","C05","null","{""Q0"":""Üzülür""}"
"2505.64999999915","","survey-multi-choice","15","191405","0.0-15.0","19ryj","oguzmanzeynep@gmail.com","zeynep oğuzman","z","","Q05","Matematik","{""Q0"":""Matematik""}"
"16144.925000000512","","survey-multi-choice","16","207577","0.0-16.0","19ryj","oguzmanzeynep@gmail.com","zeynep oğuzman","z","","F09","null","{""Q0"":""Sevinir""}"
"3171.475000002829","","survey-multi-choice","17","210776","0.0-17.0","19ryj","oguzmanzeynep@gmail.com","zeynep oğuzman","z","","Q09","Yemekhane","{""Q0"":""Yemekhane""}"
"10195.944999999483","","survey-multi-choice","18","220999","0.0-18.0","19ryj","oguzmanzeynep@gmail.com","zeynep oğuzman","z","","F20","null","{""Q0"":""Sevinir""}"
"2506.3650000010966","","survey-multi-choice","19","223532","0.0-19.0","19ryj","oguzmanzeynep@gmail.com","zeynep oğuzman","z","","Q20","Piyango bileti","{""Q0"":""Piyango bileti""}"
"11684.594999998808","","survey-multi-choice","20","235243","0.0-20.0","19ryj","oguzmanzeynep@gmail.com","zeynep oğuzman","z","","F13","null","{""Q0"":""Üzülür""}"
"2883.7149999963003","","survey-multi-choice","21","238159","0.0-21.0","19ryj","oguzmanzeynep@gmail.com","zeynep oğuzman","z","","Q13","Kars","{""Q0"":""Kars""}"
"11461.849999999686","","survey-multi-choice","22","249649","0.0-22.0","19ryj","oguzmanzeynep@gmail.com","zeynep oğuzman","z","","C04","null","{""Q0"":""Sevinir""}"
"2969.7899999955553","","survey-multi-choice","23","252645","0.0-23.0","19ryj","oguzmanzeynep@gmail.com","zeynep oğuzman","z","","Q04","Kamp","{""Q0"":""Kamp""}"
"10067.829999999958","","survey-multi-choice","24","262739","0.0-24.0","19ryj","oguzmanzeynep@gmail.com","zeynep oğuzman","z","","F22","null","{""Q0"":""Sevinir""}"
"2876.400000001013","","survey-multi-choice","25","265645","0.0-25.0","19ryj","oguzmanzeynep@gmail.com","zeynep oğuzman","z","","Q22","Yoğun","{""Q0"":""Yoğun""}"
"7787.4250000022585","","survey-multi-choice","26","273458","0.0-26.0","19ryj","oguzmanzeynep@gmail.com","zeynep oğuzman","z","","F16","null","{""Q0"":""Sevinir""}"
"4271.864999995159","","survey-multi-choice","27","277756","0.0-27.0","19ryj","oguzmanzeynep@gmail.com","zeynep oğuzman","z","","Q16","Kafe","{""Q0"":""Kafe""}"
"7350.01999999804","","survey-multi-choice","28","285134","0.0-28.0","19ryj","oguzmanzeynep@gmail.com","zeynep oğuzman","z","","F10","null","{""Q0"":""Sevinir""}"
"2789.020000003802","","survey-multi-choice","29","287949","0.0-29.0","19ryj","oguzmanzeynep@gmail.com","zeynep oğuzman","z","","Q10","Yüksek lisans","{""Q0"":""Yüksek lisans""}"
"6794.730000001437","","survey-multi-choice","30","294771","0.0-30.0","19ryj","oguzmanzeynep@gmail.com","zeynep oğuzman","z","","C06","null","{""Q0"":""Sevinir""}"
"3676.1899999983143","","survey-multi-choice","31","298475","0.0-31.0","19ryj","oguzmanzeynep@gmail.com","zeynep oğuzman","z","","Q06","Müdür","{""Q0"":""Müdür""}"
"7917.0499999963795","","survey-multi-choice","32","306418","0.0-32.0","19ryj","oguzmanzeynep@gmail.com","zeynep oğuzman","z","","F24","null","{""Q0"":""Sevinir""}"
"2192.239999996673","","survey-multi-choice","33","308638","0.0-33.0","19ryj","oguzmanzeynep@gmail.com","zeynep oğuzman","z","","Q24","Tokyo","{""Q0"":""Tokyo""}"
"20202.649999999267","","survey-multi-choice","34","328868","0.0-34.0","19ryj","oguzmanzeynep@gmail.com","zeynep oğuzman","z","","F19","null","{""Q0"":""Üzülür""}"
"2566.0849999985658","","survey-multi-choice","35","331460","0.0-35.0","19ryj","oguzmanzeynep@gmail.com","zeynep oğuzman","z","","Q19","Fizik","{""Q0"":""Fizik""}"
"13537.089999997988","","survey-multi-choice","36","345024","0.0-36.0","19ryj","oguzmanzeynep@gmail.com","zeynep oğuzman","z","","C02","null","{""Q0"":""Sevinir""}"
"4473.660000003292","","survey-multi-choice","37","349525","0.0-37.0","19ryj","oguzmanzeynep@gmail.com","zeynep oğuzman","z","","Q02","Oyuncak bebek","{""Q0"":""Oyuncak bebek""}"
"11178.424999998242","","survey-multi-choice","38","360732","0.0-38.0","19ryj","oguzmanzeynep@gmail.com","zeynep oğuzman","z","","F08","null","{""Q0"":""Üzülür""}"
"2632.5100000030943","","survey-multi-choice","39","363396","0.0-39.0","19ryj","oguzmanzeynep@gmail.com","zeynep oğuzman","z","","Q08","Tenis","{""Q0"":""Tenis""}"
"8061.475000002247","","survey-multi-choice","40","371485","0.0-40.0","19ryj","oguzmanzeynep@gmail.com","zeynep oğuzman","z","","F11","null","{""Q0"":""Üzülür""}"
"2816.944999998668","","survey-multi-choice","41","374330","0.0-41.0","19ryj","oguzmanzeynep@gmail.com","zeynep oğuzman","z","","Q11","Ayakkabı","{""Q0"":""Ayakkabı""}"
"6788.169999999809","","survey-multi-choice","42","381145","0.0-42.0","19ryj","oguzmanzeynep@gmail.com","zeynep oğuzman","z","","C01","null","{""Q0"":""Üzülür""}"
"3203.3099999971455","","survey-multi-choice","43","384375","0.0-43.0","19ryj","oguzmanzeynep@gmail.com","zeynep oğuzman","z","","Q01","Arda","{""Q0"":""Arda""}"
"9269.939999998314","","survey-multi-choice","44","393671","0.0-44.0","19ryj","oguzmanzeynep@gmail.com","zeynep oğuzman","z","","F18","null","{""Q0"":""Sevinir""}"
"2849.930000003951","","survey-multi-choice","45","396548","0.0-45.0","19ryj","oguzmanzeynep@gmail.com","zeynep oğuzman","z","","Q18","Çilek","{""Q0"":""Çilek""}"
"6542.294999999285","","survey-multi-choice","46","403117","0.0-46.0","19ryj","oguzmanzeynep@gmail.com","zeynep oğuzman","z","","F21","null","{""Q0"":""Üzülür""}"
"3142.01999999932","","survey-multi-choice","47","406286","0.0-47.0","19ryj","oguzmanzeynep@gmail.com","zeynep oğuzman","z","","Q21","Odun","{""Q0"":""Odun""}"
"28542.829999998503","","survey-multi-choice","48","434855","0.0-48.0","19ryj","oguzmanzeynep@gmail.com","zeynep oğuzman","z","","F07","null","{""Q0"":""Üzülür""}"
"3060.975000000326","","survey-multi-choice","49","437943","0.0-49.0","19ryj","oguzmanzeynep@gmail.com","zeynep oğuzman","z","","Q07","Kardan adam","{""Q0"":""Kardan adam""}"
"5958.3849999980885","","instructions","50","443932","0.0-50.0","19ryj","oguzmanzeynep@gmail.com","zeynep oğuzman","z","[{""page_index"":0,""viewing_time"":5957.999999998719}]","","",""
