"rt","url","trial_type","trial_index","time_elapsed","internal_node_id","subject","subject_email","subject_name","group","view_history","id","correct","responses"
"39359.40000000119","resources/welcome.html","external-html","0","39552","0.0-0.0","9h1df","ozenyilmaz95@gmail.com","Özen Yılmaz","z","","","",""
"17542.299999993702","","instructions","1","57106","0.0-1.0","9h1df","ozenyilmaz95@gmail.com","Özen Yılmaz","z","[{""page_index"":0,""viewing_time"":17536.099999997532}]","","",""
"11582.800000003772","","survey-multi-choice","2","68711","0.0-2.0","9h1df","ozenyilmaz95@gmail.com","Özen Yılmaz","z","","F10","null","{""Q0"":""Sevinir""}"
"4219.300000004296","","survey-multi-choice","3","72943","0.0-3.0","9h1df","ozenyilmaz95@gmail.com","Özen Yılmaz","z","","Q10","Yüksek lisans","{""Q0"":""Yüksek lisans""}"
"14180.299999999988","","survey-multi-choice","4","87135","0.0-4.0","9h1df","ozenyilmaz95@gmail.com","Özen Yılmaz","z","","F22","null","{""Q0"":""Sevinir""}"
"3597.0000000015716","","survey-multi-choice","5","90742","0.0-5.0","9h1df","ozenyilmaz95@gmail.com","Özen Yılmaz","z","","Q22","Yoğun","{""Q0"":""Yoğun""}"
"22926.59999999887","","survey-multi-choice","6","113680","0.0-6.0","9h1df","ozenyilmaz95@gmail.com","Özen Yılmaz","z","","F20","null","{""Q0"":""Üzülür""}"
"2539.4000000014785","","survey-multi-choice","7","116231","0.0-7.0","9h1df","ozenyilmaz95@gmail.com","Özen Yılmaz","z","","Q20","Piyango bileti","{""Q0"":""Piyango bileti""}"
"12977.700000003097","","survey-multi-choice","8","129220","0.0-8.0","9h1df","ozenyilmaz95@gmail.com","Özen Yılmaz","z","","C06","null","{""Q0"":""Üzülür""}"
"4119.600000005448","","survey-multi-choice","9","133352","0.0-9.0","9h1df","ozenyilmaz95@gmail.com","Özen Yılmaz","z","","Q06","Müdür","{""Q0"":""Müdür""}"
"6783.100000000559","","survey-multi-choice","10","140145","0.0-10.0","9h1df","ozenyilmaz95@gmail.com","Özen Yılmaz","z","","F23","null","{""Q0"":""Üzülür""}"
"3727.999999995518","","survey-multi-choice","11","143887","0.0-11.0","9h1df","ozenyilmaz95@gmail.com","Özen Yılmaz","z","","Q23","Çarpışan arabalar","{""Q0"":""Çarpışan arabalar""}"
"7703.300000001036","","survey-multi-choice","12","151601","0.0-12.0","9h1df","ozenyilmaz95@gmail.com","Özen Yılmaz","z","","F15","null","{""Q0"":""Üzülür""}"
"3321.1999999984982","","survey-multi-choice","13","154933","0.0-13.0","9h1df","ozenyilmaz95@gmail.com","Özen Yılmaz","z","","Q15","Altı","{""Q0"":""Altı""}"
"16370.900000001711","","survey-multi-choice","14","171314","0.0-14.0","9h1df","ozenyilmaz95@gmail.com","Özen Yılmaz","z","","C01","null","{""Q0"":""Sevinir""}"
"4396.399999997811","","survey-multi-choice","15","175722","0.0-15.0","9h1df","ozenyilmaz95@gmail.com","Özen Yılmaz","z","","Q01","Arda","{""Q0"":""Arda""}"
"6433.700000001409","","survey-multi-choice","16","182166","0.0-16.0","9h1df","ozenyilmaz95@gmail.com","Özen Yılmaz","z","","F21","null","{""Q0"":""Üzülür""}"
"3524.8999999967054","","survey-multi-choice","17","185700","0.0-17.0","9h1df","ozenyilmaz95@gmail.com","Özen Yılmaz","z","","Q21","Odun","{""Q0"":""Odun""}"
"7350.099999996019","","survey-multi-choice","18","193062","0.0-18.0","9h1df","ozenyilmaz95@gmail.com","Özen Yılmaz","z","","F08","null","{""Q0"":""Üzülür""}"
"4152.000000001863","","survey-multi-choice","19","197227","0.0-19.0","9h1df","ozenyilmaz95@gmail.com","Özen Yılmaz","z","","Q08","Tenis","{""Q0"":""Tenis""}"
"9037.900000002992","","survey-multi-choice","20","206280","0.0-20.0","9h1df","ozenyilmaz95@gmail.com","Özen Yılmaz","z","","F16","null","{""Q0"":""Sevinir""}"
"3080.3000000014435","","survey-multi-choice","21","209375","0.0-21.0","9h1df","ozenyilmaz95@gmail.com","Özen Yılmaz","z","","Q16","Kafe","{""Q0"":""Kafe""}"
"11655.49999999348","","survey-multi-choice","22","221042","0.0-22.0","9h1df","ozenyilmaz95@gmail.com","Özen Yılmaz","z","","C04","null","{""Q0"":""Sevinir""}"
"4339.9999999965075","","survey-multi-choice","23","225396","0.0-23.0","9h1df","ozenyilmaz95@gmail.com","Özen Yılmaz","z","","Q04","Kamp","{""Q0"":""Kamp""}"
"8633.600000001024","","survey-multi-choice","24","234041","0.0-24.0","9h1df","ozenyilmaz95@gmail.com","Özen Yılmaz","z","","F11","null","{""Q0"":""Üzülür""}"
"2848.100000002887","","survey-multi-choice","25","236902","0.0-25.0","9h1df","ozenyilmaz95@gmail.com","Özen Yılmaz","z","","Q11","Ayakkabı","{""Q0"":""Ayakkabı""}"
"8285.900000002584","","survey-multi-choice","26","245199","0.0-26.0","9h1df","ozenyilmaz95@gmail.com","Özen Yılmaz","z","","F13","null","{""Q0"":""Sevinir""}"
"2527.6000000012573","","survey-multi-choice","27","247738","0.0-27.0","9h1df","ozenyilmaz95@gmail.com","Özen Yılmaz","z","","Q13","Kars","{""Q0"":""Kars""}"
"7829.799999999523","","survey-multi-choice","28","255579","0.0-28.0","9h1df","ozenyilmaz95@gmail.com","Özen Yılmaz","z","","F24","null","{""Q0"":""Sevinir""}"
"2403.3000000054017","","survey-multi-choice","29","257996","0.0-29.0","9h1df","ozenyilmaz95@gmail.com","Özen Yılmaz","z","","Q24","Tokyo","{""Q0"":""Tokyo""}"
"5680.000000000291","","survey-multi-choice","30","263689","0.0-30.0","9h1df","ozenyilmaz95@gmail.com","Özen Yılmaz","z","","C05","null","{""Q0"":""Üzülür""}"
"3501.799999998184","","survey-multi-choice","31","267204","0.0-31.0","9h1df","ozenyilmaz95@gmail.com","Özen Yılmaz","z","","Q05","Matematik","{""Q0"":""Matematik""}"
"7715.400000000955","","survey-multi-choice","32","274931","0.0-32.0","9h1df","ozenyilmaz95@gmail.com","Özen Yılmaz","z","","F07","null","{""Q0"":""Üzülür""}"
"5283.000000003085","","survey-multi-choice","33","280227","0.0-33.0","9h1df","ozenyilmaz95@gmail.com","Özen Yılmaz","z","","Q07","Kardan adam","{""Q0"":""Kardan adam""}"
"20298.399999999674","","survey-multi-choice","34","300535","0.0-34.0","9h1df","ozenyilmaz95@gmail.com","Özen Yılmaz","z","","F19","null","{""Q0"":""Sevinir""}"
"5154.800000003888","","survey-multi-choice","35","305704","0.0-35.0","9h1df","ozenyilmaz95@gmail.com","Özen Yılmaz","z","","Q19","Fizik","{""Q0"":""Fizik""}"
"14814.500000000407","","survey-multi-choice","36","320553","0.0-36.0","9h1df","ozenyilmaz95@gmail.com","Özen Yılmaz","z","","C03","null","{""Q0"":""Üzülür""}"
"4827.499999999418","","survey-multi-choice","37","325399","0.0-37.0","9h1df","ozenyilmaz95@gmail.com","Özen Yılmaz","z","","Q03","Ofis","{""Q0"":""Mağaza""}"
"11312.599999997474","","survey-multi-choice","38","336725","0.0-38.0","9h1df","ozenyilmaz95@gmail.com","Özen Yılmaz","z","","F18","null","{""Q0"":""Sevinir""}"
"2440.599999994447","","survey-multi-choice","39","339179","0.0-39.0","9h1df","ozenyilmaz95@gmail.com","Özen Yılmaz","z","","Q18","Çilek","{""Q0"":""Çilek""}"
"23673.59999999462","","survey-multi-choice","40","362865","0.0-40.0","9h1df","ozenyilmaz95@gmail.com","Özen Yılmaz","z","","F17","null","{""Q0"":""Üzülür""}"
"3343.399999997928","","survey-multi-choice","41","366221","0.0-41.0","9h1df","ozenyilmaz95@gmail.com","Özen Yılmaz","z","","Q17","Öğle yemeği","{""Q0"":""Akşam yemeği""}"
"9883.699999998498","","survey-multi-choice","42","376118","0.0-42.0","9h1df","ozenyilmaz95@gmail.com","Özen Yılmaz","z","","C02","null","{""Q0"":""Sevinir""}"
"3808.899999996356","","survey-multi-choice","43","379941","0.0-43.0","9h1df","ozenyilmaz95@gmail.com","Özen Yılmaz","z","","Q02","Oyuncak bebek","{""Q0"":""Oyuncak bebek""}"
"9319.600000002538","","survey-multi-choice","44","389272","0.0-44.0","9h1df","ozenyilmaz95@gmail.com","Özen Yılmaz","z","","F09","null","{""Q0"":""Sevinir""}"
"3884.299999997893","","survey-multi-choice","45","393169","0.0-45.0","9h1df","ozenyilmaz95@gmail.com","Özen Yılmaz","z","","Q09","Yemekhane","{""Q0"":""Yemekhane""}"
"17552.700000000186","","survey-multi-choice","46","410736","0.0-46.0","9h1df","ozenyilmaz95@gmail.com","Özen Yılmaz","z","","F12","null","{""Q0"":""Sevinir""}"
"4240.9999999945285","","survey-multi-choice","47","414989","0.0-47.0","9h1df","ozenyilmaz95@gmail.com","Özen Yılmaz","z","","Q12","Para biriktirmek","{""Q0"":""Para biriktirmek""}"
"13335.800000000745","","survey-multi-choice","48","428337","0.0-48.0","9h1df","ozenyilmaz95@gmail.com","Özen Yılmaz","z","","F14","null","{""Q0"":""Sevinir""}"
"5094.200000006822","","survey-multi-choice","49","433444","0.0-49.0","9h1df","ozenyilmaz95@gmail.com","Özen Yılmaz","z","","Q14","Birinci","{""Q0"":""İkinci""}"
"3250.5999999993946","","instructions","50","436730","0.0-50.0","9h1df","ozenyilmaz95@gmail.com","Özen Yılmaz","z","[{""page_index"":0,""viewing_time"":3249.600000002829}]","","",""
