"rt","url","trial_type","trial_index","time_elapsed","internal_node_id","subject","subject_email","subject_name","group","view_history","id","correct","responses"
"210203.19999999992","resources/welcome.html","external-html","0","210483","0.0-0.0","prkfn","karelipantolon01@gmail.com","Koray","z","","","",""
"57050.000000001106","","instructions","1","267539","0.0-1.0","prkfn","karelipantolon01@gmail.com","Koray","z","[{""page_index"":0,""viewing_time"":57039.300000000396}]","","",""
"20073.699999999022","","survey-multi-choice","2","287644","0.0-2.0","prkfn","karelipantolon01@gmail.com","Koray","z","","F20","null","{""Q0"":""Üzülür""}"
"3728.600000000326","","survey-multi-choice","3","291393","0.0-3.0","prkfn","karelipantolon01@gmail.com","Koray","z","","Q20","Piyango bileti","{""Q0"":""Piyango bileti""}"
"10977.69999999943","","survey-multi-choice","4","302391","0.0-4.0","prkfn","karelipantolon01@gmail.com","Koray","z","","F11","null","{""Q0"":""Üzülür""}"
"3400.9999999998254","","survey-multi-choice","5","305809","0.0-5.0","prkfn","karelipantolon01@gmail.com","Koray","z","","Q11","Ayakkabı","{""Q0"":""Ayakkabı""}"
"9161.299999999756","","survey-multi-choice","6","314987","0.0-6.0","prkfn","karelipantolon01@gmail.com","Koray","z","","F16","null","{""Q0"":""Sevinir""}"
"2836.499999999418","","survey-multi-choice","7","317845","0.0-7.0","prkfn","karelipantolon01@gmail.com","Koray","z","","Q16","Kafe","{""Q0"":""Kafe""}"
"8847.200000000128","","survey-multi-choice","8","326707","0.0-8.0","prkfn","karelipantolon01@gmail.com","Koray","z","","C03","null","{""Q0"":""Sevinir""}"
"4605.300000001094","","survey-multi-choice","9","331330","0.0-9.0","prkfn","karelipantolon01@gmail.com","Koray","z","","Q03","Ofis","{""Q0"":""Ofis""}"
"6797.000000000466","","survey-multi-choice","10","338145","0.0-10.0","prkfn","karelipantolon01@gmail.com","Koray","z","","F23","null","{""Q0"":""Üzülür""}"
"2514.100000000326","","survey-multi-choice","11","340674","0.0-11.0","prkfn","karelipantolon01@gmail.com","Koray","z","","Q23","Çarpışan arabalar","{""Q0"":""Çarpışan arabalar""}"
"8601.200000000943","","survey-multi-choice","12","349294","0.0-12.0","prkfn","karelipantolon01@gmail.com","Koray","z","","F08","null","{""Q0"":""Üzülür""}"
"2996.4999999992433","","survey-multi-choice","13","352307","0.0-13.0","prkfn","karelipantolon01@gmail.com","Koray","z","","Q08","Tenis","{""Q0"":""Tenis""}"
"10504.999999999185","","survey-multi-choice","14","362827","0.0-14.0","prkfn","karelipantolon01@gmail.com","Koray","z","","C02","null","{""Q0"":""Sevinir""}"
"4734.099999999686","","survey-multi-choice","15","367582","0.0-15.0","prkfn","karelipantolon01@gmail.com","Koray","z","","Q02","Oyuncak bebek","{""Q0"":""Oyuncak bebek""}"
"9890.599999998813","","survey-multi-choice","16","377493","0.0-16.0","prkfn","karelipantolon01@gmail.com","Koray","z","","F13","null","{""Q0"":""Sevinir""}"
"2760.7000000007683","","survey-multi-choice","17","380274","0.0-17.0","prkfn","karelipantolon01@gmail.com","Koray","z","","Q13","Kars","{""Q0"":""Kars""}"
"6717.300000000279","","survey-multi-choice","18","387011","0.0-18.0","prkfn","karelipantolon01@gmail.com","Koray","z","","F22","null","{""Q0"":""Sevinir""}"
"2654.500000000524","","survey-multi-choice","19","389688","0.0-19.0","prkfn","karelipantolon01@gmail.com","Koray","z","","Q22","Yoğun","{""Q0"":""Yoğun""}"
"12921.700000000768","","survey-multi-choice","20","402627","0.0-20.0","prkfn","karelipantolon01@gmail.com","Koray","z","","F24","null","{""Q0"":""Sevinir""}"
"1582.8999999994412","","survey-multi-choice","21","404237","0.0-21.0","prkfn","karelipantolon01@gmail.com","Koray","z","","Q24","Tokyo","{""Q0"":""Tokyo""}"
"13207.99999999872","","survey-multi-choice","22","417461","0.0-22.0","prkfn","karelipantolon01@gmail.com","Koray","z","","C04","null","{""Q0"":""Sevinir""}"
"1899.5999999988126","","survey-multi-choice","23","419382","0.0-23.0","prkfn","karelipantolon01@gmail.com","Koray","z","","Q04","Kamp","{""Q0"":""Kamp""}"
"42711.19999999972","","survey-multi-choice","24","462114","0.0-24.0","prkfn","karelipantolon01@gmail.com","Koray","z","","F21","null","{""Q0"":""Üzülür""}"
"2525.299999999348","","survey-multi-choice","25","464664","0.0-25.0","prkfn","karelipantolon01@gmail.com","Koray","z","","Q21","Odun","{""Q0"":""Odun""}"
"5916.8000000008615","","survey-multi-choice","26","470601","0.0-26.0","prkfn","karelipantolon01@gmail.com","Koray","z","","F09","null","{""Q0"":""Sevinir""}"
"2280.8999999997322","","survey-multi-choice","27","472902","0.0-27.0","prkfn","karelipantolon01@gmail.com","Koray","z","","Q09","Yemekhane","{""Q0"":""Yemekhane""}"
"6838.600000000966","","survey-multi-choice","28","479767","0.0-28.0","prkfn","karelipantolon01@gmail.com","Koray","z","","F12","null","{""Q0"":""Sevinir""}"
"4284.499999999767","","survey-multi-choice","29","484075","0.0-29.0","prkfn","karelipantolon01@gmail.com","Koray","z","","Q12","Para biriktirmek","{""Q0"":""Para biriktirmek""}"
"11535.200000000244","","survey-multi-choice","30","495632","0.0-30.0","prkfn","karelipantolon01@gmail.com","Koray","z","","C01","null","{""Q0"":""Üzülür""}"
"2974.299999999872","","survey-multi-choice","31","498632","0.0-31.0","prkfn","karelipantolon01@gmail.com","Koray","z","","Q01","Arda","{""Q0"":""Arda""}"
"5628.700000001118","","survey-multi-choice","32","504286","0.0-32.0","prkfn","karelipantolon01@gmail.com","Koray","z","","F19","null","{""Q0"":""Üzülür""}"
"2549.9999999993015","","survey-multi-choice","33","506858","0.0-33.0","prkfn","karelipantolon01@gmail.com","Koray","z","","Q19","Fizik","{""Q0"":""Fizik""}"
"8790.899999999965","","survey-multi-choice","34","515669","0.0-34.0","prkfn","karelipantolon01@gmail.com","Koray","z","","F18","null","{""Q0"":""Sevinir""}"
"2260.7999999999884","","survey-multi-choice","35","517952","0.0-35.0","prkfn","karelipantolon01@gmail.com","Koray","z","","Q18","Çilek","{""Q0"":""Çilek""}"
"7706.299999999872","","survey-multi-choice","36","525681","0.0-36.0","prkfn","karelipantolon01@gmail.com","Koray","z","","C05","null","{""Q0"":""Üzülür""}"
"1747.699999999837","","survey-multi-choice","37","527451","0.0-37.0","prkfn","karelipantolon01@gmail.com","Koray","z","","Q05","Matematik","{""Q0"":""Matematik""}"
"5391.300000001211","","survey-multi-choice","38","532861","0.0-38.0","prkfn","karelipantolon01@gmail.com","Koray","z","","F15","null","{""Q0"":""Üzülür""}"
"1975.7000000008848","","survey-multi-choice","39","534861","0.0-39.0","prkfn","karelipantolon01@gmail.com","Koray","z","","Q15","Altı","{""Q0"":""Altı""}"
"6450.89999999979","","survey-multi-choice","40","541338","0.0-40.0","prkfn","karelipantolon01@gmail.com","Koray","z","","F17","null","{""Q0"":""Üzülür""}"
"2535.899999998859","","survey-multi-choice","41","543897","0.0-41.0","prkfn","karelipantolon01@gmail.com","Koray","z","","Q17","Öğle yemeği","{""Q0"":""Akşam yemeği""}"
"6550.999999999418","","survey-multi-choice","42","550473","0.0-42.0","prkfn","karelipantolon01@gmail.com","Koray","z","","C06","null","{""Q0"":""Üzülür""}"
"1815.5999999998603","","survey-multi-choice","43","552320","0.0-43.0","prkfn","karelipantolon01@gmail.com","Koray","z","","Q06","Müdür","{""Q0"":""Müdür""}"
"10291.699999999837","","survey-multi-choice","44","562644","0.0-44.0","prkfn","karelipantolon01@gmail.com","Koray","z","","F14","null","{""Q0"":""Sevinir""}"
"9158.600000000675","","survey-multi-choice","45","571826","0.0-45.0","prkfn","karelipantolon01@gmail.com","Koray","z","","Q14","Birinci","{""Q0"":""İkinci""}"
"8090.5999999996275","","survey-multi-choice","46","579934","0.0-46.0","prkfn","karelipantolon01@gmail.com","Koray","z","","F07","null","{""Q0"":""Üzülür""}"
"2238.199999999837","","survey-multi-choice","47","582194","0.0-47.0","prkfn","karelipantolon01@gmail.com","Koray","z","","Q07","Kardan adam","{""Q0"":""Kardan adam""}"
"10549.000000000815","","survey-multi-choice","48","592765","0.0-48.0","prkfn","karelipantolon01@gmail.com","Koray","z","","F10","null","{""Q0"":""Sevinir""}"
"1526.2999999994645","","survey-multi-choice","49","594315","0.0-49.0","prkfn","karelipantolon01@gmail.com","Koray","z","","Q10","Yüksek lisans","{""Q0"":""Yüksek lisans""}"
"3703.900000000489","","instructions","50","598052","0.0-50.0","prkfn","karelipantolon01@gmail.com","Koray","z","[{""page_index"":0,""viewing_time"":3700.4000000015367}]","","",""
