"rt","url","trial_type","trial_index","time_elapsed","internal_node_id","subject","subject_email","subject_name","group","view_history","id","correct","responses"
"40099.29984578817","resources/welcome.html","external-html","0","40423","0.0-0.0","ooubx","","Emre Erdem","z","","","",""
"39442.99978360737","","instructions","1","79867","0.0-1.0","ooubx","","Emre Erdem","z","[{""page_index"":0,""viewing_time"":39442.69999854598}]","","",""
"22417.000165074234","","survey-multi-choice","2","102286","0.0-2.0","ooubx","","Emre Erdem","z","","F14","null","{""Q0"":""Sevinir""}"
"5687.100090576991","","survey-multi-choice","3","107979","0.0-3.0","ooubx","","Emre Erdem","z","","Q14","Birinci","{""Q0"":""İkinci""}"
"45809.30035041922","","survey-multi-choice","4","153794","0.0-4.0","ooubx","","Emre Erdem","z","","F19","null","{""Q0"":""Üzülür""}"
"26668.70030132463","","survey-multi-choice","5","180464","0.0-5.0","ooubx","","Emre Erdem","z","","Q19","Fizik","{""Q0"":""Fizik""}"
"32202.599961853324","","survey-multi-choice","6","212672","0.0-6.0","ooubx","","Emre Erdem","z","","F08","null","{""Q0"":""Sevinir""}"
"4963.299637093267","","survey-multi-choice","7","217639","0.0-7.0","ooubx","","Emre Erdem","z","","Q08","Tenis","{""Q0"":""Tenis""}"
"64180.40004413386","","survey-multi-choice","8","281824","0.0-8.0","ooubx","","Emre Erdem","z","","C04","null","{""Q0"":""Üzülür""}"
"2054.099870763137","","survey-multi-choice","9","283880","0.0-9.0","ooubx","","Emre Erdem","z","","Q04","Kamp","{""Q0"":""Kamp""}"
"13333.399904718855","","survey-multi-choice","10","297216","0.0-10.0","ooubx","","Emre Erdem","z","","F22","null","{""Q0"":""Sevinir""}"
"2557.1999305490753","","survey-multi-choice","11","299777","0.0-11.0","ooubx","","Emre Erdem","z","","Q22","Yoğun","{""Q0"":""Yoğun""}"
"32667.999804990017","","survey-multi-choice","12","332447","0.0-12.0","ooubx","","Emre Erdem","z","","F20","null","{""Q0"":""Üzülür""}"
"2239.000112045207","","survey-multi-choice","13","334690","0.0-13.0","ooubx","","Emre Erdem","z","","Q20","Piyango bileti","{""Q0"":""Piyango bileti""}"
"19034.89994192467","","survey-multi-choice","14","353730","0.0-14.0","ooubx","","Emre Erdem","z","","C05","null","{""Q0"":""Üzülür""}"
"2930.2001161507214","","survey-multi-choice","15","356663","0.0-15.0","ooubx","","Emre Erdem","z","","Q05","Matematik","{""Q0"":""Matematik""}"
"12542.300057048967","","survey-multi-choice","16","369209","0.0-16.0","ooubx","","Emre Erdem","z","","F16","null","{""Q0"":""Sevinir""}"
"2300.8003106474643","","survey-multi-choice","17","371513","0.0-17.0","ooubx","","Emre Erdem","z","","Q16","Kafe","{""Q0"":""Kafe""}"
"19039.00028310658","","survey-multi-choice","18","390555","0.0-18.0","ooubx","","Emre Erdem","z","","F17","null","{""Q0"":""Sevinir""}"
"2578.29992362106","","survey-multi-choice","19","393137","0.0-19.0","ooubx","","Emre Erdem","z","","Q17","Öğle yemeği","{""Q0"":""Akşam yemeği""}"
"20312.999980327906","","survey-multi-choice","20","413452","0.0-20.0","ooubx","","Emre Erdem","z","","F24","null","{""Q0"":""Sevinir""}"
"2813.300193042727","","survey-multi-choice","21","416268","0.0-21.0","ooubx","","Emre Erdem","z","","Q24","Tokyo","{""Q0"":""Tokyo""}"
"35691.90007278661","","survey-multi-choice","22","451964","0.0-22.0","ooubx","","Emre Erdem","z","","C01","null","{""Q0"":""Üzülür""}"
"4057.399644705525","","survey-multi-choice","23","456025","0.0-23.0","ooubx","","Emre Erdem","z","","Q01","Arda","{""Q0"":""Arda""}"
"17633.90000265144","","survey-multi-choice","24","473662","0.0-24.0","ooubx","","Emre Erdem","z","","F07","null","{""Q0"":""Üzülür""}"
"3349.9997006425983","","survey-multi-choice","25","477017","0.0-25.0","ooubx","","Emre Erdem","z","","Q07","Kardan adam","{""Q0"":""Kardan adam""}"
"6184.100101695978","","survey-multi-choice","26","483204","0.0-26.0","ooubx","","Emre Erdem","z","","F23","null","{""Q0"":""Üzülür""}"
"2316.9001796999946","","survey-multi-choice","27","485525","0.0-27.0","ooubx","","Emre Erdem","z","","Q23","Çarpışan arabalar","{""Q0"":""Çarpışan arabalar""}"
"11541.999844334146","","survey-multi-choice","28","497069","0.0-28.0","ooubx","","Emre Erdem","z","","F18","null","{""Q0"":""Sevinir""}"
"1984.6001996286213","","survey-multi-choice","29","499057","0.0-29.0","ooubx","","Emre Erdem","z","","Q18","Çilek","{""Q0"":""Çilek""}"
"24821.899876066018","","survey-multi-choice","30","523882","0.0-30.0","ooubx","","Emre Erdem","z","","C03","null","{""Q0"":""Sevinir""}"
"18450.999896507826","","survey-multi-choice","31","542338","0.0-31.0","ooubx","","Emre Erdem","z","","Q03","Ofis","{""Q0"":""Mağaza""}"
"12161.59997126169","","survey-multi-choice","32","554502","0.0-32.0","ooubx","","Emre Erdem","z","","F11","null","{""Q0"":""Üzülür""}"
"2225.600019158912","","survey-multi-choice","33","556730","0.0-33.0","ooubx","","Emre Erdem","z","","Q11","Ayakkabı","{""Q0"":""Ayakkabı""}"
"19093.89986580226","","survey-multi-choice","34","575827","0.0-34.0","ooubx","","Emre Erdem","z","","F10","null","{""Q0"":""Sevinir""}"
"3721.100249664043","","survey-multi-choice","35","579554","0.0-35.0","ooubx","","Emre Erdem","z","","Q10","Yüksek lisans","{""Q0"":""Yüksek lisans""}"
"26125.60010468948","","survey-multi-choice","36","605681","0.0-36.0","ooubx","","Emre Erdem","z","","C06","null","{""Q0"":""Sevinir""}"
"2023.5996274283388","","survey-multi-choice","37","607707","0.0-37.0","ooubx","","Emre Erdem","z","","Q06","Müdür","{""Q0"":""Müdür""}"
"8749.900142921716","","survey-multi-choice","38","616461","0.0-38.0","ooubx","","Emre Erdem","z","","F09","null","{""Q0"":""Sevinir""}"
"2191.100360854063","","survey-multi-choice","39","618655","0.0-39.0","ooubx","","Emre Erdem","z","","Q09","Yemekhane","{""Q0"":""Yemekhane""}"
"26474.700022494653","","survey-multi-choice","40","645134","0.0-40.0","ooubx","","Emre Erdem","z","","F21","null","{""Q0"":""Üzülür""}"
"3089.599810464075","","survey-multi-choice","41","648225","0.0-41.0","ooubx","","Emre Erdem","z","","Q21","Odun","{""Q0"":""Odun""}"
"25406.600061068893","","survey-multi-choice","42","673634","0.0-42.0","ooubx","","Emre Erdem","z","","C02","null","{""Q0"":""Sevinir""}"
"2755.2000520026777","","survey-multi-choice","43","676394","0.0-43.0","ooubx","","Emre Erdem","z","","Q02","Oyuncak bebek","{""Q0"":""Oyuncak bebek""}"
"18874.10011024913","","survey-multi-choice","44","695271","0.0-44.0","ooubx","","Emre Erdem","z","","F12","null","{""Q0"":""Sevinir""}"
"9447.300266599166","","survey-multi-choice","45","704722","0.0-45.0","ooubx","","Emre Erdem","z","","Q12","Para biriktirmek","{""Q0"":""Para biriktirmek""}"
"44101.10026677023","","survey-multi-choice","46","748827","0.0-46.0","ooubx","","Emre Erdem","z","","F15","null","{""Q0"":""Üzülür""}"
"2961.2999296082416","","survey-multi-choice","47","751791","0.0-47.0","ooubx","","Emre Erdem","z","","Q15","Altı","{""Q0"":""Altı""}"
"14464.500060299062","","survey-multi-choice","48","766259","0.0-48.0","ooubx","","Emre Erdem","z","","F13","null","{""Q0"":""Sevinir""}"
"1983.0999913613777","","survey-multi-choice","49","768245","0.0-49.0","ooubx","","Emre Erdem","z","","Q13","Kars","{""Q0"":""Kars""}"
"7758.400182693498","","instructions","50","776007","0.0-50.0","ooubx","","Emre Erdem","z","[{""page_index"":0,""viewing_time"":7758.2000408836175}]","","",""
