"rt","url","trial_type","trial_index","time_elapsed","internal_node_id","subject","subject_email","subject_name","group","view_history","id","correct","responses"
"60263.69999999588","resources/welcome.html","external-html","0","60382","0.0-0.0","vmh2d","ferdaneulutass@gmail.com","Ferdane Ulutaş","z","","","",""
"79915.60000000754","","instructions","1","140305","0.0-1.0","vmh2d","ferdaneulutass@gmail.com","Ferdane Ulutaş","z","[{""page_index"":0,""viewing_time"":79913.70000000461}]","","",""
"16701.800000009825","","survey-multi-choice","2","157017","0.0-2.0","vmh2d","ferdaneulutass@gmail.com","Ferdane Ulutaş","z","","F24","null","{""Q0"":""Sevinir""}"
"4802.900000009686","","survey-multi-choice","3","161829","0.0-3.0","vmh2d","ferdaneulutass@gmail.com","Ferdane Ulutaş","z","","Q24","Tokyo","{""Q0"":""Tokyo""}"
"48430.50000000221","","survey-multi-choice","4","210267","0.0-4.0","vmh2d","ferdaneulutass@gmail.com","Ferdane Ulutaş","z","","F20","null","{""Q0"":""Üzülür""}"
"4956.300000005285","","survey-multi-choice","5","215232","0.0-5.0","vmh2d","ferdaneulutass@gmail.com","Ferdane Ulutaş","z","","Q20","Piyango bileti","{""Q0"":""Piyango bileti""}"
"16460.599999991246","","survey-multi-choice","6","231700","0.0-6.0","vmh2d","ferdaneulutass@gmail.com","Ferdane Ulutaş","z","","F10","null","{""Q0"":""Sevinir""}"
"5138.999999995576","","survey-multi-choice","7","236847","0.0-7.0","vmh2d","ferdaneulutass@gmail.com","Ferdane Ulutaş","z","","Q10","Yüksek lisans","{""Q0"":""Yüksek lisans""}"
"28560.899999996764","","survey-multi-choice","8","265416","0.0-8.0","vmh2d","ferdaneulutass@gmail.com","Ferdane Ulutaş","z","","C04","null","{""Q0"":""Sevinir""}"
"4186.100000006263","","survey-multi-choice","9","269611","0.0-9.0","vmh2d","ferdaneulutass@gmail.com","Ferdane Ulutaş","z","","Q04","Kamp","{""Q0"":""Kamp""}"
"9918.900000004214","","survey-multi-choice","10","279537","0.0-10.0","vmh2d","ferdaneulutass@gmail.com","Ferdane Ulutaş","z","","F11","null","{""Q0"":""Üzülür""}"
"6042.10000000603","","survey-multi-choice","11","285588","0.0-11.0","vmh2d","ferdaneulutass@gmail.com","Ferdane Ulutaş","z","","Q11","Ayakkabı","{""Q0"":""Ayakkabı""}"
"9961.799999990035","","survey-multi-choice","12","295558","0.0-12.0","vmh2d","ferdaneulutass@gmail.com","Ferdane Ulutaş","z","","F23","null","{""Q0"":""Üzülür""}"
"5237.60000000766","","survey-multi-choice","13","300804","0.0-13.0","vmh2d","ferdaneulutass@gmail.com","Ferdane Ulutaş","z","","Q23","Çarpışan arabalar","{""Q0"":""Çarpışan arabalar""}"
"13704.199999992852","","survey-multi-choice","14","314516","0.0-14.0","vmh2d","ferdaneulutass@gmail.com","Ferdane Ulutaş","z","","C03","null","{""Q0"":""Üzülür""}"
"4704.200000007404","","survey-multi-choice","15","319229","0.0-15.0","vmh2d","ferdaneulutass@gmail.com","Ferdane Ulutaş","z","","Q03","Ofis","{""Q0"":""Ofis""}"
"31449.99999999709","","survey-multi-choice","16","350687","0.0-16.0","vmh2d","ferdaneulutass@gmail.com","Ferdane Ulutaş","z","","F15","null","{""Q0"":""Sevinir""}"
"5114.700000005541","","survey-multi-choice","17","355810","0.0-17.0","vmh2d","ferdaneulutass@gmail.com","Ferdane Ulutaş","z","","Q15","Altı","{""Q0"":""Altı""}"
"28844.09999998752","","survey-multi-choice","18","384662","0.0-18.0","vmh2d","ferdaneulutass@gmail.com","Ferdane Ulutaş","z","","F22","null","{""Q0"":""Sevinir""}"
"16000.899999999092","","survey-multi-choice","19","400672","0.0-19.0","vmh2d","ferdaneulutass@gmail.com","Ferdane Ulutaş","z","","Q22","Yoğun","{""Q0"":""Rahat""}"
"38162.40000000107","","survey-multi-choice","20","438843","0.0-20.0","vmh2d","ferdaneulutass@gmail.com","Ferdane Ulutaş","z","","F21","null","{""Q0"":""Üzülür""}"
"7712.400000003981","","survey-multi-choice","21","446563","0.0-21.0","vmh2d","ferdaneulutass@gmail.com","Ferdane Ulutaş","z","","Q21","Odun","{""Q0"":""Odun""}"
"13261.100000003353","","survey-multi-choice","22","459833","0.0-22.0","vmh2d","ferdaneulutass@gmail.com","Ferdane Ulutaş","z","","C02","null","{""Q0"":""Üzülür""}"
"4059.800000002724","","survey-multi-choice","23","463902","0.0-23.0","vmh2d","ferdaneulutass@gmail.com","Ferdane Ulutaş","z","","Q02","Oyuncak bebek","{""Q0"":""Oyuncak bebek""}"
"34569.799999997485","","survey-multi-choice","24","498480","0.0-24.0","vmh2d","ferdaneulutass@gmail.com","Ferdane Ulutaş","z","","F07","null","{""Q0"":""Üzülür""}"
"5703.699999998207","","survey-multi-choice","25","504192","0.0-25.0","vmh2d","ferdaneulutass@gmail.com","Ferdane Ulutaş","z","","Q07","Kardan adam","{""Q0"":""Kardan adam""}"
"17041.89999999653","","survey-multi-choice","26","521240","0.0-26.0","vmh2d","ferdaneulutass@gmail.com","Ferdane Ulutaş","z","","F16","null","{""Q0"":""Sevinir""}"
"3852.7000000030966","","survey-multi-choice","27","525101","0.0-27.0","vmh2d","ferdaneulutass@gmail.com","Ferdane Ulutaş","z","","Q16","Kafe","{""Q0"":""Kafe""}"
"40583.499999993364","","survey-multi-choice","28","565693","0.0-28.0","vmh2d","ferdaneulutass@gmail.com","Ferdane Ulutaş","z","","F12","null","{""Q0"":""Sevinir""}"
"5170.599999997648","","survey-multi-choice","29","570873","0.0-29.0","vmh2d","ferdaneulutass@gmail.com","Ferdane Ulutaş","z","","Q12","Para biriktirmek","{""Q0"":""Para biriktirmek""}"
"62898.199999995995","","survey-multi-choice","30","633780","0.0-30.0","vmh2d","ferdaneulutass@gmail.com","Ferdane Ulutaş","z","","C06","null","{""Q0"":""Sevinir""}"
"6204.199999992852","","survey-multi-choice","31","639994","0.0-31.0","vmh2d","ferdaneulutass@gmail.com","Ferdane Ulutaş","z","","Q06","Müdür","{""Q0"":""Müdür""}"
"25334.30000000226","","survey-multi-choice","32","665337","0.0-32.0","vmh2d","ferdaneulutass@gmail.com","Ferdane Ulutaş","z","","F17","null","{""Q0"":""Sevinir""}"
"3257.89999999688","","survey-multi-choice","33","668604","0.0-33.0","vmh2d","ferdaneulutass@gmail.com","Ferdane Ulutaş","z","","Q17","Öğle yemeği","{""Q0"":""Akşam yemeği""}"
"9150.099999998929","","survey-multi-choice","34","677763","0.0-34.0","vmh2d","ferdaneulutass@gmail.com","Ferdane Ulutaş","z","","F09","null","{""Q0"":""Sevinir""}"
"4477.599999998347","","survey-multi-choice","35","682256","0.0-35.0","vmh2d","ferdaneulutass@gmail.com","Ferdane Ulutaş","z","","Q09","Yemekhane","{""Q0"":""Yemekhane""}"
"13404.200000004494","","survey-multi-choice","36","695669","0.0-36.0","vmh2d","ferdaneulutass@gmail.com","Ferdane Ulutaş","z","","C05","null","{""Q0"":""Sevinir""}"
"3883.900000000722","","survey-multi-choice","37","699562","0.0-37.0","vmh2d","ferdaneulutass@gmail.com","Ferdane Ulutaş","z","","Q05","Matematik","{""Q0"":""Matematik""}"
"19814.70000000263","","survey-multi-choice","38","719385","0.0-38.0","vmh2d","ferdaneulutass@gmail.com","Ferdane Ulutaş","z","","F19","null","{""Q0"":""Üzülür""}"
"2478.2000000122935","","survey-multi-choice","39","721872","0.0-39.0","vmh2d","ferdaneulutass@gmail.com","Ferdane Ulutaş","z","","Q19","Fizik","{""Q0"":""Fizik""}"
"11389.500000004773","","survey-multi-choice","40","733270","0.0-40.0","vmh2d","ferdaneulutass@gmail.com","Ferdane Ulutaş","z","","F18","null","{""Q0"":""Sevinir""}"
"2406.8000000115717","","survey-multi-choice","41","735686","0.0-41.0","vmh2d","ferdaneulutass@gmail.com","Ferdane Ulutaş","z","","Q18","Çilek","{""Q0"":""Çilek""}"
"10252.200000002631","","survey-multi-choice","42","745946","0.0-42.0","vmh2d","ferdaneulutass@gmail.com","Ferdane Ulutaş","z","","C01","null","{""Q0"":""Sevinir""}"
"3633.6999999912223","","survey-multi-choice","43","749589","0.0-43.0","vmh2d","ferdaneulutass@gmail.com","Ferdane Ulutaş","z","","Q01","Arda","{""Q0"":""Arda""}"
"13979.000000006636","","survey-multi-choice","44","763576","0.0-44.0","vmh2d","ferdaneulutass@gmail.com","Ferdane Ulutaş","z","","F14","null","{""Q0"":""Sevinir""}"
"6482.000000003609","","survey-multi-choice","45","770068","0.0-45.0","vmh2d","ferdaneulutass@gmail.com","Ferdane Ulutaş","z","","Q14","Birinci","{""Q0"":""İkinci""}"
"22430.999999996857","","survey-multi-choice","46","792505","0.0-46.0","vmh2d","ferdaneulutass@gmail.com","Ferdane Ulutaş","z","","F08","null","{""Q0"":""Üzülür""}"
"3984.10000000149","","survey-multi-choice","47","796499","0.0-47.0","vmh2d","ferdaneulutass@gmail.com","Ferdane Ulutaş","z","","Q08","Tenis","{""Q0"":""Tenis""}"
"7177.100000000792","","survey-multi-choice","48","803685","0.0-48.0","vmh2d","ferdaneulutass@gmail.com","Ferdane Ulutaş","z","","F13","null","{""Q0"":""Sevinir""}"
"2881.999999997788","","survey-multi-choice","49","806576","0.0-49.0","vmh2d","ferdaneulutass@gmail.com","Ferdane Ulutaş","z","","Q13","Kars","{""Q0"":""Kars""}"
"5337.700000003679","","instructions","50","811928","0.0-50.0","vmh2d","ferdaneulutass@gmail.com","Ferdane Ulutaş","z","[{""page_index"":0,""viewing_time"":5336.9000000093365}]","","",""
