"rt","url","trial_type","trial_index","time_elapsed","internal_node_id","subject","subject_email","subject_name","group","view_history","id","correct","responses"
"42660.00000000001","resources/welcome.html","external-html","0","42896","0.0-0.0","7a2td","","T","z","","","",""
"28024.000000000015","","instructions","1","70926","0.0-1.0","7a2td","","T","z","[{""page_index"":0,""viewing_time"":28023}]","","",""
"17857","","survey-multi-choice","2","88792","0.0-2.0","7a2td","","T","z","","F10","null","{""Q0"":""Sevinir""}"
"7131","","survey-multi-choice","3","95930","0.0-3.0","7a2td","","T","z","","Q10","Yüksek lisans","{""Q0"":""Yüksek lisans""}"
"24215.999999999985","","survey-multi-choice","4","120163","0.0-4.0","7a2td","","T","z","","F16","null","{""Q0"":""Sevinir""}"
"4327.000000000015","","survey-multi-choice","5","124497","0.0-5.0","7a2td","","T","z","","Q16","Kafe","{""Q0"":""Kafe""}"
"21119.000000000015","","survey-multi-choice","6","145624","0.0-6.0","7a2td","","T","z","","F21","null","{""Q0"":""Üzülür""}"
"4820","","survey-multi-choice","7","150448","0.0-7.0","7a2td","","T","z","","Q21","Odun","{""Q0"":""Odun""}"
"23407","","survey-multi-choice","8","173862","0.0-8.0","7a2td","","T","z","","C04","null","{""Q0"":""Üzülür""}"
"4683","","survey-multi-choice","9","178549","0.0-9.0","7a2td","","T","z","","Q04","Kamp","{""Q0"":""Kamp""}"
"14281.99999999997","","survey-multi-choice","10","192836","0.0-10.0","7a2td","","T","z","","F13","null","{""Q0"":""Sevinir""}"
"3361","","survey-multi-choice","11","196202","0.0-11.0","7a2td","","T","z","","Q13","Kars","{""Q0"":""Kars""}"
"12642","","survey-multi-choice","12","208852","0.0-12.0","7a2td","","T","z","","F18","null","{""Q0"":""Sevinir""}"
"3577.000000000029","","survey-multi-choice","13","212435","0.0-13.0","7a2td","","T","z","","Q18","Çilek","{""Q0"":""Çilek""}"
"29899","","survey-multi-choice","14","242340","0.0-14.0","7a2td","","T","z","","C03","null","{""Q0"":""Sevinir""}"
"4776.999999999971","","survey-multi-choice","15","247123","0.0-15.0","7a2td","","T","z","","Q03","Ofis","{""Q0"":""Ofis""}"
"19993","","survey-multi-choice","16","267119","0.0-16.0","7a2td","","T","z","","F11","null","{""Q0"":""Üzülür""}"
"3311","","survey-multi-choice","17","270435","0.0-17.0","7a2td","","T","z","","Q11","Ayakkabı","{""Q0"":""Ayakkabı""}"
"24590.99999999994","","survey-multi-choice","18","295030","0.0-18.0","7a2td","","T","z","","F15","null","{""Q0"":""Sevinir""}"
"4667.000000000058","","survey-multi-choice","19","299702","0.0-19.0","7a2td","","T","z","","Q15","Altı","{""Q0"":""Altı""}"
"13334.000000000058","","survey-multi-choice","20","313040","0.0-20.0","7a2td","","T","z","","F17","null","{""Q0"":""Üzülür""}"
"4462","","survey-multi-choice","21","317509","0.0-21.0","7a2td","","T","z","","Q17","Öğle yemeği","{""Q0"":""Akşam yemeği""}"
"13742","","survey-multi-choice","22","331257","0.0-22.0","7a2td","","T","z","","C05","null","{""Q0"":""Sevinir""}"
"3991.999999999942","","survey-multi-choice","23","335258","0.0-23.0","7a2td","","T","z","","Q05","Matematik","{""Q0"":""Matematik""}"
"24510","","survey-multi-choice","24","359775","0.0-24.0","7a2td","","T","z","","F19","null","{""Q0"":""Üzülür""}"
"2842","","survey-multi-choice","25","362624","0.0-25.0","7a2td","","T","z","","Q19","Fizik","{""Q0"":""Fizik""}"
"10797","","survey-multi-choice","26","373424","0.0-26.0","7a2td","","T","z","","F09","null","{""Q0"":""Sevinir""}"
"4629.000000000058","","survey-multi-choice","27","378060","0.0-27.0","7a2td","","T","z","","Q09","Yemekhane","{""Q0"":""Yemekhane""}"
"6693","","survey-multi-choice","28","384760","0.0-28.0","7a2td","","T","z","","F23","null","{""Q0"":""Üzülür""}"
"3230","","survey-multi-choice","29","387996","0.0-29.0","7a2td","","T","z","","Q23","Çarpışan arabalar","{""Q0"":""Çarpışan arabalar""}"
"31043","","survey-multi-choice","30","419047","0.0-30.0","7a2td","","T","z","","C02","null","{""Q0"":""Üzülür""}"
"4229","","survey-multi-choice","31","423282","0.0-31.0","7a2td","","T","z","","Q02","Oyuncak bebek","{""Q0"":""Oyuncak bebek""}"
"27691","","survey-multi-choice","32","450981","0.0-32.0","7a2td","","T","z","","F22","null","{""Q0"":""Sevinir""}"
"4129","","survey-multi-choice","33","455118","0.0-33.0","7a2td","","T","z","","Q22","Yoğun","{""Q0"":""Yoğun""}"
"14042.000000000058","","survey-multi-choice","34","469167","0.0-34.0","7a2td","","T","z","","F07","null","{""Q0"":""Üzülür""}"
"4111","","survey-multi-choice","35","473283","0.0-35.0","7a2td","","T","z","","Q07","Kardan adam","{""Q0"":""Kardan adam""}"
"56565","","survey-multi-choice","36","529854","0.0-36.0","7a2td","","T","z","","C01","null","{""Q0"":""Üzülür""}"
"3045","","survey-multi-choice","37","532904","0.0-37.0","7a2td","","T","z","","Q01","Arda","{""Q0"":""Arda""}"
"17913","","survey-multi-choice","38","550825","0.0-38.0","7a2td","","T","z","","F12","null","{""Q0"":""Sevinir""}"
"4822","","survey-multi-choice","39","555654","0.0-39.0","7a2td","","T","z","","Q12","Para biriktirmek","{""Q0"":""Para biriktirmek""}"
"34182","","survey-multi-choice","40","589842","0.0-40.0","7a2td","","T","z","","F20","null","{""Q0"":""Üzülür""}"
"2945","","survey-multi-choice","41","592793","0.0-41.0","7a2td","","T","z","","Q20","Piyango bileti","{""Q0"":""Piyango bileti""}"
"34443.99999999988","","survey-multi-choice","42","627245","0.0-42.0","7a2td","","T","z","","C06","null","{""Q0"":""Sevinir""}"
"8046","","survey-multi-choice","43","635296","0.0-43.0","7a2td","","T","z","","Q06","Müdür","{""Q0"":""Müdür""}"
"59396","","survey-multi-choice","44","694698","0.0-44.0","7a2td","","T","z","","F08","null","{""Q0"":""Üzülür""}"
"7827","","survey-multi-choice","45","702534","0.0-45.0","7a2td","","T","z","","Q08","Tenis","{""Q0"":""Tenis""}"
"72444","","survey-multi-choice","46","774986","0.0-46.0","7a2td","","T","z","","F14","null","{""Q0"":""Sevinir""}"
"5050","","survey-multi-choice","47","780040","0.0-47.0","7a2td","","T","z","","Q14","Birinci","{""Q0"":""İkinci""}"
"9341","","survey-multi-choice","48","789388","0.0-48.0","7a2td","","T","z","","F24","null","{""Q0"":""Sevinir""}"
"2312","","survey-multi-choice","49","791705","0.0-49.0","7a2td","","T","z","","Q24","Tokyo","{""Q0"":""Tokyo""}"
