"rt","url","trial_type","trial_index","time_elapsed","internal_node_id","subject","subject_email","subject_name","group","view_history","id","correct","responses"
"67531.51499992236","resources/welcome.html","external-html","0","67610","0.0-0.0","un5qq","eray_canlar@hotmail.com","Eray","z","","","",""
"22520.20000014454","","instructions","1","90145","0.0-1.0","un5qq","eray_canlar@hotmail.com","Eray","z","[{""page_index"":0,""viewing_time"":22513.154999818653}]","","",""
"18582.135000266135","","survey-multi-choice","2","108759","0.0-2.0","un5qq","eray_canlar@hotmail.com","Eray","z","","F09","null","{""Q0"":""Sevinir""}"
"6313.47499974072","","survey-multi-choice","3","115099","0.0-3.0","un5qq","eray_canlar@hotmail.com","Eray","z","","Q09","Yemekhane","{""Q0"":""Yemekhane""}"
"28085.415000095963","","survey-multi-choice","4","143214","0.0-4.0","un5qq","eray_canlar@hotmail.com","Eray","z","","F07","null","{""Q0"":""Üzülür""}"
"8807.16499965638","","survey-multi-choice","5","152045","0.0-5.0","un5qq","eray_canlar@hotmail.com","Eray","z","","Q07","Kardan adam","{""Q0"":""Kardan adam""}"
"42879.65999962762","","survey-multi-choice","6","194945","0.0-6.0","un5qq","eray_canlar@hotmail.com","Eray","z","","F11","null","{""Q0"":""Üzülür""}"
"3938.9399997889996","","survey-multi-choice","7","198908","0.0-7.0","un5qq","eray_canlar@hotmail.com","Eray","z","","Q11","Ayakkabı","{""Q0"":""Ayakkabı""}"
"17344.974999781698","","survey-multi-choice","8","216272","0.0-8.0","un5qq","eray_canlar@hotmail.com","Eray","z","","C06","null","{""Q0"":""Sevinir""}"
"6083.750000223517","","survey-multi-choice","9","222385","0.0-9.0","un5qq","eray_canlar@hotmail.com","Eray","z","","Q06","Müdür","{""Q0"":""Müdür""}"
"23691.62499997765","","survey-multi-choice","10","246103","0.0-10.0","un5qq","eray_canlar@hotmail.com","Eray","z","","F19","null","{""Q0"":""Üzülür""}"
"10873.769999947399","","survey-multi-choice","11","257000","0.0-11.0","un5qq","eray_canlar@hotmail.com","Eray","z","","Q19","Fizik","{""Q0"":""Fizik""}"
"14340.110000222921","","survey-multi-choice","12","271362","0.0-12.0","un5qq","eray_canlar@hotmail.com","Eray","z","","F23","null","{""Q0"":""Üzülür""}"
"5945.365000050515","","survey-multi-choice","13","277329","0.0-13.0","un5qq","eray_canlar@hotmail.com","Eray","z","","Q23","Çarpışan arabalar","{""Q0"":""Çarpışan arabalar""}"
"11155.040000099689","","survey-multi-choice","14","288493","0.0-14.0","un5qq","eray_canlar@hotmail.com","Eray","z","","C05","null","{""Q0"":""Sevinir""}"
"11010.574999731034","","survey-multi-choice","15","299528","0.0-15.0","un5qq","eray_canlar@hotmail.com","Eray","z","","Q05","Matematik","{""Q0"":""Matematik""}"
"24607.334999833256","","survey-multi-choice","16","324159","0.0-16.0","un5qq","eray_canlar@hotmail.com","Eray","z","","F18","null","{""Q0"":""Sevinir""}"
"4207.625000271946","","survey-multi-choice","17","328393","0.0-17.0","un5qq","eray_canlar@hotmail.com","Eray","z","","Q18","Çilek","{""Q0"":""Çilek""}"
"11834.789999760687","","survey-multi-choice","18","340256","0.0-18.0","un5qq","eray_canlar@hotmail.com","Eray","z","","F12","null","{""Q0"":""Sevinir""}"
"5221.924999728799","","survey-multi-choice","19","345507","0.0-19.0","un5qq","eray_canlar@hotmail.com","Eray","z","","Q12","Para biriktirmek","{""Q0"":""Para biriktirmek""}"
"8972.18000004068","","survey-multi-choice","20","354505","0.0-20.0","un5qq","eray_canlar@hotmail.com","Eray","z","","F22","null","{""Q0"":""Sevinir""}"
"3622.905000112951","","survey-multi-choice","21","358151","0.0-21.0","un5qq","eray_canlar@hotmail.com","Eray","z","","Q22","Yoğun","{""Q0"":""Yoğun""}"
"11908.249999862164","","survey-multi-choice","22","370080","0.0-22.0","un5qq","eray_canlar@hotmail.com","Eray","z","","C02","null","{""Q0"":""Sevinir""}"
"5795.905000064522","","survey-multi-choice","23","375893","0.0-23.0","un5qq","eray_canlar@hotmail.com","Eray","z","","Q02","Oyuncak bebek","{""Q0"":""Oyuncak bebek""}"
"14533.70500029996","","survey-multi-choice","24","390447","0.0-24.0","un5qq","eray_canlar@hotmail.com","Eray","z","","F16","null","{""Q0"":""Sevinir""}"
"4158.419999759644","","survey-multi-choice","25","394629","0.0-25.0","un5qq","eray_canlar@hotmail.com","Eray","z","","Q16","Kafe","{""Q0"":""Kafe""}"
"11324.599999934435","","survey-multi-choice","26","405955","0.0-26.0","un5qq","eray_canlar@hotmail.com","Eray","z","","F24","null","{""Q0"":""Sevinir""}"
"3889.2449997365475","","survey-multi-choice","27","409868","0.0-27.0","un5qq","eray_canlar@hotmail.com","Eray","z","","Q24","Tokyo","{""Q0"":""Tokyo""}"
"13448.624999728054","","survey-multi-choice","28","423338","0.0-28.0","un5qq","eray_canlar@hotmail.com","Eray","z","","F15","null","{""Q0"":""Sevinir""}"
"21837.724999990314","","survey-multi-choice","29","445201","0.0-29.0","un5qq","eray_canlar@hotmail.com","Eray","z","","Q15","Altı","{""Q0"":""Üç""}"
"42805.9849999845","","survey-multi-choice","30","488046","0.0-30.0","un5qq","eray_canlar@hotmail.com","Eray","z","","C01","null","{""Q0"":""Sevinir""}"
"5948.904999997467","","survey-multi-choice","31","494022","0.0-31.0","un5qq","eray_canlar@hotmail.com","Eray","z","","Q01","Arda","{""Q0"":""Arda""}"
"13096.125000156462","","survey-multi-choice","32","507139","0.0-32.0","un5qq","eray_canlar@hotmail.com","Eray","z","","F21","null","{""Q0"":""Üzülür""}"
"4199.370000045747","","survey-multi-choice","33","511366","0.0-33.0","un5qq","eray_canlar@hotmail.com","Eray","z","","Q21","Odun","{""Q0"":""Odun""}"
"24680.085000116378","","survey-multi-choice","34","536067","0.0-34.0","un5qq","eray_canlar@hotmail.com","Eray","z","","F14","null","{""Q0"":""Sevinir""}"
"4752.650000154972","","survey-multi-choice","35","540847","0.0-35.0","un5qq","eray_canlar@hotmail.com","Eray","z","","Q14","Birinci","{""Q0"":""İkinci""}"
"13696.254999842495","","survey-multi-choice","36","554564","0.0-36.0","un5qq","eray_canlar@hotmail.com","Eray","z","","C03","null","{""Q0"":""Sevinir""}"
"5685.434999875724","","survey-multi-choice","37","560277","0.0-37.0","un5qq","eray_canlar@hotmail.com","Eray","z","","Q03","Ofis","{""Q0"":""Ofis""}"
"20215.685000177473","","survey-multi-choice","38","580518","0.0-38.0","un5qq","eray_canlar@hotmail.com","Eray","z","","F17","null","{""Q0"":""Sevinir""}"
"3857.704999856651","","survey-multi-choice","39","584392","0.0-39.0","un5qq","eray_canlar@hotmail.com","Eray","z","","Q17","Öğle yemeği","{""Q0"":""Akşam yemeği""}"
"12811.324999667704","","survey-multi-choice","40","597225","0.0-40.0","un5qq","eray_canlar@hotmail.com","Eray","z","","F13","null","{""Q0"":""Sevinir""}"
"4187.69000004977","","survey-multi-choice","41","601432","0.0-41.0","un5qq","eray_canlar@hotmail.com","Eray","z","","Q13","Kars","{""Q0"":""Kars""}"
"13708.765000104904","","survey-multi-choice","42","615162","0.0-42.0","un5qq","eray_canlar@hotmail.com","Eray","z","","C04","null","{""Q0"":""Sevinir""}"
"7070.899999700487","","survey-multi-choice","43","622262","0.0-43.0","un5qq","eray_canlar@hotmail.com","Eray","z","","Q04","Kamp","{""Q0"":""Tatil köyü""}"
"11166.360000148416","","survey-multi-choice","44","633450","0.0-44.0","un5qq","eray_canlar@hotmail.com","Eray","z","","F08","null","{""Q0"":""Üzülür""}"
"4688.750000204891","","survey-multi-choice","45","638165","0.0-45.0","un5qq","eray_canlar@hotmail.com","Eray","z","","Q08","Tenis","{""Q0"":""Tenis""}"
"13116.644999943674","","survey-multi-choice","46","651303","0.0-46.0","un5qq","eray_canlar@hotmail.com","Eray","z","","F20","null","{""Q0"":""Üzülür""}"
"4576.869999989867","","survey-multi-choice","47","655911","0.0-47.0","un5qq","eray_canlar@hotmail.com","Eray","z","","Q20","Piyango bileti","{""Q0"":""Piyango bileti""}"
"10185.375000350177","","survey-multi-choice","48","666119","0.0-48.0","un5qq","eray_canlar@hotmail.com","Eray","z","","F10","null","{""Q0"":""Sevinir""}"
"4898.234999738634","","survey-multi-choice","49","671042","0.0-49.0","un5qq","eray_canlar@hotmail.com","Eray","z","","Q10","Yüksek lisans","{""Q0"":""Yüksek lisans""}"
"7979.429999832064","","instructions","50","679049","0.0-50.0","un5qq","eray_canlar@hotmail.com","Eray","z","[{""page_index"":0,""viewing_time"":7974.369999952614}]","","",""
