"rt","url","trial_type","trial_index","time_elapsed","internal_node_id","subject","subject_email","subject_name","group","view_history","id","correct","responses"
"74188.49999998929","resources/welcome.html","external-html","0","74417","0.0-0.0","yz74k","zeynepsiriin11@gmail.com","Zeynep","z","","","",""
"18149.99999999418","","instructions","1","92580","0.0-1.0","yz74k","zeynepsiriin11@gmail.com","Zeynep","z","[{""page_index"":0,""viewing_time"":18142.3000000068}]","","",""
"13906.700000021374","","survey-multi-choice","2","106519","0.0-2.0","yz74k","zeynepsiriin11@gmail.com","Zeynep","z","","F18","null","{""Q0"":""Sevinir""}"
"5181.500000006054","","survey-multi-choice","3","111719","0.0-3.0","yz74k","zeynepsiriin11@gmail.com","Zeynep","z","","Q18","Çilek","{""Q0"":""Çilek""}"
"10493.599999987055","","survey-multi-choice","4","122228","0.0-4.0","yz74k","zeynepsiriin11@gmail.com","Zeynep","z","","F07","null","{""Q0"":""Sevinir""}"
"3399.0000000048894","","survey-multi-choice","5","125651","0.0-5.0","yz74k","zeynepsiriin11@gmail.com","Zeynep","z","","Q07","Kardan adam","{""Q0"":""Kardan adam""}"
"37393.40000000084","","survey-multi-choice","6","163059","0.0-6.0","yz74k","zeynepsiriin11@gmail.com","Zeynep","z","","F09","null","{""Q0"":""Sevinir""}"
"4219.200000021374","","survey-multi-choice","7","167304","0.0-7.0","yz74k","zeynepsiriin11@gmail.com","Zeynep","z","","Q09","Yemekhane","{""Q0"":""Yemekhane""}"
"10833.600000012666","","survey-multi-choice","8","178153","0.0-8.0","yz74k","zeynepsiriin11@gmail.com","Zeynep","z","","C03","null","{""Q0"":""Üzülür""}"
"3873.1999999727122","","survey-multi-choice","9","182041","0.0-9.0","yz74k","zeynepsiriin11@gmail.com","Zeynep","z","","Q03","Ofis","{""Q0"":""Ofis""}"
"9018.499999976484","","survey-multi-choice","10","191073","0.0-10.0","yz74k","zeynepsiriin11@gmail.com","Zeynep","z","","F21","null","{""Q0"":""Üzülür""}"
"2942.200000019511","","survey-multi-choice","11","194031","0.0-11.0","yz74k","zeynepsiriin11@gmail.com","Zeynep","z","","Q21","Odun","{""Q0"":""Odun""}"
"7058.799999998882","","survey-multi-choice","12","201109","0.0-12.0","yz74k","zeynepsiriin11@gmail.com","Zeynep","z","","F22","null","{""Q0"":""Sevinir""}"
"3979.5999999914784","","survey-multi-choice","13","205102","0.0-13.0","yz74k","zeynepsiriin11@gmail.com","Zeynep","z","","Q22","Yoğun","{""Q0"":""Yoğun""}"
"8366.299999994226","","survey-multi-choice","14","213483","0.0-14.0","yz74k","zeynepsiriin11@gmail.com","Zeynep","z","","C02","null","{""Q0"":""Sevinir""}"
"4621.999999973923","","survey-multi-choice","15","218119","0.0-15.0","yz74k","zeynepsiriin11@gmail.com","Zeynep","z","","Q02","Oyuncak bebek","{""Q0"":""Oyuncak bebek""}"
"6835.699999995995","","survey-multi-choice","16","224971","0.0-16.0","yz74k","zeynepsiriin11@gmail.com","Zeynep","z","","F11","null","{""Q0"":""Üzülür""}"
"2970.899999985704","","survey-multi-choice","17","227960","0.0-17.0","yz74k","zeynepsiriin11@gmail.com","Zeynep","z","","Q11","Ayakkabı","{""Q0"":""Ayakkabı""}"
"14217.199999984587","","survey-multi-choice","18","242190","0.0-18.0","yz74k","zeynepsiriin11@gmail.com","Zeynep","z","","F12","null","{""Q0"":""Sevinir""}"
"3287.5000000058208","","survey-multi-choice","19","245491","0.0-19.0","yz74k","zeynepsiriin11@gmail.com","Zeynep","z","","Q12","Para biriktirmek","{""Q0"":""Para biriktirmek""}"
"6806.199999991804","","survey-multi-choice","20","252311","0.0-20.0","yz74k","zeynepsiriin11@gmail.com","Zeynep","z","","F17","null","{""Q0"":""Üzülür""}"
"2786.599999992177","","survey-multi-choice","21","255110","0.0-21.0","yz74k","zeynepsiriin11@gmail.com","Zeynep","z","","Q17","Öğle yemeği","{""Q0"":""Öğle yemeği""}"
"6710.699999995995","","survey-multi-choice","22","261832","0.0-22.0","yz74k","zeynepsiriin11@gmail.com","Zeynep","z","","C06","null","{""Q0"":""Sevinir""}"
"3424.4000000180677","","survey-multi-choice","23","265269","0.0-23.0","yz74k","zeynepsiriin11@gmail.com","Zeynep","z","","Q06","Müdür","{""Q0"":""Müdür""}"
"6985.09999999078","","survey-multi-choice","24","272268","0.0-24.0","yz74k","zeynepsiriin11@gmail.com","Zeynep","z","","F16","null","{""Q0"":""Sevinir""}"
"2787.799999990966","","survey-multi-choice","25","275079","0.0-25.0","yz74k","zeynepsiriin11@gmail.com","Zeynep","z","","Q16","Kafe","{""Q0"":""Kafe""}"
"20107.600000017555","","survey-multi-choice","26","295198","0.0-26.0","yz74k","zeynepsiriin11@gmail.com","Zeynep","z","","F15","null","{""Q0"":""Sevinir""}"
"2852.7999999932945","","survey-multi-choice","27","298072","0.0-27.0","yz74k","zeynepsiriin11@gmail.com","Zeynep","z","","Q15","Altı","{""Q0"":""Altı""}"
"14250.599999999395","","survey-multi-choice","28","312341","0.0-28.0","yz74k","zeynepsiriin11@gmail.com","Zeynep","z","","F14","null","{""Q0"":""Sevinir""}"
"4922.200000000885","","survey-multi-choice","29","317280","0.0-29.0","yz74k","zeynepsiriin11@gmail.com","Zeynep","z","","Q14","Birinci","{""Q0"":""Birinci""}"
"8384.400000009919","","survey-multi-choice","30","325676","0.0-30.0","yz74k","zeynepsiriin11@gmail.com","Zeynep","z","","C04","null","{""Q0"":""Sevinir""}"
"4631.799999973737","","survey-multi-choice","31","330321","0.0-31.0","yz74k","zeynepsiriin11@gmail.com","Zeynep","z","","Q04","Kamp","{""Q0"":""Kamp""}"
"11704.700000002049","","survey-multi-choice","32","342039","0.0-32.0","yz74k","zeynepsiriin11@gmail.com","Zeynep","z","","F08","null","{""Q0"":""Üzülür""}"
"5361.999999993714","","survey-multi-choice","33","347417","0.0-33.0","yz74k","zeynepsiriin11@gmail.com","Zeynep","z","","Q08","Tenis","{""Q0"":""Basketbol""}"
"6789.099999994505","","survey-multi-choice","34","354223","0.0-34.0","yz74k","zeynepsiriin11@gmail.com","Zeynep","z","","F23","null","{""Q0"":""Üzülür""}"
"2572.8999999992084","","survey-multi-choice","35","356813","0.0-35.0","yz74k","zeynepsiriin11@gmail.com","Zeynep","z","","Q23","Çarpışan arabalar","{""Q0"":""Çarpışan arabalar""}"
"7321.800000005169","","survey-multi-choice","36","364150","0.0-36.0","yz74k","zeynepsiriin11@gmail.com","Zeynep","z","","C05","null","{""Q0"":""Üzülür""}"
"2848.3999999880325","","survey-multi-choice","37","367012","0.0-37.0","yz74k","zeynepsiriin11@gmail.com","Zeynep","z","","Q05","Matematik","{""Q0"":""Matematik""}"
"6346.900000004098","","survey-multi-choice","38","373372","0.0-38.0","yz74k","zeynepsiriin11@gmail.com","Zeynep","z","","F20","null","{""Q0"":""Sevinir""}"
"3077.900000003865","","survey-multi-choice","39","376467","0.0-39.0","yz74k","zeynepsiriin11@gmail.com","Zeynep","z","","Q20","Piyango bileti","{""Q0"":""Piyango bileti""}"
"8758.499999996275","","survey-multi-choice","40","385239","0.0-40.0","yz74k","zeynepsiriin11@gmail.com","Zeynep","z","","F19","null","{""Q0"":""Üzülür""}"
"2426.800000015646","","survey-multi-choice","41","387681","0.0-41.0","yz74k","zeynepsiriin11@gmail.com","Zeynep","z","","Q19","Fizik","{""Q0"":""Fizik""}"
"13499.099999986356","","survey-multi-choice","42","401199","0.0-42.0","yz74k","zeynepsiriin11@gmail.com","Zeynep","z","","C01","null","{""Q0"":""Üzülür""}"
"2944.3000000028405","","survey-multi-choice","43","404159","0.0-43.0","yz74k","zeynepsiriin11@gmail.com","Zeynep","z","","Q01","Arda","{""Q0"":""Arda""}"
"10886.399999988498","","survey-multi-choice","44","415058","0.0-44.0","yz74k","zeynepsiriin11@gmail.com","Zeynep","z","","F13","null","{""Q0"":""Sevinir""}"
"2704.3000000121538","","survey-multi-choice","45","417779","0.0-45.0","yz74k","zeynepsiriin11@gmail.com","Zeynep","z","","Q13","Kars","{""Q0"":""Kars""}"
"10461.60000000964","","survey-multi-choice","46","428253","0.0-46.0","yz74k","zeynepsiriin11@gmail.com","Zeynep","z","","F10","null","{""Q0"":""Sevinir""}"
"2838.5999999882188","","survey-multi-choice","47","431107","0.0-47.0","yz74k","zeynepsiriin11@gmail.com","Zeynep","z","","Q10","Yüksek lisans","{""Q0"":""Yüksek lisans""}"
"13004.799999995157","","survey-multi-choice","48","444131","0.0-48.0","yz74k","zeynepsiriin11@gmail.com","Zeynep","z","","F24","null","{""Q0"":""Sevinir""}"
"2950.8999999961816","","survey-multi-choice","49","447098","0.0-49.0","yz74k","zeynepsiriin11@gmail.com","Zeynep","z","","Q24","Tokyo","{""Q0"":""Tokyo""}"
"6057.499999995343","","instructions","50","453220","0.0-50.0","yz74k","zeynepsiriin11@gmail.com","Zeynep","z","[{""page_index"":0,""viewing_time"":6043.3000000193715}]","","",""
