"rt","url","trial_type","trial_index","time_elapsed","internal_node_id","subject","subject_email","subject_name","group","view_history","id","correct","responses"
"78070.10000001173","resources/welcome.html","external-html","0","78210","0.0-0.0","suehb","aezgi1469@gmail.com","Aliye Ezgi Güleç ","z","","","",""
"27222.500000003492","","instructions","1","105439","0.0-1.0","suehb","aezgi1469@gmail.com","Aliye Ezgi Güleç ","z","[{""page_index"":0,""viewing_time"":27217.10000000894}]","","",""
"13911.200000002282","","survey-multi-choice","2","119367","0.0-2.0","suehb","aezgi1469@gmail.com","Aliye Ezgi Güleç ","z","","F09","null","{""Q0"":""Sevinir""}"
"6159.199999994598","","survey-multi-choice","3","125543","0.0-3.0","suehb","aezgi1469@gmail.com","Aliye Ezgi Güleç ","z","","Q09","Yemekhane","{""Q0"":""Yemekhane""}"
"16240.699999994831","","survey-multi-choice","4","141796","0.0-4.0","suehb","aezgi1469@gmail.com","Aliye Ezgi Güleç ","z","","F10","null","{""Q0"":""Sevinir""}"
"3961.1000000149943","","survey-multi-choice","5","145775","0.0-5.0","suehb","aezgi1469@gmail.com","Aliye Ezgi Güleç ","z","","Q10","Yüksek lisans","{""Q0"":""Yüksek lisans""}"
"19786.30000000703","","survey-multi-choice","6","165573","0.0-6.0","suehb","aezgi1469@gmail.com","Aliye Ezgi Güleç ","z","","F17","null","{""Q0"":""Üzülür""}"
"3999.599999981001","","survey-multi-choice","7","169590","0.0-7.0","suehb","aezgi1469@gmail.com","Aliye Ezgi Güleç ","z","","Q17","Öğle yemeği","{""Q0"":""Akşam yemeği""}"
"27469.300000026124","","survey-multi-choice","8","197072","0.0-8.0","suehb","aezgi1469@gmail.com","Aliye Ezgi Güleç ","z","","C02","null","{""Q0"":""Sevinir""}"
"4091.600000014296","","survey-multi-choice","9","201181","0.0-9.0","suehb","aezgi1469@gmail.com","Aliye Ezgi Güleç ","z","","Q02","Oyuncak bebek","{""Q0"":""Oyuncak bebek""}"
"22345.49999999581","","survey-multi-choice","10","223539","0.0-10.0","suehb","aezgi1469@gmail.com","Aliye Ezgi Güleç ","z","","F15","null","{""Q0"":""Sevinir""}"
"7695.999999996275","","survey-multi-choice","11","231249","0.0-11.0","suehb","aezgi1469@gmail.com","Aliye Ezgi Güleç ","z","","Q15","Altı","{""Q0"":""Altı""}"
"13700.000000011642","","survey-multi-choice","12","244967","0.0-12.0","suehb","aezgi1469@gmail.com","Aliye Ezgi Güleç ","z","","F21","null","{""Q0"":""Üzülür""}"
"4146.999999997206","","survey-multi-choice","13","249131","0.0-13.0","suehb","aezgi1469@gmail.com","Aliye Ezgi Güleç ","z","","Q21","Odun","{""Q0"":""Odun""}"
"11916.300000011688","","survey-multi-choice","14","261063","0.0-14.0","suehb","aezgi1469@gmail.com","Aliye Ezgi Güleç ","z","","C06","null","{""Q0"":""Üzülür""}"
"4899.499999999534","","survey-multi-choice","15","265974","0.0-15.0","suehb","aezgi1469@gmail.com","Aliye Ezgi Güleç ","z","","Q06","Müdür","{""Q0"":""Müdür""}"
"26736.49999999907","","survey-multi-choice","16","292726","0.0-16.0","suehb","aezgi1469@gmail.com","Aliye Ezgi Güleç ","z","","F14","null","{""Q0"":""Sevinir""}"
"5036.799999972573","","survey-multi-choice","17","297769","0.0-17.0","suehb","aezgi1469@gmail.com","Aliye Ezgi Güleç ","z","","Q14","Birinci","{""Q0"":""İkinci""}"
"8457.999999984168","","survey-multi-choice","18","306234","0.0-18.0","suehb","aezgi1469@gmail.com","Aliye Ezgi Güleç ","z","","F22","null","{""Q0"":""Sevinir""}"
"8250.10000000475","","survey-multi-choice","19","314501","0.0-19.0","suehb","aezgi1469@gmail.com","Aliye Ezgi Güleç ","z","","Q22","Yoğun","{""Q0"":""Yoğun""}"
"9727.799999993294","","survey-multi-choice","20","324241","0.0-20.0","suehb","aezgi1469@gmail.com","Aliye Ezgi Güleç ","z","","F11","null","{""Q0"":""Sevinir""}"
"3102.899999998044","","survey-multi-choice","21","327360","0.0-21.0","suehb","aezgi1469@gmail.com","Aliye Ezgi Güleç ","z","","Q11","Ayakkabı","{""Q0"":""Ayakkabı""}"
"11059.199999988778","","survey-multi-choice","22","338433","0.0-22.0","suehb","aezgi1469@gmail.com","Aliye Ezgi Güleç ","z","","C05","null","{""Q0"":""Üzülür""}"
"2777.6000000012573","","survey-multi-choice","23","341226","0.0-23.0","suehb","aezgi1469@gmail.com","Aliye Ezgi Güleç ","z","","Q05","Matematik","{""Q0"":""Matematik""}"
"13746.699999988778","","survey-multi-choice","24","354985","0.0-24.0","suehb","aezgi1469@gmail.com","Aliye Ezgi Güleç ","z","","F23","null","{""Q0"":""Üzülür""}"
"2661.6000000212807","","survey-multi-choice","25","357659","0.0-25.0","suehb","aezgi1469@gmail.com","Aliye Ezgi Güleç ","z","","Q23","Çarpışan arabalar","{""Q0"":""Çarpışan arabalar""}"
"11224.300000001676","","survey-multi-choice","26","368894","0.0-26.0","suehb","aezgi1469@gmail.com","Aliye Ezgi Güleç ","z","","F24","null","{""Q0"":""Sevinir""}"
"6269.299999985378","","survey-multi-choice","27","375174","0.0-27.0","suehb","aezgi1469@gmail.com","Aliye Ezgi Güleç ","z","","Q24","Tokyo","{""Q0"":""Tokyo""}"
"19117.599999997765","","survey-multi-choice","28","394307","0.0-28.0","suehb","aezgi1469@gmail.com","Aliye Ezgi Güleç ","z","","F19","null","{""Q0"":""Üzülür""}"
"3675.4000000073574","","survey-multi-choice","29","398000","0.0-29.0","suehb","aezgi1469@gmail.com","Aliye Ezgi Güleç ","z","","Q19","Fizik","{""Q0"":""Fizik""}"
"9567.500000004657","","survey-multi-choice","30","407583","0.0-30.0","suehb","aezgi1469@gmail.com","Aliye Ezgi Güleç ","z","","C03","null","{""Q0"":""Üzülür""}"
"6093.900000007125","","survey-multi-choice","31","413695","0.0-31.0","suehb","aezgi1469@gmail.com","Aliye Ezgi Güleç ","z","","Q03","Ofis","{""Q0"":""Ofis""}"
"11487.299999978859","","survey-multi-choice","32","425192","0.0-32.0","suehb","aezgi1469@gmail.com","Aliye Ezgi Güleç ","z","","F13","null","{""Q0"":""Sevinir""}"
"3804.699999978766","","survey-multi-choice","33","429012","0.0-33.0","suehb","aezgi1469@gmail.com","Aliye Ezgi Güleç ","z","","Q13","Kars","{""Q0"":""Kars""}"
"11486.499999999069","","survey-multi-choice","34","440514","0.0-34.0","suehb","aezgi1469@gmail.com","Aliye Ezgi Güleç ","z","","F07","null","{""Q0"":""Üzülür""}"
"2714.700000011362","","survey-multi-choice","35","443240","0.0-35.0","suehb","aezgi1469@gmail.com","Aliye Ezgi Güleç ","z","","Q07","Kardan adam","{""Q0"":""Kardan adam""}"
"12736.399999994319","","survey-multi-choice","36","455997","0.0-36.0","suehb","aezgi1469@gmail.com","Aliye Ezgi Güleç ","z","","C01","null","{""Q0"":""Sevinir""}"
"2846.000000019558","","survey-multi-choice","37","458858","0.0-37.0","suehb","aezgi1469@gmail.com","Aliye Ezgi Güleç ","z","","Q01","Arda","{""Q0"":""Arda""}"
"12572.400000004563","","survey-multi-choice","38","471446","0.0-38.0","suehb","aezgi1469@gmail.com","Aliye Ezgi Güleç ","z","","F18","null","{""Q0"":""Sevinir""}"
"3257.7999999921303","","survey-multi-choice","39","474723","0.0-39.0","suehb","aezgi1469@gmail.com","Aliye Ezgi Güleç ","z","","Q18","Çilek","{""Q0"":""Çilek""}"
"11600.99999999511","","survey-multi-choice","40","486335","0.0-40.0","suehb","aezgi1469@gmail.com","Aliye Ezgi Güleç ","z","","F20","null","{""Q0"":""Sevinir""}"
"4879.699999990407","","survey-multi-choice","41","491227","0.0-41.0","suehb","aezgi1469@gmail.com","Aliye Ezgi Güleç ","z","","Q20","Piyango bileti","{""Q0"":""Piyango bileti""}"
"10966.500000009546","","survey-multi-choice","42","502209","0.0-42.0","suehb","aezgi1469@gmail.com","Aliye Ezgi Güleç ","z","","C04","null","{""Q0"":""Sevinir""}"
"3263.0000000062864","","survey-multi-choice","43","505482","0.0-43.0","suehb","aezgi1469@gmail.com","Aliye Ezgi Güleç ","z","","Q04","Kamp","{""Q0"":""Kamp""}"
"9416.299999982584","","survey-multi-choice","44","514910","0.0-44.0","suehb","aezgi1469@gmail.com","Aliye Ezgi Güleç ","z","","F08","null","{""Q0"":""Üzülür""}"
"7855.000000010477","","survey-multi-choice","45","522779","0.0-45.0","suehb","aezgi1469@gmail.com","Aliye Ezgi Güleç ","z","","Q08","Tenis","{""Q0"":""Basketbol""}"
"13897.499999991851","","survey-multi-choice","46","536694","0.0-46.0","suehb","aezgi1469@gmail.com","Aliye Ezgi Güleç ","z","","F12","null","{""Q0"":""Sevinir""}"
"3905.2999999839813","","survey-multi-choice","47","540618","0.0-47.0","suehb","aezgi1469@gmail.com","Aliye Ezgi Güleç ","z","","Q12","Para biriktirmek","{""Q0"":""Para biriktirmek""}"
"8560.800000006566","","survey-multi-choice","48","549195","0.0-48.0","suehb","aezgi1469@gmail.com","Aliye Ezgi Güleç ","z","","F16","null","{""Q0"":""Sevinir""}"
"7132.699999987381","","survey-multi-choice","49","556337","0.0-49.0","suehb","aezgi1469@gmail.com","Aliye Ezgi Güleç ","z","","Q16","Kafe","{""Q0"":""Kafe""}"
"2986.4999999990687","","instructions","50","559338","0.0-50.0","suehb","aezgi1469@gmail.com","Aliye Ezgi Güleç ","z","[{""page_index"":0,""viewing_time"":2984.7999999765307}]","","",""
