"rt","url","trial_type","trial_index","time_elapsed","internal_node_id","subject","subject_email","subject_name","group","view_history","id","correct","responses"
"18632.415000000037","resources/welcome.html","external-html","0","18701","0.0-0.0","n4x00","zuhalinci95@gmail.com","Zuhal","z","","","",""
"2347.829999984242","","instructions","1","21049","0.0-1.0","n4x00","zuhalinci95@gmail.com","Zuhal","z","[{""page_index"":0,""viewing_time"":2347.2550000296906}]","","",""
"12974.50499999104","","survey-multi-choice","2","34026","0.0-2.0","n4x00","zuhalinci95@gmail.com","Zuhal","z","","F07","null","{""Q0"":""Üzülür""}"
"4271.355000033509","","survey-multi-choice","3","38302","0.0-3.0","n4x00","zuhalinci95@gmail.com","Zuhal","z","","Q07","Kardan adam","{""Q0"":""Kardan adam""}"
"8275.584999995772","","survey-multi-choice","4","46582","0.0-4.0","n4x00","zuhalinci95@gmail.com","Zuhal","z","","F10","null","{""Q0"":""Sevinir""}"
"7641.804999962915","","survey-multi-choice","5","54228","0.0-5.0","n4x00","zuhalinci95@gmail.com","Zuhal","z","","Q10","Yüksek lisans","{""Q0"":""Yüksek lisans""}"
"6313.735000032466","","survey-multi-choice","6","60547","0.0-6.0","n4x00","zuhalinci95@gmail.com","Zuhal","z","","F08","null","{""Q0"":""Üzülür""}"
"4595.050000003539","","survey-multi-choice","7","65146","0.0-7.0","n4x00","zuhalinci95@gmail.com","Zuhal","z","","Q08","Tenis","{""Q0"":""Tenis""}"
"13314.719999965746","","survey-multi-choice","8","78465","0.0-8.0","n4x00","zuhalinci95@gmail.com","Zuhal","z","","C05","null","{""Q0"":""Üzülür""}"
"3515.1650000480004","","survey-multi-choice","9","81984","0.0-9.0","n4x00","zuhalinci95@gmail.com","Zuhal","z","","Q05","Matematik","{""Q0"":""Matematik""}"
"12726.290000020526","","survey-multi-choice","10","94715","0.0-10.0","n4x00","zuhalinci95@gmail.com","Zuhal","z","","F18","null","{""Q0"":""Sevinir""}"
"1773.8349999999627","","survey-multi-choice","11","96493","0.0-11.0","n4x00","zuhalinci95@gmail.com","Zuhal","z","","Q18","Çilek","{""Q0"":""Çilek""}"
"24571.884999983013","","survey-multi-choice","12","121070","0.0-12.0","n4x00","zuhalinci95@gmail.com","Zuhal","z","","F20","null","{""Q0"":""Üzülür""}"
"3198.880000039935","","survey-multi-choice","13","124273","0.0-13.0","n4x00","zuhalinci95@gmail.com","Zuhal","z","","Q20","Piyango bileti","{""Q0"":""Piyango bileti""}"
"7980.174999975134","","survey-multi-choice","14","132257","0.0-14.0","n4x00","zuhalinci95@gmail.com","Zuhal","z","","C02","null","{""Q0"":""Sevinir""}"
"3154.664999980014","","survey-multi-choice","15","135416","0.0-15.0","n4x00","zuhalinci95@gmail.com","Zuhal","z","","Q02","Oyuncak bebek","{""Q0"":""Oyuncak bebek""}"
"13157.115000009071","","survey-multi-choice","16","148577","0.0-16.0","n4x00","zuhalinci95@gmail.com","Zuhal","z","","F13","null","{""Q0"":""Sevinir""}"
"5908.330000005662","","survey-multi-choice","17","154489","0.0-17.0","n4x00","zuhalinci95@gmail.com","Zuhal","z","","Q13","Kars","{""Q0"":""Ardahan""}"
"5048.309999983758","","survey-multi-choice","18","159542","0.0-18.0","n4x00","zuhalinci95@gmail.com","Zuhal","z","","F09","null","{""Q0"":""Sevinir""}"
"3198.6700000124983","","survey-multi-choice","19","162745","0.0-19.0","n4x00","zuhalinci95@gmail.com","Zuhal","z","","Q09","Yemekhane","{""Q0"":""Yemekhane""}"
"7589.280000014696","","survey-multi-choice","20","170338","0.0-20.0","n4x00","zuhalinci95@gmail.com","Zuhal","z","","F24","null","{""Q0"":""Sevinir""}"
"1722.3349999985658","","survey-multi-choice","21","172064","0.0-21.0","n4x00","zuhalinci95@gmail.com","Zuhal","z","","Q24","Tokyo","{""Q0"":""Tokyo""}"
"6165.029999974649","","survey-multi-choice","22","178233","0.0-22.0","n4x00","zuhalinci95@gmail.com","Zuhal","z","","C06","null","{""Q0"":""Sevinir""}"
"3675.699999963399","","survey-multi-choice","23","181912","0.0-23.0","n4x00","zuhalinci95@gmail.com","Zuhal","z","","Q06","Müdür","{""Q0"":""Müdür""}"
"5989.335000049323","","survey-multi-choice","24","187906","0.0-24.0","n4x00","zuhalinci95@gmail.com","Zuhal","z","","F12","null","{""Q0"":""Sevinir""}"
"3102.904999977909","","survey-multi-choice","25","191013","0.0-25.0","n4x00","zuhalinci95@gmail.com","Zuhal","z","","Q12","Para biriktirmek","{""Q0"":""Para biriktirmek""}"
"6223.709999991115","","survey-multi-choice","26","197240","0.0-26.0","n4x00","zuhalinci95@gmail.com","Zuhal","z","","F21","null","{""Q0"":""Üzülür""}"
"2257.9800000530668","","survey-multi-choice","27","199502","0.0-27.0","n4x00","zuhalinci95@gmail.com","Zuhal","z","","Q21","Odun","{""Q0"":""Odun""}"
"4960.619999968912","","survey-multi-choice","28","204467","0.0-28.0","n4x00","zuhalinci95@gmail.com","Zuhal","z","","F17","null","{""Q0"":""Üzülür""}"
"2294.1850000061095","","survey-multi-choice","29","206765","0.0-29.0","n4x00","zuhalinci95@gmail.com","Zuhal","z","","Q17","Öğle yemeği","{""Q0"":""Akşam yemeği""}"
"6275.250000006054","","survey-multi-choice","30","213044","0.0-30.0","n4x00","zuhalinci95@gmail.com","Zuhal","z","","C04","null","{""Q0"":""Sevinir""}"
"1376.8900000141002","","survey-multi-choice","31","214425","0.0-31.0","n4x00","zuhalinci95@gmail.com","Zuhal","z","","Q04","Kamp","{""Q0"":""Kamp""}"
"15506.22999999905","","survey-multi-choice","32","229936","0.0-32.0","n4x00","zuhalinci95@gmail.com","Zuhal","z","","F14","null","{""Q0"":""Sevinir""}"
"3499.7050000238232","","survey-multi-choice","33","233439","0.0-33.0","n4x00","zuhalinci95@gmail.com","Zuhal","z","","Q14","Birinci","{""Q0"":""İkinci""}"
"8140.580000006594","","survey-multi-choice","34","241579","0.0-34.0","n4x00","zuhalinci95@gmail.com","Zuhal","z","","F15","null","{""Q0"":""Sevinir""}"
"3204.6900000423193","","survey-multi-choice","35","244788","0.0-35.0","n4x00","zuhalinci95@gmail.com","Zuhal","z","","Q15","Altı","{""Q0"":""Altı""}"
"10763.904999999795","","survey-multi-choice","36","255557","0.0-36.0","n4x00","zuhalinci95@gmail.com","Zuhal","z","","C01","null","{""Q0"":""Üzülür""}"
"4314.249999995809","","survey-multi-choice","37","259875","0.0-37.0","n4x00","zuhalinci95@gmail.com","Zuhal","z","","Q01","Arda","{""Q0"":""Arda""}"
"8603.925000003073","","survey-multi-choice","38","268483","0.0-38.0","n4x00","zuhalinci95@gmail.com","Zuhal","z","","F16","null","{""Q0"":""Sevinir""}"
"2948.369999998249","","survey-multi-choice","39","271435","0.0-39.0","n4x00","zuhalinci95@gmail.com","Zuhal","z","","Q16","Kafe","{""Q0"":""Kafe""}"
"347724.69000000274","","survey-multi-choice","40","619169","0.0-40.0","n4x00","zuhalinci95@gmail.com","Zuhal","z","","F22","null","{""Q0"":""Sevinir""}"
"1895.810000016354","","survey-multi-choice","41","621071","0.0-41.0","n4x00","zuhalinci95@gmail.com","Zuhal","z","","Q22","Yoğun","{""Q0"":""Yoğun""}"
"6157.990000036079","","survey-multi-choice","42","627233","0.0-42.0","n4x00","zuhalinci95@gmail.com","Zuhal","z","","C03","null","{""Q0"":""Üzülür""}"
"6237.81500000041","","survey-multi-choice","43","633475","0.0-43.0","n4x00","zuhalinci95@gmail.com","Zuhal","z","","Q03","Ofis","{""Q0"":""Mağaza""}"
"5496.549999981653","","survey-multi-choice","44","638976","0.0-44.0","n4x00","zuhalinci95@gmail.com","Zuhal","z","","F19","null","{""Q0"":""Üzülür""}"
"2655.659999989439","","survey-multi-choice","45","641636","0.0-45.0","n4x00","zuhalinci95@gmail.com","Zuhal","z","","Q19","Fizik","{""Q0"":""Fizik""}"
"6171.520000032615","","survey-multi-choice","46","647811","0.0-46.0","n4x00","zuhalinci95@gmail.com","Zuhal","z","","F23","null","{""Q0"":""Üzülür""}"
"3175.7499999948777","","survey-multi-choice","47","650991","0.0-47.0","n4x00","zuhalinci95@gmail.com","Zuhal","z","","Q23","Çarpışan arabalar","{""Q0"":""Çarpışan arabalar""}"
"6327.454999962356","","survey-multi-choice","48","657322","0.0-48.0","n4x00","zuhalinci95@gmail.com","Zuhal","z","","F11","null","{""Q0"":""Üzülür""}"
"2044.5149999577552","","survey-multi-choice","49","659371","0.0-49.0","n4x00","zuhalinci95@gmail.com","Zuhal","z","","Q11","Ayakkabı","{""Q0"":""Ayakkabı""}"
"1449.1799999959767","","instructions","50","660826","0.0-50.0","n4x00","zuhalinci95@gmail.com","Zuhal","z","[{""page_index"":0,""viewing_time"":1448.8300000084564}]","","",""
