"rt","url","trial_type","trial_index","time_elapsed","internal_node_id","subject","subject_email","subject_name","group","view_history","id","correct","responses"
"29218.2199999952","resources/welcome.html","external-html","0","29315","0.0-0.0","dw28l","basaktpl@gmail.com","başak","z","","","",""
"8302.319999987958","","instructions","1","37619","0.0-1.0","dw28l","basaktpl@gmail.com","başak","z","[{""page_index"":0,""viewing_time"":8301.494999992428}]","","",""
"21295.645000005607","","survey-multi-choice","2","58917","0.0-2.0","dw28l","basaktpl@gmail.com","başak","z","","F14","null","{""Q0"":""Sevinir""}"
"6194.3499999906635","","survey-multi-choice","3","65116","0.0-3.0","dw28l","basaktpl@gmail.com","başak","z","","Q14","Birinci","{""Q0"":""İkinci""}"
"14661.384999999427","","survey-multi-choice","4","79783","0.0-4.0","dw28l","basaktpl@gmail.com","başak","z","","F16","null","{""Q0"":""Sevinir""}"
"3724.2499999993015","","survey-multi-choice","5","83512","0.0-5.0","dw28l","basaktpl@gmail.com","başak","z","","Q16","Kafe","{""Q0"":""Kafe""}"
"7836.620000001858","","survey-multi-choice","6","91353","0.0-6.0","dw28l","basaktpl@gmail.com","başak","z","","F12","null","{""Q0"":""Sevinir""}"
"3051.6650000063237","","survey-multi-choice","7","94409","0.0-7.0","dw28l","basaktpl@gmail.com","başak","z","","Q12","Para biriktirmek","{""Q0"":""Para biriktirmek""}"
"18173.98000000685","","survey-multi-choice","8","112588","0.0-8.0","dw28l","basaktpl@gmail.com","başak","z","","C01","null","{""Q0"":""Üzülür""}"
"3235.0250000017695","","survey-multi-choice","9","115828","0.0-9.0","dw28l","basaktpl@gmail.com","başak","z","","Q01","Arda","{""Q0"":""Arda""}"
"7636.124999989988","","survey-multi-choice","10","123466","0.0-10.0","dw28l","basaktpl@gmail.com","başak","z","","F18","null","{""Q0"":""Sevinir""}"
"2260.2049999986775","","survey-multi-choice","11","125731","0.0-11.0","dw28l","basaktpl@gmail.com","başak","z","","Q18","Çilek","{""Q0"":""Çilek""}"
"16892.249999989872","","survey-multi-choice","12","142628","0.0-12.0","dw28l","basaktpl@gmail.com","başak","z","","F24","null","{""Q0"":""Sevinir""}"
"2195.884999993723","","survey-multi-choice","13","144829","0.0-13.0","dw28l","basaktpl@gmail.com","başak","z","","Q24","Tokyo","{""Q0"":""Tokyo""}"
"9852.469999997993","","survey-multi-choice","14","154686","0.0-14.0","dw28l","basaktpl@gmail.com","başak","z","","C05","null","{""Q0"":""Üzülür""}"
"2572.089999986929","","survey-multi-choice","15","157263","0.0-15.0","dw28l","basaktpl@gmail.com","başak","z","","Q05","Matematik","{""Q0"":""Matematik""}"
"29247.319999994943","","survey-multi-choice","16","186518","0.0-16.0","dw28l","basaktpl@gmail.com","başak","z","","F20","null","{""Q0"":""Üzülür""}"
"2379.015000013169","","survey-multi-choice","17","188902","0.0-17.0","dw28l","basaktpl@gmail.com","başak","z","","Q20","Piyango bileti","{""Q0"":""Piyango bileti""}"
"6915.429999993648","","survey-multi-choice","18","195822","0.0-18.0","dw28l","basaktpl@gmail.com","başak","z","","F19","null","{""Q0"":""Üzülür""}"
"2068.2400000077905","","survey-multi-choice","19","197895","0.0-19.0","dw28l","basaktpl@gmail.com","başak","z","","Q19","Fizik","{""Q0"":""Fizik""}"
"10356.28999999608","","survey-multi-choice","20","208256","0.0-20.0","dw28l","basaktpl@gmail.com","başak","z","","F13","null","{""Q0"":""Sevinir""}"
"1756.3450000016019","","survey-multi-choice","21","210017","0.0-21.0","dw28l","basaktpl@gmail.com","başak","z","","Q13","Kars","{""Q0"":""Kars""}"
"11764.410000003409","","survey-multi-choice","22","221786","0.0-22.0","dw28l","basaktpl@gmail.com","başak","z","","C04","null","{""Q0"":""Sevinir""}"
"2356.500000008964","","survey-multi-choice","23","224147","0.0-23.0","dw28l","basaktpl@gmail.com","başak","z","","Q04","Kamp","{""Q0"":""Kamp""}"
"7419.034999998985","","survey-multi-choice","24","231571","0.0-24.0","dw28l","basaktpl@gmail.com","başak","z","","F10","null","{""Q0"":""Sevinir""}"
"2443.845000001602","","survey-multi-choice","25","234020","0.0-25.0","dw28l","basaktpl@gmail.com","başak","z","","Q10","Yüksek lisans","{""Q0"":""Yüksek lisans""}"
"9747.419999999693","","survey-multi-choice","26","243772","0.0-26.0","dw28l","basaktpl@gmail.com","başak","z","","F11","null","{""Q0"":""Üzülür""}"
"1932.905000008759","","survey-multi-choice","27","245710","0.0-27.0","dw28l","basaktpl@gmail.com","başak","z","","Q11","Ayakkabı","{""Q0"":""Ayakkabı""}"
"19765.32999999472","","survey-multi-choice","28","265480","0.0-28.0","dw28l","basaktpl@gmail.com","başak","z","","F17","null","{""Q0"":""Üzülür""}"
"1851.1349999898812","","survey-multi-choice","29","267336","0.0-29.0","dw28l","basaktpl@gmail.com","başak","z","","Q17","Öğle yemeği","{""Q0"":""Akşam yemeği""}"
"16773.455000002286","","survey-multi-choice","30","284114","0.0-30.0","dw28l","basaktpl@gmail.com","başak","z","","C02","null","{""Q0"":""Sevinir""}"
"3226.9200000009732","","survey-multi-choice","31","287346","0.0-31.0","dw28l","basaktpl@gmail.com","başak","z","","Q02","Oyuncak bebek","{""Q0"":""Oyuncak bebek""}"
"7749.194999996689","","survey-multi-choice","32","295100","0.0-32.0","dw28l","basaktpl@gmail.com","başak","z","","F21","null","{""Q0"":""Üzülür""}"
"2083.245000001625","","survey-multi-choice","33","297188","0.0-33.0","dw28l","basaktpl@gmail.com","başak","z","","Q21","Odun","{""Q0"":""Odun""}"
"7676.129999992554","","survey-multi-choice","34","304860","0.0-34.0","dw28l","basaktpl@gmail.com","başak","z","","F09","null","{""Q0"":""Sevinir""}"
"3378.774999990128","","survey-multi-choice","35","308246","0.0-35.0","dw28l","basaktpl@gmail.com","başak","z","","Q09","Yemekhane","{""Q0"":""Yemekhane""}"
"6482.990000004065","","survey-multi-choice","36","314747","0.0-36.0","dw28l","basaktpl@gmail.com","başak","z","","C03","null","{""Q0"":""Üzülür""}"
"3070.160000002943","","survey-multi-choice","37","317822","0.0-37.0","dw28l","basaktpl@gmail.com","başak","z","","Q03","Ofis","{""Q0"":""Ofis""}"
"8860.235000000102","","survey-multi-choice","38","326687","0.0-38.0","dw28l","basaktpl@gmail.com","başak","z","","F07","null","{""Q0"":""Üzülür""}"
"2026.9050000060815","","survey-multi-choice","39","328719","0.0-39.0","dw28l","basaktpl@gmail.com","başak","z","","Q07","Kardan adam","{""Q0"":""Kardan adam""}"
"14524.835000003804","","survey-multi-choice","40","343249","0.0-40.0","dw28l","basaktpl@gmail.com","başak","z","","F15","null","{""Q0"":""Üzülür""}"
"2579.5750000106636","","survey-multi-choice","41","345834","0.0-41.0","dw28l","basaktpl@gmail.com","başak","z","","Q15","Altı","{""Q0"":""Altı""}"
"8812.344999998459","","survey-multi-choice","42","354650","0.0-42.0","dw28l","basaktpl@gmail.com","başak","z","","C06","null","{""Q0"":""Sevinir""}"
"2572.539999993751","","survey-multi-choice","43","357227","0.0-43.0","dw28l","basaktpl@gmail.com","başak","z","","Q06","Müdür","{""Q0"":""Müdür""}"
"5091.5250000107335","","survey-multi-choice","44","362323","0.0-44.0","dw28l","basaktpl@gmail.com","başak","z","","F23","null","{""Q0"":""Üzülür""}"
"2026.9249999983003","","survey-multi-choice","45","364355","0.0-45.0","dw28l","basaktpl@gmail.com","başak","z","","Q23","Çarpışan arabalar","{""Q0"":""Çarpışan arabalar""}"
"10957.479999997304","","survey-multi-choice","46","375327","0.0-46.0","dw28l","basaktpl@gmail.com","başak","z","","F08","null","{""Q0"":""Üzülür""}"
"8755.649999991874","","survey-multi-choice","47","384088","0.0-47.0","dw28l","basaktpl@gmail.com","başak","z","","Q08","Tenis","{""Q0"":""Tenis""}"
"9093.55499999947","","survey-multi-choice","48","393186","0.0-48.0","dw28l","basaktpl@gmail.com","başak","z","","F22","null","{""Q0"":""Sevinir""}"
"2843.4350000025006","","survey-multi-choice","49","396034","0.0-49.0","dw28l","basaktpl@gmail.com","başak","z","","Q22","Yoğun","{""Q0"":""Yoğun""}"
"2551.789999997709","","instructions","50","398593","0.0-50.0","dw28l","basaktpl@gmail.com","başak","z","[{""page_index"":0,""viewing_time"":2551.4399999956368}]","","",""
