"rt","url","trial_type","trial_index","time_elapsed","internal_node_id","subject","subject_email","subject_name","group","view_history","id","correct","responses"
"38122.609999991255","resources/welcome.html","external-html","0","38200","0.0-0.0","c8ome","kubilay.sahinler@gmail.com","Kubilay Şahinler","z","","","",""
"11493.379999999888","","instructions","1","49694","0.0-1.0","c8ome","kubilay.sahinler@gmail.com","Kubilay Şahinler","z","[{""page_index"":0,""viewing_time"":11492.745000010473}]","","",""
"8221.734999999171","","survey-multi-choice","2","57918","0.0-2.0","c8ome","kubilay.sahinler@gmail.com","Kubilay Şahinler","z","","F23","null","{""Q0"":""Üzülür""}"
"4115.520000006654","","survey-multi-choice","3","62035","0.0-3.0","c8ome","kubilay.sahinler@gmail.com","Kubilay Şahinler","z","","Q23","Çarpışan arabalar","{""Q0"":""Çarpışan arabalar""}"
"9235.545000003185","","survey-multi-choice","4","71276","0.0-4.0","c8ome","kubilay.sahinler@gmail.com","Kubilay Şahinler","z","","F19","null","{""Q0"":""Üzülür""}"
"2818.9949999941746","","survey-multi-choice","5","74099","0.0-5.0","c8ome","kubilay.sahinler@gmail.com","Kubilay Şahinler","z","","Q19","Fizik","{""Q0"":""Fizik""}"
"7284.310000002733","","survey-multi-choice","6","81387","0.0-6.0","c8ome","kubilay.sahinler@gmail.com","Kubilay Şahinler","z","","F15","null","{""Q0"":""Üzülür""}"
"2452.164999995148","","survey-multi-choice","7","83844","0.0-7.0","c8ome","kubilay.sahinler@gmail.com","Kubilay Şahinler","z","","Q15","Altı","{""Q0"":""Altı""}"
"6610.570000004373","","survey-multi-choice","8","90459","0.0-8.0","c8ome","kubilay.sahinler@gmail.com","Kubilay Şahinler","z","","C05","null","{""Q0"":""Sevinir""}"
"2875.0250000011874","","survey-multi-choice","9","93339","0.0-9.0","c8ome","kubilay.sahinler@gmail.com","Kubilay Şahinler","z","","Q05","Matematik","{""Q0"":""Matematik""}"
"6723.970000006375","","survey-multi-choice","10","100067","0.0-10.0","c8ome","kubilay.sahinler@gmail.com","Kubilay Şahinler","z","","F21","null","{""Q0"":""Üzülür""}"
"2516.1349999980303","","survey-multi-choice","11","102587","0.0-11.0","c8ome","kubilay.sahinler@gmail.com","Kubilay Şahinler","z","","Q21","Odun","{""Q0"":""Odun""}"
"5652.215000009164","","survey-multi-choice","12","108243","0.0-12.0","c8ome","kubilay.sahinler@gmail.com","Kubilay Şahinler","z","","F22","null","{""Q0"":""Sevinir""}"
"4692.095000005793","","survey-multi-choice","13","112939","0.0-13.0","c8ome","kubilay.sahinler@gmail.com","Kubilay Şahinler","z","","Q22","Yoğun","{""Q0"":""Yoğun""}"
"11291.954999993322","","survey-multi-choice","14","124236","0.0-14.0","c8ome","kubilay.sahinler@gmail.com","Kubilay Şahinler","z","","C01","null","{""Q0"":""Üzülür""}"
"2988.0450000055134","","survey-multi-choice","15","127227","0.0-15.0","c8ome","kubilay.sahinler@gmail.com","Kubilay Şahinler","z","","Q01","Arda","{""Q0"":""Arda""}"
"8412.200000006123","","survey-multi-choice","16","135644","0.0-16.0","c8ome","kubilay.sahinler@gmail.com","Kubilay Şahinler","z","","F13","null","{""Q0"":""Üzülür""}"
"1667.92500000156","","survey-multi-choice","17","137316","0.0-17.0","c8ome","kubilay.sahinler@gmail.com","Kubilay Şahinler","z","","Q13","Kars","{""Q0"":""Kars""}"
"6116.075000012643","","survey-multi-choice","18","143435","0.0-18.0","c8ome","kubilay.sahinler@gmail.com","Kubilay Şahinler","z","","F24","null","{""Q0"":""Sevinir""}"
"1732.2600000043167","","survey-multi-choice","19","145172","0.0-19.0","c8ome","kubilay.sahinler@gmail.com","Kubilay Şahinler","z","","Q24","Tokyo","{""Q0"":""Tokyo""}"
"9579.215000005206","","survey-multi-choice","20","154756","0.0-20.0","c8ome","kubilay.sahinler@gmail.com","Kubilay Şahinler","z","","F07","null","{""Q0"":""Üzülür""}"
"3154.145000007702","","survey-multi-choice","21","157915","0.0-21.0","c8ome","kubilay.sahinler@gmail.com","Kubilay Şahinler","z","","Q07","Kardan adam","{""Q0"":""Kardan adam""}"
"6515.964999998687","","survey-multi-choice","22","164435","0.0-22.0","c8ome","kubilay.sahinler@gmail.com","Kubilay Şahinler","z","","C03","null","{""Q0"":""Üzülür""}"
"2771.8449999956647","","survey-multi-choice","23","167211","0.0-23.0","c8ome","kubilay.sahinler@gmail.com","Kubilay Şahinler","z","","Q03","Ofis","{""Q0"":""Ofis""}"
"5596.160000000964","","survey-multi-choice","24","172811","0.0-24.0","c8ome","kubilay.sahinler@gmail.com","Kubilay Şahinler","z","","F20","null","{""Q0"":""Üzülür""}"
"2372.145000001183","","survey-multi-choice","25","175187","0.0-25.0","c8ome","kubilay.sahinler@gmail.com","Kubilay Şahinler","z","","Q20","Piyango bileti","{""Q0"":""Piyango bileti""}"
"9476.165000000037","","survey-multi-choice","26","184667","0.0-26.0","c8ome","kubilay.sahinler@gmail.com","Kubilay Şahinler","z","","F14","null","{""Q0"":""Sevinir""}"
"3811.6850000078557","","survey-multi-choice","27","188483","0.0-27.0","c8ome","kubilay.sahinler@gmail.com","Kubilay Şahinler","z","","Q14","Birinci","{""Q0"":""İkinci""}"
"7316.23500000569","","survey-multi-choice","28","195804","0.0-28.0","c8ome","kubilay.sahinler@gmail.com","Kubilay Şahinler","z","","F12","null","{""Q0"":""Sevinir""}"
"4083.8350000121864","","survey-multi-choice","29","199891","0.0-29.0","c8ome","kubilay.sahinler@gmail.com","Kubilay Şahinler","z","","Q12","Para biriktirmek","{""Q0"":""Para biriktirmek""}"
"7972.510000006878","","survey-multi-choice","30","207868","0.0-30.0","c8ome","kubilay.sahinler@gmail.com","Kubilay Şahinler","z","","C04","null","{""Q0"":""Sevinir""}"
"2466.789999991306","","survey-multi-choice","31","210340","0.0-31.0","c8ome","kubilay.sahinler@gmail.com","Kubilay Şahinler","z","","Q04","Kamp","{""Q0"":""Kamp""}"
"7907.770000005257","","survey-multi-choice","32","218252","0.0-32.0","c8ome","kubilay.sahinler@gmail.com","Kubilay Şahinler","z","","F16","null","{""Q0"":""Sevinir""}"
"1995.1900000014575","","survey-multi-choice","33","220251","0.0-33.0","c8ome","kubilay.sahinler@gmail.com","Kubilay Şahinler","z","","Q16","Kafe","{""Q0"":""Kafe""}"
"5915.569999997388","","survey-multi-choice","34","226172","0.0-34.0","c8ome","kubilay.sahinler@gmail.com","Kubilay Şahinler","z","","F10","null","{""Q0"":""Sevinir""}"
"2691.030000001774","","survey-multi-choice","35","228867","0.0-35.0","c8ome","kubilay.sahinler@gmail.com","Kubilay Şahinler","z","","Q10","Yüksek lisans","{""Q0"":""Yüksek lisans""}"
"8770.934999993187","","survey-multi-choice","36","237644","0.0-36.0","c8ome","kubilay.sahinler@gmail.com","Kubilay Şahinler","z","","C02","null","{""Q0"":""Sevinir""}"
"2042.6799999986542","","survey-multi-choice","37","239691","0.0-37.0","c8ome","kubilay.sahinler@gmail.com","Kubilay Şahinler","z","","Q02","Oyuncak bebek","{""Q0"":""Oyuncak bebek""}"
"9340.24999999383","","survey-multi-choice","38","249038","0.0-38.0","c8ome","kubilay.sahinler@gmail.com","Kubilay Şahinler","z","","F09","null","{""Q0"":""Üzülür""}"
"2683.935000008205","","survey-multi-choice","39","251726","0.0-39.0","c8ome","kubilay.sahinler@gmail.com","Kubilay Şahinler","z","","Q09","Yemekhane","{""Q0"":""Yemekhane""}"
"7275.024999995367","","survey-multi-choice","40","259006","0.0-40.0","c8ome","kubilay.sahinler@gmail.com","Kubilay Şahinler","z","","F17","null","{""Q0"":""Üzülür""}"
"2499.820000011823","","survey-multi-choice","41","261509","0.0-41.0","c8ome","kubilay.sahinler@gmail.com","Kubilay Şahinler","z","","Q17","Öğle yemeği","{""Q0"":""Akşam yemeği""}"
"7930.775000000722","","survey-multi-choice","42","269446","0.0-42.0","c8ome","kubilay.sahinler@gmail.com","Kubilay Şahinler","z","","C06","null","{""Q0"":""Üzülür""}"
"2626.05999999505","","survey-multi-choice","43","272078","0.0-43.0","c8ome","kubilay.sahinler@gmail.com","Kubilay Şahinler","z","","Q06","Müdür","{""Q0"":""Müdür""}"
"7899.405000003753","","survey-multi-choice","44","279982","0.0-44.0","c8ome","kubilay.sahinler@gmail.com","Kubilay Şahinler","z","","F08","null","{""Q0"":""Üzülür""}"
"3298.110000003362","","survey-multi-choice","45","283286","0.0-45.0","c8ome","kubilay.sahinler@gmail.com","Kubilay Şahinler","z","","Q08","Tenis","{""Q0"":""Tenis""}"
"9651.759999993374","","survey-multi-choice","46","292942","0.0-46.0","c8ome","kubilay.sahinler@gmail.com","Kubilay Şahinler","z","","F18","null","{""Q0"":""Sevinir""}"
"3995.9749999979977","","survey-multi-choice","47","296942","0.0-47.0","c8ome","kubilay.sahinler@gmail.com","Kubilay Şahinler","z","","Q18","Çilek","{""Q0"":""Çilek""}"
"6939.855000004172","","survey-multi-choice","48","303886","0.0-48.0","c8ome","kubilay.sahinler@gmail.com","Kubilay Şahinler","z","","F11","null","{""Q0"":""Üzülür""}"
"2481.4750000077765","","survey-multi-choice","49","306373","0.0-49.0","c8ome","kubilay.sahinler@gmail.com","Kubilay Şahinler","z","","Q11","Ayakkabı","{""Q0"":""Ayakkabı""}"
"1736.640000002808","","instructions","50","308117","0.0-50.0","c8ome","kubilay.sahinler@gmail.com","Kubilay Şahinler","z","[{""page_index"":0,""viewing_time"":1736.2799999973504}]","","",""
