"rt","url","trial_type","trial_index","time_elapsed","internal_node_id","subject","subject_email","subject_name","group","view_history","id","correct","responses"
"2595904.524999998","resources/welcome.html","external-html","0","2595937","0.0-0.0","8tbrh","e203036@metu.edu.tr","Gülşah","z","","","",""
"44348.0999999959","","instructions","1","2640287","0.0-1.0","8tbrh","e203036@metu.edu.tr","Gülşah","z","[{""page_index"":0,""viewing_time"":44347.34499999508}]","","",""
"16946.775000003632","","survey-multi-choice","2","2657237","0.0-2.0","8tbrh","e203036@metu.edu.tr","Gülşah","z","","F19","null","{""Q0"":""Üzülür""}"
"5558.74500000244","","survey-multi-choice","3","2662798","0.0-3.0","8tbrh","e203036@metu.edu.tr","Gülşah","z","","Q19","Fizik","{""Q0"":""Fizik""}"
"23553.76499999687","","survey-multi-choice","4","2686354","0.0-4.0","8tbrh","e203036@metu.edu.tr","Gülşah","z","","F12","null","{""Q0"":""Sevinir""}"
"6701.949999995064","","survey-multi-choice","5","2693058","0.0-5.0","8tbrh","e203036@metu.edu.tr","Gülşah","z","","Q12","Para biriktirmek","{""Q0"":""Para biriktirmek""}"
"10997.989999996498","","survey-multi-choice","6","2704058","0.0-6.0","8tbrh","e203036@metu.edu.tr","Gülşah","z","","F18","null","{""Q0"":""Sevinir""}"
"2887.854999993462","","survey-multi-choice","7","2706948","0.0-7.0","8tbrh","e203036@metu.edu.tr","Gülşah","z","","Q18","Çilek","{""Q0"":""Çilek""}"
"14023.800000002608","","survey-multi-choice","8","2720973","0.0-8.0","8tbrh","e203036@metu.edu.tr","Gülşah","z","","C05","null","{""Q0"":""Sevinir""}"
"3928.149999999441","","survey-multi-choice","9","2724904","0.0-9.0","8tbrh","e203036@metu.edu.tr","Gülşah","z","","Q05","Matematik","{""Q0"":""Matematik""}"
"9171.760000004433","","survey-multi-choice","10","2734077","0.0-10.0","8tbrh","e203036@metu.edu.tr","Gülşah","z","","F22","null","{""Q0"":""Sevinir""}"
"2748.060000005178","","survey-multi-choice","11","2736828","0.0-11.0","8tbrh","e203036@metu.edu.tr","Gülşah","z","","Q22","Yoğun","{""Q0"":""Yoğun""}"
"8679.844999998808","","survey-multi-choice","12","2745509","0.0-12.0","8tbrh","e203036@metu.edu.tr","Gülşah","z","","F11","null","{""Q0"":""Üzülür""}"
"2371.7299999985844","","survey-multi-choice","13","2747883","0.0-13.0","8tbrh","e203036@metu.edu.tr","Gülşah","z","","Q11","Ayakkabı","{""Q0"":""Ayakkabı""}"
"10237.849999997765","","survey-multi-choice","14","2758123","0.0-14.0","8tbrh","e203036@metu.edu.tr","Gülşah","z","","C02","null","{""Q0"":""Sevinir""}"
"3991.9449999942444","","survey-multi-choice","15","2762117","0.0-15.0","8tbrh","e203036@metu.edu.tr","Gülşah","z","","Q02","Oyuncak bebek","{""Q0"":""Oyuncak bebek""}"
"24321.97499999916","","survey-multi-choice","16","2786440","0.0-16.0","8tbrh","e203036@metu.edu.tr","Gülşah","z","","F20","null","{""Q0"":""Sevinir""}"
"2623.220000001136","","survey-multi-choice","17","2789066","0.0-17.0","8tbrh","e203036@metu.edu.tr","Gülşah","z","","Q20","Piyango bileti","{""Q0"":""Piyango bileti""}"
"12781.484999999404","","survey-multi-choice","18","2801850","0.0-18.0","8tbrh","e203036@metu.edu.tr","Gülşah","z","","F17","null","{""Q0"":""Üzülür""}"
"4854.0999999968335","","survey-multi-choice","19","2806706","0.0-19.0","8tbrh","e203036@metu.edu.tr","Gülşah","z","","Q17","Öğle yemeği","{""Q0"":""Akşam yemeği""}"
"12777.770000000484","","survey-multi-choice","20","2819486","0.0-20.0","8tbrh","e203036@metu.edu.tr","Gülşah","z","","F16","null","{""Q0"":""Sevinir""}"
"2871.4849999961443","","survey-multi-choice","21","2822360","0.0-21.0","8tbrh","e203036@metu.edu.tr","Gülşah","z","","Q16","Kafe","{""Q0"":""Kafe""}"
"20173.925000003073","","survey-multi-choice","22","2842536","0.0-22.0","8tbrh","e203036@metu.edu.tr","Gülşah","z","","C01","null","{""Q0"":""Sevinir""}"
"3624.0399999953806","","survey-multi-choice","23","2846162","0.0-23.0","8tbrh","e203036@metu.edu.tr","Gülşah","z","","Q01","Arda","{""Q0"":""Arda""}"
"8531.044999995735","","survey-multi-choice","24","2854696","0.0-24.0","8tbrh","e203036@metu.edu.tr","Gülşah","z","","F07","null","{""Q0"":""Üzülür""}"
"3683.7499999962747","","survey-multi-choice","25","2858382","0.0-25.0","8tbrh","e203036@metu.edu.tr","Gülşah","z","","Q07","Kardan adam","{""Q0"":""Kardan adam""}"
"11863.984999996144","","survey-multi-choice","26","2870248","0.0-26.0","8tbrh","e203036@metu.edu.tr","Gülşah","z","","F09","null","{""Q0"":""Sevinir""}"
"4823.839999997523","","survey-multi-choice","27","2875074","0.0-27.0","8tbrh","e203036@metu.edu.tr","Gülşah","z","","Q09","Yemekhane","{""Q0"":""Yemekhane""}"
"9057.57499999879","","survey-multi-choice","28","2884133","0.0-28.0","8tbrh","e203036@metu.edu.tr","Gülşah","z","","F10","null","{""Q0"":""Sevinir""}"
"2871.760000001639","","survey-multi-choice","29","2887007","0.0-29.0","8tbrh","e203036@metu.edu.tr","Gülşah","z","","Q10","Yüksek lisans","{""Q0"":""Yüksek lisans""}"
"12437.649999999907","","survey-multi-choice","30","2899449","0.0-30.0","8tbrh","e203036@metu.edu.tr","Gülşah","z","","C04","null","{""Q0"":""Sevinir""}"
"2230.1599999992177","","survey-multi-choice","31","2901681","0.0-31.0","8tbrh","e203036@metu.edu.tr","Gülşah","z","","Q04","Kamp","{""Q0"":""Kamp""}"
"7111.395000000019","","survey-multi-choice","32","2908796","0.0-32.0","8tbrh","e203036@metu.edu.tr","Gülşah","z","","F23","null","{""Q0"":""Üzülür""}"
"3515.89999999851","","survey-multi-choice","33","2912314","0.0-33.0","8tbrh","e203036@metu.edu.tr","Gülşah","z","","Q23","Çarpışan arabalar","{""Q0"":""Çarpışan arabalar""}"
"11833.849999995437","","survey-multi-choice","34","2924150","0.0-34.0","8tbrh","e203036@metu.edu.tr","Gülşah","z","","F08","null","{""Q0"":""Üzülür""}"
"4087.664999999106","","survey-multi-choice","35","2928240","0.0-35.0","8tbrh","e203036@metu.edu.tr","Gülşah","z","","Q08","Tenis","{""Q0"":""Tenis""}"
"9421.49000000069","","survey-multi-choice","36","2937663","0.0-36.0","8tbrh","e203036@metu.edu.tr","Gülşah","z","","C06","null","{""Q0"":""Sevinir""}"
"5051.784999995958","","survey-multi-choice","37","2942717","0.0-37.0","8tbrh","e203036@metu.edu.tr","Gülşah","z","","Q06","Müdür","{""Q0"":""Müdür""}"
"7259.804999994114","","survey-multi-choice","38","2949979","0.0-38.0","8tbrh","e203036@metu.edu.tr","Gülşah","z","","F14","null","{""Q0"":""Sevinir""}"
"4296.004999996629","","survey-multi-choice","39","2954277","0.0-39.0","8tbrh","e203036@metu.edu.tr","Gülşah","z","","Q14","Birinci","{""Q0"":""İkinci""}"
"9781.784999999218","","survey-multi-choice","40","2964061","0.0-40.0","8tbrh","e203036@metu.edu.tr","Gülşah","z","","F13","null","{""Q0"":""Sevinir""}"
"2209.614999999758","","survey-multi-choice","41","2966273","0.0-41.0","8tbrh","e203036@metu.edu.tr","Gülşah","z","","Q13","Kars","{""Q0"":""Kars""}"
"11947.860000000335","","survey-multi-choice","42","2978223","0.0-42.0","8tbrh","e203036@metu.edu.tr","Gülşah","z","","C03","null","{""Q0"":""Üzülür""}"
"4177.82999999309","","survey-multi-choice","43","2982403","0.0-43.0","8tbrh","e203036@metu.edu.tr","Gülşah","z","","Q03","Ofis","{""Q0"":""Ofis""}"
"8917.950000002515","","survey-multi-choice","44","2991323","0.0-44.0","8tbrh","e203036@metu.edu.tr","Gülşah","z","","F21","null","{""Q0"":""Sevinir""}"
"2523.865000002552","","survey-multi-choice","45","2993849","0.0-45.0","8tbrh","e203036@metu.edu.tr","Gülşah","z","","Q21","Odun","{""Q0"":""Odun""}"
"6934.05999999959","","survey-multi-choice","46","3000785","0.0-46.0","8tbrh","e203036@metu.edu.tr","Gülşah","z","","F15","null","{""Q0"":""Sevinir""}"
"2563.7349999961443","","survey-multi-choice","47","3003351","0.0-47.0","8tbrh","e203036@metu.edu.tr","Gülşah","z","","Q15","Altı","{""Q0"":""Altı""}"
"8672.184999995865","","survey-multi-choice","48","3012025","0.0-48.0","8tbrh","e203036@metu.edu.tr","Gülşah","z","","F24","null","{""Q0"":""Sevinir""}"
"2341.4799999957904","","survey-multi-choice","49","3014371","0.0-49.0","8tbrh","e203036@metu.edu.tr","Gülşah","z","","Q24","Tokyo","{""Q0"":""Tokyo""}"
"3777.2150000017136","","instructions","50","3018152","0.0-50.0","8tbrh","e203036@metu.edu.tr","Gülşah","z","[{""page_index"":0,""viewing_time"":3776.864999999758}]","","",""
