"rt","url","trial_type","trial_index","time_elapsed","internal_node_id","subject","subject_email","subject_name","group","view_history","id","correct","responses"
"42382.57999997586","resources/welcome.html","external-html","0","42592","0.0-0.0","cb3jd","cemedede@gmail.com","Cem Dedekargınoğlu","z","","","",""
"3456.5599999623373","","instructions","1","46050","0.0-1.0","cb3jd","cemedede@gmail.com","Cem Dedekargınoğlu","z","[{""page_index"":0,""viewing_time"":3456.2000000150874}]","","",""
"10521.514999913052","","survey-multi-choice","2","56574","0.0-2.0","cb3jd","cemedede@gmail.com","Cem Dedekargınoğlu","z","","F13","null","{""Q0"":""Üzülür""}"
"2596.235000062734","","survey-multi-choice","3","59173","0.0-3.0","cb3jd","cemedede@gmail.com","Cem Dedekargınoğlu","z","","Q13","Kars","{""Q0"":""Kars""}"
"6540.889999945648","","survey-multi-choice","4","65717","0.0-4.0","cb3jd","cemedede@gmail.com","Cem Dedekargınoğlu","z","","F10","null","{""Q0"":""Sevinir""}"
"2772.9200000176206","","survey-multi-choice","5","68494","0.0-5.0","cb3jd","cemedede@gmail.com","Cem Dedekargınoğlu","z","","Q10","Yüksek lisans","{""Q0"":""Yüksek lisans""}"
"10828.845000010915","","survey-multi-choice","6","79326","0.0-6.0","cb3jd","cemedede@gmail.com","Cem Dedekargınoğlu","z","","F11","null","{""Q0"":""Üzülür""}"
"1988.5550000471994","","survey-multi-choice","7","81317","0.0-7.0","cb3jd","cemedede@gmail.com","Cem Dedekargınoğlu","z","","Q11","Ayakkabı","{""Q0"":""Ayakkabı""}"
"4704.84999998007","","survey-multi-choice","8","86025","0.0-8.0","cb3jd","cemedede@gmail.com","Cem Dedekargınoğlu","z","","C02","null","{""Q0"":""Üzülür""}"
"2497.0399999292567","","survey-multi-choice","9","88526","0.0-9.0","cb3jd","cemedede@gmail.com","Cem Dedekargınoğlu","z","","Q02","Oyuncak bebek","{""Q0"":""Oyuncak bebek""}"
"7156.16500005126","","survey-multi-choice","10","95685","0.0-10.0","cb3jd","cemedede@gmail.com","Cem Dedekargınoğlu","z","","F12","null","{""Q0"":""Sevinir""}"
"4697.790000005625","","survey-multi-choice","11","100386","0.0-11.0","cb3jd","cemedede@gmail.com","Cem Dedekargınoğlu","z","","Q12","Para biriktirmek","{""Q0"":""Para biriktirmek""}"
"9756.549999932759","","survey-multi-choice","12","110145","0.0-12.0","cb3jd","cemedede@gmail.com","Cem Dedekargınoğlu","z","","F14","null","{""Q0"":""Sevinir""}"
"2308.6350000230595","","survey-multi-choice","13","112458","0.0-13.0","cb3jd","cemedede@gmail.com","Cem Dedekargınoğlu","z","","Q14","Birinci","{""Q0"":""İkinci""}"
"19644.900000072084","","survey-multi-choice","14","132106","0.0-14.0","cb3jd","cemedede@gmail.com","Cem Dedekargınoğlu","z","","C05","null","{""Q0"":""Sevinir""}"
"2264.644999988377","","survey-multi-choice","15","134374","0.0-15.0","cb3jd","cemedede@gmail.com","Cem Dedekargınoğlu","z","","Q05","Matematik","{""Q0"":""Matematik""}"
"9648.950000060722","","survey-multi-choice","16","144026","0.0-16.0","cb3jd","cemedede@gmail.com","Cem Dedekargınoğlu","z","","F21","null","{""Q0"":""Üzülür""}"
"1876.399999950081","","survey-multi-choice","17","145905","0.0-17.0","cb3jd","cemedede@gmail.com","Cem Dedekargınoğlu","z","","Q21","Odun","{""Q0"":""Odun""}"
"10076.560000074096","","survey-multi-choice","18","155985","0.0-18.0","cb3jd","cemedede@gmail.com","Cem Dedekargınoğlu","z","","F23","null","{""Q0"":""Üzülür""}"
"2437.41500005126","","survey-multi-choice","19","158426","0.0-19.0","cb3jd","cemedede@gmail.com","Cem Dedekargınoğlu","z","","Q23","Çarpışan arabalar","{""Q0"":""Çarpışan arabalar""}"
"15627.464999910444","","survey-multi-choice","20","174058","0.0-20.0","cb3jd","cemedede@gmail.com","Cem Dedekargınoğlu","z","","F20","null","{""Q0"":""Sevinir""}"
"2068.5600000433624","","survey-multi-choice","21","176130","0.0-21.0","cb3jd","cemedede@gmail.com","Cem Dedekargınoğlu","z","","Q20","Piyango bileti","{""Q0"":""Piyango bileti""}"
"5628.845000057481","","survey-multi-choice","22","181762","0.0-22.0","cb3jd","cemedede@gmail.com","Cem Dedekargınoğlu","z","","C06","null","{""Q0"":""Sevinir""}"
"2356.429999927059","","survey-multi-choice","23","184121","0.0-23.0","cb3jd","cemedede@gmail.com","Cem Dedekargınoğlu","z","","Q06","Müdür","{""Q0"":""Müdür""}"
"7889.149999944493","","survey-multi-choice","24","192013","0.0-24.0","cb3jd","cemedede@gmail.com","Cem Dedekargınoğlu","z","","F16","null","{""Q0"":""Sevinir""}"
"2153.5199999343604","","survey-multi-choice","25","194169","0.0-25.0","cb3jd","cemedede@gmail.com","Cem Dedekargınoğlu","z","","Q16","Kafe","{""Q0"":""Kafe""}"
"5980.784999905154","","survey-multi-choice","26","200153","0.0-26.0","cb3jd","cemedede@gmail.com","Cem Dedekargınoğlu","z","","F09","null","{""Q0"":""Sevinir""}"
"2220.1249999925494","","survey-multi-choice","27","202376","0.0-27.0","cb3jd","cemedede@gmail.com","Cem Dedekargınoğlu","z","","Q09","Yemekhane","{""Q0"":""Yemekhane""}"
"7382.38999992609","","survey-multi-choice","28","209761","0.0-28.0","cb3jd","cemedede@gmail.com","Cem Dedekargınoğlu","z","","F24","null","{""Q0"":""Sevinir""}"
"1524.3849999969825","","survey-multi-choice","29","211289","0.0-29.0","cb3jd","cemedede@gmail.com","Cem Dedekargınoğlu","z","","Q24","Tokyo","{""Q0"":""Tokyo""}"
"18724.815000081435","","survey-multi-choice","30","230017","0.0-30.0","cb3jd","cemedede@gmail.com","Cem Dedekargınoğlu","z","","C01","null","{""Q0"":""Sevinir""}"
"2348.6900000134483","","survey-multi-choice","31","232369","0.0-31.0","cb3jd","cemedede@gmail.com","Cem Dedekargınoğlu","z","","Q01","Arda","{""Q0"":""Arda""}"
"7344.819999998435","","survey-multi-choice","32","239717","0.0-32.0","cb3jd","cemedede@gmail.com","Cem Dedekargınoğlu","z","","F15","null","{""Q0"":""Üzülür""}"
"1864.5249999826774","","survey-multi-choice","33","241585","0.0-33.0","cb3jd","cemedede@gmail.com","Cem Dedekargınoğlu","z","","Q15","Altı","{""Q0"":""Altı""}"
"3932.715000002645","","survey-multi-choice","34","245521","0.0-34.0","cb3jd","cemedede@gmail.com","Cem Dedekargınoğlu","z","","F17","null","{""Q0"":""Üzülür""}"
"1916.5600000414997","","survey-multi-choice","35","247442","0.0-35.0","cb3jd","cemedede@gmail.com","Cem Dedekargınoğlu","z","","Q17","Öğle yemeği","{""Q0"":""Akşam yemeği""}"
"12203.555000014603","","survey-multi-choice","36","259649","0.0-36.0","cb3jd","cemedede@gmail.com","Cem Dedekargınoğlu","z","","C03","null","{""Q0"":""Üzülür""}"
"2363.065000041388","","survey-multi-choice","37","262017","0.0-37.0","cb3jd","cemedede@gmail.com","Cem Dedekargınoğlu","z","","Q03","Ofis","{""Q0"":""Ofis""}"
"7176.469999947585","","survey-multi-choice","38","269196","0.0-38.0","cb3jd","cemedede@gmail.com","Cem Dedekargınoğlu","z","","F19","null","{""Q0"":""Üzülür""}"
"1741.535000037402","","survey-multi-choice","39","270941","0.0-39.0","cb3jd","cemedede@gmail.com","Cem Dedekargınoğlu","z","","Q19","Fizik","{""Q0"":""Fizik""}"
"7684.930000104941","","survey-multi-choice","40","278629","0.0-40.0","cb3jd","cemedede@gmail.com","Cem Dedekargınoğlu","z","","F22","null","{""Q0"":""Sevinir""}"
"2612.2749999631196","","survey-multi-choice","41","281245","0.0-41.0","cb3jd","cemedede@gmail.com","Cem Dedekargınoğlu","z","","Q22","Yoğun","{""Q0"":""Yoğun""}"
"10364.354999968782","","survey-multi-choice","42","291612","0.0-42.0","cb3jd","cemedede@gmail.com","Cem Dedekargınoğlu","z","","C04","null","{""Q0"":""Sevinir""}"
"2157.579999999143","","survey-multi-choice","43","293773","0.0-43.0","cb3jd","cemedede@gmail.com","Cem Dedekargınoğlu","z","","Q04","Kamp","{""Q0"":""Kamp""}"
"5480.875000008382","","survey-multi-choice","44","299257","0.0-44.0","cb3jd","cemedede@gmail.com","Cem Dedekargınoğlu","z","","F07","null","{""Q0"":""Üzülür""}"
"2248.1799999950454","","survey-multi-choice","45","301509","0.0-45.0","cb3jd","cemedede@gmail.com","Cem Dedekargınoğlu","z","","Q07","Kardan adam","{""Q0"":""Kardan adam""}"
"12964.34499998577","","survey-multi-choice","46","314476","0.0-46.0","cb3jd","cemedede@gmail.com","Cem Dedekargınoğlu","z","","F08","null","{""Q0"":""Sevinir""}"
"2509.5900000305846","","survey-multi-choice","47","316989","0.0-47.0","cb3jd","cemedede@gmail.com","Cem Dedekargınoğlu","z","","Q08","Tenis","{""Q0"":""Tenis""}"
"8820.494999992661","","survey-multi-choice","48","325813","0.0-48.0","cb3jd","cemedede@gmail.com","Cem Dedekargınoğlu","z","","F18","null","{""Q0"":""Sevinir""}"
"1869.6850000414997","","survey-multi-choice","49","327685","0.0-49.0","cb3jd","cemedede@gmail.com","Cem Dedekargınoğlu","z","","Q18","Çilek","{""Q0"":""Çilek""}"
"2422.9349999222904","","instructions","50","330113","0.0-50.0","cb3jd","cemedede@gmail.com","Cem Dedekargınoğlu","z","[{""page_index"":0,""viewing_time"":2422.694999957457}]","","",""
