"rt","url","trial_type","trial_index","time_elapsed","internal_node_id","subject","subject_email","subject_name","group","view_history","id","correct","responses"
"34443","resources/welcome.html","external-html","0","34691","0.0-0.0","xskan","","","z","","","",""
"30282","","instructions","1","64979","0.0-1.0","xskan","","","z","[{""page_index"":0,""viewing_time"":30278.000000000015}]","","",""
"26221","","survey-multi-choice","2","91229","0.0-2.0","xskan","","","z","","F10","null","{""Q0"":""Sevinir""}"
"5047.999999999985","","survey-multi-choice","3","96295","0.0-3.0","xskan","","","z","","Q10","Yüksek lisans","{""Q0"":""Yüksek lisans""}"
"21029","","survey-multi-choice","4","117337","0.0-4.0","xskan","","","z","","F13","null","{""Q0"":""Üzülür""}"
"2887.9999999999854","","survey-multi-choice","5","120238","0.0-5.0","xskan","","","z","","Q13","Kars","{""Q0"":""Kars""}"
"17314","","survey-multi-choice","6","137565","0.0-6.0","xskan","","","z","","F24","null","{""Q0"":""Sevinir""}"
"2072.999999999971","","survey-multi-choice","7","139648","0.0-7.0","xskan","","","z","","Q24","Tokyo","{""Q0"":""Tokyo""}"
"16565.00000000003","","survey-multi-choice","8","156224","0.0-8.0","xskan","","","z","","C06","null","{""Q0"":""Sevinir""}"
"2252","","survey-multi-choice","9","158492","0.0-9.0","xskan","","","z","","Q06","Müdür","{""Q0"":""Müdür""}"
"13658","","survey-multi-choice","10","172160","0.0-10.0","xskan","","","z","","F11","null","{""Q0"":""Üzülür""}"
"1964","","survey-multi-choice","11","174133","0.0-11.0","xskan","","","z","","Q11","Ayakkabı","{""Q0"":""Ayakkabı""}"
"10056","","survey-multi-choice","12","184203","0.0-12.0","xskan","","","z","","F22","null","{""Q0"":""Sevinir""}"
"5488","","survey-multi-choice","13","189706","0.0-13.0","xskan","","","z","","Q22","Yoğun","{""Q0"":""Yoğun""}"
"16497","","survey-multi-choice","14","206216","0.0-14.0","xskan","","","z","","C04","null","{""Q0"":""Sevinir""}"
"5604","","survey-multi-choice","15","211834","0.0-15.0","xskan","","","z","","Q04","Kamp","{""Q0"":""Kamp""}"
"17014","","survey-multi-choice","16","228861","0.0-16.0","xskan","","","z","","F15","null","{""Q0"":""Üzülür""}"
"3302","","survey-multi-choice","17","232173","0.0-17.0","xskan","","","z","","Q15","Altı","{""Q0"":""Altı""}"
"23321","","survey-multi-choice","18","255512","0.0-18.0","xskan","","","z","","F14","null","{""Q0"":""Üzülür""}"
"4420.999999999971","","survey-multi-choice","19","259960","0.0-19.0","xskan","","","z","","Q14","Birinci","{""Q0"":""İkinci""}"
"9618.999999999942","","survey-multi-choice","20","269594","0.0-20.0","xskan","","","z","","F07","null","{""Q0"":""Üzülür""}"
"2377","","survey-multi-choice","21","271980","0.0-21.0","xskan","","","z","","Q07","Kardan adam","{""Q0"":""Kardan adam""}"
"15727","","survey-multi-choice","22","287721","0.0-22.0","xskan","","","z","","C01","null","{""Q0"":""Üzülür""}"
"3358","","survey-multi-choice","23","291090","0.0-23.0","xskan","","","z","","Q01","Arda","{""Q0"":""Arda""}"
"9448","","survey-multi-choice","24","300546","0.0-24.0","xskan","","","z","","F21","null","{""Q0"":""Üzülür""}"
"2319","","survey-multi-choice","25","302877","0.0-25.0","xskan","","","z","","Q21","Odun","{""Q0"":""Odun""}"
"17082","","survey-multi-choice","26","319973","0.0-26.0","xskan","","","z","","F20","null","{""Q0"":""Sevinir""}"
"2115.000000000058","","survey-multi-choice","27","322100","0.0-27.0","xskan","","","z","","Q20","Piyango bileti","{""Q0"":""Piyango bileti""}"
"11687","","survey-multi-choice","28","333794","0.0-28.0","xskan","","","z","","F23","null","{""Q0"":""Üzülür""}"
"2982","","survey-multi-choice","29","336795","0.0-29.0","xskan","","","z","","Q23","Çarpışan arabalar","{""Q0"":""Çarpışan arabalar""}"
"14976","","survey-multi-choice","30","351783","0.0-30.0","xskan","","","z","","C02","null","{""Q0"":""Sevinir""}"
"2428","","survey-multi-choice","31","354220","0.0-31.0","xskan","","","z","","Q02","Oyuncak bebek","{""Q0"":""Oyuncak bebek""}"
"22531","","survey-multi-choice","32","376764","0.0-32.0","xskan","","","z","","F19","null","{""Q0"":""Üzülür""}"
"1971","","survey-multi-choice","33","378751","0.0-33.0","xskan","","","z","","Q19","Fizik","{""Q0"":""Fizik""}"
"10024","","survey-multi-choice","34","388789","0.0-34.0","xskan","","","z","","F18","null","{""Q0"":""Sevinir""}"
"1669.9999999999418","","survey-multi-choice","35","390471","0.0-35.0","xskan","","","z","","Q18","Çilek","{""Q0"":""Çilek""}"
"13245","","survey-multi-choice","36","403729","0.0-36.0","xskan","","","z","","C05","null","{""Q0"":""Üzülür""}"
"1968.0000000000582","","survey-multi-choice","37","405711","0.0-37.0","xskan","","","z","","Q05","Matematik","{""Q0"":""Matematik""}"
"10290","","survey-multi-choice","38","416016","0.0-38.0","xskan","","","z","","F09","null","{""Q0"":""Sevinir""}"
"2120","","survey-multi-choice","39","418152","0.0-39.0","xskan","","","z","","Q09","Yemekhane","{""Q0"":""Yemekhane""}"
"7289","","survey-multi-choice","40","425455","0.0-40.0","xskan","","","z","","F08","null","{""Q0"":""Üzülür""}"
"2221","","survey-multi-choice","41","427689","0.0-41.0","xskan","","","z","","Q08","Tenis","{""Q0"":""Tenis""}"
"9142.000000000058","","survey-multi-choice","42","436844","0.0-42.0","xskan","","","z","","C03","null","{""Q0"":""Üzülür""}"
"6908","","survey-multi-choice","43","443767","0.0-43.0","xskan","","","z","","Q03","Ofis","{""Q0"":""Mağaza""}"
"14462","","survey-multi-choice","44","458240","0.0-44.0","xskan","","","z","","F17","null","{""Q0"":""Üzülür""}"
"3090","","survey-multi-choice","45","461339","0.0-45.0","xskan","","","z","","Q17","Öğle yemeği","{""Q0"":""Akşam yemeği""}"
"10193","","survey-multi-choice","46","471544","0.0-46.0","xskan","","","z","","F12","null","{""Q0"":""Sevinir""}"
"5326","","survey-multi-choice","47","476882","0.0-47.0","xskan","","","z","","Q12","Para biriktirmek","{""Q0"":""Para biriktirmek""}"
"9113","","survey-multi-choice","48","486002","0.0-48.0","xskan","","","z","","F16","null","{""Q0"":""Sevinir""}"
"2186.999999999942","","survey-multi-choice","49","488204","0.0-49.0","xskan","","","z","","Q16","Kafe","{""Q0"":""Kafe""}"
"2849.999999999942","","instructions","50","491139","0.0-50.0","xskan","","","z","[{""page_index"":0,""viewing_time"":2846.999999999942}]","","",""
