"rt","url","trial_type","trial_index","time_elapsed","internal_node_id","subject","subject_email","subject_name","group","view_history","id","correct","responses"
"54485","resources/welcome.html","external-html","0","54757","0.0-0.0","w2cu4","eris.bengi@metu.edu.tr","Bengi ","z","","","",""
"4764","","instructions","1","59527","0.0-1.0","w2cu4","eris.bengi@metu.edu.tr","Bengi ","z","[{""page_index"":0,""viewing_time"":4753}]","","",""
"21432.999999999993","","survey-multi-choice","2","81006","0.0-2.0","w2cu4","eris.bengi@metu.edu.tr","Bengi ","z","","F07","null","{""Q0"":""Üzülür""}"
"9282","","survey-multi-choice","3","90311","0.0-3.0","w2cu4","eris.bengi@metu.edu.tr","Bengi ","z","","Q07","Kardan adam","{""Q0"":""Kardan adam""}"
"21733.000000000015","","survey-multi-choice","4","112052","0.0-4.0","w2cu4","eris.bengi@metu.edu.tr","Bengi ","z","","F13","null","{""Q0"":""Sevinir""}"
"3340.9999999999854","","survey-multi-choice","5","115405","0.0-5.0","w2cu4","eris.bengi@metu.edu.tr","Bengi ","z","","Q13","Kars","{""Q0"":""Kars""}"
"9152","","survey-multi-choice","6","124570","0.0-6.0","w2cu4","eris.bengi@metu.edu.tr","Bengi ","z","","F22","null","{""Q0"":""Sevinir""}"
"6175.999999999985","","survey-multi-choice","7","130754","0.0-7.0","w2cu4","eris.bengi@metu.edu.tr","Bengi ","z","","Q22","Yoğun","{""Q0"":""Yoğun""}"
"14809","","survey-multi-choice","8","145572","0.0-8.0","w2cu4","eris.bengi@metu.edu.tr","Bengi ","z","","C01","null","{""Q0"":""Sevinir""}"
"3405.000000000029","","survey-multi-choice","9","148990","0.0-9.0","w2cu4","eris.bengi@metu.edu.tr","Bengi ","z","","Q01","Arda","{""Q0"":""Arda""}"
"7758.000000000029","","survey-multi-choice","10","156757","0.0-10.0","w2cu4","eris.bengi@metu.edu.tr","Bengi ","z","","F21","null","{""Q0"":""Üzülür""}"
"3742.000000000029","","survey-multi-choice","11","160508","0.0-11.0","w2cu4","eris.bengi@metu.edu.tr","Bengi ","z","","Q21","Odun","{""Q0"":""Odun""}"
"9838","","survey-multi-choice","12","170359","0.0-12.0","w2cu4","eris.bengi@metu.edu.tr","Bengi ","z","","F08","null","{""Q0"":""Üzülür""}"
"7072","","survey-multi-choice","13","177443","0.0-13.0","w2cu4","eris.bengi@metu.edu.tr","Bengi ","z","","Q08","Tenis","{""Q0"":""Tenis""}"
"15576","","survey-multi-choice","14","193029","0.0-14.0","w2cu4","eris.bengi@metu.edu.tr","Bengi ","z","","C03","null","{""Q0"":""Sevinir""}"
"3994","","survey-multi-choice","15","197030","0.0-15.0","w2cu4","eris.bengi@metu.edu.tr","Bengi ","z","","Q03","Ofis","{""Q0"":""Ofis""}"
"29784.00000000003","","survey-multi-choice","16","226828","0.0-16.0","w2cu4","eris.bengi@metu.edu.tr","Bengi ","z","","F11","null","{""Q0"":""Üzülür""}"
"4375.999999999971","","survey-multi-choice","17","231216","0.0-17.0","w2cu4","eris.bengi@metu.edu.tr","Bengi ","z","","Q11","Ayakkabı","{""Q0"":""Ayakkabı""}"
"12625","","survey-multi-choice","18","243853","0.0-18.0","w2cu4","eris.bengi@metu.edu.tr","Bengi ","z","","F14","null","{""Q0"":""Sevinir""}"
"4136","","survey-multi-choice","19","248002","0.0-19.0","w2cu4","eris.bengi@metu.edu.tr","Bengi ","z","","Q14","Birinci","{""Q0"":""İkinci""}"
"7372.000000000029","","survey-multi-choice","20","255388","0.0-20.0","w2cu4","eris.bengi@metu.edu.tr","Bengi ","z","","F20","null","{""Q0"":""Üzülür""}"
"3286.999999999971","","survey-multi-choice","21","258685","0.0-21.0","w2cu4","eris.bengi@metu.edu.tr","Bengi ","z","","Q20","Piyango bileti","{""Q0"":""Piyango bileti""}"
"12046.99999999997","","survey-multi-choice","22","270741","0.0-22.0","w2cu4","eris.bengi@metu.edu.tr","Bengi ","z","","C04","null","{""Q0"":""Sevinir""}"
"2889","","survey-multi-choice","23","273638","0.0-23.0","w2cu4","eris.bengi@metu.edu.tr","Bengi ","z","","Q04","Kamp","{""Q0"":""Kamp""}"
"9526","","survey-multi-choice","24","283172","0.0-24.0","w2cu4","eris.bengi@metu.edu.tr","Bengi ","z","","F12","null","{""Q0"":""Sevinir""}"
"4078.999999999942","","survey-multi-choice","25","287260","0.0-25.0","w2cu4","eris.bengi@metu.edu.tr","Bengi ","z","","Q12","Para biriktirmek","{""Q0"":""Para biriktirmek""}"
"8002","","survey-multi-choice","26","295275","0.0-26.0","w2cu4","eris.bengi@metu.edu.tr","Bengi ","z","","F24","null","{""Q0"":""Sevinir""}"
"4389","","survey-multi-choice","27","299674","0.0-27.0","w2cu4","eris.bengi@metu.edu.tr","Bengi ","z","","Q24","Tokyo","{""Q0"":""Tokyo""}"
"7070","","survey-multi-choice","28","306751","0.0-28.0","w2cu4","eris.bengi@metu.edu.tr","Bengi ","z","","F23","null","{""Q0"":""Üzülür""}"
"3542","","survey-multi-choice","29","310308","0.0-29.0","w2cu4","eris.bengi@metu.edu.tr","Bengi ","z","","Q23","Çarpışan arabalar","{""Q0"":""Çarpışan arabalar""}"
"16743","","survey-multi-choice","30","327061","0.0-30.0","w2cu4","eris.bengi@metu.edu.tr","Bengi ","z","","C05","null","{""Q0"":""Sevinir""}"
"3912","","survey-multi-choice","31","330983","0.0-31.0","w2cu4","eris.bengi@metu.edu.tr","Bengi ","z","","Q05","Matematik","{""Q0"":""Matematik""}"
"7216.999999999942","","survey-multi-choice","32","338211","0.0-32.0","w2cu4","eris.bengi@metu.edu.tr","Bengi ","z","","F17","null","{""Q0"":""Üzülür""}"
"5875","","survey-multi-choice","33","344099","0.0-33.0","w2cu4","eris.bengi@metu.edu.tr","Bengi ","z","","Q17","Öğle yemeği","{""Q0"":""Akşam yemeği""}"
"14064","","survey-multi-choice","34","358180","0.0-34.0","w2cu4","eris.bengi@metu.edu.tr","Bengi ","z","","F16","null","{""Q0"":""Sevinir""}"
"3327","","survey-multi-choice","35","361523","0.0-35.0","w2cu4","eris.bengi@metu.edu.tr","Bengi ","z","","Q16","Kafe","{""Q0"":""Kafe""}"
"8985","","survey-multi-choice","36","370516","0.0-36.0","w2cu4","eris.bengi@metu.edu.tr","Bengi ","z","","C02","null","{""Q0"":""Üzülür""}"
"4451","","survey-multi-choice","37","374982","0.0-37.0","w2cu4","eris.bengi@metu.edu.tr","Bengi ","z","","Q02","Oyuncak bebek","{""Q0"":""Oyuncak bebek""}"
"9419","","survey-multi-choice","38","384413","0.0-38.0","w2cu4","eris.bengi@metu.edu.tr","Bengi ","z","","F15","null","{""Q0"":""Sevinir""}"
"3965","","survey-multi-choice","39","388383","0.0-39.0","w2cu4","eris.bengi@metu.edu.tr","Bengi ","z","","Q15","Altı","{""Q0"":""Altı""}"
"12774","","survey-multi-choice","40","401169","0.0-40.0","w2cu4","eris.bengi@metu.edu.tr","Bengi ","z","","F09","null","{""Q0"":""Sevinir""}"
"3622","","survey-multi-choice","41","404799","0.0-41.0","w2cu4","eris.bengi@metu.edu.tr","Bengi ","z","","Q09","Yemekhane","{""Q0"":""Yemekhane""}"
"7926.999999999942","","survey-multi-choice","42","412736","0.0-42.0","w2cu4","eris.bengi@metu.edu.tr","Bengi ","z","","C06","null","{""Q0"":""Sevinir""}"
"6437.999999999942","","survey-multi-choice","43","419187","0.0-43.0","w2cu4","eris.bengi@metu.edu.tr","Bengi ","z","","Q06","Müdür","{""Q0"":""Müdür""}"
"9326","","survey-multi-choice","44","428521","0.0-44.0","w2cu4","eris.bengi@metu.edu.tr","Bengi ","z","","F18","null","{""Q0"":""Sevinir""}"
"4644","","survey-multi-choice","45","433173","0.0-45.0","w2cu4","eris.bengi@metu.edu.tr","Bengi ","z","","Q18","Çilek","{""Q0"":""Çilek""}"
"9736.999999999942","","survey-multi-choice","46","442921","0.0-46.0","w2cu4","eris.bengi@metu.edu.tr","Bengi ","z","","F19","null","{""Q0"":""Üzülür""}"
"3563.000000000058","","survey-multi-choice","47","446491","0.0-47.0","w2cu4","eris.bengi@metu.edu.tr","Bengi ","z","","Q19","Fizik","{""Q0"":""Fizik""}"
"70893.00000000006","","survey-multi-choice","48","517391","0.0-48.0","w2cu4","eris.bengi@metu.edu.tr","Bengi ","z","","F10","null","{""Q0"":""Sevinir""}"
"3198.999999999942","","survey-multi-choice","49","520599","0.0-49.0","w2cu4","eris.bengi@metu.edu.tr","Bengi ","z","","Q10","Yüksek lisans","{""Q0"":""Yüksek lisans""}"
"4303.000000000058","","instructions","50","525019","0.0-50.0","w2cu4","eris.bengi@metu.edu.tr","Bengi ","z","[{""page_index"":0,""viewing_time"":4298.999999999942}]","","",""
