"rt","url","trial_type","trial_index","time_elapsed","internal_node_id","subject","subject_email","subject_name","group","view_history","id","correct","responses"
"61881","resources/welcome.html","external-html","0","61994","0.0-0.0","wbaz8","sdemirel185@gmail.com","SEDA DEMİREL","z","","","",""
"21092","","instructions","1","83100","0.0-1.0","wbaz8","sdemirel185@gmail.com","SEDA DEMİREL","z","[{""page_index"":0,""viewing_time"":21089}]","","",""
"19791.000000000015","","survey-multi-choice","2","102922","0.0-2.0","wbaz8","sdemirel185@gmail.com","SEDA DEMİREL","z","","F09","null","{""Q0"":""Sevinir""}"
"3905.9999999999854","","survey-multi-choice","3","106847","0.0-3.0","wbaz8","sdemirel185@gmail.com","SEDA DEMİREL","z","","Q09","Yemekhane","{""Q0"":""Yemekhane""}"
"17869","","survey-multi-choice","4","124729","0.0-4.0","wbaz8","sdemirel185@gmail.com","SEDA DEMİREL","z","","F11","null","{""Q0"":""Üzülür""}"
"3989","","survey-multi-choice","5","128731","0.0-5.0","wbaz8","sdemirel185@gmail.com","SEDA DEMİREL","z","","Q11","Ayakkabı","{""Q0"":""Ayakkabı""}"
"13886","","survey-multi-choice","6","142629","0.0-6.0","wbaz8","sdemirel185@gmail.com","SEDA DEMİREL","z","","F07","null","{""Q0"":""Üzülür""}"
"4617.000000000029","","survey-multi-choice","7","147259","0.0-7.0","wbaz8","sdemirel185@gmail.com","SEDA DEMİREL","z","","Q07","Kardan adam","{""Q0"":""Kardan adam""}"
"26575","","survey-multi-choice","8","173847","0.0-8.0","wbaz8","sdemirel185@gmail.com","SEDA DEMİREL","z","","C03","null","{""Q0"":""Üzülür""}"
"6872","","survey-multi-choice","9","180732","0.0-9.0","wbaz8","sdemirel185@gmail.com","SEDA DEMİREL","z","","Q03","Ofis","{""Q0"":""Ofis""}"
"12023","","survey-multi-choice","10","192768","0.0-10.0","wbaz8","sdemirel185@gmail.com","SEDA DEMİREL","z","","F17","null","{""Q0"":""Üzülür""}"
"4169","","survey-multi-choice","11","196950","0.0-11.0","wbaz8","sdemirel185@gmail.com","SEDA DEMİREL","z","","Q17","Öğle yemeği","{""Q0"":""Akşam yemeği""}"
"20486","","survey-multi-choice","12","217449","0.0-12.0","wbaz8","sdemirel185@gmail.com","SEDA DEMİREL","z","","F15","null","{""Q0"":""Sevinir""}"
"6335","","survey-multi-choice","13","223799","0.0-13.0","wbaz8","sdemirel185@gmail.com","SEDA DEMİREL","z","","Q15","Altı","{""Q0"":""Altı""}"
"15429","","survey-multi-choice","14","239241","0.0-14.0","wbaz8","sdemirel185@gmail.com","SEDA DEMİREL","z","","C01","null","{""Q0"":""Sevinir""}"
"4467.999999999971","","survey-multi-choice","15","243721","0.0-15.0","wbaz8","sdemirel185@gmail.com","SEDA DEMİREL","z","","Q01","Arda","{""Q0"":""Arda""}"
"11199","","survey-multi-choice","16","254934","0.0-16.0","wbaz8","sdemirel185@gmail.com","SEDA DEMİREL","z","","F20","null","{""Q0"":""Üzülür""}"
"2856","","survey-multi-choice","17","257803","0.0-17.0","wbaz8","sdemirel185@gmail.com","SEDA DEMİREL","z","","Q20","Piyango bileti","{""Q0"":""Piyango bileti""}"
"12054.99999999997","","survey-multi-choice","18","269871","0.0-18.0","wbaz8","sdemirel185@gmail.com","SEDA DEMİREL","z","","F08","null","{""Q0"":""Üzülür""}"
"6659","","survey-multi-choice","19","276541","0.0-19.0","wbaz8","sdemirel185@gmail.com","SEDA DEMİREL","z","","Q08","Tenis","{""Q0"":""Basketbol""}"
"13936.999999999942","","survey-multi-choice","20","290491","0.0-20.0","wbaz8","sdemirel185@gmail.com","SEDA DEMİREL","z","","F19","null","{""Q0"":""Üzülür""}"
"2904","","survey-multi-choice","21","293409","0.0-21.0","wbaz8","sdemirel185@gmail.com","SEDA DEMİREL","z","","Q19","Fizik","{""Q0"":""Fizik""}"
"10226","","survey-multi-choice","22","303648","0.0-22.0","wbaz8","sdemirel185@gmail.com","SEDA DEMİREL","z","","C05","null","{""Q0"":""Üzülür""}"
"2912","","survey-multi-choice","23","306573","0.0-23.0","wbaz8","sdemirel185@gmail.com","SEDA DEMİREL","z","","Q05","Matematik","{""Q0"":""Matematik""}"
"8660","","survey-multi-choice","24","315242","0.0-24.0","wbaz8","sdemirel185@gmail.com","SEDA DEMİREL","z","","F18","null","{""Q0"":""Sevinir""}"
"2636","","survey-multi-choice","25","317891","0.0-25.0","wbaz8","sdemirel185@gmail.com","SEDA DEMİREL","z","","Q18","Çilek","{""Q0"":""Çilek""}"
"9125","","survey-multi-choice","26","327028","0.0-26.0","wbaz8","sdemirel185@gmail.com","SEDA DEMİREL","z","","F10","null","{""Q0"":""Sevinir""}"
"2966.999999999942","","survey-multi-choice","27","330009","0.0-27.0","wbaz8","sdemirel185@gmail.com","SEDA DEMİREL","z","","Q10","Yüksek lisans","{""Q0"":""Yüksek lisans""}"
"8472","","survey-multi-choice","28","338493","0.0-28.0","wbaz8","sdemirel185@gmail.com","SEDA DEMİREL","z","","F22","null","{""Q0"":""Sevinir""}"
"3271","","survey-multi-choice","29","341778","0.0-29.0","wbaz8","sdemirel185@gmail.com","SEDA DEMİREL","z","","Q22","Yoğun","{""Q0"":""Yoğun""}"
"11501.000000000058","","survey-multi-choice","30","353292","0.0-30.0","wbaz8","sdemirel185@gmail.com","SEDA DEMİREL","z","","C04","null","{""Q0"":""Sevinir""}"
"3610","","survey-multi-choice","31","356913","0.0-31.0","wbaz8","sdemirel185@gmail.com","SEDA DEMİREL","z","","Q04","Kamp","{""Q0"":""Kamp""}"
"15322","","survey-multi-choice","32","372247","0.0-32.0","wbaz8","sdemirel185@gmail.com","SEDA DEMİREL","z","","F14","null","{""Q0"":""Sevinir""}"
"3941.999999999942","","survey-multi-choice","33","376207","0.0-33.0","wbaz8","sdemirel185@gmail.com","SEDA DEMİREL","z","","Q14","Birinci","{""Q0"":""İkinci""}"
"74385","","survey-multi-choice","34","450604","0.0-34.0","wbaz8","sdemirel185@gmail.com","SEDA DEMİREL","z","","F13","null","{""Q0"":""Üzülür""}"
"2871.000000000058","","survey-multi-choice","35","453494","0.0-35.0","wbaz8","sdemirel185@gmail.com","SEDA DEMİREL","z","","Q13","Kars","{""Q0"":""Kars""}"
"9079","","survey-multi-choice","36","462586","0.0-36.0","wbaz8","sdemirel185@gmail.com","SEDA DEMİREL","z","","C02","null","{""Q0"":""Sevinir""}"
"3717.999999999942","","survey-multi-choice","37","466320","0.0-37.0","wbaz8","sdemirel185@gmail.com","SEDA DEMİREL","z","","Q02","Oyuncak bebek","{""Q0"":""Oyuncak bebek""}"
"6389","","survey-multi-choice","38","472723","0.0-38.0","wbaz8","sdemirel185@gmail.com","SEDA DEMİREL","z","","F23","null","{""Q0"":""Üzülür""}"
"9050.000000000058","","survey-multi-choice","39","481787","0.0-39.0","wbaz8","sdemirel185@gmail.com","SEDA DEMİREL","z","","Q23","Çarpışan arabalar","{""Q0"":""Çarpışan arabalar""}"
"8643","","survey-multi-choice","40","490443","0.0-40.0","wbaz8","sdemirel185@gmail.com","SEDA DEMİREL","z","","F16","null","{""Q0"":""Sevinir""}"
"4101","","survey-multi-choice","41","494556","0.0-41.0","wbaz8","sdemirel185@gmail.com","SEDA DEMİREL","z","","Q16","Kafe","{""Q0"":""Kafe""}"
"13422","","survey-multi-choice","42","507993","0.0-42.0","wbaz8","sdemirel185@gmail.com","SEDA DEMİREL","z","","C06","null","{""Q0"":""Sevinir""}"
"4854.000000000058","","survey-multi-choice","43","512860","0.0-43.0","wbaz8","sdemirel185@gmail.com","SEDA DEMİREL","z","","Q06","Müdür","{""Q0"":""Müdür""}"
"7273","","survey-multi-choice","44","520143","0.0-44.0","wbaz8","sdemirel185@gmail.com","SEDA DEMİREL","z","","F21","null","{""Q0"":""Üzülür""}"
"2668.999999999942","","survey-multi-choice","45","522827","0.0-45.0","wbaz8","sdemirel185@gmail.com","SEDA DEMİREL","z","","Q21","Odun","{""Q0"":""Odun""}"
"8271","","survey-multi-choice","46","531111","0.0-46.0","wbaz8","sdemirel185@gmail.com","SEDA DEMİREL","z","","F24","null","{""Q0"":""Sevinir""}"
"2884","","survey-multi-choice","47","534013","0.0-47.0","wbaz8","sdemirel185@gmail.com","SEDA DEMİREL","z","","Q24","Tokyo","{""Q0"":""Tokyo""}"
"68181","","survey-multi-choice","48","602207","0.0-48.0","wbaz8","sdemirel185@gmail.com","SEDA DEMİREL","z","","F12","null","{""Q0"":""Sevinir""}"
"2400","","survey-multi-choice","49","604621","0.0-49.0","wbaz8","sdemirel185@gmail.com","SEDA DEMİREL","z","","Q12","Para biriktirmek","{""Q0"":""Para biriktirmek""}"
