"rt","url","trial_type","trial_index","time_elapsed","internal_node_id","subject","subject_email","subject_name","group","view_history","id","correct","responses"
"17292.600000015227","resources/welcome.html","external-html","0","17327","0.0-0.0","5y93f","unlusuleymanakif@gmail.com","Süleyman","z","","","",""
"2433.499999984633","","instructions","1","19772","0.0-1.0","5y93f","unlusuleymanakif@gmail.com","Süleyman","z","[{""page_index"":0,""viewing_time"":2428.4999999799766}]","","",""
"15410.600000002887","","survey-multi-choice","2","35206","0.0-2.0","5y93f","unlusuleymanakif@gmail.com","Süleyman","z","","F22","null","{""Q0"":""Sevinir""}"
"8821.70000000042","","survey-multi-choice","3","44046","0.0-3.0","5y93f","unlusuleymanakif@gmail.com","Süleyman","z","","Q22","Yoğun","{""Q0"":""Yoğun""}"
"24348.400000017136","","survey-multi-choice","4","68406","0.0-4.0","5y93f","unlusuleymanakif@gmail.com","Süleyman","z","","F16","null","{""Q0"":""Sevinir""}"
"5571.1000000010245","","survey-multi-choice","5","73991","0.0-5.0","5y93f","unlusuleymanakif@gmail.com","Süleyman","z","","Q16","Kafe","{""Q0"":""Kafe""}"
"36825.79999999143","","survey-multi-choice","6","110831","0.0-6.0","5y93f","unlusuleymanakif@gmail.com","Süleyman","z","","F23","null","{""Q0"":""Üzülür""}"
"7050.000000017462","","survey-multi-choice","7","117897","0.0-7.0","5y93f","unlusuleymanakif@gmail.com","Süleyman","z","","Q23","Çarpışan arabalar","{""Q0"":""Çarpışan arabalar""}"
"31664.9000000034","","survey-multi-choice","8","149574","0.0-8.0","5y93f","unlusuleymanakif@gmail.com","Süleyman","z","","C04","null","{""Q0"":""Üzülür""}"
"5443.700000003446","","survey-multi-choice","9","155034","0.0-9.0","5y93f","unlusuleymanakif@gmail.com","Süleyman","z","","Q04","Kamp","{""Q0"":""Tatil köyü""}"
"107062.60000000475","","survey-multi-choice","10","284830","0.0-10.0","5y93f","unlusuleymanakif@gmail.com","Süleyman","z","","F10","null","{""Q0"":""Sevinir""}"
"3956.000000005588","","survey-multi-choice","11","288802","0.0-11.0","5y93f","unlusuleymanakif@gmail.com","Süleyman","z","","Q10","Yüksek lisans","{""Q0"":""Yüksek lisans""}"
"6552.900000009686","","survey-multi-choice","12","295368","0.0-12.0","5y93f","unlusuleymanakif@gmail.com","Süleyman","z","","F12","null","{""Q0"":""Sevinir""}"
"36070.50000000163","","survey-multi-choice","13","331446","0.0-13.0","5y93f","unlusuleymanakif@gmail.com","Süleyman","z","","Q12","Para biriktirmek","{""Q0"":""Para biriktirmek""}"
"29858.69999998249","","survey-multi-choice","14","361319","0.0-14.0","5y93f","unlusuleymanakif@gmail.com","Süleyman","z","","C02","null","{""Q0"":""Üzülür""}"
"3543.4000000241213","","survey-multi-choice","15","364878","0.0-15.0","5y93f","unlusuleymanakif@gmail.com","Süleyman","z","","Q02","Oyuncak bebek","{""Q0"":""Oyuncak bebek""}"
"15993.000000016764","","survey-multi-choice","16","380885","0.0-16.0","5y93f","unlusuleymanakif@gmail.com","Süleyman","z","","F18","null","{""Q0"":""Üzülür""}"
"3040.899999992689","","survey-multi-choice","17","383943","0.0-17.0","5y93f","unlusuleymanakif@gmail.com","Süleyman","z","","Q18","Çilek","{""Q0"":""Çilek""}"
"41610.40000000503","","survey-multi-choice","18","425568","0.0-18.0","5y93f","unlusuleymanakif@gmail.com","Süleyman","z","","F20","null","{""Q0"":""Sevinir""}"
"3464.899999991758","","survey-multi-choice","19","429042","0.0-19.0","5y93f","unlusuleymanakif@gmail.com","Süleyman","z","","Q20","Piyango bileti","{""Q0"":""Piyango bileti""}"
"45368.19999999716","","survey-multi-choice","20","474425","0.0-20.0","5y93f","unlusuleymanakif@gmail.com","Süleyman","z","","F08","null","{""Q0"":""Üzülür""}"
"8144.5999999996275","","survey-multi-choice","21","482587","0.0-21.0","5y93f","unlusuleymanakif@gmail.com","Süleyman","z","","Q08","Tenis","{""Q0"":""Tenis""}"
"5049.399999988964","","survey-multi-choice","22","487653","0.0-22.0","5y93f","unlusuleymanakif@gmail.com","Süleyman","z","","C06","null","{""Q0"":""Sevinir""}"
"2767.8000000014435","","survey-multi-choice","23","490438","0.0-23.0","5y93f","unlusuleymanakif@gmail.com","Süleyman","z","","Q06","Müdür","{""Q0"":""Müdür""}"
"1335.6999999959953","","survey-multi-choice","24","491789","0.0-24.0","5y93f","unlusuleymanakif@gmail.com","Süleyman","z","","F07","null","{""Q0"":""Sevinir""}"
"1310.700000001816","","survey-multi-choice","25","493116","0.0-25.0","5y93f","unlusuleymanakif@gmail.com","Süleyman","z","","Q07","Kardan adam","{""Q0"":""Kartopu savaşı""}"
"1212.2000000090338","","survey-multi-choice","26","494341","0.0-26.0","5y93f","unlusuleymanakif@gmail.com","Süleyman","z","","F09","null","{""Q0"":""Üzülür""}"
"1208.8999999978114","","survey-multi-choice","27","495559","0.0-27.0","5y93f","unlusuleymanakif@gmail.com","Süleyman","z","","Q09","Yemekhane","{""Q0"":""Kantin""}"
"1319.599999987986","","survey-multi-choice","28","496893","0.0-28.0","5y93f","unlusuleymanakif@gmail.com","Süleyman","z","","F13","null","{""Q0"":""Üzülür""}"
"1194.6999999927357","","survey-multi-choice","29","498105","0.0-29.0","5y93f","unlusuleymanakif@gmail.com","Süleyman","z","","Q13","Kars","{""Q0"":""Batum""}"
"10739.399999991292","","survey-multi-choice","30","508863","0.0-30.0","5y93f","unlusuleymanakif@gmail.com","Süleyman","z","","C05","null","{""Q0"":""Sevinir""}"
"1228.6000000021886","","survey-multi-choice","31","510117","0.0-31.0","5y93f","unlusuleymanakif@gmail.com","Süleyman","z","","Q05","Matematik","{""Q0"":""Edebiyat""}"
"1253.100000001723","","survey-multi-choice","32","511387","0.0-32.0","5y93f","unlusuleymanakif@gmail.com","Süleyman","z","","F11","null","{""Q0"":""Üzülür""}"
"2000.1000000047497","","survey-multi-choice","33","513404","0.0-33.0","5y93f","unlusuleymanakif@gmail.com","Süleyman","z","","Q11","Ayakkabı","{""Q0"":""Pantolon""}"
"5825.099999987287","","survey-multi-choice","34","519244","0.0-34.0","5y93f","unlusuleymanakif@gmail.com","Süleyman","z","","F19","null","{""Q0"":""Sevinir""}"
"1521.100000012666","","survey-multi-choice","35","520781","0.0-35.0","5y93f","unlusuleymanakif@gmail.com","Süleyman","z","","Q19","Fizik","{""Q0"":""Biyoloji""}"
"1121.2999999988824","","survey-multi-choice","36","521917","0.0-36.0","5y93f","unlusuleymanakif@gmail.com","Süleyman","z","","C01","null","{""Q0"":""Sevinir""}"
"1077.5999999896158","","survey-multi-choice","37","523011","0.0-37.0","5y93f","unlusuleymanakif@gmail.com","Süleyman","z","","Q01","Arda","{""Q0"":""Melih""}"
"1062.3999999952503","","survey-multi-choice","38","524087","0.0-38.0","5y93f","unlusuleymanakif@gmail.com","Süleyman","z","","F14","null","{""Q0"":""Üzülür""}"
"1060.8999999822117","","survey-multi-choice","39","525156","0.0-39.0","5y93f","unlusuleymanakif@gmail.com","Süleyman","z","","Q14","Birinci","{""Q0"":""Üçüncü""}"
"1199.6999999973923","","survey-multi-choice","40","526368","0.0-40.0","5y93f","unlusuleymanakif@gmail.com","Süleyman","z","","F21","null","{""Q0"":""Üzülür""}"
"1210.3000000061002","","survey-multi-choice","41","527594","0.0-41.0","5y93f","unlusuleymanakif@gmail.com","Süleyman","z","","Q21","Odun","{""Q0"":""Çöp""}"
"1086.9999999995343","","survey-multi-choice","42","528697","0.0-42.0","5y93f","unlusuleymanakif@gmail.com","Süleyman","z","","C03","null","{""Q0"":""Sevinir""}"
"964.8999999917578","","survey-multi-choice","43","529680","0.0-43.0","5y93f","unlusuleymanakif@gmail.com","Süleyman","z","","Q03","Ofis","{""Q0"":""Mağaza""}"
"1060.1000000024214","","survey-multi-choice","44","530755","0.0-44.0","5y93f","unlusuleymanakif@gmail.com","Süleyman","z","","F15","null","{""Q0"":""Sevinir""}"
"999.1999999911059","","survey-multi-choice","45","531771","0.0-45.0","5y93f","unlusuleymanakif@gmail.com","Süleyman","z","","Q15","Altı","{""Q0"":""Dokuz""}"
"1077.3000000044703","","survey-multi-choice","46","532857","0.0-46.0","5y93f","unlusuleymanakif@gmail.com","Süleyman","z","","F17","null","{""Q0"":""Üzülür""}"
"1006.4000000129454","","survey-multi-choice","47","533881","0.0-47.0","5y93f","unlusuleymanakif@gmail.com","Süleyman","z","","Q17","Öğle yemeği","{""Q0"":""Kahvaltı""}"
"4014.3999999854714","","survey-multi-choice","48","537910","0.0-48.0","5y93f","unlusuleymanakif@gmail.com","Süleyman","z","","F24","null","{""Q0"":""Üzülür""}"
"1258.399999991525","","survey-multi-choice","49","539185","0.0-49.0","5y93f","unlusuleymanakif@gmail.com","Süleyman","z","","Q24","Tokyo","{""Q0"":""Tokyo""}"
"3278.599999990547","","instructions","50","542489","0.0-50.0","5y93f","unlusuleymanakif@gmail.com","Süleyman","z","[{""page_index"":0,""viewing_time"":3277.399999991758}]","","",""
