"rt","url","trial_type","trial_index","time_elapsed","internal_node_id","subject","subject_email","subject_name","group","view_history","id","correct","responses"
"33459.29999999498","resources/welcome.html","external-html","0","33564","0.0-0.0","o59jv","egeardaanilan@gmail.com","Ege Arda Anılan","z","","","",""
"14453.300000001036","","instructions","1","48029","0.0-1.0","o59jv","egeardaanilan@gmail.com","Ege Arda Anılan","z","[{""page_index"":0,""viewing_time"":14439.700000002631}]","","",""
"14971.700000001874","","survey-multi-choice","2","63036","0.0-2.0","o59jv","egeardaanilan@gmail.com","Ege Arda Anılan","z","","F14","null","{""Q0"":""Sevinir""}"
"5783.599999995204","","survey-multi-choice","3","68845","0.0-3.0","o59jv","egeardaanilan@gmail.com","Ege Arda Anılan","z","","Q14","Birinci","{""Q0"":""İkinci""}"
"20872.300000002724","","survey-multi-choice","4","89728","0.0-4.0","o59jv","egeardaanilan@gmail.com","Ege Arda Anılan","z","","F09","null","{""Q0"":""Sevinir""}"
"7509.0000000054715","","survey-multi-choice","5","97249","0.0-5.0","o59jv","egeardaanilan@gmail.com","Ege Arda Anılan","z","","Q09","Yemekhane","{""Q0"":""Yemekhane""}"
"8630.500000006577","","survey-multi-choice","6","105897","0.0-6.0","o59jv","egeardaanilan@gmail.com","Ege Arda Anılan","z","","F07","null","{""Q0"":""Üzülür""}"
"3569.999999999709","","survey-multi-choice","7","109491","0.0-7.0","o59jv","egeardaanilan@gmail.com","Ege Arda Anılan","z","","Q07","Kardan adam","{""Q0"":""Kardan adam""}"
"17841.200000002573","","survey-multi-choice","8","127354","0.0-8.0","o59jv","egeardaanilan@gmail.com","Ege Arda Anılan","z","","C01","null","{""Q0"":""Üzülür""}"
"3076.099999998405","","survey-multi-choice","9","130452","0.0-9.0","o59jv","egeardaanilan@gmail.com","Ege Arda Anılan","z","","Q01","Arda","{""Q0"":""Arda""}"
"14618.500000004133","","survey-multi-choice","10","144560","0.0-10.0","o59jv","egeardaanilan@gmail.com","Ege Arda Anılan","z","","F08","null","{""Q0"":""Üzülür""}"
"4161.89999999915","","survey-multi-choice","11","148737","0.0-11.0","o59jv","egeardaanilan@gmail.com","Ege Arda Anılan","z","","Q08","Tenis","{""Q0"":""Tenis""}"
"10275.299999993877","","survey-multi-choice","12","159036","0.0-12.0","o59jv","egeardaanilan@gmail.com","Ege Arda Anılan","z","","F11","null","{""Q0"":""Üzülür""}"
"2808.2999999969616","","survey-multi-choice","13","161868","0.0-13.0","o59jv","egeardaanilan@gmail.com","Ege Arda Anılan","z","","Q11","Ayakkabı","{""Q0"":""Ayakkabı""}"
"10881.30000000092","","survey-multi-choice","14","172762","0.0-14.0","o59jv","egeardaanilan@gmail.com","Ege Arda Anılan","z","","C02","null","{""Q0"":""Sevinir""}"
"3580.600000001141","","survey-multi-choice","15","176367","0.0-15.0","o59jv","egeardaanilan@gmail.com","Ege Arda Anılan","z","","Q02","Oyuncak bebek","{""Q0"":""Oyuncak bebek""}"
"15512.099999999919","","survey-multi-choice","16","191898","0.0-16.0","o59jv","egeardaanilan@gmail.com","Ege Arda Anılan","z","","F13","null","{""Q0"":""Sevinir""}"
"2713.10000000085","","survey-multi-choice","17","194624","0.0-17.0","o59jv","egeardaanilan@gmail.com","Ege Arda Anılan","z","","Q13","Kars","{""Q0"":""Kars""}"
"11370.199999997567","","survey-multi-choice","18","206016","0.0-18.0","o59jv","egeardaanilan@gmail.com","Ege Arda Anılan","z","","F24","null","{""Q0"":""Sevinir""}"
"2606.899999998859","","survey-multi-choice","19","208641","0.0-19.0","o59jv","egeardaanilan@gmail.com","Ege Arda Anılan","z","","Q24","Tokyo","{""Q0"":""Tokyo""}"
"7192.10000000021","","survey-multi-choice","20","215854","0.0-20.0","o59jv","egeardaanilan@gmail.com","Ege Arda Anılan","z","","F22","null","{""Q0"":""Sevinir""}"
"2778.3999999955995","","survey-multi-choice","21","218661","0.0-21.0","o59jv","egeardaanilan@gmail.com","Ege Arda Anılan","z","","Q22","Yoğun","{""Q0"":""Yoğun""}"
"18298.499999997148","","survey-multi-choice","22","236979","0.0-22.0","o59jv","egeardaanilan@gmail.com","Ege Arda Anılan","z","","C04","null","{""Q0"":""Üzülür""}"
"2920.399999995425","","survey-multi-choice","23","239924","0.0-23.0","o59jv","egeardaanilan@gmail.com","Ege Arda Anılan","z","","Q04","Kamp","{""Q0"":""Kamp""}"
"9582.300000001851","","survey-multi-choice","24","249526","0.0-24.0","o59jv","egeardaanilan@gmail.com","Ege Arda Anılan","z","","F16","null","{""Q0"":""Sevinir""}"
"2282.2999999989406","","survey-multi-choice","25","251821","0.0-25.0","o59jv","egeardaanilan@gmail.com","Ege Arda Anılan","z","","Q16","Kafe","{""Q0"":""Kafe""}"
"5087.100000004284","","survey-multi-choice","26","256922","0.0-26.0","o59jv","egeardaanilan@gmail.com","Ege Arda Anılan","z","","F21","null","{""Q0"":""Üzülür""}"
"3047.100000003411","","survey-multi-choice","27","260432","0.0-27.0","o59jv","egeardaanilan@gmail.com","Ege Arda Anılan","z","","Q21","Odun","{""Q0"":""Odun""}"
"11367.299999998068","","survey-multi-choice","28","271815","0.0-28.0","o59jv","egeardaanilan@gmail.com","Ege Arda Anılan","z","","F20","null","{""Q0"":""Üzülür""}"
"2527.0999999993364","","survey-multi-choice","29","274361","0.0-29.0","o59jv","egeardaanilan@gmail.com","Ege Arda Anılan","z","","Q20","Piyango bileti","{""Q0"":""Piyango bileti""}"
"13662.199999998847","","survey-multi-choice","30","288044","0.0-30.0","o59jv","egeardaanilan@gmail.com","Ege Arda Anılan","z","","C03","null","{""Q0"":""Üzülür""}"
"7874.600000002829","","survey-multi-choice","31","295942","0.0-31.0","o59jv","egeardaanilan@gmail.com","Ege Arda Anılan","z","","Q03","Ofis","{""Q0"":""Ofis""}"
"7310.199999999895","","survey-multi-choice","32","303278","0.0-32.0","o59jv","egeardaanilan@gmail.com","Ege Arda Anılan","z","","F19","null","{""Q0"":""Üzülür""}"
"2254.400000005262","","survey-multi-choice","33","305561","0.0-33.0","o59jv","egeardaanilan@gmail.com","Ege Arda Anılan","z","","Q19","Fizik","{""Q0"":""Fizik""}"
"22862.90000000008","","survey-multi-choice","34","328451","0.0-34.0","o59jv","egeardaanilan@gmail.com","Ege Arda Anılan","z","","F18","null","{""Q0"":""Sevinir""}"
"2293.999999994412","","survey-multi-choice","35","330762","0.0-35.0","o59jv","egeardaanilan@gmail.com","Ege Arda Anılan","z","","Q18","Çilek","{""Q0"":""Çilek""}"
"6942.699999999604","","survey-multi-choice","36","337729","0.0-36.0","o59jv","egeardaanilan@gmail.com","Ege Arda Anılan","z","","C05","null","{""Q0"":""Sevinir""}"
"6458.50000000064","","survey-multi-choice","37","344206","0.0-37.0","o59jv","egeardaanilan@gmail.com","Ege Arda Anılan","z","","Q05","Matematik","{""Q0"":""Matematik""}"
"7504.899999999907","","survey-multi-choice","38","351734","0.0-38.0","o59jv","egeardaanilan@gmail.com","Ege Arda Anılan","z","","F15","null","{""Q0"":""Üzülür""}"
"3575.799999998708","","survey-multi-choice","39","355336","0.0-39.0","o59jv","egeardaanilan@gmail.com","Ege Arda Anılan","z","","Q15","Altı","{""Q0"":""Altı""}"
"8301.59999999887","","survey-multi-choice","40","363660","0.0-40.0","o59jv","egeardaanilan@gmail.com","Ege Arda Anılan","z","","F10","null","{""Q0"":""Sevinir""}"
"2339.2000000021653","","survey-multi-choice","41","366017","0.0-41.0","o59jv","egeardaanilan@gmail.com","Ege Arda Anılan","z","","Q10","Yüksek lisans","{""Q0"":""Yüksek lisans""}"
"12106.89999999886","","survey-multi-choice","42","378149","0.0-42.0","o59jv","egeardaanilan@gmail.com","Ege Arda Anılan","z","","C06","null","{""Q0"":""Üzülür""}"
"11669.90000000078","","survey-multi-choice","43","389862","0.0-43.0","o59jv","egeardaanilan@gmail.com","Ege Arda Anılan","z","","Q06","Müdür","{""Q0"":""Müdür""}"
"5041.700000001583","","survey-multi-choice","44","394922","0.0-44.0","o59jv","egeardaanilan@gmail.com","Ege Arda Anılan","z","","F23","null","{""Q0"":""Üzülür""}"
"2264.8000000044703","","survey-multi-choice","45","397212","0.0-45.0","o59jv","egeardaanilan@gmail.com","Ege Arda Anılan","z","","Q23","Çarpışan arabalar","{""Q0"":""Çarpışan arabalar""}"
"18543.400000002293","","survey-multi-choice","46","415782","0.0-46.0","o59jv","egeardaanilan@gmail.com","Ege Arda Anılan","z","","F12","null","{""Q0"":""Üzülür""}"
"3551.899999998568","","survey-multi-choice","47","419358","0.0-47.0","o59jv","egeardaanilan@gmail.com","Ege Arda Anılan","z","","Q12","Para biriktirmek","{""Q0"":""Para biriktirmek""}"
"10283.799999997427","","survey-multi-choice","48","429666","0.0-48.0","o59jv","egeardaanilan@gmail.com","Ege Arda Anılan","z","","F17","null","{""Q0"":""Üzülür""}"
"2650.1999999964028","","survey-multi-choice","49","432332","0.0-49.0","o59jv","egeardaanilan@gmail.com","Ege Arda Anılan","z","","Q17","Öğle yemeği","{""Q0"":""Akşam yemeği""}"
"4278.200000000652","","instructions","50","436650","0.0-50.0","o59jv","egeardaanilan@gmail.com","Ege Arda Anılan","z","[{""page_index"":0,""viewing_time"":4274.600000004284}]","","",""
