"rt","url","trial_type","trial_index","time_elapsed","internal_node_id","subject","subject_email","subject_name","group","view_history","id","correct","responses"
"38055","resources/welcome.html","external-html","0","38170","0.0-0.0","lj2sq","colgun@metu.edu.tr","Çağla","z","","","",""
"7892.000000000007","","instructions","1","46066","0.0-1.0","lj2sq","colgun@metu.edu.tr","Çağla","z","[{""page_index"":0,""viewing_time"":7886}]","","",""
"15933","","survey-multi-choice","2","62008","0.0-2.0","lj2sq","colgun@metu.edu.tr","Çağla","z","","F14","null","{""Q0"":""Sevinir""}"
"3914.9999999999927","","survey-multi-choice","3","65930","0.0-3.0","lj2sq","colgun@metu.edu.tr","Çağla","z","","Q14","Birinci","{""Q0"":""İkinci""}"
"6453","","survey-multi-choice","4","72394","0.0-4.0","lj2sq","colgun@metu.edu.tr","Çağla","z","","F22","null","{""Q0"":""Sevinir""}"
"14461","","survey-multi-choice","5","86864","0.0-5.0","lj2sq","colgun@metu.edu.tr","Çağla","z","","Q22","Yoğun","{""Q0"":""Yoğun""}"
"6925","","survey-multi-choice","6","93803","0.0-6.0","lj2sq","colgun@metu.edu.tr","Çağla","z","","F19","null","{""Q0"":""Üzülür""}"
"5332.999999999985","","survey-multi-choice","7","99148","0.0-7.0","lj2sq","colgun@metu.edu.tr","Çağla","z","","Q19","Fizik","{""Q0"":""Fizik""}"
"13951.999999999985","","survey-multi-choice","8","113113","0.0-8.0","lj2sq","colgun@metu.edu.tr","Çağla","z","","C01","null","{""Q0"":""Sevinir""}"
"3773","","survey-multi-choice","9","116896","0.0-9.0","lj2sq","colgun@metu.edu.tr","Çağla","z","","Q01","Arda","{""Q0"":""Arda""}"
"5998","","survey-multi-choice","10","122899","0.0-10.0","lj2sq","colgun@metu.edu.tr","Çağla","z","","F09","null","{""Q0"":""Sevinir""}"
"3120.9999999999854","","survey-multi-choice","11","126031","0.0-11.0","lj2sq","colgun@metu.edu.tr","Çağla","z","","Q09","Yemekhane","{""Q0"":""Yemekhane""}"
"7997","","survey-multi-choice","12","134034","0.0-12.0","lj2sq","colgun@metu.edu.tr","Çağla","z","","F21","null","{""Q0"":""Üzülür""}"
"2589","","survey-multi-choice","13","136633","0.0-13.0","lj2sq","colgun@metu.edu.tr","Çağla","z","","Q21","Odun","{""Q0"":""Odun""}"
"8291","","survey-multi-choice","14","144932","0.0-14.0","lj2sq","colgun@metu.edu.tr","Çağla","z","","C06","null","{""Q0"":""Üzülür""}"
"3361","","survey-multi-choice","15","148300","0.0-15.0","lj2sq","colgun@metu.edu.tr","Çağla","z","","Q06","Müdür","{""Q0"":""Müdür""}"
"10109","","survey-multi-choice","16","158418","0.0-16.0","lj2sq","colgun@metu.edu.tr","Çağla","z","","F07","null","{""Q0"":""Üzülür""}"
"4186.000000000029","","survey-multi-choice","17","162617","0.0-17.0","lj2sq","colgun@metu.edu.tr","Çağla","z","","Q07","Kardan adam","{""Q0"":""Kardan adam""}"
"16913","","survey-multi-choice","18","179540","0.0-18.0","lj2sq","colgun@metu.edu.tr","Çağla","z","","F17","null","{""Q0"":""Sevinir""}"
"2787","","survey-multi-choice","19","182341","0.0-19.0","lj2sq","colgun@metu.edu.tr","Çağla","z","","Q17","Öğle yemeği","{""Q0"":""Akşam yemeği""}"
"10670","","survey-multi-choice","20","193020","0.0-20.0","lj2sq","colgun@metu.edu.tr","Çağla","z","","F16","null","{""Q0"":""Sevinir""}"
"23562","","survey-multi-choice","21","216588","0.0-21.0","lj2sq","colgun@metu.edu.tr","Çağla","z","","Q16","Kafe","{""Q0"":""Kafe""}"
"12337.00000000003","","survey-multi-choice","22","228940","0.0-22.0","lj2sq","colgun@metu.edu.tr","Çağla","z","","C02","null","{""Q0"":""Üzülür""}"
"4893","","survey-multi-choice","23","233843","0.0-23.0","lj2sq","colgun@metu.edu.tr","Çağla","z","","Q02","Oyuncak bebek","{""Q0"":""Oyuncak bebek""}"
"13807","","survey-multi-choice","24","247659","0.0-24.0","lj2sq","colgun@metu.edu.tr","Çağla","z","","F11","null","{""Q0"":""Üzülür""}"
"2621.999999999971","","survey-multi-choice","25","250293","0.0-25.0","lj2sq","colgun@metu.edu.tr","Çağla","z","","Q11","Ayakkabı","{""Q0"":""Ayakkabı""}"
"10009.00000000003","","survey-multi-choice","26","260311","0.0-26.0","lj2sq","colgun@metu.edu.tr","Çağla","z","","F13","null","{""Q0"":""Sevinir""}"
"6772","","survey-multi-choice","27","267093","0.0-27.0","lj2sq","colgun@metu.edu.tr","Çağla","z","","Q13","Kars","{""Q0"":""Kars""}"
"5738.999999999942","","survey-multi-choice","28","272843","0.0-28.0","lj2sq","colgun@metu.edu.tr","Çağla","z","","F23","null","{""Q0"":""Üzülür""}"
"4343","","survey-multi-choice","29","277194","0.0-29.0","lj2sq","colgun@metu.edu.tr","Çağla","z","","Q23","Çarpışan arabalar","{""Q0"":""Çarpışan arabalar""}"
"18608","","survey-multi-choice","30","295812","0.0-30.0","lj2sq","colgun@metu.edu.tr","Çağla","z","","C04","null","{""Q0"":""Sevinir""}"
"5368","","survey-multi-choice","31","301195","0.0-31.0","lj2sq","colgun@metu.edu.tr","Çağla","z","","Q04","Kamp","{""Q0"":""Kamp""}"
"14652","","survey-multi-choice","32","315868","0.0-32.0","lj2sq","colgun@metu.edu.tr","Çağla","z","","F08","null","{""Q0"":""Üzülür""}"
"5120.000000000058","","survey-multi-choice","33","320997","0.0-33.0","lj2sq","colgun@metu.edu.tr","Çağla","z","","Q08","Tenis","{""Q0"":""Tenis""}"
"13649","","survey-multi-choice","34","334657","0.0-34.0","lj2sq","colgun@metu.edu.tr","Çağla","z","","F24","null","{""Q0"":""Sevinir""}"
"2537","","survey-multi-choice","35","337200","0.0-35.0","lj2sq","colgun@metu.edu.tr","Çağla","z","","Q24","Tokyo","{""Q0"":""Tokyo""}"
"8589","","survey-multi-choice","36","345800","0.0-36.0","lj2sq","colgun@metu.edu.tr","Çağla","z","","C05","null","{""Q0"":""Üzülür""}"
"3875","","survey-multi-choice","37","349686","0.0-37.0","lj2sq","colgun@metu.edu.tr","Çağla","z","","Q05","Matematik","{""Q0"":""Matematik""}"
"6538.999999999942","","survey-multi-choice","38","356232","0.0-38.0","lj2sq","colgun@metu.edu.tr","Çağla","z","","F12","null","{""Q0"":""Sevinir""}"
"4003.000000000058","","survey-multi-choice","39","360246","0.0-39.0","lj2sq","colgun@metu.edu.tr","Çağla","z","","Q12","Para biriktirmek","{""Q0"":""Para biriktirmek""}"
"15417","","survey-multi-choice","40","375675","0.0-40.0","lj2sq","colgun@metu.edu.tr","Çağla","z","","F15","null","{""Q0"":""Sevinir""}"
"4001.000000000058","","survey-multi-choice","41","379681","0.0-41.0","lj2sq","colgun@metu.edu.tr","Çağla","z","","Q15","Altı","{""Q0"":""Altı""}"
"6572","","survey-multi-choice","42","386265","0.0-42.0","lj2sq","colgun@metu.edu.tr","Çağla","z","","C03","null","{""Q0"":""Üzülür""}"
"8704","","survey-multi-choice","43","394983","0.0-43.0","lj2sq","colgun@metu.edu.tr","Çağla","z","","Q03","Ofis","{""Q0"":""Ofis""}"
"8745","","survey-multi-choice","44","403735","0.0-44.0","lj2sq","colgun@metu.edu.tr","Çağla","z","","F10","null","{""Q0"":""Sevinir""}"
"2556","","survey-multi-choice","45","406304","0.0-45.0","lj2sq","colgun@metu.edu.tr","Çağla","z","","Q10","Yüksek lisans","{""Q0"":""Yüksek lisans""}"
"8623","","survey-multi-choice","46","414935","0.0-46.0","lj2sq","colgun@metu.edu.tr","Çağla","z","","F20","null","{""Q0"":""Üzülür""}"
"3518","","survey-multi-choice","47","418469","0.0-47.0","lj2sq","colgun@metu.edu.tr","Çağla","z","","Q20","Piyango bileti","{""Q0"":""Piyango bileti""}"
"126565","","survey-multi-choice","48","671629","0.0-48.0","lj2sq","colgun@metu.edu.tr","Çağla","z","","F18","null","{""Q0"":""Sevinir""}"
"3817","","survey-multi-choice","49","675461","0.0-49.0","lj2sq","colgun@metu.edu.tr","Çağla","z","","Q18","Çilek","{""Q0"":""Çilek""}"
