"rt","url","trial_type","trial_index","time_elapsed","internal_node_id","subject","subject_email","subject_name","group","view_history","id","correct","responses"
"67703.90000008047","resources/welcome.html","external-html","0","67816","0.0-0.0","e7gak","betuluyumaz@gmail.com","Betül Uyumaz","z","","","",""
"27064.900000113994","","instructions","1","94889","0.0-1.0","e7gak","betuluyumaz@gmail.com","Betül Uyumaz","z","[{""page_index"":0,""viewing_time"":27061.500000068918}]","","",""
"15569.299999857321","","survey-multi-choice","2","110481","0.0-2.0","e7gak","betuluyumaz@gmail.com","Betül Uyumaz","z","","F09","null","{""Q0"":""Sevinir""}"
"7009.799999883398","","survey-multi-choice","3","117505","0.0-3.0","e7gak","betuluyumaz@gmail.com","Betül Uyumaz","z","","Q09","Yemekhane","{""Q0"":""Yemekhane""}"
"8680.30000012368","","survey-multi-choice","4","126206","0.0-4.0","e7gak","betuluyumaz@gmail.com","Betül Uyumaz","z","","F21","null","{""Q0"":""Üzülür""}"
"7386.900000041351","","survey-multi-choice","5","133608","0.0-5.0","e7gak","betuluyumaz@gmail.com","Betül Uyumaz","z","","Q21","Odun","{""Q0"":""Odun""}"
"18420.599999837577","","survey-multi-choice","6","152044","0.0-6.0","e7gak","betuluyumaz@gmail.com","Betül Uyumaz","z","","F17","null","{""Q0"":""Üzülür""}"
"4188.000000081956","","survey-multi-choice","7","156241","0.0-7.0","e7gak","betuluyumaz@gmail.com","Betül Uyumaz","z","","Q17","Öğle yemeği","{""Q0"":""Akşam yemeği""}"
"11936.100000049919","","survey-multi-choice","8","168187","0.0-8.0","e7gak","betuluyumaz@gmail.com","Betül Uyumaz","z","","C03","null","{""Q0"":""Üzülür""}"
"5488.10000019148","","survey-multi-choice","9","173693","0.0-9.0","e7gak","betuluyumaz@gmail.com","Betül Uyumaz","z","","Q03","Ofis","{""Q0"":""Ofis""}"
"8321.90000009723","","survey-multi-choice","10","182031","0.0-10.0","e7gak","betuluyumaz@gmail.com","Betül Uyumaz","z","","F13","null","{""Q0"":""Sevinir""}"
"2506.1000001151115","","survey-multi-choice","11","184554","0.0-11.0","e7gak","betuluyumaz@gmail.com","Betül Uyumaz","z","","Q13","Kars","{""Q0"":""Kars""}"
"9948.600000003353","","survey-multi-choice","12","194518","0.0-12.0","e7gak","betuluyumaz@gmail.com","Betül Uyumaz","z","","F24","null","{""Q0"":""Sevinir""}"
"2547.5999999325722","","survey-multi-choice","13","197085","0.0-13.0","e7gak","betuluyumaz@gmail.com","Betül Uyumaz","z","","Q24","Tokyo","{""Q0"":""Tokyo""}"
"25349.69999990426","","survey-multi-choice","14","222450","0.0-14.0","e7gak","betuluyumaz@gmail.com","Betül Uyumaz","z","","C01","null","{""Q0"":""Sevinir""}"
"3747.2999999299645","","survey-multi-choice","15","226211","0.0-15.0","e7gak","betuluyumaz@gmail.com","Betül Uyumaz","z","","Q01","Arda","{""Q0"":""Arda""}"
"27456.399999791756","","survey-multi-choice","16","253685","0.0-16.0","e7gak","betuluyumaz@gmail.com","Betül Uyumaz","z","","F08","null","{""Q0"":""Üzülür""}"
"4562.099999981001","","survey-multi-choice","17","258259","0.0-17.0","e7gak","betuluyumaz@gmail.com","Betül Uyumaz","z","","Q08","Tenis","{""Q0"":""Tenis""}"
"18024.6000001207","","survey-multi-choice","18","276300","0.0-18.0","e7gak","betuluyumaz@gmail.com","Betül Uyumaz","z","","F16","null","{""Q0"":""Sevinir""}"
"3560.0000000558794","","survey-multi-choice","19","279870","0.0-19.0","e7gak","betuluyumaz@gmail.com","Betül Uyumaz","z","","Q16","Kafe","{""Q0"":""Kafe""}"
"8957.300000125542","","survey-multi-choice","20","288846","0.0-20.0","e7gak","betuluyumaz@gmail.com","Betül Uyumaz","z","","F18","null","{""Q0"":""Sevinir""}"
"2163.799999980256","","survey-multi-choice","21","291030","0.0-21.0","e7gak","betuluyumaz@gmail.com","Betül Uyumaz","z","","Q18","Çilek","{""Q0"":""Çilek""}"
"11577.99999997951","","survey-multi-choice","22","302625","0.0-22.0","e7gak","betuluyumaz@gmail.com","Betül Uyumaz","z","","C05","null","{""Q0"":""Üzülür""}"
"2098.5999999102205","","survey-multi-choice","23","304736","0.0-23.0","e7gak","betuluyumaz@gmail.com","Betül Uyumaz","z","","Q05","Matematik","{""Q0"":""Matematik""}"
"7783.399999840185","","survey-multi-choice","24","312538","0.0-24.0","e7gak","betuluyumaz@gmail.com","Betül Uyumaz","z","","F10","null","{""Q0"":""Sevinir""}"
"2972.9999999981374","","survey-multi-choice","25","315527","0.0-25.0","e7gak","betuluyumaz@gmail.com","Betül Uyumaz","z","","Q10","Yüksek lisans","{""Q0"":""Yüksek lisans""}"
"17193.800000008196","","survey-multi-choice","26","332740","0.0-26.0","e7gak","betuluyumaz@gmail.com","Betül Uyumaz","z","","F19","null","{""Q0"":""Üzülür""}"
"3217.299999902025","","survey-multi-choice","27","335978","0.0-27.0","e7gak","betuluyumaz@gmail.com","Betül Uyumaz","z","","Q19","Fizik","{""Q0"":""Fizik""}"
"18829.200000036508","","survey-multi-choice","28","354831","0.0-28.0","e7gak","betuluyumaz@gmail.com","Betül Uyumaz","z","","F20","null","{""Q0"":""Üzülür""}"
"3357.1999999694526","","survey-multi-choice","29","358208","0.0-29.0","e7gak","betuluyumaz@gmail.com","Betül Uyumaz","z","","Q20","Piyango bileti","{""Q0"":""Piyango bileti""}"
"20792.70000010729","","survey-multi-choice","30","379015","0.0-30.0","e7gak","betuluyumaz@gmail.com","Betül Uyumaz","z","","C06","null","{""Q0"":""Sevinir""}"
"4253.59999993816","","survey-multi-choice","31","383291","0.0-31.0","e7gak","betuluyumaz@gmail.com","Betül Uyumaz","z","","Q06","Müdür","{""Q0"":""Müdür""}"
"16870.7000000868","","survey-multi-choice","32","400179","0.0-32.0","e7gak","betuluyumaz@gmail.com","Betül Uyumaz","z","","F15","null","{""Q0"":""Üzülür""}"
"2915.79999984242","","survey-multi-choice","33","403115","0.0-33.0","e7gak","betuluyumaz@gmail.com","Betül Uyumaz","z","","Q15","Altı","{""Q0"":""Altı""}"
"8358.999999938533","","survey-multi-choice","34","411494","0.0-34.0","e7gak","betuluyumaz@gmail.com","Betül Uyumaz","z","","F11","null","{""Q0"":""Üzülür""}"
"2148.300000000745","","survey-multi-choice","35","413665","0.0-35.0","e7gak","betuluyumaz@gmail.com","Betül Uyumaz","z","","Q11","Ayakkabı","{""Q0"":""Ayakkabı""}"
"13263.999999966472","","survey-multi-choice","36","426955","0.0-36.0","e7gak","betuluyumaz@gmail.com","Betül Uyumaz","z","","C02","null","{""Q0"":""Sevinir""}"
"2848.699999973178","","survey-multi-choice","37","429827","0.0-37.0","e7gak","betuluyumaz@gmail.com","Betül Uyumaz","z","","Q02","Oyuncak bebek","{""Q0"":""Oyuncak bebek""}"
"10538.2999998983","","survey-multi-choice","38","440380","0.0-38.0","e7gak","betuluyumaz@gmail.com","Betül Uyumaz","z","","F07","null","{""Q0"":""Üzülür""}"
"2567.4000000581145","","survey-multi-choice","39","442962","0.0-39.0","e7gak","betuluyumaz@gmail.com","Betül Uyumaz","z","","Q07","Kardan adam","{""Q0"":""Kardan adam""}"
"9506.999999983236","","survey-multi-choice","40","452488","0.0-40.0","e7gak","betuluyumaz@gmail.com","Betül Uyumaz","z","","F22","null","{""Q0"":""Sevinir""}"
"2548.39999997057","","survey-multi-choice","41","455058","0.0-41.0","e7gak","betuluyumaz@gmail.com","Betül Uyumaz","z","","Q22","Yoğun","{""Q0"":""Yoğun""}"
"17789.39999989234","","survey-multi-choice","42","472861","0.0-42.0","e7gak","betuluyumaz@gmail.com","Betül Uyumaz","z","","C04","null","{""Q0"":""Sevinir""}"
"4246.000000042841","","survey-multi-choice","43","477129","0.0-43.0","e7gak","betuluyumaz@gmail.com","Betül Uyumaz","z","","Q04","Kamp","{""Q0"":""Kamp""}"
"13429.89999987185","","survey-multi-choice","44","490578","0.0-44.0","e7gak","betuluyumaz@gmail.com","Betül Uyumaz","z","","F12","null","{""Q0"":""Sevinir""}"
"3741.6999998968095","","survey-multi-choice","45","494340","0.0-45.0","e7gak","betuluyumaz@gmail.com","Betül Uyumaz","z","","Q12","Para biriktirmek","{""Q0"":""Para biriktirmek""}"
"12286.100000143051","","survey-multi-choice","46","506647","0.0-46.0","e7gak","betuluyumaz@gmail.com","Betül Uyumaz","z","","F23","null","{""Q0"":""Üzülür""}"
"3567.5999999511987","","survey-multi-choice","47","510236","0.0-47.0","e7gak","betuluyumaz@gmail.com","Betül Uyumaz","z","","Q23","Çarpışan arabalar","{""Q0"":""Çarpışan arabalar""}"
"12948.899999959394","","survey-multi-choice","48","523200","0.0-48.0","e7gak","betuluyumaz@gmail.com","Betül Uyumaz","z","","F14","null","{""Q0"":""Sevinir""}"
"4824.999999953434","","survey-multi-choice","49","528040","0.0-49.0","e7gak","betuluyumaz@gmail.com","Betül Uyumaz","z","","Q14","Birinci","{""Q0"":""İkinci""}"
"4920.599999837577","","instructions","50","532987","0.0-50.0","e7gak","betuluyumaz@gmail.com","Betül Uyumaz","z","[{""page_index"":0,""viewing_time"":4918.399999849498}]","","",""
