"rt","url","trial_type","trial_index","time_elapsed","internal_node_id","subject","subject_email","subject_name","group","view_history","id","correct","responses"
"19055","resources/welcome.html","external-html","0","19147","0.0-0.0","662qq","adadefneyaman@gmail.com","Defne","z","","","",""
"2264","","instructions","1","21417","0.0-1.0","662qq","adadefneyaman@gmail.com","Defne","z","[{""page_index"":0,""viewing_time"":2255}]","","",""
"12918","","survey-multi-choice","2","34357","0.0-2.0","662qq","adadefneyaman@gmail.com","Defne","z","","F14","null","{""Q0"":""Sevinir""}"
"5036","","survey-multi-choice","3","39400","0.0-3.0","662qq","adadefneyaman@gmail.com","Defne","z","","Q14","Birinci","{""Q0"":""İkinci""}"
"8973","","survey-multi-choice","4","48379","0.0-4.0","662qq","adadefneyaman@gmail.com","Defne","z","","F09","null","{""Q0"":""Sevinir""}"
"3389.9999999999927","","survey-multi-choice","5","51776","0.0-5.0","662qq","adadefneyaman@gmail.com","Defne","z","","Q09","Yemekhane","{""Q0"":""Yemekhane""}"
"9864.999999999993","","survey-multi-choice","6","61647","0.0-6.0","662qq","adadefneyaman@gmail.com","Defne","z","","F08","null","{""Q0"":""Üzülür""}"
"3405.0000000000073","","survey-multi-choice","7","65057","0.0-7.0","662qq","adadefneyaman@gmail.com","Defne","z","","Q08","Tenis","{""Q0"":""Tenis""}"
"10904","","survey-multi-choice","8","75965","0.0-8.0","662qq","adadefneyaman@gmail.com","Defne","z","","C03","null","{""Q0"":""Üzülür""}"
"2851.9999999999854","","survey-multi-choice","9","78822","0.0-9.0","662qq","adadefneyaman@gmail.com","Defne","z","","Q03","Ofis","{""Q0"":""Ofis""}"
"57068","","survey-multi-choice","10","135897","0.0-10.0","662qq","adadefneyaman@gmail.com","Defne","z","","F18","null","{""Q0"":""Sevinir""}"
"2432.000000000029","","survey-multi-choice","11","138335","0.0-11.0","662qq","adadefneyaman@gmail.com","Defne","z","","Q18","Çilek","{""Q0"":""Çilek""}"
"9073","","survey-multi-choice","12","147413","0.0-12.0","662qq","adadefneyaman@gmail.com","Defne","z","","F19","null","{""Q0"":""Üzülür""}"
"2869","","survey-multi-choice","13","150287","0.0-13.0","662qq","adadefneyaman@gmail.com","Defne","z","","Q19","Fizik","{""Q0"":""Matematik""}"
"58563","","survey-multi-choice","14","208857","0.0-14.0","662qq","adadefneyaman@gmail.com","Defne","z","","C04","null","{""Q0"":""Sevinir""}"
"2662","","survey-multi-choice","15","211523","0.0-15.0","662qq","adadefneyaman@gmail.com","Defne","z","","Q04","Kamp","{""Q0"":""Kamp""}"
"9441","","survey-multi-choice","16","220969","0.0-16.0","662qq","adadefneyaman@gmail.com","Defne","z","","F15","null","{""Q0"":""Sevinir""}"
"3218.999999999971","","survey-multi-choice","17","224193","0.0-17.0","662qq","adadefneyaman@gmail.com","Defne","z","","Q15","Altı","{""Q0"":""Altı""}"
"11134","","survey-multi-choice","18","235331","0.0-18.0","662qq","adadefneyaman@gmail.com","Defne","z","","F23","null","{""Q0"":""Üzülür""}"
"2837","","survey-multi-choice","19","238174","0.0-19.0","662qq","adadefneyaman@gmail.com","Defne","z","","Q23","Çarpışan arabalar","{""Q0"":""Çarpışan arabalar""}"
"7008","","survey-multi-choice","20","245187","0.0-20.0","662qq","adadefneyaman@gmail.com","Defne","z","","F16","null","{""Q0"":""Sevinir""}"
"2556","","survey-multi-choice","21","247747","0.0-21.0","662qq","adadefneyaman@gmail.com","Defne","z","","Q16","Kafe","{""Q0"":""Kafe""}"
"144214.00000000006","","survey-multi-choice","22","391971","0.0-22.0","662qq","adadefneyaman@gmail.com","Defne","z","","C01","null","{""Q0"":""Sevinir""}"
"2710.999999999942","","survey-multi-choice","23","394688","0.0-23.0","662qq","adadefneyaman@gmail.com","Defne","z","","Q01","Arda","{""Q0"":""Arda""}"
"11150","","survey-multi-choice","24","405843","0.0-24.0","662qq","adadefneyaman@gmail.com","Defne","z","","F24","null","{""Q0"":""Sevinir""}"
"1823","","survey-multi-choice","25","407670","0.0-25.0","662qq","adadefneyaman@gmail.com","Defne","z","","Q24","Tokyo","{""Q0"":""Tokyo""}"
"118054","","survey-multi-choice","26","525733","0.0-26.0","662qq","adadefneyaman@gmail.com","Defne","z","","F07","null","{""Q0"":""Üzülür""}"
"2156","","survey-multi-choice","27","527894","0.0-27.0","662qq","adadefneyaman@gmail.com","Defne","z","","Q07","Kardan adam","{""Q0"":""Kardan adam""}"
"7944","","survey-multi-choice","28","535843","0.0-28.0","662qq","adadefneyaman@gmail.com","Defne","z","","F10","null","{""Q0"":""Sevinir""}"
"1790","","survey-multi-choice","29","537646","0.0-29.0","662qq","adadefneyaman@gmail.com","Defne","z","","Q10","Yüksek lisans","{""Q0"":""Yüksek lisans""}"
"5910","","survey-multi-choice","30","543560","0.0-30.0","662qq","adadefneyaman@gmail.com","Defne","z","","C02","null","{""Q0"":""Sevinir""}"
"3780","","survey-multi-choice","31","547346","0.0-31.0","662qq","adadefneyaman@gmail.com","Defne","z","","Q02","Oyuncak bebek","{""Q0"":""Oyuncak bebek""}"
"28221","","survey-multi-choice","32","575572","0.0-32.0","662qq","adadefneyaman@gmail.com","Defne","z","","F21","null","{""Q0"":""Üzülür""}"
"2627","","survey-multi-choice","33","578204","0.0-33.0","662qq","adadefneyaman@gmail.com","Defne","z","","Q21","Odun","{""Q0"":""Odun""}"
"97686","","survey-multi-choice","34","675897","0.0-34.0","662qq","adadefneyaman@gmail.com","Defne","z","","F20","null","{""Q0"":""Üzülür""}"
"3080","","survey-multi-choice","35","678981","0.0-35.0","662qq","adadefneyaman@gmail.com","Defne","z","","Q20","Piyango bileti","{""Q0"":""Piyango bileti""}"
"4817","","survey-multi-choice","36","683803","0.0-36.0","662qq","adadefneyaman@gmail.com","Defne","z","","C06","null","{""Q0"":""Sevinir""}"
"3299","","survey-multi-choice","37","687108","0.0-37.0","662qq","adadefneyaman@gmail.com","Defne","z","","Q06","Müdür","{""Q0"":""Müdür""}"
"10993","","survey-multi-choice","38","698104","0.0-38.0","662qq","adadefneyaman@gmail.com","Defne","z","","F11","null","{""Q0"":""Üzülür""}"
"2519","","survey-multi-choice","39","700628","0.0-39.0","662qq","adadefneyaman@gmail.com","Defne","z","","Q11","Ayakkabı","{""Q0"":""Ayakkabı""}"
"11513","","survey-multi-choice","40","712145","0.0-40.0","662qq","adadefneyaman@gmail.com","Defne","z","","F17","null","{""Q0"":""Sevinir""}"
"4408","","survey-multi-choice","41","716559","0.0-41.0","662qq","adadefneyaman@gmail.com","Defne","z","","Q17","Öğle yemeği","{""Q0"":""Akşam yemeği""}"
"56337","","survey-multi-choice","42","772900","0.0-42.0","662qq","adadefneyaman@gmail.com","Defne","z","","C05","null","{""Q0"":""Sevinir""}"
"2915","","survey-multi-choice","43","775820","0.0-43.0","662qq","adadefneyaman@gmail.com","Defne","z","","Q05","Matematik","{""Q0"":""Matematik""}"
"105045","","survey-multi-choice","44","880880","0.0-44.0","662qq","adadefneyaman@gmail.com","Defne","z","","F13","null","{""Q0"":""Sevinir""}"
"1844","","survey-multi-choice","45","882728","0.0-45.0","662qq","adadefneyaman@gmail.com","Defne","z","","Q13","Kars","{""Q0"":""Kars""}"
"6341","","survey-multi-choice","46","889072","0.0-46.0","662qq","adadefneyaman@gmail.com","Defne","z","","F22","null","{""Q0"":""Sevinir""}"
"2282","","survey-multi-choice","47","891357","0.0-47.0","662qq","adadefneyaman@gmail.com","Defne","z","","Q22","Yoğun","{""Q0"":""Yoğun""}"
"7638.000000000116","","survey-multi-choice","48","898997","0.0-48.0","662qq","adadefneyaman@gmail.com","Defne","z","","F12","null","{""Q0"":""Sevinir""}"
"2717","","survey-multi-choice","49","901718","0.0-49.0","662qq","adadefneyaman@gmail.com","Defne","z","","Q12","Para biriktirmek","{""Q0"":""Para biriktirmek""}"
"2381","","instructions","50","904105","0.0-50.0","662qq","adadefneyaman@gmail.com","Defne","z","[{""page_index"":0,""viewing_time"":2380}]","","",""
