"rt","url","trial_type","trial_index","time_elapsed","internal_node_id","subject","subject_email","subject_name","group","view_history","id","correct","responses"
"54145.79999999842","resources/welcome.html","external-html","0","54176","0.0-0.0","2o26l","s.dulgar@msn.com","Simge","z","","","",""
"12797.099999996135","","instructions","1","66976","0.0-1.0","2o26l","s.dulgar@msn.com","Simge","z","[{""page_index"":0,""viewing_time"":12796.199999997043}]","","",""
"10837.700000003679","","survey-multi-choice","2","77820","0.0-2.0","2o26l","s.dulgar@msn.com","Simge","z","","F24","null","{""Q0"":""Sevinir""}"
"7406.59999998752","","survey-multi-choice","3","85233","0.0-3.0","2o26l","s.dulgar@msn.com","Simge","z","","Q24","Tokyo","{""Q0"":""Tokyo""}"
"21237.699999997858","","survey-multi-choice","4","106475","0.0-4.0","2o26l","s.dulgar@msn.com","Simge","z","","F18","null","{""Q0"":""Sevinir""}"
"3286.999999996624","","survey-multi-choice","5","109767","0.0-5.0","2o26l","s.dulgar@msn.com","Simge","z","","Q18","Çilek","{""Q0"":""Çilek""}"
"22629.80000000971","","survey-multi-choice","6","132403","0.0-6.0","2o26l","s.dulgar@msn.com","Simge","z","","F13","null","{""Q0"":""Sevinir""}"
"3197.2999999998137","","survey-multi-choice","7","135606","0.0-7.0","2o26l","s.dulgar@msn.com","Simge","z","","Q13","Kars","{""Q0"":""Kars""}"
"35952.89999998931","","survey-multi-choice","8","171564","0.0-8.0","2o26l","s.dulgar@msn.com","Simge","z","","C03","null","{""Q0"":""Üzülür""}"
"7822.499999994761","","survey-multi-choice","9","179392","0.0-9.0","2o26l","s.dulgar@msn.com","Simge","z","","Q03","Ofis","{""Q0"":""Ofis""}"
"15796.300000001793","","survey-multi-choice","10","195194","0.0-10.0","2o26l","s.dulgar@msn.com","Simge","z","","F10","null","{""Q0"":""Sevinir""}"
"2979.699999996228","","survey-multi-choice","11","198180","0.0-11.0","2o26l","s.dulgar@msn.com","Simge","z","","Q10","Yüksek lisans","{""Q0"":""Yüksek lisans""}"
"33007.400000002235","","survey-multi-choice","12","231192","0.0-12.0","2o26l","s.dulgar@msn.com","Simge","z","","F15","null","{""Q0"":""Üzülür""}"
"6288.0999999906635","","survey-multi-choice","13","237486","0.0-13.0","2o26l","s.dulgar@msn.com","Simge","z","","Q15","Altı","{""Q0"":""Altı""}"
"33575.599999996484","","survey-multi-choice","14","271067","0.0-14.0","2o26l","s.dulgar@msn.com","Simge","z","","C01","null","{""Q0"":""Sevinir""}"
"3635.099999999511","","survey-multi-choice","15","274708","0.0-15.0","2o26l","s.dulgar@msn.com","Simge","z","","Q01","Arda","{""Q0"":""Arda""}"
"10048.500000004424","","survey-multi-choice","16","284762","0.0-16.0","2o26l","s.dulgar@msn.com","Simge","z","","F21","null","{""Q0"":""Üzülür""}"
"4992.400000002817","","survey-multi-choice","17","289760","0.0-17.0","2o26l","s.dulgar@msn.com","Simge","z","","Q21","Odun","{""Q0"":""Odun""}"
"11226.899999994203","","survey-multi-choice","18","300992","0.0-18.0","2o26l","s.dulgar@msn.com","Simge","z","","F20","null","{""Q0"":""Üzülür""}"
"5959.199999997509","","survey-multi-choice","19","306957","0.0-19.0","2o26l","s.dulgar@msn.com","Simge","z","","Q20","Piyango bileti","{""Q0"":""Piyango bileti""}"
"16272.100000001956","","survey-multi-choice","20","323235","0.0-20.0","2o26l","s.dulgar@msn.com","Simge","z","","F23","null","{""Q0"":""Üzülür""}"
"4393.30000001064","","survey-multi-choice","21","327634","0.0-21.0","2o26l","s.dulgar@msn.com","Simge","z","","Q23","Çarpışan arabalar","{""Q0"":""Çarpışan arabalar""}"
"24595.49999999581","","survey-multi-choice","22","352235","0.0-22.0","2o26l","s.dulgar@msn.com","Simge","z","","C04","null","{""Q0"":""Üzülür""}"
"2907.200000001467","","survey-multi-choice","23","355148","0.0-23.0","2o26l","s.dulgar@msn.com","Simge","z","","Q04","Kamp","{""Q0"":""Kamp""}"
"7760.599999994156","","survey-multi-choice","24","362916","0.0-24.0","2o26l","s.dulgar@msn.com","Simge","z","","F11","null","{""Q0"":""Üzülür""}"
"2752.599999992526","","survey-multi-choice","25","365674","0.0-25.0","2o26l","s.dulgar@msn.com","Simge","z","","Q11","Ayakkabı","{""Q0"":""Ayakkabı""}"
"6802.299999995739","","survey-multi-choice","26","372484","0.0-26.0","2o26l","s.dulgar@msn.com","Simge","z","","F22","null","{""Q0"":""Sevinir""}"
"6498.200000001816","","survey-multi-choice","27","378987","0.0-27.0","2o26l","s.dulgar@msn.com","Simge","z","","Q22","Yoğun","{""Q0"":""Sıkıcı""}"
"23565.90000000142","","survey-multi-choice","28","402559","0.0-28.0","2o26l","s.dulgar@msn.com","Simge","z","","F07","null","{""Q0"":""Üzülür""}"
"4682.699999990291","","survey-multi-choice","29","407248","0.0-29.0","2o26l","s.dulgar@msn.com","Simge","z","","Q07","Kardan adam","{""Q0"":""Kardan adam""}"
"11876.000000003842","","survey-multi-choice","30","419129","0.0-30.0","2o26l","s.dulgar@msn.com","Simge","z","","C06","null","{""Q0"":""Üzülür""}"
"6748.999999996158","","survey-multi-choice","31","425885","0.0-31.0","2o26l","s.dulgar@msn.com","Simge","z","","Q06","Müdür","{""Q0"":""Müdür""}"
"13125.10000000475","","survey-multi-choice","32","439015","0.0-32.0","2o26l","s.dulgar@msn.com","Simge","z","","F16","null","{""Q0"":""Sevinir""}"
"2912.7000000007683","","survey-multi-choice","33","441933","0.0-33.0","2o26l","s.dulgar@msn.com","Simge","z","","Q16","Kafe","{""Q0"":""Kafe""}"
"10008.199999996577","","survey-multi-choice","34","451947","0.0-34.0","2o26l","s.dulgar@msn.com","Simge","z","","F09","null","{""Q0"":""Sevinir""}"
"3252.700000011828","","survey-multi-choice","35","455205","0.0-35.0","2o26l","s.dulgar@msn.com","Simge","z","","Q09","Yemekhane","{""Q0"":""Yemekhane""}"
"10351.20000000461","","survey-multi-choice","36","465562","0.0-36.0","2o26l","s.dulgar@msn.com","Simge","z","","C05","null","{""Q0"":""Sevinir""}"
"4229.500000001281","","survey-multi-choice","37","469798","0.0-37.0","2o26l","s.dulgar@msn.com","Simge","z","","Q05","Matematik","{""Q0"":""Matematik""}"
"14488.899999996647","","survey-multi-choice","38","484293","0.0-38.0","2o26l","s.dulgar@msn.com","Simge","z","","F19","null","{""Q0"":""Üzülür""}"
"2733.200000002398","","survey-multi-choice","39","487031","0.0-39.0","2o26l","s.dulgar@msn.com","Simge","z","","Q19","Fizik","{""Q0"":""Fizik""}"
"17910.900000002584","","survey-multi-choice","40","504948","0.0-40.0","2o26l","s.dulgar@msn.com","Simge","z","","F08","null","{""Q0"":""Üzülür""}"
"3823.099999994156","","survey-multi-choice","41","508777","0.0-41.0","2o26l","s.dulgar@msn.com","Simge","z","","Q08","Tenis","{""Q0"":""Tenis""}"
"12261.0999999888","","survey-multi-choice","42","521043","0.0-42.0","2o26l","s.dulgar@msn.com","Simge","z","","C02","null","{""Q0"":""Sevinir""}"
"4790.399999998044","","survey-multi-choice","43","525840","0.0-43.0","2o26l","s.dulgar@msn.com","Simge","z","","Q02","Oyuncak bebek","{""Q0"":""Oyuncak bebek""}"
"27767.900000006193","","survey-multi-choice","44","553613","0.0-44.0","2o26l","s.dulgar@msn.com","Simge","z","","F14","null","{""Q0"":""Sevinir""}"
"3633.900000000722","","survey-multi-choice","45","557252","0.0-45.0","2o26l","s.dulgar@msn.com","Simge","z","","Q14","Birinci","{""Q0"":""İkinci""}"
"9487.800000002608","","survey-multi-choice","46","566746","0.0-46.0","2o26l","s.dulgar@msn.com","Simge","z","","F17","null","{""Q0"":""Üzülür""}"
"2867.899999997462","","survey-multi-choice","47","569620","0.0-47.0","2o26l","s.dulgar@msn.com","Simge","z","","Q17","Öğle yemeği","{""Q0"":""Akşam yemeği""}"
"13797.200000000885","","survey-multi-choice","48","583423","0.0-48.0","2o26l","s.dulgar@msn.com","Simge","z","","F12","null","{""Q0"":""Sevinir""}"
"3695.0999999971827","","survey-multi-choice","49","587124","0.0-49.0","2o26l","s.dulgar@msn.com","Simge","z","","Q12","Para biriktirmek","{""Q0"":""Para biriktirmek""}"
"4119.100000010803","","instructions","50","591294","0.0-50.0","2o26l","s.dulgar@msn.com","Simge","z","[{""page_index"":0,""viewing_time"":4118.100000006962}]","","",""
