"rt","url","trial_type","trial_index","time_elapsed","internal_node_id","subject","subject_email","subject_name","group","view_history","id","correct","responses"
"17369.0999999817","resources/welcome.html","external-html","0","17530","0.0-0.0","hk5nv","Ugureksimetu@gmail.com","Uğur Ekşi","z","","","",""
"19792.300000000978","","instructions","1","37337","0.0-1.0","hk5nv","Ugureksimetu@gmail.com","Uğur Ekşi","z","[{""page_index"":0,""viewing_time"":19784.400000004098}]","","",""
"21274.20000001439","","survey-multi-choice","2","58637","0.0-2.0","hk5nv","Ugureksimetu@gmail.com","Uğur Ekşi","z","","F20","null","{""Q0"":""Üzülür""}"
"2773.9000000001397","","survey-multi-choice","3","61422","0.0-3.0","hk5nv","Ugureksimetu@gmail.com","Uğur Ekşi","z","","Q20","Piyango bileti","{""Q0"":""Piyango bileti""}"
"6110.899999999674","","survey-multi-choice","4","67548","0.0-4.0","hk5nv","Ugureksimetu@gmail.com","Uğur Ekşi","z","","F23","null","{""Q0"":""Üzülür""}"
"5415.099999983795","","survey-multi-choice","5","72976","0.0-5.0","hk5nv","Ugureksimetu@gmail.com","Uğur Ekşi","z","","Q23","Çarpışan arabalar","{""Q0"":""Çarpışan arabalar""}"
"7536.699999996927","","survey-multi-choice","6","80523","0.0-6.0","hk5nv","Ugureksimetu@gmail.com","Uğur Ekşi","z","","F22","null","{""Q0"":""Sevinir""}"
"2365.9999999799766","","survey-multi-choice","7","82905","0.0-7.0","hk5nv","Ugureksimetu@gmail.com","Uğur Ekşi","z","","Q22","Yoğun","{""Q0"":""Yoğun""}"
"13666.700000001583","","survey-multi-choice","8","96586","0.0-8.0","hk5nv","Ugureksimetu@gmail.com","Uğur Ekşi","z","","C06","null","{""Q0"":""Sevinir""}"
"3679.3999999936204","","survey-multi-choice","9","100279","0.0-9.0","hk5nv","Ugureksimetu@gmail.com","Uğur Ekşi","z","","Q06","Müdür","{""Q0"":""Müdür""}"
"17697.200000024168","","survey-multi-choice","10","117991","0.0-10.0","hk5nv","Ugureksimetu@gmail.com","Uğur Ekşi","z","","F24","null","{""Q0"":""Sevinir""}"
"2201.699999975972","","survey-multi-choice","11","120209","0.0-11.0","hk5nv","Ugureksimetu@gmail.com","Uğur Ekşi","z","","Q24","Tokyo","{""Q0"":""Tokyo""}"
"7019.700000004377","","survey-multi-choice","12","127244","0.0-12.0","hk5nv","Ugureksimetu@gmail.com","Uğur Ekşi","z","","F16","null","{""Q0"":""Sevinir""}"
"3518.1999999913387","","survey-multi-choice","13","130779","0.0-13.0","hk5nv","Ugureksimetu@gmail.com","Uğur Ekşi","z","","Q16","Kafe","{""Q0"":""Kafe""}"
"6627.199999988079","","survey-multi-choice","14","137422","0.0-14.0","hk5nv","Ugureksimetu@gmail.com","Uğur Ekşi","z","","C02","null","{""Q0"":""Sevinir""}"
"2677.300000010291","","survey-multi-choice","15","140115","0.0-15.0","hk5nv","Ugureksimetu@gmail.com","Uğur Ekşi","z","","Q02","Oyuncak bebek","{""Q0"":""Oyuncak bebek""}"
"10081.899999990128","","survey-multi-choice","16","150211","0.0-16.0","hk5nv","Ugureksimetu@gmail.com","Uğur Ekşi","z","","F13","null","{""Q0"":""Üzülür""}"
"2263.299999991432","","survey-multi-choice","17","152491","0.0-17.0","hk5nv","Ugureksimetu@gmail.com","Uğur Ekşi","z","","Q13","Kars","{""Q0"":""Kars""}"
"17220.60000000056","","survey-multi-choice","18","169723","0.0-18.0","hk5nv","Ugureksimetu@gmail.com","Uğur Ekşi","z","","F12","null","{""Q0"":""Sevinir""}"
"3476.599999994505","","survey-multi-choice","19","173215","0.0-19.0","hk5nv","Ugureksimetu@gmail.com","Uğur Ekşi","z","","Q12","Para biriktirmek","{""Q0"":""Para biriktirmek""}"
"15541.79999997723","","survey-multi-choice","20","188771","0.0-20.0","hk5nv","Ugureksimetu@gmail.com","Uğur Ekşi","z","","F14","null","{""Q0"":""Üzülür""}"
"3142.699999996694","","survey-multi-choice","21","191921","0.0-21.0","hk5nv","Ugureksimetu@gmail.com","Uğur Ekşi","z","","Q14","Birinci","{""Q0"":""İkinci""}"
"6963.300000003073","","survey-multi-choice","22","198893","0.0-22.0","hk5nv","Ugureksimetu@gmail.com","Uğur Ekşi","z","","C04","null","{""Q0"":""Sevinir""}"
"2075.5999999819323","","survey-multi-choice","23","200984","0.0-23.0","hk5nv","Ugureksimetu@gmail.com","Uğur Ekşi","z","","Q04","Kamp","{""Q0"":""Kamp""}"
"5470.600000000559","","survey-multi-choice","24","206469","0.0-24.0","hk5nv","Ugureksimetu@gmail.com","Uğur Ekşi","z","","F11","null","{""Q0"":""Üzülür""}"
"2036.3000000070315","","survey-multi-choice","25","208519","0.0-25.0","hk5nv","Ugureksimetu@gmail.com","Uğur Ekşi","z","","Q11","Ayakkabı","{""Q0"":""Ayakkabı""}"
"5814.799999992829","","survey-multi-choice","26","214348","0.0-26.0","hk5nv","Ugureksimetu@gmail.com","Uğur Ekşi","z","","F18","null","{""Q0"":""Sevinir""}"
"1822.8999999992084","","survey-multi-choice","27","216186","0.0-27.0","hk5nv","Ugureksimetu@gmail.com","Uğur Ekşi","z","","Q18","Çilek","{""Q0"":""Çilek""}"
"11468.09999999823","","survey-multi-choice","28","227661","0.0-28.0","hk5nv","Ugureksimetu@gmail.com","Uğur Ekşi","z","","F09","null","{""Q0"":""Üzülür""}"
"2483.9999999967404","","survey-multi-choice","29","230162","0.0-29.0","hk5nv","Ugureksimetu@gmail.com","Uğur Ekşi","z","","Q09","Yemekhane","{""Q0"":""Yemekhane""}"
"6849.499999982072","","survey-multi-choice","30","237026","0.0-30.0","hk5nv","Ugureksimetu@gmail.com","Uğur Ekşi","z","","C05","null","{""Q0"":""Üzülür""}"
"2018.6000000103377","","survey-multi-choice","31","239060","0.0-31.0","hk5nv","Ugureksimetu@gmail.com","Uğur Ekşi","z","","Q05","Matematik","{""Q0"":""Matematik""}"
"17717.700000008335","","survey-multi-choice","32","256797","0.0-32.0","hk5nv","Ugureksimetu@gmail.com","Uğur Ekşi","z","","F10","null","{""Q0"":""Sevinir""}"
"2292.1000000205822","","survey-multi-choice","33","259107","0.0-33.0","hk5nv","Ugureksimetu@gmail.com","Uğur Ekşi","z","","Q10","Yüksek lisans","{""Q0"":""Yüksek lisans""}"
"6690.299999987474","","survey-multi-choice","34","265807","0.0-34.0","hk5nv","Ugureksimetu@gmail.com","Uğur Ekşi","z","","F19","null","{""Q0"":""Üzülür""}"
"1727.09999998915","","survey-multi-choice","35","267549","0.0-35.0","hk5nv","Ugureksimetu@gmail.com","Uğur Ekşi","z","","Q19","Fizik","{""Q0"":""Fizik""}"
"7110.000000015134","","survey-multi-choice","36","274670","0.0-36.0","hk5nv","Ugureksimetu@gmail.com","Uğur Ekşi","z","","C01","null","{""Q0"":""Üzülür""}"
"2860.2000000246335","","survey-multi-choice","37","277545","0.0-37.0","hk5nv","Ugureksimetu@gmail.com","Uğur Ekşi","z","","Q01","Arda","{""Q0"":""Arda""}"
"10577.30000000447","","survey-multi-choice","38","288137","0.0-38.0","hk5nv","Ugureksimetu@gmail.com","Uğur Ekşi","z","","F15","null","{""Q0"":""Üzülür""}"
"3202.2999999753665","","survey-multi-choice","39","291358","0.0-39.0","hk5nv","Ugureksimetu@gmail.com","Uğur Ekşi","z","","Q15","Altı","{""Q0"":""Altı""}"
"11538.70000000461","","survey-multi-choice","40","302913","0.0-40.0","hk5nv","Ugureksimetu@gmail.com","Uğur Ekşi","z","","F08","null","{""Q0"":""Üzülür""}"
"4396.899999992456","","survey-multi-choice","41","307318","0.0-41.0","hk5nv","Ugureksimetu@gmail.com","Uğur Ekşi","z","","Q08","Tenis","{""Q0"":""Tenis""}"
"7601.800000004005","","survey-multi-choice","42","314929","0.0-42.0","hk5nv","Ugureksimetu@gmail.com","Uğur Ekşi","z","","C03","null","{""Q0"":""Üzülür""}"
"5323.799999983748","","survey-multi-choice","43","320267","0.0-43.0","hk5nv","Ugureksimetu@gmail.com","Uğur Ekşi","z","","Q03","Ofis","{""Q0"":""Ofis""}"
"31603.300000017043","","survey-multi-choice","44","351888","0.0-44.0","hk5nv","Ugureksimetu@gmail.com","Uğur Ekşi","z","","F07","null","{""Q0"":""Üzülür""}"
"3473.7000000022817","","survey-multi-choice","45","355375","0.0-45.0","hk5nv","Ugureksimetu@gmail.com","Uğur Ekşi","z","","Q07","Kardan adam","{""Q0"":""Kardan adam""}"
"5567.899999994552","","survey-multi-choice","46","360958","0.0-46.0","hk5nv","Ugureksimetu@gmail.com","Uğur Ekşi","z","","F21","null","{""Q0"":""Üzülür""}"
"2197.0999999903142","","survey-multi-choice","47","363161","0.0-47.0","hk5nv","Ugureksimetu@gmail.com","Uğur Ekşi","z","","Q21","Odun","{""Q0"":""Odun""}"
"4220.400000020163","","survey-multi-choice","48","367389","0.0-48.0","hk5nv","Ugureksimetu@gmail.com","Uğur Ekşi","z","","F17","null","{""Q0"":""Üzülür""}"
"2323.499999998603","","survey-multi-choice","49","369728","0.0-49.0","hk5nv","Ugureksimetu@gmail.com","Uğur Ekşi","z","","Q17","Öğle yemeği","{""Q0"":""Akşam yemeği""}"
"3232.0999999938067","","instructions","50","372987","0.0-50.0","hk5nv","Ugureksimetu@gmail.com","Uğur Ekşi","z","[{""page_index"":0,""viewing_time"":3229.2000000015832}]","","",""
