"rt","url","trial_type","trial_index","time_elapsed","internal_node_id","subject","subject_email","subject_name","group","view_history","id","correct","responses"
"39488.87000000104","resources/welcome.html","external-html","0","39605","0.0-0.0","13tu8","e174439@metu.edu.tr","Bilge","z","","","",""
"15213.334999978542","","instructions","1","54819","0.0-1.0","13tu8","e174439@metu.edu.tr","Bilge","z","[{""page_index"":0,""viewing_time"":15212.739999988116}]","","",""
"11109.814999974333","","survey-multi-choice","2","65931","0.0-2.0","13tu8","e174439@metu.edu.tr","Bilge","z","","F18","null","{""Q0"":""Sevinir""}"
"5245.395000005374","","survey-multi-choice","3","71187","0.0-3.0","13tu8","e174439@metu.edu.tr","Bilge","z","","Q18","Çilek","{""Q0"":""Çilek""}"
"10502.24500001059","","survey-multi-choice","4","81699","0.0-4.0","13tu8","e174439@metu.edu.tr","Bilge","z","","F07","null","{""Q0"":""Üzülür""}"
"4053.9799999969546","","survey-multi-choice","5","85762","0.0-5.0","13tu8","e174439@metu.edu.tr","Bilge","z","","Q07","Kardan adam","{""Q0"":""Kardan adam""}"
"8711.1450000084","","survey-multi-choice","6","94483","0.0-6.0","13tu8","e174439@metu.edu.tr","Bilge","z","","F11","null","{""Q0"":""Üzülür""}"
"5342.419999971753","","survey-multi-choice","7","99835","0.0-7.0","13tu8","e174439@metu.edu.tr","Bilge","z","","Q11","Ayakkabı","{""Q0"":""Ayakkabı""}"
"29069.799999997485","","survey-multi-choice","8","128914","0.0-8.0","13tu8","e174439@metu.edu.tr","Bilge","z","","C02","null","{""Q0"":""Sevinir""}"
"4750.084999977844","","survey-multi-choice","9","133674","0.0-9.0","13tu8","e174439@metu.edu.tr","Bilge","z","","Q02","Oyuncak bebek","{""Q0"":""Oyuncak bebek""}"
"12326.639999984764","","survey-multi-choice","10","146010","0.0-10.0","13tu8","e174439@metu.edu.tr","Bilge","z","","F23","null","{""Q0"":""Üzülür""}"
"4150.159999990137","","survey-multi-choice","11","150170","0.0-11.0","13tu8","e174439@metu.edu.tr","Bilge","z","","Q23","Çarpışan arabalar","{""Q0"":""Çarpışan arabalar""}"
"18526.230000017677","","survey-multi-choice","12","168706","0.0-12.0","13tu8","e174439@metu.edu.tr","Bilge","z","","F14","null","{""Q0"":""Sevinir""}"
"4678.160000010394","","survey-multi-choice","13","173394","0.0-13.0","13tu8","e174439@metu.edu.tr","Bilge","z","","Q14","Birinci","{""Q0"":""İkinci""}"
"22966.79999999469","","survey-multi-choice","14","196371","0.0-14.0","13tu8","e174439@metu.edu.tr","Bilge","z","","C06","null","{""Q0"":""Üzülür""}"
"5894.8249999957625","","survey-multi-choice","15","202275","0.0-15.0","13tu8","e174439@metu.edu.tr","Bilge","z","","Q06","Müdür","{""Q0"":""Müdür""}"
"18334.86499998253","","survey-multi-choice","16","220619","0.0-16.0","13tu8","e174439@metu.edu.tr","Bilge","z","","F13","null","{""Q0"":""Sevinir""}"
"2878.739999985555","","survey-multi-choice","17","223507","0.0-17.0","13tu8","e174439@metu.edu.tr","Bilge","z","","Q13","Kars","{""Q0"":""Kars""}"
"11287.105000024894","","survey-multi-choice","18","234802","0.0-18.0","13tu8","e174439@metu.edu.tr","Bilge","z","","F12","null","{""Q0"":""Sevinir""}"
"3734.089999983553","","survey-multi-choice","19","238546","0.0-19.0","13tu8","e174439@metu.edu.tr","Bilge","z","","Q12","Para biriktirmek","{""Q0"":""Para biriktirmek""}"
"20173.93499999889","","survey-multi-choice","20","258730","0.0-20.0","13tu8","e174439@metu.edu.tr","Bilge","z","","F20","null","{""Q0"":""Üzülür""}"
"2806.1499999894295","","survey-multi-choice","21","261546","0.0-21.0","13tu8","e174439@metu.edu.tr","Bilge","z","","Q20","Piyango bileti","{""Q0"":""Piyango bileti""}"
"33046.6599999927","","survey-multi-choice","22","294602","0.0-22.0","13tu8","e174439@metu.edu.tr","Bilge","z","","C01","null","{""Q0"":""Üzülür""}"
"3110.854999977164","","survey-multi-choice","23","297722","0.0-23.0","13tu8","e174439@metu.edu.tr","Bilge","z","","Q01","Arda","{""Q0"":""Arda""}"
"14598.129999998491","","survey-multi-choice","24","312330","0.0-24.0","13tu8","e174439@metu.edu.tr","Bilge","z","","F15","null","{""Q0"":""Üzülür""}"
"2965.7049999805167","","survey-multi-choice","25","315306","0.0-25.0","13tu8","e174439@metu.edu.tr","Bilge","z","","Q15","Altı","{""Q0"":""Altı""}"
"17654.11000000313","","survey-multi-choice","26","332970","0.0-26.0","13tu8","e174439@metu.edu.tr","Bilge","z","","F24","null","{""Q0"":""Sevinir""}"
"2126.7250000091735","","survey-multi-choice","27","335106","0.0-27.0","13tu8","e174439@metu.edu.tr","Bilge","z","","Q24","Tokyo","{""Q0"":""Tokyo""}"
"9350.370000000112","","survey-multi-choice","28","344466","0.0-28.0","13tu8","e174439@metu.edu.tr","Bilge","z","","F17","null","{""Q0"":""Üzülür""}"
"3334.579999995185","","survey-multi-choice","29","347810","0.0-29.0","13tu8","e174439@metu.edu.tr","Bilge","z","","Q17","Öğle yemeği","{""Q0"":""Akşam yemeği""}"
"35550.14500001562","","survey-multi-choice","30","383369","0.0-30.0","13tu8","e174439@metu.edu.tr","Bilge","z","","C04","null","{""Q0"":""Sevinir""}"
"3134.0950000158045","","survey-multi-choice","31","386514","0.0-31.0","13tu8","e174439@metu.edu.tr","Bilge","z","","Q04","Kamp","{""Q0"":""Kamp""}"
"8494.154999993043","","survey-multi-choice","32","395018","0.0-32.0","13tu8","e174439@metu.edu.tr","Bilge","z","","F21","null","{""Q0"":""Üzülür""}"
"2862.2099999920465","","survey-multi-choice","33","397889","0.0-33.0","13tu8","e174439@metu.edu.tr","Bilge","z","","Q21","Odun","{""Q0"":""Odun""}"
"10174.630000023171","","survey-multi-choice","34","408074","0.0-34.0","13tu8","e174439@metu.edu.tr","Bilge","z","","F09","null","{""Q0"":""Sevinir""}"
"3014.1899999871384","","survey-multi-choice","35","411098","0.0-35.0","13tu8","e174439@metu.edu.tr","Bilge","z","","Q09","Yemekhane","{""Q0"":""Yemekhane""}"
"15246.589999995194","","survey-multi-choice","36","426371","0.0-36.0","13tu8","e174439@metu.edu.tr","Bilge","z","","C03","null","{""Q0"":""Üzülür""}"
"6428.530000004685","","survey-multi-choice","37","432809","0.0-37.0","13tu8","e174439@metu.edu.tr","Bilge","z","","Q03","Ofis","{""Q0"":""Ofis""}"
"7590.239999990445","","survey-multi-choice","38","440409","0.0-38.0","13tu8","e174439@metu.edu.tr","Bilge","z","","F22","null","{""Q0"":""Sevinir""}"
"2918.1749999988824","","survey-multi-choice","39","443337","0.0-39.0","13tu8","e174439@metu.edu.tr","Bilge","z","","Q22","Yoğun","{""Q0"":""Yoğun""}"
"9394.024999986868","","survey-multi-choice","40","452745","0.0-40.0","13tu8","e174439@metu.edu.tr","Bilge","z","","F10","null","{""Q0"":""Sevinir""}"
"4142.274999991059","","survey-multi-choice","41","456897","0.0-41.0","13tu8","e174439@metu.edu.tr","Bilge","z","","Q10","Yüksek lisans","{""Q0"":""Yüksek lisans""}"
"7381.88000000082","","survey-multi-choice","42","464288","0.0-42.0","13tu8","e174439@metu.edu.tr","Bilge","z","","C05","null","{""Q0"":""Üzülür""}"
"2991.4500000013504","","survey-multi-choice","43","467289","0.0-43.0","13tu8","e174439@metu.edu.tr","Bilge","z","","Q05","Matematik","{""Q0"":""Matematik""}"
"7439.695000008214","","survey-multi-choice","44","474737","0.0-44.0","13tu8","e174439@metu.edu.tr","Bilge","z","","F19","null","{""Q0"":""Üzülür""}"
"2758.2000000111293","","survey-multi-choice","45","477505","0.0-45.0","13tu8","e174439@metu.edu.tr","Bilge","z","","Q19","Fizik","{""Q0"":""Fizik""}"
"11804.514999996172","","survey-multi-choice","46","489320","0.0-46.0","13tu8","e174439@metu.edu.tr","Bilge","z","","F08","null","{""Q0"":""Üzülür""}"
"12126.354999985779","","survey-multi-choice","47","501457","0.0-47.0","13tu8","e174439@metu.edu.tr","Bilge","z","","Q08","Tenis","{""Q0"":""Tenis""}"
"17653.924999991432","","survey-multi-choice","48","519121","0.0-48.0","13tu8","e174439@metu.edu.tr","Bilge","z","","F16","null","{""Q0"":""Sevinir""}"
"2150.359999999637","","survey-multi-choice","49","521281","0.0-49.0","13tu8","e174439@metu.edu.tr","Bilge","z","","Q16","Kafe","{""Q0"":""Kafe""}"
"4292.879999993602","","instructions","50","525585","0.0-50.0","13tu8","e174439@metu.edu.tr","Bilge","z","[{""page_index"":0,""viewing_time"":4292.54499997478}]","","",""
