"rt","url","trial_type","trial_index","time_elapsed","internal_node_id","subject","subject_email","subject_name","group","view_history","id","correct","responses"
"36260.9999999986","resources/welcome.html","external-html","0","36332","0.0-0.0","6vfq8","zeynepimirr@gmail.com","Zeynep ","z","","","",""
"2212.8000000084285","","instructions","1","38551","0.0-1.0","6vfq8","zeynepimirr@gmail.com","Zeynep ","z","[{""page_index"":0,""viewing_time"":2210.3000000061}]","","",""
"20418.299999990268","","survey-multi-choice","2","58980","0.0-2.0","6vfq8","zeynepimirr@gmail.com","Zeynep ","z","","F22","null","{""Q0"":""Sevinir""}"
"8884.499999985565","","survey-multi-choice","3","67876","0.0-3.0","6vfq8","zeynepimirr@gmail.com","Zeynep ","z","","Q22","Yoğun","{""Q0"":""Yoğun""}"
"20980.300000024727","","survey-multi-choice","4","88865","0.0-4.0","6vfq8","zeynepimirr@gmail.com","Zeynep ","z","","F15","null","{""Q0"":""Üzülür""}"
"5261.499999993248","","survey-multi-choice","5","94138","0.0-5.0","6vfq8","zeynepimirr@gmail.com","Zeynep ","z","","Q15","Altı","{""Q0"":""Altı""}"
"8776.299999997718","","survey-multi-choice","6","102927","0.0-6.0","6vfq8","zeynepimirr@gmail.com","Zeynep ","z","","F24","null","{""Q0"":""Sevinir""}"
"2885.600000008708","","survey-multi-choice","7","105825","0.0-7.0","6vfq8","zeynepimirr@gmail.com","Zeynep ","z","","Q24","Tokyo","{""Q0"":""Tokyo""}"
"55655.29999998398","","survey-multi-choice","8","161487","0.0-8.0","6vfq8","zeynepimirr@gmail.com","Zeynep ","z","","C03","null","{""Q0"":""Üzülür""}"
"3725.899999990361","","survey-multi-choice","9","165234","0.0-9.0","6vfq8","zeynepimirr@gmail.com","Zeynep ","z","","Q03","Ofis","{""Q0"":""Fabrika""}"
"8895.300000003772","","survey-multi-choice","10","174140","0.0-10.0","6vfq8","zeynepimirr@gmail.com","Zeynep ","z","","F17","null","{""Q0"":""Üzülür""}"
"3364.7999999811873","","survey-multi-choice","11","177517","0.0-11.0","6vfq8","zeynepimirr@gmail.com","Zeynep ","z","","Q17","Öğle yemeği","{""Q0"":""Öğle yemeği""}"
"11866.700000013225","","survey-multi-choice","12","189395","0.0-12.0","6vfq8","zeynepimirr@gmail.com","Zeynep ","z","","F13","null","{""Q0"":""Sevinir""}"
"3071.800000005169","","survey-multi-choice","13","192481","0.0-13.0","6vfq8","zeynepimirr@gmail.com","Zeynep ","z","","Q13","Kars","{""Q0"":""Kars""}"
"9156.300000002375","","survey-multi-choice","14","201648","0.0-14.0","6vfq8","zeynepimirr@gmail.com","Zeynep ","z","","C05","null","{""Q0"":""Sevinir""}"
"3826.699999975972","","survey-multi-choice","15","205486","0.0-15.0","6vfq8","zeynepimirr@gmail.com","Zeynep ","z","","Q05","Matematik","{""Q0"":""Matematik""}"
"12889.00000002468","","survey-multi-choice","16","218386","0.0-16.0","6vfq8","zeynepimirr@gmail.com","Zeynep ","z","","F18","null","{""Q0"":""Sevinir""}"
"2708.0999999889173","","survey-multi-choice","17","221107","0.0-17.0","6vfq8","zeynepimirr@gmail.com","Zeynep ","z","","Q18","Çilek","{""Q0"":""Çilek""}"
"7605.099999986123","","survey-multi-choice","18","228727","0.0-18.0","6vfq8","zeynepimirr@gmail.com","Zeynep ","z","","F11","null","{""Q0"":""Üzülür""}"
"2762.0000000169966","","survey-multi-choice","19","231500","0.0-19.0","6vfq8","zeynepimirr@gmail.com","Zeynep ","z","","Q11","Ayakkabı","{""Q0"":""Ayakkabı""}"
"9836.29999999539","","survey-multi-choice","20","241350","0.0-20.0","6vfq8","zeynepimirr@gmail.com","Zeynep ","z","","F20","null","{""Q0"":""Üzülür""}"
"2188.1999999750406","","survey-multi-choice","21","243551","0.0-21.0","6vfq8","zeynepimirr@gmail.com","Zeynep ","z","","Q20","Piyango bileti","{""Q0"":""Piyango bileti""}"
"9422.100000025239","","survey-multi-choice","22","253024","0.0-22.0","6vfq8","zeynepimirr@gmail.com","Zeynep ","z","","C06","null","{""Q0"":""Üzülür""}"
"4012.9999999771826","","survey-multi-choice","23","257050","0.0-23.0","6vfq8","zeynepimirr@gmail.com","Zeynep ","z","","Q06","Müdür","{""Q0"":""Müdür""}"
"8377.299999992829","","survey-multi-choice","24","265438","0.0-24.0","6vfq8","zeynepimirr@gmail.com","Zeynep ","z","","F19","null","{""Q0"":""Üzülür""}"
"1970.0000000011642","","survey-multi-choice","25","267420","0.0-25.0","6vfq8","zeynepimirr@gmail.com","Zeynep ","z","","Q19","Fizik","{""Q0"":""Fizik""}"
"9744.299999991199","","survey-multi-choice","26","277175","0.0-26.0","6vfq8","zeynepimirr@gmail.com","Zeynep ","z","","F10","null","{""Q0"":""Sevinir""}"
"3776.400000002468","","survey-multi-choice","27","280976","0.0-27.0","6vfq8","zeynepimirr@gmail.com","Zeynep ","z","","Q10","Yüksek lisans","{""Q0"":""Yüksek lisans""}"
"15324.400000012247","","survey-multi-choice","28","296313","0.0-28.0","6vfq8","zeynepimirr@gmail.com","Zeynep ","z","","F08","null","{""Q0"":""Üzülür""}"
"3714.899999991758","","survey-multi-choice","29","300040","0.0-29.0","6vfq8","zeynepimirr@gmail.com","Zeynep ","z","","Q08","Tenis","{""Q0"":""Tenis""}"
"10271.100000012666","","survey-multi-choice","30","310324","0.0-30.0","6vfq8","zeynepimirr@gmail.com","Zeynep ","z","","C04","null","{""Q0"":""Üzülür""}"
"3111.9999999937136","","survey-multi-choice","31","313447","0.0-31.0","6vfq8","zeynepimirr@gmail.com","Zeynep ","z","","Q04","Kamp","{""Q0"":""Kamp""}"
"17960.900000005495","","survey-multi-choice","32","331422","0.0-32.0","6vfq8","zeynepimirr@gmail.com","Zeynep ","z","","F14","null","{""Q0"":""Sevinir""}"
"3803.1000000191852","","survey-multi-choice","33","335239","0.0-33.0","6vfq8","zeynepimirr@gmail.com","Zeynep ","z","","Q14","Birinci","{""Q0"":""İkinci""}"
"8714.500000001863","","survey-multi-choice","34","343963","0.0-34.0","6vfq8","zeynepimirr@gmail.com","Zeynep ","z","","F21","null","{""Q0"":""Üzülür""}"
"3296.100000006845","","survey-multi-choice","35","347270","0.0-35.0","6vfq8","zeynepimirr@gmail.com","Zeynep ","z","","Q21","Odun","{""Q0"":""Odun""}"
"10271.70000001206","","survey-multi-choice","36","357585","0.0-36.0","6vfq8","zeynepimirr@gmail.com","Zeynep ","z","","C02","null","{""Q0"":""Üzülür""}"
"4254.200000024866","","survey-multi-choice","37","361850","0.0-37.0","6vfq8","zeynepimirr@gmail.com","Zeynep ","z","","Q02","Oyuncak bebek","{""Q0"":""Oyuncak bebek""}"
"9741.99999999837","","survey-multi-choice","38","371603","0.0-38.0","6vfq8","zeynepimirr@gmail.com","Zeynep ","z","","F09","null","{""Q0"":""Sevinir""}"
"3226.599999994505","","survey-multi-choice","39","374842","0.0-39.0","6vfq8","zeynepimirr@gmail.com","Zeynep ","z","","Q09","Yemekhane","{""Q0"":""Yemekhane""}"
"7900.099999998929","","survey-multi-choice","40","382755","0.0-40.0","6vfq8","zeynepimirr@gmail.com","Zeynep ","z","","F16","null","{""Q0"":""Sevinir""}"
"2477.500000008149","","survey-multi-choice","41","385244","0.0-41.0","6vfq8","zeynepimirr@gmail.com","Zeynep ","z","","Q16","Kafe","{""Q0"":""Kafe""}"
"11080.900000000838","","survey-multi-choice","42","396336","0.0-42.0","6vfq8","zeynepimirr@gmail.com","Zeynep ","z","","C01","null","{""Q0"":""Sevinir""}"
"7476.699999999255","","survey-multi-choice","43","403828","0.0-43.0","6vfq8","zeynepimirr@gmail.com","Zeynep ","z","","Q01","Arda","{""Q0"":""Arda""}"
"8439.600000012433","","survey-multi-choice","44","412286","0.0-44.0","6vfq8","zeynepimirr@gmail.com","Zeynep ","z","","F12","null","{""Q0"":""Üzülür""}"
"5740.900000004331","","survey-multi-choice","45","418038","0.0-45.0","6vfq8","zeynepimirr@gmail.com","Zeynep ","z","","Q12","Para biriktirmek","{""Q0"":""Para biriktirmek""}"
"9485.000000015134","","survey-multi-choice","46","427540","0.0-46.0","6vfq8","zeynepimirr@gmail.com","Zeynep ","z","","F07","null","{""Q0"":""Üzülür""}"
"3912.399999971967","","survey-multi-choice","47","431463","0.0-47.0","6vfq8","zeynepimirr@gmail.com","Zeynep ","z","","Q07","Kardan adam","{""Q0"":""Kardan adam""}"
"7179.39999999362","","survey-multi-choice","48","438657","0.0-48.0","6vfq8","zeynepimirr@gmail.com","Zeynep ","z","","F23","null","{""Q0"":""Üzülür""}"
"3226.4999999897555","","survey-multi-choice","49","441896","0.0-49.0","6vfq8","zeynepimirr@gmail.com","Zeynep ","z","","Q23","Çarpışan arabalar","{""Q0"":""Çarpışan arabalar""}"
"3790.6000000075437","","instructions","50","445728","0.0-50.0","6vfq8","zeynepimirr@gmail.com","Zeynep ","z","[{""page_index"":0,""viewing_time"":3788.70000000461}]","","",""
