"rt","url","trial_type","trial_index","time_elapsed","internal_node_id","subject","subject_email","subject_name","group","view_history","id","correct","responses"
"33412.1899999991","resources/welcome.html","external-html","0","33559","0.0-0.0","3c315","","Mefküre","z","","","",""
"9720.049999999901","","instructions","1","43280","0.0-1.0","3c315","","Mefküre","z","[{""page_index"":0,""viewing_time"":9719.03999999995}]","","",""
"12475.204999998823","","survey-multi-choice","2","55758","0.0-2.0","3c315","","Mefküre","z","","F19","null","{""Q0"":""Üzülür""}"
"5952.264999999898","","survey-multi-choice","3","61713","0.0-3.0","3c315","","Mefküre","z","","Q19","Fizik","{""Q0"":""Fizik""}"
"8621.259999999893","","survey-multi-choice","4","70336","0.0-4.0","3c315","","Mefküre","z","","F07","null","{""Q0"":""Üzülür""}"
"5728.379999996832","","survey-multi-choice","5","76067","0.0-5.0","3c315","","Mefküre","z","","Q07","Kardan adam","{""Q0"":""Kardan adam""}"
"11557.505000000674","","survey-multi-choice","6","87627","0.0-6.0","3c315","","Mefküre","z","","F22","null","{""Q0"":""Sevinir""}"
"5747.699999999895","","survey-multi-choice","7","93377","0.0-7.0","3c315","","Mefküre","z","","Q22","Yoğun","{""Q0"":""Yoğun""}"
"13869.139999998879","","survey-multi-choice","8","107249","0.0-8.0","3c315","","Mefküre","z","","C03","null","{""Q0"":""Üzülür""}"
"6138.515000002371","","survey-multi-choice","9","113390","0.0-9.0","3c315","","Mefküre","z","","Q03","Ofis","{""Q0"":""Ofis""}"
"13696.694999998726","","survey-multi-choice","10","127089","0.0-10.0","3c315","","Mefküre","z","","F18","null","{""Q0"":""Sevinir""}"
"8164.7049999992305","","survey-multi-choice","11","135256","0.0-11.0","3c315","","Mefküre","z","","Q18","Çilek","{""Q0"":""Çilek""}"
"18791.395000000193","","survey-multi-choice","12","154050","0.0-12.0","3c315","","Mefküre","z","","F21","null","{""Q0"":""Üzülür""}"
"2793.934999997873","","survey-multi-choice","13","156846","0.0-13.0","3c315","","Mefküre","z","","Q21","Odun","{""Q0"":""Odun""}"
"9554.215000000113","","survey-multi-choice","14","166403","0.0-14.0","3c315","","Mefküre","z","","C05","null","{""Q0"":""Sevinir""}"
"2809.835000000021","","survey-multi-choice","15","169215","0.0-15.0","3c315","","Mefküre","z","","Q05","Matematik","{""Q0"":""Matematik""}"
"7892.6400000018475","","survey-multi-choice","16","177110","0.0-16.0","3c315","","Mefküre","z","","F14","null","{""Q0"":""Sevinir""}"
"3740.255000000616","","survey-multi-choice","17","180852","0.0-17.0","3c315","","Mefküre","z","","Q14","Birinci","{""Q0"":""İkinci""}"
"6359.590000000026","","survey-multi-choice","18","187214","0.0-18.0","3c315","","Mefküre","z","","F09","null","{""Q0"":""Sevinir""}"
"2927.364999999554","","survey-multi-choice","19","190144","0.0-19.0","3c315","","Mefküre","z","","Q09","Yemekhane","{""Q0"":""Yemekhane""}"
"10841.550000001007","","survey-multi-choice","20","200988","0.0-20.0","3c315","","Mefküre","z","","F23","null","{""Q0"":""Üzülür""}"
"5297.695000001113","","survey-multi-choice","21","206289","0.0-21.0","3c315","","Mefküre","z","","Q23","Çarpışan arabalar","{""Q0"":""Çarpışan arabalar""}"
"15334.08000000054","","survey-multi-choice","22","221625","0.0-22.0","3c315","","Mefküre","z","","C04","null","{""Q0"":""Sevinir""}"
"2872.0250000005763","","survey-multi-choice","23","224500","0.0-23.0","3c315","","Mefküre","z","","Q04","Kamp","{""Q0"":""Kamp""}"
"8212.50499999951","","survey-multi-choice","24","232715","0.0-24.0","3c315","","Mefküre","z","","F10","null","{""Q0"":""Sevinir""}"
"2375.770000002376","","survey-multi-choice","25","235093","0.0-25.0","3c315","","Mefküre","z","","Q10","Yüksek lisans","{""Q0"":""Yüksek lisans""}"
"8132.154999999329","","survey-multi-choice","26","243227","0.0-26.0","3c315","","Mefküre","z","","F08","null","{""Q0"":""Üzülür""}"
"2857.6849999990372","","survey-multi-choice","27","246087","0.0-27.0","3c315","","Mefküre","z","","Q08","Tenis","{""Q0"":""Tenis""}"
"35969.945000000705","","survey-multi-choice","28","282060","0.0-28.0","3c315","","Mefküre","z","","F16","null","{""Q0"":""Sevinir""}"
"2671.6899999991874","","survey-multi-choice","29","284734","0.0-29.0","3c315","","Mefküre","z","","Q16","Kafe","{""Q0"":""Kafe""}"
"12590.004999998258","","survey-multi-choice","30","297326","0.0-30.0","3c315","","Mefküre","z","","C01","null","{""Q0"":""Üzülür""}"
"3061.164999999164","","survey-multi-choice","31","300390","0.0-31.0","3c315","","Mefküre","z","","Q01","Arda","{""Q0"":""Arda""}"
"58241.97499999718","","survey-multi-choice","32","358636","0.0-32.0","3c315","","Mefküre","z","","F17","null","{""Q0"":""Sevinir""}"
"6338.219999997818","","survey-multi-choice","33","364976","0.0-33.0","3c315","","Mefküre","z","","Q17","Öğle yemeği","{""Q0"":""Akşam yemeği""}"
"24378.1100000015","","survey-multi-choice","34","389357","0.0-34.0","3c315","","Mefküre","z","","F11","null","{""Q0"":""Üzülür""}"
"2454.4349999996484","","survey-multi-choice","35","391813","0.0-35.0","3c315","","Mefküre","z","","Q11","Ayakkabı","{""Q0"":""Ayakkabı""}"
"7583.494999998948","","survey-multi-choice","36","399399","0.0-36.0","3c315","","Mefküre","z","","C06","null","{""Q0"":""Üzülür""}"
"3550.4000000000815","","survey-multi-choice","37","402952","0.0-37.0","3c315","","Mefküre","z","","Q06","Müdür","{""Q0"":""Müdür""}"
"8144.189999999129","","survey-multi-choice","38","411099","0.0-38.0","3c315","","Mefküre","z","","F20","null","{""Q0"":""Üzülür""}"
"3575.284999998985","","survey-multi-choice","39","414676","0.0-39.0","3c315","","Mefküre","z","","Q20","Piyango bileti","{""Q0"":""Piyango bileti""}"
"64968.30499999848","","survey-multi-choice","40","479648","0.0-40.0","3c315","","Mefküre","z","","F13","null","{""Q0"":""Sevinir""}"
"3528.0950000014855","","survey-multi-choice","41","483178","0.0-41.0","3c315","","Mefküre","z","","Q13","Kars","{""Q0"":""Kars""}"
"17089.85500000196","","survey-multi-choice","42","500271","0.0-42.0","3c315","","Mefküre","z","","C02","null","{""Q0"":""Sevinir""}"
"3685.380000002624","","survey-multi-choice","43","503958","0.0-43.0","3c315","","Mefküre","z","","Q02","Oyuncak bebek","{""Q0"":""Oyuncak bebek""}"
"7126.635000000533","","survey-multi-choice","44","511087","0.0-44.0","3c315","","Mefküre","z","","F24","null","{""Q0"":""Sevinir""}"
"1989.4449999992503","","survey-multi-choice","45","513079","0.0-45.0","3c315","","Mefküre","z","","Q24","Tokyo","{""Q0"":""Tokyo""}"
"18165.044999997946","","survey-multi-choice","46","531246","0.0-46.0","3c315","","Mefküre","z","","F15","null","{""Q0"":""Üzülür""}"
"65459.28500000085","","survey-multi-choice","47","596715","0.0-47.0","3c315","","Mefküre","z","","Q15","Altı","{""Q0"":""Altı""}"
"11642.10499999905","","survey-multi-choice","48","608360","0.0-48.0","3c315","","Mefküre","z","","F12","null","{""Q0"":""Sevinir""}"
"3401.395000000717","","survey-multi-choice","49","611763","0.0-49.0","3c315","","Mefküre","z","","Q12","Para biriktirmek","{""Q0"":""Para biriktirmek""}"
"4757.1349999997765","","instructions","50","616524","0.0-50.0","3c315","","Mefküre","z","[{""page_index"":0,""viewing_time"":4756.734999999055}]","","",""
