"rt","url","trial_type","trial_index","time_elapsed","internal_node_id","subject","subject_email","subject_name","group","view_history","id","correct","responses"
"29543.399999995017","resources/welcome.html","external-html","0","29576","0.0-0.0","urk23","askurtul@netekim.gov","Asiye Kurtuluş","z","","","",""
"15087.89500000421","","instructions","1","44665","0.0-1.0","urk23","askurtul@netekim.gov","Asiye Kurtuluş","z","[{""page_index"":0,""viewing_time"":15087.249999996857}]","","",""
"12958.864999993239","","survey-multi-choice","2","57626","0.0-2.0","urk23","askurtul@netekim.gov","Asiye Kurtuluş","z","","F16","null","{""Q0"":""Sevinir""}"
"2810.204999987036","","survey-multi-choice","3","60441","0.0-3.0","urk23","askurtul@netekim.gov","Asiye Kurtuluş","z","","Q16","Kafe","{""Q0"":""Kafe""}"
"13306.41000000469","","survey-multi-choice","4","73752","0.0-4.0","urk23","askurtul@netekim.gov","Asiye Kurtuluş","z","","F09","null","{""Q0"":""Sevinir""}"
"3503.3849999890663","","survey-multi-choice","5","77260","0.0-5.0","urk23","askurtul@netekim.gov","Asiye Kurtuluş","z","","Q09","Yemekhane","{""Q0"":""Yemekhane""}"
"14019.209999998566","","survey-multi-choice","6","91284","0.0-6.0","urk23","askurtul@netekim.gov","Asiye Kurtuluş","z","","F15","null","{""Q0"":""Üzülür""}"
"3639.519999996992","","survey-multi-choice","7","94927","0.0-7.0","urk23","askurtul@netekim.gov","Asiye Kurtuluş","z","","Q15","Altı","{""Q0"":""Altı""}"
"18095.46000001137","","survey-multi-choice","8","113027","0.0-8.0","urk23","askurtul@netekim.gov","Asiye Kurtuluş","z","","C05","null","{""Q0"":""Sevinir""}"
"2666.5050000010524","","survey-multi-choice","9","115698","0.0-9.0","urk23","askurtul@netekim.gov","Asiye Kurtuluş","z","","Q05","Matematik","{""Q0"":""Matematik""}"
"17922.97500000859","","survey-multi-choice","10","133626","0.0-10.0","urk23","askurtul@netekim.gov","Asiye Kurtuluş","z","","F08","null","{""Q0"":""Üzülür""}"
"2396.275000006426","","survey-multi-choice","11","136027","0.0-11.0","urk23","askurtul@netekim.gov","Asiye Kurtuluş","z","","Q08","Tenis","{""Q0"":""Tenis""}"
"9132.540000005974","","survey-multi-choice","12","145163","0.0-12.0","urk23","askurtul@netekim.gov","Asiye Kurtuluş","z","","F21","null","{""Q0"":""Üzülür""}"
"2890.3299999947194","","survey-multi-choice","13","148058","0.0-13.0","urk23","askurtul@netekim.gov","Asiye Kurtuluş","z","","Q21","Odun","{""Q0"":""Odun""}"
"21641.19500000379","","survey-multi-choice","14","169703","0.0-14.0","urk23","askurtul@netekim.gov","Asiye Kurtuluş","z","","C04","null","{""Q0"":""Üzülür""}"
"2416.494999997667","","survey-multi-choice","15","172124","0.0-15.0","urk23","askurtul@netekim.gov","Asiye Kurtuluş","z","","Q04","Kamp","{""Q0"":""Kamp""}"
"74975.26500000095","","survey-multi-choice","16","247104","0.0-16.0","urk23","askurtul@netekim.gov","Asiye Kurtuluş","z","","F23","null","{""Q0"":""Üzülür""}"
"1899.4699999893783","","survey-multi-choice","17","249008","0.0-17.0","urk23","askurtul@netekim.gov","Asiye Kurtuluş","z","","Q23","Çarpışan arabalar","{""Q0"":""Çarpışan arabalar""}"
"10021.09000000928","","survey-multi-choice","18","259034","0.0-18.0","urk23","askurtul@netekim.gov","Asiye Kurtuluş","z","","F13","null","{""Q0"":""Sevinir""}"
"2126.459999999497","","survey-multi-choice","19","261164","0.0-19.0","urk23","askurtul@netekim.gov","Asiye Kurtuluş","z","","Q13","Kars","{""Q0"":""Kars""}"
"10660.915000000386","","survey-multi-choice","20","271830","0.0-20.0","urk23","askurtul@netekim.gov","Asiye Kurtuluş","z","","F10","null","{""Q0"":""Sevinir""}"
"1435.8800000045449","","survey-multi-choice","21","273270","0.0-21.0","urk23","askurtul@netekim.gov","Asiye Kurtuluş","z","","Q10","Yüksek lisans","{""Q0"":""Yüksek lisans""}"
"23328.059999999823","","survey-multi-choice","22","296601","0.0-22.0","urk23","askurtul@netekim.gov","Asiye Kurtuluş","z","","C01","null","{""Q0"":""Üzülür""}"
"2058.3150000020396","","survey-multi-choice","23","298664","0.0-23.0","urk23","askurtul@netekim.gov","Asiye Kurtuluş","z","","Q01","Arda","{""Q0"":""Arda""}"
"8443.920000005164","","survey-multi-choice","24","307113","0.0-24.0","urk23","askurtul@netekim.gov","Asiye Kurtuluş","z","","F24","null","{""Q0"":""Sevinir""}"
"2500.88500000129","","survey-multi-choice","25","309617","0.0-25.0","urk23","askurtul@netekim.gov","Asiye Kurtuluş","z","","Q24","Tokyo","{""Q0"":""Tokyo""}"
"9772.734999991371","","survey-multi-choice","26","319394","0.0-26.0","urk23","askurtul@netekim.gov","Asiye Kurtuluş","z","","F22","null","{""Q0"":""Sevinir""}"
"2308.6999999941327","","survey-multi-choice","27","321707","0.0-27.0","urk23","askurtul@netekim.gov","Asiye Kurtuluş","z","","Q22","Yoğun","{""Q0"":""Yoğun""}"
"11251.219999991008","","survey-multi-choice","28","332963","0.0-28.0","urk23","askurtul@netekim.gov","Asiye Kurtuluş","z","","F12","null","{""Q0"":""Sevinir""}"
"4571.200000005774","","survey-multi-choice","29","337538","0.0-29.0","urk23","askurtul@netekim.gov","Asiye Kurtuluş","z","","Q12","Para biriktirmek","{""Q0"":""Para biriktirmek""}"
"13189.90000001213","","survey-multi-choice","30","350732","0.0-30.0","urk23","askurtul@netekim.gov","Asiye Kurtuluş","z","","C02","null","{""Q0"":""Üzülür""}"
"4419.389999995474","","survey-multi-choice","31","355156","0.0-31.0","urk23","askurtul@netekim.gov","Asiye Kurtuluş","z","","Q02","Oyuncak bebek","{""Q0"":""Oyuncak bebek""}"
"9333.115000001271","","survey-multi-choice","32","364494","0.0-32.0","urk23","askurtul@netekim.gov","Asiye Kurtuluş","z","","F11","null","{""Q0"":""Üzülür""}"
"2653.4949999913806","","survey-multi-choice","33","367151","0.0-33.0","urk23","askurtul@netekim.gov","Asiye Kurtuluş","z","","Q11","Ayakkabı","{""Q0"":""Ayakkabı""}"
"11759.829999995418","","survey-multi-choice","34","378915","0.0-34.0","urk23","askurtul@netekim.gov","Asiye Kurtuluş","z","","F14","null","{""Q0"":""Sevinir""}"
"2243.049999990035","","survey-multi-choice","35","381163","0.0-35.0","urk23","askurtul@netekim.gov","Asiye Kurtuluş","z","","Q14","Birinci","{""Q0"":""İkinci""}"
"8924.465000003693","","survey-multi-choice","36","390091","0.0-36.0","urk23","askurtul@netekim.gov","Asiye Kurtuluş","z","","C06","null","{""Q0"":""Sevinir""}"
"2844.6549999935087","","survey-multi-choice","37","392939","0.0-37.0","urk23","askurtul@netekim.gov","Asiye Kurtuluş","z","","Q06","Müdür","{""Q0"":""Müdür""}"
"14810.914999994566","","survey-multi-choice","38","407755","0.0-38.0","urk23","askurtul@netekim.gov","Asiye Kurtuluş","z","","F18","null","{""Q0"":""Sevinir""}"
"3101.8849999964004","","survey-multi-choice","39","410861","0.0-39.0","urk23","askurtul@netekim.gov","Asiye Kurtuluş","z","","Q18","Çilek","{""Q0"":""Çilek""}"
"16725.359999996726","","survey-multi-choice","40","427590","0.0-40.0","urk23","askurtul@netekim.gov","Asiye Kurtuluş","z","","F17","null","{""Q0"":""Üzülür""}"
"2643.0700000055367","","survey-multi-choice","41","430238","0.0-41.0","urk23","askurtul@netekim.gov","Asiye Kurtuluş","z","","Q17","Öğle yemeği","{""Q0"":""Akşam yemeği""}"
"13502.269999997225","","survey-multi-choice","42","443743","0.0-42.0","urk23","askurtul@netekim.gov","Asiye Kurtuluş","z","","C03","null","{""Q0"":""Üzülür""}"
"51826.384999993024","","survey-multi-choice","43","495574","0.0-43.0","urk23","askurtul@netekim.gov","Asiye Kurtuluş","z","","Q03","Ofis","{""Q0"":""Ofis""}"
"14520.390000005136","","survey-multi-choice","44","510099","0.0-44.0","urk23","askurtul@netekim.gov","Asiye Kurtuluş","z","","F19","null","{""Q0"":""Sevinir""}"
"2203.255000000354","","survey-multi-choice","45","512309","0.0-45.0","urk23","askurtul@netekim.gov","Asiye Kurtuluş","z","","Q19","Fizik","{""Q0"":""Fizik""}"
"16090.205000000424","","survey-multi-choice","46","528404","0.0-46.0","urk23","askurtul@netekim.gov","Asiye Kurtuluş","z","","F07","null","{""Q0"":""Üzülür""}"
"3859.6600000018952","","survey-multi-choice","47","532269","0.0-47.0","urk23","askurtul@netekim.gov","Asiye Kurtuluş","z","","Q07","Kardan adam","{""Q0"":""Kardan adam""}"
"12901.740000001155","","survey-multi-choice","48","545174","0.0-48.0","urk23","askurtul@netekim.gov","Asiye Kurtuluş","z","","F20","null","{""Q0"":""Üzülür""}"
"2243.514999994659","","survey-multi-choice","49","547422","0.0-49.0","urk23","askurtul@netekim.gov","Asiye Kurtuluş","z","","Q20","Piyango bileti","{""Q0"":""Piyango bileti""}"
"4393.7900000019","","instructions","50","551823","0.0-50.0","urk23","askurtul@netekim.gov","Asiye Kurtuluş","z","[{""page_index"":0,""viewing_time"":4393.495000011171}]","","",""
