"rt","url","trial_type","trial_index","time_elapsed","internal_node_id","subject","subject_email","subject_name","group","view_history","id","correct","responses"
"48483.00000000001","resources/welcome.html","external-html","0","48576","0.0-0.0","tcphg","iremizgordu@gmail.com","Simge İrem İzgördü","z","","","",""
"13598","","instructions","1","62179","0.0-1.0","tcphg","iremizgordu@gmail.com","Simge İrem İzgördü","z","[{""page_index"":0,""viewing_time"":13592}]","","",""
"18663","","survey-multi-choice","2","80846","0.0-2.0","tcphg","iremizgordu@gmail.com","Simge İrem İzgördü","z","","F22","null","{""Q0"":""Sevinir""}"
"5427","","survey-multi-choice","3","86276","0.0-3.0","tcphg","iremizgordu@gmail.com","Simge İrem İzgördü","z","","Q22","Yoğun","{""Q0"":""Yoğun""}"
"11602.999999999985","","survey-multi-choice","4","97886","0.0-4.0","tcphg","iremizgordu@gmail.com","Simge İrem İzgördü","z","","F17","null","{""Q0"":""Sevinir""}"
"7140","","survey-multi-choice","5","105033","0.0-5.0","tcphg","iremizgordu@gmail.com","Simge İrem İzgördü","z","","Q17","Öğle yemeği","{""Q0"":""Akşam yemeği""}"
"11411.999999999985","","survey-multi-choice","6","116452","0.0-6.0","tcphg","iremizgordu@gmail.com","Simge İrem İzgördü","z","","F20","null","{""Q0"":""Üzülür""}"
"6049","","survey-multi-choice","7","122508","0.0-7.0","tcphg","iremizgordu@gmail.com","Simge İrem İzgördü","z","","Q20","Piyango bileti","{""Q0"":""Piyango bileti""}"
"21724","","survey-multi-choice","8","144238","0.0-8.0","tcphg","iremizgordu@gmail.com","Simge İrem İzgördü","z","","C02","null","{""Q0"":""Üzülür""}"
"3236","","survey-multi-choice","9","147480","0.0-9.0","tcphg","iremizgordu@gmail.com","Simge İrem İzgördü","z","","Q02","Oyuncak bebek","{""Q0"":""Oyuncak bebek""}"
"11941","","survey-multi-choice","10","159426","0.0-10.0","tcphg","iremizgordu@gmail.com","Simge İrem İzgördü","z","","F21","null","{""Q0"":""Üzülür""}"
"2933","","survey-multi-choice","11","162365","0.0-11.0","tcphg","iremizgordu@gmail.com","Simge İrem İzgördü","z","","Q21","Odun","{""Q0"":""Odun""}"
"10862","","survey-multi-choice","12","173230","0.0-12.0","tcphg","iremizgordu@gmail.com","Simge İrem İzgördü","z","","F18","null","{""Q0"":""Sevinir""}"
"3244","","survey-multi-choice","13","176481","0.0-13.0","tcphg","iremizgordu@gmail.com","Simge İrem İzgördü","z","","Q18","Çilek","{""Q0"":""Çilek""}"
"15999","","survey-multi-choice","14","192485","0.0-14.0","tcphg","iremizgordu@gmail.com","Simge İrem İzgördü","z","","C03","null","{""Q0"":""Üzülür""}"
"3371","","survey-multi-choice","15","195862","0.0-15.0","tcphg","iremizgordu@gmail.com","Simge İrem İzgördü","z","","Q03","Ofis","{""Q0"":""Ofis""}"
"7229.000000000029","","survey-multi-choice","16","203096","0.0-16.0","tcphg","iremizgordu@gmail.com","Simge İrem İzgördü","z","","F23","null","{""Q0"":""Üzülür""}"
"4447.999999999971","","survey-multi-choice","17","207550","0.0-17.0","tcphg","iremizgordu@gmail.com","Simge İrem İzgördü","z","","Q23","Çarpışan arabalar","{""Q0"":""Çarpışan arabalar""}"
"19191","","survey-multi-choice","18","226749","0.0-18.0","tcphg","iremizgordu@gmail.com","Simge İrem İzgördü","z","","F12","null","{""Q0"":""Sevinir""}"
"3007.000000000029","","survey-multi-choice","19","229763","0.0-19.0","tcphg","iremizgordu@gmail.com","Simge İrem İzgördü","z","","Q12","Para biriktirmek","{""Q0"":""Para biriktirmek""}"
"10757.00000000003","","survey-multi-choice","20","240525","0.0-20.0","tcphg","iremizgordu@gmail.com","Simge İrem İzgördü","z","","F19","null","{""Q0"":""Üzülür""}"
"2915.000000000029","","survey-multi-choice","21","243448","0.0-21.0","tcphg","iremizgordu@gmail.com","Simge İrem İzgördü","z","","Q19","Fizik","{""Q0"":""Fizik""}"
"9032","","survey-multi-choice","22","252486","0.0-22.0","tcphg","iremizgordu@gmail.com","Simge İrem İzgördü","z","","C05","null","{""Q0"":""Sevinir""}"
"4461.000000000029","","survey-multi-choice","23","256950","0.0-23.0","tcphg","iremizgordu@gmail.com","Simge İrem İzgördü","z","","Q05","Matematik","{""Q0"":""Matematik""}"
"5661.000000000029","","survey-multi-choice","24","262618","0.0-24.0","tcphg","iremizgordu@gmail.com","Simge İrem İzgördü","z","","F10","null","{""Q0"":""Sevinir""}"
"3178","","survey-multi-choice","25","265801","0.0-25.0","tcphg","iremizgordu@gmail.com","Simge İrem İzgördü","z","","Q10","Yüksek lisans","{""Q0"":""Yüksek lisans""}"
"12121","","survey-multi-choice","26","277929","0.0-26.0","tcphg","iremizgordu@gmail.com","Simge İrem İzgördü","z","","F13","null","{""Q0"":""Sevinir""}"
"2774","","survey-multi-choice","27","280709","0.0-27.0","tcphg","iremizgordu@gmail.com","Simge İrem İzgördü","z","","Q13","Kars","{""Q0"":""Kars""}"
"9867","","survey-multi-choice","28","290583","0.0-28.0","tcphg","iremizgordu@gmail.com","Simge İrem İzgördü","z","","F08","null","{""Q0"":""Üzülür""}"
"3395","","survey-multi-choice","29","293984","0.0-29.0","tcphg","iremizgordu@gmail.com","Simge İrem İzgördü","z","","Q08","Tenis","{""Q0"":""Tenis""}"
"17529","","survey-multi-choice","30","311520","0.0-30.0","tcphg","iremizgordu@gmail.com","Simge İrem İzgördü","z","","C06","null","{""Q0"":""Üzülür""}"
"4907","","survey-multi-choice","31","316430","0.0-31.0","tcphg","iremizgordu@gmail.com","Simge İrem İzgördü","z","","Q06","Müdür","{""Q0"":""Müdür""}"
"9496","","survey-multi-choice","32","325934","0.0-32.0","tcphg","iremizgordu@gmail.com","Simge İrem İzgördü","z","","F11","null","{""Q0"":""Üzülür""}"
"3009","","survey-multi-choice","33","328954","0.0-33.0","tcphg","iremizgordu@gmail.com","Simge İrem İzgördü","z","","Q11","Ayakkabı","{""Q0"":""Ayakkabı""}"
"9395","","survey-multi-choice","34","338357","0.0-34.0","tcphg","iremizgordu@gmail.com","Simge İrem İzgördü","z","","F09","null","{""Q0"":""Sevinir""}"
"2674.000000000058","","survey-multi-choice","35","341037","0.0-35.0","tcphg","iremizgordu@gmail.com","Simge İrem İzgördü","z","","Q09","Yemekhane","{""Q0"":""Yemekhane""}"
"6657","","survey-multi-choice","36","347704","0.0-36.0","tcphg","iremizgordu@gmail.com","Simge İrem İzgördü","z","","C04","null","{""Q0"":""Üzülür""}"
"4338.000000000058","","survey-multi-choice","37","352049","0.0-37.0","tcphg","iremizgordu@gmail.com","Simge İrem İzgördü","z","","Q04","Kamp","{""Q0"":""Kamp""}"
"8865","","survey-multi-choice","38","360921","0.0-38.0","tcphg","iremizgordu@gmail.com","Simge İrem İzgördü","z","","F24","null","{""Q0"":""Sevinir""}"
"2212","","survey-multi-choice","39","363147","0.0-39.0","tcphg","iremizgordu@gmail.com","Simge İrem İzgördü","z","","Q24","Tokyo","{""Q0"":""Tokyo""}"
"8583","","survey-multi-choice","40","371737","0.0-40.0","tcphg","iremizgordu@gmail.com","Simge İrem İzgördü","z","","F15","null","{""Q0"":""Sevinir""}"
"2860","","survey-multi-choice","41","374604","0.0-41.0","tcphg","iremizgordu@gmail.com","Simge İrem İzgördü","z","","Q15","Altı","{""Q0"":""Altı""}"
"13890.000000000058","","survey-multi-choice","42","388499","0.0-42.0","tcphg","iremizgordu@gmail.com","Simge İrem İzgördü","z","","C01","null","{""Q0"":""Sevinir""}"
"3728.999999999942","","survey-multi-choice","43","392235","0.0-43.0","tcphg","iremizgordu@gmail.com","Simge İrem İzgördü","z","","Q01","Arda","{""Q0"":""Arda""}"
"12804","","survey-multi-choice","44","405047","0.0-44.0","tcphg","iremizgordu@gmail.com","Simge İrem İzgördü","z","","F16","null","{""Q0"":""Sevinir""}"
"2960","","survey-multi-choice","45","408014","0.0-45.0","tcphg","iremizgordu@gmail.com","Simge İrem İzgördü","z","","Q16","Kafe","{""Q0"":""Kafe""}"
"9173","","survey-multi-choice","46","417193","0.0-46.0","tcphg","iremizgordu@gmail.com","Simge İrem İzgördü","z","","F14","null","{""Q0"":""Üzülür""}"
"3100","","survey-multi-choice","47","420304","0.0-47.0","tcphg","iremizgordu@gmail.com","Simge İrem İzgördü","z","","Q14","Birinci","{""Q0"":""İkinci""}"
"5520","","survey-multi-choice","48","425831","0.0-48.0","tcphg","iremizgordu@gmail.com","Simge İrem İzgördü","z","","F07","null","{""Q0"":""Üzülür""}"
"3208","","survey-multi-choice","49","429047","0.0-49.0","tcphg","iremizgordu@gmail.com","Simge İrem İzgördü","z","","Q07","Kardan adam","{""Q0"":""Kardan adam""}"
"5061","","instructions","50","434128","0.0-50.0","tcphg","iremizgordu@gmail.com","Simge İrem İzgördü","z","[{""page_index"":0,""viewing_time"":5060}]","","",""
