"rt","url","trial_type","trial_index","time_elapsed","internal_node_id","subject","subject_email","subject_name","group","view_history","id","correct","responses"
"35967.90000004694","resources/welcome.html","external-html","0","36088","0.0-0.0","gknrg","","Fadime ","z","","","",""
"19247.80000001192","","instructions","1","55344","0.0-1.0","gknrg","","Fadime ","z","[{""page_index"":0,""viewing_time"":19244.399999966845}]","","",""
"15576.20000001043","","survey-multi-choice","2","70946","0.0-2.0","gknrg","","Fadime ","z","","F10","null","{""Q0"":""Sevinir""}"
"3580.400000093505","","survey-multi-choice","3","74542","0.0-3.0","gknrg","","Fadime ","z","","Q10","Yüksek lisans","{""Q0"":""Yüksek lisans""}"
"7921.100000152364","","survey-multi-choice","4","82474","0.0-4.0","gknrg","","Fadime ","z","","F18","null","{""Q0"":""Sevinir""}"
"3361.2000001594424","","survey-multi-choice","5","85844","0.0-5.0","gknrg","","Fadime ","z","","Q18","Çilek","{""Q0"":""Çilek""}"
"11909.70000019297","","survey-multi-choice","6","97768","0.0-6.0","gknrg","","Fadime ","z","","F19","null","{""Q0"":""Üzülür""}"
"2766.4000000804663","","survey-multi-choice","7","100546","0.0-7.0","gknrg","","Fadime ","z","","Q19","Fizik","{""Q0"":""Fizik""}"
"9518.500000005588","","survey-multi-choice","8","110073","0.0-8.0","gknrg","","Fadime ","z","","C06","null","{""Q0"":""Üzülür""}"
"8252.300000051036","","survey-multi-choice","9","118345","0.0-9.0","gknrg","","Fadime ","z","","Q06","Müdür","{""Q0"":""Müdür""}"
"15642.500000074506","","survey-multi-choice","10","133999","0.0-10.0","gknrg","","Fadime ","z","","F20","null","{""Q0"":""Sevinir""}"
"2015.3000000864267","","survey-multi-choice","11","136032","0.0-11.0","gknrg","","Fadime ","z","","Q20","Piyango bileti","{""Q0"":""Piyango bileti""}"
"9634.700000053272","","survey-multi-choice","12","145681","0.0-12.0","gknrg","","Fadime ","z","","F23","null","{""Q0"":""Üzülür""}"
"3591.9000001158565","","survey-multi-choice","13","149285","0.0-13.0","gknrg","","Fadime ","z","","Q23","Çarpışan arabalar","{""Q0"":""Çarpışan arabalar""}"
"20567.999999970198","","survey-multi-choice","14","169868","0.0-14.0","gknrg","","Fadime ","z","","C03","null","{""Q0"":""Üzülür""}"
"5964.399999938905","","survey-multi-choice","15","175840","0.0-15.0","gknrg","","Fadime ","z","","Q03","Ofis","{""Q0"":""Fabrika""}"
"7791.100000031292","","survey-multi-choice","16","183639","0.0-16.0","gknrg","","Fadime ","z","","F14","null","{""Q0"":""Sevinir""}"
"2666.399999987334","","survey-multi-choice","17","186319","0.0-17.0","gknrg","","Fadime ","z","","Q14","Birinci","{""Q0"":""İkinci""}"
"13776.399999856949","","survey-multi-choice","18","200108","0.0-18.0","gknrg","","Fadime ","z","","F09","null","{""Q0"":""Sevinir""}"
"1812.099999981001","","survey-multi-choice","19","201936","0.0-19.0","gknrg","","Fadime ","z","","Q09","Yemekhane","{""Q0"":""Yemekhane""}"
"15716.099999845028","","survey-multi-choice","20","217659","0.0-20.0","gknrg","","Fadime ","z","","F17","null","{""Q0"":""Sevinir""}"
"7225.899999961257","","survey-multi-choice","21","224901","0.0-21.0","gknrg","","Fadime ","z","","Q17","Öğle yemeği","{""Q0"":""Akşam yemeği""}"
"12419.299999950454","","survey-multi-choice","22","237337","0.0-22.0","gknrg","","Fadime ","z","","C01","null","{""Q0"":""Üzülür""}"
"2680.5999998468906","","survey-multi-choice","23","240032","0.0-23.0","gknrg","","Fadime ","z","","Q01","Arda","{""Q0"":""Arda""}"
"11093.399999896064","","survey-multi-choice","24","251140","0.0-24.0","gknrg","","Fadime ","z","","F22","null","{""Q0"":""Sevinir""}"
"3581.1000000685453","","survey-multi-choice","25","254739","0.0-25.0","gknrg","","Fadime ","z","","Q22","Yoğun","{""Q0"":""Yoğun""}"
"11351.100000087172","","survey-multi-choice","26","266106","0.0-26.0","gknrg","","Fadime ","z","","F15","null","{""Q0"":""Sevinir""}"
"2910.6999998912215","","survey-multi-choice","27","269033","0.0-27.0","gknrg","","Fadime ","z","","Q15","Altı","{""Q0"":""Altı""}"
"80123.69999988005","","survey-multi-choice","28","455705","0.0-28.0","gknrg","","Fadime ","z","","F21","null","{""Q0"":""Üzülür""}"
"3728.0000001192093","","survey-multi-choice","29","459451","0.0-29.0","gknrg","","Fadime ","z","","Q21","Odun","{""Q0"":""Odun""}"
"9131.700000027195","","survey-multi-choice","30","468598","0.0-30.0","gknrg","","Fadime ","z","","C02","null","{""Q0"":""Sevinir""}"
"4917.799999937415","","survey-multi-choice","31","473534","0.0-31.0","gknrg","","Fadime ","z","","Q02","Oyuncak bebek","{""Q0"":""Oyuncak bebek""}"
"31550.59999995865","","survey-multi-choice","32","637648","0.0-32.0","gknrg","","Fadime ","z","","F11","null","{""Q0"":""Üzülür""}"
"1750.2999999560416","","survey-multi-choice","33","639417","0.0-33.0","gknrg","","Fadime ","z","","Q11","Ayakkabı","{""Q0"":""Ayakkabı""}"
"10301.800000015646","","survey-multi-choice","34","649735","0.0-34.0","gknrg","","Fadime ","z","","F16","null","{""Q0"":""Sevinir""}"
"1453.9000000804663","","survey-multi-choice","35","651202","0.0-35.0","gknrg","","Fadime ","z","","Q16","Kafe","{""Q0"":""Kafe""}"
"9020.19999991171","","survey-multi-choice","36","660256","0.0-36.0","gknrg","","Fadime ","z","","C05","null","{""Q0"":""Üzülür""}"
"1535.8000001870096","","survey-multi-choice","37","661805","0.0-37.0","gknrg","","Fadime ","z","","Q05","Matematik","{""Q0"":""Matematik""}"
"18012.799999909475","","survey-multi-choice","38","679828","0.0-38.0","gknrg","","Fadime ","z","","F13","null","{""Q0"":""Üzülür""}"
"1843.6000000219792","","survey-multi-choice","39","681685","0.0-39.0","gknrg","","Fadime ","z","","Q13","Kars","{""Q0"":""Kars""}"
"7033.500000135973","","survey-multi-choice","40","688730","0.0-40.0","gknrg","","Fadime ","z","","F07","null","{""Q0"":""Üzülür""}"
"2816.7999999132007","","survey-multi-choice","41","691555","0.0-41.0","gknrg","","Fadime ","z","","Q07","Kardan adam","{""Q0"":""Kardan adam""}"
"13345.800000010058","","survey-multi-choice","42","704910","0.0-42.0","gknrg","","Fadime ","z","","C04","null","{""Q0"":""Sevinir""}"
"1460.200000088662","","survey-multi-choice","43","706383","0.0-43.0","gknrg","","Fadime ","z","","Q04","Kamp","{""Q0"":""Kamp""}"
"6192.599999951199","","survey-multi-choice","44","712589","0.0-44.0","gknrg","","Fadime ","z","","F08","null","{""Q0"":""Üzülür""}"
"1568.3999999891967","","survey-multi-choice","45","714171","0.0-45.0","gknrg","","Fadime ","z","","Q08","Tenis","{""Q0"":""Tenis""}"
"8587.700000032783","","survey-multi-choice","46","722770","0.0-46.0","gknrg","","Fadime ","z","","F24","null","{""Q0"":""Sevinir""}"
"1690.9999998752028","","survey-multi-choice","47","724477","0.0-47.0","gknrg","","Fadime ","z","","Q24","Tokyo","{""Q0"":""Tokyo""}"
"16365.999999921769","","survey-multi-choice","48","740854","0.0-48.0","gknrg","","Fadime ","z","","F12","null","{""Q0"":""Üzülür""}"
"2692.8999999072403","","survey-multi-choice","49","743564","0.0-49.0","gknrg","","Fadime ","z","","Q12","Para biriktirmek","{""Q0"":""Para biriktirmek""}"
"1718.299999833107","","instructions","50","745317","0.0-50.0","gknrg","","Fadime ","z","[{""page_index"":0,""viewing_time"":1716.2999999709427}]","","",""
