"rt","url","trial_type","trial_index","time_elapsed","internal_node_id","subject","subject_email","subject_name","group","view_history","id","correct","responses"
"24063.314999992144","resources/welcome.html","external-html","0","24077","0.0-0.0","ssv3p","kamil.urgun@gmail.com","kamil urgun","z","","","",""
"23725.43500000029","","instructions","1","47803","0.0-1.0","ssv3p","kamil.urgun@gmail.com","kamil urgun","z","[{""page_index"":0,""viewing_time"":23725.044999999227}]","","",""
"16077.51499999722","","survey-multi-choice","2","63879","0.0-2.0","ssv3p","kamil.urgun@gmail.com","kamil urgun","z","","F10","null","{""Q0"":""Sevinir""}"
"3573.470000002999","","survey-multi-choice","3","67455","0.0-3.0","ssv3p","kamil.urgun@gmail.com","kamil urgun","z","","Q10","Yüksek lisans","{""Q0"":""Yüksek lisans""}"
"15486.04499999783","","survey-multi-choice","4","82943","0.0-4.0","ssv3p","kamil.urgun@gmail.com","kamil urgun","z","","F07","null","{""Q0"":""Üzülür""}"
"3518.084999988787","","survey-multi-choice","5","86463","0.0-5.0","ssv3p","kamil.urgun@gmail.com","kamil urgun","z","","Q07","Kardan adam","{""Q0"":""Kardan adam""}"
"12206.165000010515","","survey-multi-choice","6","98671","0.0-6.0","ssv3p","kamil.urgun@gmail.com","kamil urgun","z","","F24","null","{""Q0"":""Sevinir""}"
"2382.094999993569","","survey-multi-choice","7","101055","0.0-7.0","ssv3p","kamil.urgun@gmail.com","kamil urgun","z","","Q24","Tokyo","{""Q0"":""Tokyo""}"
"37293.250000002445","","survey-multi-choice","8","138353","0.0-8.0","ssv3p","kamil.urgun@gmail.com","kamil urgun","z","","C03","null","{""Q0"":""Sevinir""}"
"14166.049999999814","","survey-multi-choice","9","152521","0.0-9.0","ssv3p","kamil.urgun@gmail.com","kamil urgun","z","","Q03","Ofis","{""Q0"":""Ofis""}"
"21397.985000003246","","survey-multi-choice","10","173921","0.0-10.0","ssv3p","kamil.urgun@gmail.com","kamil urgun","z","","F13","null","{""Q0"":""Sevinir""}"
"2821.9349999999395","","survey-multi-choice","11","176745","0.0-11.0","ssv3p","kamil.urgun@gmail.com","kamil urgun","z","","Q13","Kars","{""Q0"":""Kars""}"
"19206.080000003567","","survey-multi-choice","12","195954","0.0-12.0","ssv3p","kamil.urgun@gmail.com","kamil urgun","z","","F20","null","{""Q0"":""Üzülür""}"
"2694.019999995362","","survey-multi-choice","13","198650","0.0-13.0","ssv3p","kamil.urgun@gmail.com","kamil urgun","z","","Q20","Piyango bileti","{""Q0"":""Piyango bileti""}"
"12678.029999995488","","survey-multi-choice","14","211330","0.0-14.0","ssv3p","kamil.urgun@gmail.com","kamil urgun","z","","C06","null","{""Q0"":""Sevinir""}"
"4158.15499999735","","survey-multi-choice","15","215490","0.0-15.0","ssv3p","kamil.urgun@gmail.com","kamil urgun","z","","Q06","Müdür","{""Q0"":""Müdür""}"
"11917.910000003758","","survey-multi-choice","16","227409","0.0-16.0","ssv3p","kamil.urgun@gmail.com","kamil urgun","z","","F15","null","{""Q0"":""Üzülür""}"
"3549.975000001723","","survey-multi-choice","17","230961","0.0-17.0","ssv3p","kamil.urgun@gmail.com","kamil urgun","z","","Q15","Altı","{""Q0"":""Altı""}"
"7638.279999999213","","survey-multi-choice","18","238601","0.0-18.0","ssv3p","kamil.urgun@gmail.com","kamil urgun","z","","F17","null","{""Q0"":""Üzülür""}"
"5198.1399999931455","","survey-multi-choice","19","243801","0.0-19.0","ssv3p","kamil.urgun@gmail.com","kamil urgun","z","","Q17","Öğle yemeği","{""Q0"":""Akşam yemeği""}"
"17726.169999994454","","survey-multi-choice","20","261519","0.0-20.0","ssv3p","kamil.urgun@gmail.com","kamil urgun","z","","F14","null","{""Q0"":""Sevinir""}"
"4101.849999991828","","survey-multi-choice","21","265623","0.0-21.0","ssv3p","kamil.urgun@gmail.com","kamil urgun","z","","Q14","Birinci","{""Q0"":""İkinci""}"
"8902.124999993248","","survey-multi-choice","22","274527","0.0-22.0","ssv3p","kamil.urgun@gmail.com","kamil urgun","z","","C01","null","{""Q0"":""Üzülür""}"
"2789.9650000035763","","survey-multi-choice","23","277319","0.0-23.0","ssv3p","kamil.urgun@gmail.com","kamil urgun","z","","Q01","Arda","{""Q0"":""Arda""}"
"9134.225000001607","","survey-multi-choice","24","286455","0.0-24.0","ssv3p","kamil.urgun@gmail.com","kamil urgun","z","","F08","null","{""Q0"":""Üzülür""}"
"5430.034999997588","","survey-multi-choice","25","291887","0.0-25.0","ssv3p","kamil.urgun@gmail.com","kamil urgun","z","","Q08","Tenis","{""Q0"":""Tenis""}"
"8830.484999998589","","survey-multi-choice","26","300720","0.0-26.0","ssv3p","kamil.urgun@gmail.com","kamil urgun","z","","F21","null","{""Q0"":""Üzülür""}"
"2797.6550000021234","","survey-multi-choice","27","303519","0.0-27.0","ssv3p","kamil.urgun@gmail.com","kamil urgun","z","","Q21","Odun","{""Q0"":""Odun""}"
"9430.229999998119","","survey-multi-choice","28","312951","0.0-28.0","ssv3p","kamil.urgun@gmail.com","kamil urgun","z","","F22","null","{""Q0"":""Sevinir""}"
"2325.7449999946402","","survey-multi-choice","29","315279","0.0-29.0","ssv3p","kamil.urgun@gmail.com","kamil urgun","z","","Q22","Yoğun","{""Q0"":""Yoğun""}"
"8694.170000002487","","survey-multi-choice","30","323974","0.0-30.0","ssv3p","kamil.urgun@gmail.com","kamil urgun","z","","C02","null","{""Q0"":""Sevinir""}"
"3790.1200000051176","","survey-multi-choice","31","327766","0.0-31.0","ssv3p","kamil.urgun@gmail.com","kamil urgun","z","","Q02","Oyuncak bebek","{""Q0"":""Oyuncak bebek""}"
"7045.949999999721","","survey-multi-choice","32","334814","0.0-32.0","ssv3p","kamil.urgun@gmail.com","kamil urgun","z","","F18","null","{""Q0"":""Sevinir""}"
"2549.895000003744","","survey-multi-choice","33","337367","0.0-33.0","ssv3p","kamil.urgun@gmail.com","kamil urgun","z","","Q18","Çilek","{""Q0"":""Çilek""}"
"12988.855000003241","","survey-multi-choice","34","350357","0.0-34.0","ssv3p","kamil.urgun@gmail.com","kamil urgun","z","","F16","null","{""Q0"":""Sevinir""}"
"3254.000000000815","","survey-multi-choice","35","353613","0.0-35.0","ssv3p","kamil.urgun@gmail.com","kamil urgun","z","","Q16","Kafe","{""Q0"":""Kafe""}"
"56941.54999998864","","survey-multi-choice","36","410568","0.0-36.0","ssv3p","kamil.urgun@gmail.com","kamil urgun","z","","C05","null","{""Q0"":""Sevinir""}"
"5333.100000003469","","survey-multi-choice","37","415904","0.0-37.0","ssv3p","kamil.urgun@gmail.com","kamil urgun","z","","Q05","Matematik","{""Q0"":""Matematik""}"
"7398.105000000214","","survey-multi-choice","38","423304","0.0-38.0","ssv3p","kamil.urgun@gmail.com","kamil urgun","z","","F11","null","{""Q0"":""Üzülür""}"
"2438.129999994999","","survey-multi-choice","39","425744","0.0-39.0","ssv3p","kamil.urgun@gmail.com","kamil urgun","z","","Q11","Ayakkabı","{""Q0"":""Ayakkabı""}"
"7901.834999996936","","survey-multi-choice","40","433648","0.0-40.0","ssv3p","kamil.urgun@gmail.com","kamil urgun","z","","F12","null","{""Q0"":""Sevinir""}"
"2470.1400000049034","","survey-multi-choice","41","436120","0.0-41.0","ssv3p","kamil.urgun@gmail.com","kamil urgun","z","","Q12","Para biriktirmek","{""Q0"":""Para biriktirmek""}"
"7246.029999994789","","survey-multi-choice","42","443368","0.0-42.0","ssv3p","kamil.urgun@gmail.com","kamil urgun","z","","C04","null","{""Q0"":""Üzülür""}"
"2182.0500000030734","","survey-multi-choice","43","445552","0.0-43.0","ssv3p","kamil.urgun@gmail.com","kamil urgun","z","","Q04","Kamp","{""Q0"":""Kamp""}"
"6814.080000011018","","survey-multi-choice","44","452368","0.0-44.0","ssv3p","kamil.urgun@gmail.com","kamil urgun","z","","F09","null","{""Q0"":""Sevinir""}"
"2390.050000001793","","survey-multi-choice","45","454760","0.0-45.0","ssv3p","kamil.urgun@gmail.com","kamil urgun","z","","Q09","Yemekhane","{""Q0"":""Yemekhane""}"
"5341.820000001462","","survey-multi-choice","46","460104","0.0-46.0","ssv3p","kamil.urgun@gmail.com","kamil urgun","z","","F23","null","{""Q0"":""Üzülür""}"
"2997.9549999989104","","survey-multi-choice","47","463104","0.0-47.0","ssv3p","kamil.urgun@gmail.com","kamil urgun","z","","Q23","Çarpışan arabalar","{""Q0"":""Çarpışan arabalar""}"
"8166.299999997136","","survey-multi-choice","48","471272","0.0-48.0","ssv3p","kamil.urgun@gmail.com","kamil urgun","z","","F19","null","{""Q0"":""Üzülür""}"
"1813.959999999497","","survey-multi-choice","49","473088","0.0-49.0","ssv3p","kamil.urgun@gmail.com","kamil urgun","z","","Q19","Fizik","{""Q0"":""Fizik""}"
"4260.314999992261","","instructions","50","477352","0.0-50.0","ssv3p","kamil.urgun@gmail.com","kamil urgun","z","[{""page_index"":0,""viewing_time"":4260.024999995949}]","","",""
