"rt","url","trial_type","trial_index","time_elapsed","internal_node_id","subject","subject_email","subject_name","group","view_history","id","correct","responses"
"22652.000000000004","resources/welcome.html","external-html","0","22657","0.0-0.0","n5dym","e207966@metu.edu.tr","Neslihan Aslan","z","","","",""
"10395","","instructions","1","33062","0.0-1.0","n5dym","e207966@metu.edu.tr","Neslihan Aslan","z","[{""page_index"":0,""viewing_time"":10394}]","","",""
"8801.000000000007","","survey-multi-choice","2","41870","0.0-2.0","n5dym","e207966@metu.edu.tr","Neslihan Aslan","z","","F16","null","{""Q0"":""Sevinir""}"
"3485","","survey-multi-choice","3","45361","0.0-3.0","n5dym","e207966@metu.edu.tr","Neslihan Aslan","z","","Q16","Kafe","{""Q0"":""Kafe""}"
"9651","","survey-multi-choice","4","55017","0.0-4.0","n5dym","e207966@metu.edu.tr","Neslihan Aslan","z","","F08","null","{""Q0"":""Üzülür""}"
"3434","","survey-multi-choice","5","58456","0.0-5.0","n5dym","e207966@metu.edu.tr","Neslihan Aslan","z","","Q08","Tenis","{""Q0"":""Tenis""}"
"16580.000000000015","","survey-multi-choice","6","75040","0.0-6.0","n5dym","e207966@metu.edu.tr","Neslihan Aslan","z","","F15","null","{""Q0"":""Sevinir""}"
"3970.9999999999854","","survey-multi-choice","7","79017","0.0-7.0","n5dym","e207966@metu.edu.tr","Neslihan Aslan","z","","Q15","Altı","{""Q0"":""Altı""}"
"10562","","survey-multi-choice","8","89585","0.0-8.0","n5dym","e207966@metu.edu.tr","Neslihan Aslan","z","","C03","null","{""Q0"":""Üzülür""}"
"2832","","survey-multi-choice","9","92422","0.0-9.0","n5dym","e207966@metu.edu.tr","Neslihan Aslan","z","","Q03","Ofis","{""Q0"":""Ofis""}"
"24164","","survey-multi-choice","10","116591","0.0-10.0","n5dym","e207966@metu.edu.tr","Neslihan Aslan","z","","F14","null","{""Q0"":""Sevinir""}"
"5507","","survey-multi-choice","11","122105","0.0-11.0","n5dym","e207966@metu.edu.tr","Neslihan Aslan","z","","Q14","Birinci","{""Q0"":""İkinci""}"
"9111","","survey-multi-choice","12","131222","0.0-12.0","n5dym","e207966@metu.edu.tr","Neslihan Aslan","z","","F24","null","{""Q0"":""Sevinir""}"
"2844","","survey-multi-choice","13","134072","0.0-13.0","n5dym","e207966@metu.edu.tr","Neslihan Aslan","z","","Q24","Tokyo","{""Q0"":""Tokyo""}"
"12348","","survey-multi-choice","14","146427","0.0-14.0","n5dym","e207966@metu.edu.tr","Neslihan Aslan","z","","C02","null","{""Q0"":""Sevinir""}"
"3140","","survey-multi-choice","15","149574","0.0-15.0","n5dym","e207966@metu.edu.tr","Neslihan Aslan","z","","Q02","Oyuncak bebek","{""Q0"":""Oyuncak bebek""}"
"8441","","survey-multi-choice","16","158020","0.0-16.0","n5dym","e207966@metu.edu.tr","Neslihan Aslan","z","","F13","null","{""Q0"":""Sevinir""}"
"2247","","survey-multi-choice","17","160274","0.0-17.0","n5dym","e207966@metu.edu.tr","Neslihan Aslan","z","","Q13","Kars","{""Q0"":""Kars""}"
"8875","","survey-multi-choice","18","169156","0.0-18.0","n5dym","e207966@metu.edu.tr","Neslihan Aslan","z","","F11","null","{""Q0"":""Üzülür""}"
"3131","","survey-multi-choice","19","172292","0.0-19.0","n5dym","e207966@metu.edu.tr","Neslihan Aslan","z","","Q11","Ayakkabı","{""Q0"":""Ayakkabı""}"
"7385","","survey-multi-choice","20","179682","0.0-20.0","n5dym","e207966@metu.edu.tr","Neslihan Aslan","z","","F12","null","{""Q0"":""Sevinir""}"
"4907","","survey-multi-choice","21","184592","0.0-21.0","n5dym","e207966@metu.edu.tr","Neslihan Aslan","z","","Q12","Para biriktirmek","{""Q0"":""Para biriktirmek""}"
"6627.000000000029","","survey-multi-choice","22","191225","0.0-22.0","n5dym","e207966@metu.edu.tr","Neslihan Aslan","z","","C05","null","{""Q0"":""Sevinir""}"
"2629.999999999971","","survey-multi-choice","23","193861","0.0-23.0","n5dym","e207966@metu.edu.tr","Neslihan Aslan","z","","Q05","Matematik","{""Q0"":""Matematik""}"
"4828","","survey-multi-choice","24","198694","0.0-24.0","n5dym","e207966@metu.edu.tr","Neslihan Aslan","z","","F18","null","{""Q0"":""Sevinir""}"
"2041","","survey-multi-choice","25","200742","0.0-25.0","n5dym","e207966@metu.edu.tr","Neslihan Aslan","z","","Q18","Çilek","{""Q0"":""Çilek""}"
"6877","","survey-multi-choice","26","207625","0.0-26.0","n5dym","e207966@metu.edu.tr","Neslihan Aslan","z","","F09","null","{""Q0"":""Sevinir""}"
"3095","","survey-multi-choice","27","210726","0.0-27.0","n5dym","e207966@metu.edu.tr","Neslihan Aslan","z","","Q09","Yemekhane","{""Q0"":""Yemekhane""}"
"5461","","survey-multi-choice","28","216194","0.0-28.0","n5dym","e207966@metu.edu.tr","Neslihan Aslan","z","","F23","null","{""Q0"":""Üzülür""}"
"2475","","survey-multi-choice","29","218676","0.0-29.0","n5dym","e207966@metu.edu.tr","Neslihan Aslan","z","","Q23","Çarpışan arabalar","{""Q0"":""Çarpışan arabalar""}"
"9661","","survey-multi-choice","30","228342","0.0-30.0","n5dym","e207966@metu.edu.tr","Neslihan Aslan","z","","C06","null","{""Q0"":""Sevinir""}"
"3776","","survey-multi-choice","31","232125","0.0-31.0","n5dym","e207966@metu.edu.tr","Neslihan Aslan","z","","Q06","Müdür","{""Q0"":""Müdür""}"
"7276","","survey-multi-choice","32","239407","0.0-32.0","n5dym","e207966@metu.edu.tr","Neslihan Aslan","z","","F20","null","{""Q0"":""Sevinir""}"
"2877.999999999971","","survey-multi-choice","33","242294","0.0-33.0","n5dym","e207966@metu.edu.tr","Neslihan Aslan","z","","Q20","Piyango bileti","{""Q0"":""Piyango bileti""}"
"7813","","survey-multi-choice","34","250113","0.0-34.0","n5dym","e207966@metu.edu.tr","Neslihan Aslan","z","","F21","null","{""Q0"":""Üzülür""}"
"2706","","survey-multi-choice","35","252826","0.0-35.0","n5dym","e207966@metu.edu.tr","Neslihan Aslan","z","","Q21","Odun","{""Q0"":""Odun""}"
"9069.99999999997","","survey-multi-choice","36","261902","0.0-36.0","n5dym","e207966@metu.edu.tr","Neslihan Aslan","z","","C01","null","{""Q0"":""Sevinir""}"
"3253","","survey-multi-choice","37","265162","0.0-37.0","n5dym","e207966@metu.edu.tr","Neslihan Aslan","z","","Q01","Arda","{""Q0"":""Arda""}"
"25430.99999999994","","survey-multi-choice","38","290600","0.0-38.0","n5dym","e207966@metu.edu.tr","Neslihan Aslan","z","","F17","null","{""Q0"":""Üzülür""}"
"3326","","survey-multi-choice","39","293933","0.0-39.0","n5dym","e207966@metu.edu.tr","Neslihan Aslan","z","","Q17","Öğle yemeği","{""Q0"":""Akşam yemeği""}"
"5293","","survey-multi-choice","40","299232","0.0-40.0","n5dym","e207966@metu.edu.tr","Neslihan Aslan","z","","F07","null","{""Q0"":""Üzülür""}"
"1912","","survey-multi-choice","41","301150","0.0-41.0","n5dym","e207966@metu.edu.tr","Neslihan Aslan","z","","Q07","Kardan adam","{""Q0"":""Kardan adam""}"
"8587","","survey-multi-choice","42","309743","0.0-42.0","n5dym","e207966@metu.edu.tr","Neslihan Aslan","z","","C04","null","{""Q0"":""Sevinir""}"
"3249","","survey-multi-choice","43","313000","0.0-43.0","n5dym","e207966@metu.edu.tr","Neslihan Aslan","z","","Q04","Kamp","{""Q0"":""Kamp""}"
"8677","","survey-multi-choice","44","321684","0.0-44.0","n5dym","e207966@metu.edu.tr","Neslihan Aslan","z","","F10","null","{""Q0"":""Sevinir""}"
"1911","","survey-multi-choice","45","323602","0.0-45.0","n5dym","e207966@metu.edu.tr","Neslihan Aslan","z","","Q10","Yüksek lisans","{""Q0"":""Yüksek lisans""}"
"7625","","survey-multi-choice","46","331232","0.0-46.0","n5dym","e207966@metu.edu.tr","Neslihan Aslan","z","","F22","null","{""Q0"":""Sevinir""}"
"3507","","survey-multi-choice","47","334743","0.0-47.0","n5dym","e207966@metu.edu.tr","Neslihan Aslan","z","","Q22","Yoğun","{""Q0"":""Yoğun""}"
"11937","","survey-multi-choice","48","346689","0.0-48.0","n5dym","e207966@metu.edu.tr","Neslihan Aslan","z","","F19","null","{""Q0"":""Sevinir""}"
"1875","","survey-multi-choice","49","348571","0.0-49.0","n5dym","e207966@metu.edu.tr","Neslihan Aslan","z","","Q19","Fizik","{""Q0"":""Fizik""}"
