"rt","url","trial_type","trial_index","time_elapsed","internal_node_id","subject","subject_email","subject_name","group","view_history","id","correct","responses"
"41097","resources/welcome.html","external-html","0","41107","0.0-0.0","51khm","asena.sanli@metu.edu.tr","H. ASena Şanlı","z","","","",""
"24560","","instructions","1","65668","0.0-1.0","51khm","asena.sanli@metu.edu.tr","H. ASena Şanlı","z","[{""page_index"":0,""viewing_time"":24560}]","","",""
"12502","","survey-multi-choice","2","78171","0.0-2.0","51khm","asena.sanli@metu.edu.tr","H. ASena Şanlı","z","","F12","null","{""Q0"":""Sevinir""}"
"6545.000000000015","","survey-multi-choice","3","84717","0.0-3.0","51khm","asena.sanli@metu.edu.tr","H. ASena Şanlı","z","","Q12","Para biriktirmek","{""Q0"":""Para biriktirmek""}"
"11982","","survey-multi-choice","4","96701","0.0-4.0","51khm","asena.sanli@metu.edu.tr","H. ASena Şanlı","z","","F09","null","{""Q0"":""Sevinir""}"
"4873.999999999985","","survey-multi-choice","5","101576","0.0-5.0","51khm","asena.sanli@metu.edu.tr","H. ASena Şanlı","z","","Q09","Yemekhane","{""Q0"":""Yemekhane""}"
"10558","","survey-multi-choice","6","112137","0.0-6.0","51khm","asena.sanli@metu.edu.tr","H. ASena Şanlı","z","","F19","null","{""Q0"":""Üzülür""}"
"3483","","survey-multi-choice","7","115621","0.0-7.0","51khm","asena.sanli@metu.edu.tr","H. ASena Şanlı","z","","Q19","Fizik","{""Q0"":""Fizik""}"
"18589","","survey-multi-choice","8","134211","0.0-8.0","51khm","asena.sanli@metu.edu.tr","H. ASena Şanlı","z","","C06","null","{""Q0"":""Sevinir""}"
"8892","","survey-multi-choice","9","143105","0.0-9.0","51khm","asena.sanli@metu.edu.tr","H. ASena Şanlı","z","","Q06","Müdür","{""Q0"":""Müdür""}"
"15870","","survey-multi-choice","10","158976","0.0-10.0","51khm","asena.sanli@metu.edu.tr","H. ASena Şanlı","z","","F11","null","{""Q0"":""Üzülür""}"
"3068.000000000029","","survey-multi-choice","11","162046","0.0-11.0","51khm","asena.sanli@metu.edu.tr","H. ASena Şanlı","z","","Q11","Ayakkabı","{""Q0"":""Ayakkabı""}"
"16403.00000000003","","survey-multi-choice","12","178451","0.0-12.0","51khm","asena.sanli@metu.edu.tr","H. ASena Şanlı","z","","F21","null","{""Q0"":""Üzülür""}"
"4416","","survey-multi-choice","13","182869","0.0-13.0","51khm","asena.sanli@metu.edu.tr","H. ASena Şanlı","z","","Q21","Odun","{""Q0"":""Odun""}"
"27669.00000000003","","survey-multi-choice","14","210540","0.0-14.0","51khm","asena.sanli@metu.edu.tr","H. ASena Şanlı","z","","C04","null","{""Q0"":""Sevinir""}"
"3412","","survey-multi-choice","15","213953","0.0-15.0","51khm","asena.sanli@metu.edu.tr","H. ASena Şanlı","z","","Q04","Kamp","{""Q0"":""Kamp""}"
"13521","","survey-multi-choice","16","227476","0.0-16.0","51khm","asena.sanli@metu.edu.tr","H. ASena Şanlı","z","","F07","null","{""Q0"":""Üzülür""}"
"4200","","survey-multi-choice","17","231678","0.0-17.0","51khm","asena.sanli@metu.edu.tr","H. ASena Şanlı","z","","Q07","Kardan adam","{""Q0"":""Kardan adam""}"
"10082","","survey-multi-choice","18","241761","0.0-18.0","51khm","asena.sanli@metu.edu.tr","H. ASena Şanlı","z","","F20","null","{""Q0"":""Üzülür""}"
"2775","","survey-multi-choice","19","244538","0.0-19.0","51khm","asena.sanli@metu.edu.tr","H. ASena Şanlı","z","","Q20","Piyango bileti","{""Q0"":""Piyango bileti""}"
"8897","","survey-multi-choice","20","253435","0.0-20.0","51khm","asena.sanli@metu.edu.tr","H. ASena Şanlı","z","","F24","null","{""Q0"":""Sevinir""}"
"2427.000000000029","","survey-multi-choice","21","255863","0.0-21.0","51khm","asena.sanli@metu.edu.tr","H. ASena Şanlı","z","","Q24","Tokyo","{""Q0"":""Tokyo""}"
"16186","","survey-multi-choice","22","272051","0.0-22.0","51khm","asena.sanli@metu.edu.tr","H. ASena Şanlı","z","","C02","null","{""Q0"":""Sevinir""}"
"2214","","survey-multi-choice","23","274267","0.0-23.0","51khm","asena.sanli@metu.edu.tr","H. ASena Şanlı","z","","Q02","Oyuncak bebek","{""Q0"":""Oyuncak bebek""}"
"14786","","survey-multi-choice","24","289054","0.0-24.0","51khm","asena.sanli@metu.edu.tr","H. ASena Şanlı","z","","F08","null","{""Q0"":""Üzülür""}"
"2518","","survey-multi-choice","25","291574","0.0-25.0","51khm","asena.sanli@metu.edu.tr","H. ASena Şanlı","z","","Q08","Tenis","{""Q0"":""Tenis""}"
"15383","","survey-multi-choice","26","306958","0.0-26.0","51khm","asena.sanli@metu.edu.tr","H. ASena Şanlı","z","","F13","null","{""Q0"":""Sevinir""}"
"4422.000000000058","","survey-multi-choice","27","311382","0.0-27.0","51khm","asena.sanli@metu.edu.tr","H. ASena Şanlı","z","","Q13","Kars","{""Q0"":""Kars""}"
"13300","","survey-multi-choice","28","324683","0.0-28.0","51khm","asena.sanli@metu.edu.tr","H. ASena Şanlı","z","","F16","null","{""Q0"":""Sevinir""}"
"1838","","survey-multi-choice","29","326523","0.0-29.0","51khm","asena.sanli@metu.edu.tr","H. ASena Şanlı","z","","Q16","Kafe","{""Q0"":""Kafe""}"
"17169.99999999994","","survey-multi-choice","30","343694","0.0-30.0","51khm","asena.sanli@metu.edu.tr","H. ASena Şanlı","z","","C01","null","{""Q0"":""Üzülür""}"
"3433","","survey-multi-choice","31","347128","0.0-31.0","51khm","asena.sanli@metu.edu.tr","H. ASena Şanlı","z","","Q01","Arda","{""Q0"":""Arda""}"
"7827","","survey-multi-choice","32","354956","0.0-32.0","51khm","asena.sanli@metu.edu.tr","H. ASena Şanlı","z","","F10","null","{""Q0"":""Sevinir""}"
"4528","","survey-multi-choice","33","359486","0.0-33.0","51khm","asena.sanli@metu.edu.tr","H. ASena Şanlı","z","","Q10","Yüksek lisans","{""Q0"":""Yüksek lisans""}"
"7219","","survey-multi-choice","34","366707","0.0-34.0","51khm","asena.sanli@metu.edu.tr","H. ASena Şanlı","z","","F22","null","{""Q0"":""Üzülür""}"
"3702","","survey-multi-choice","35","370411","0.0-35.0","51khm","asena.sanli@metu.edu.tr","H. ASena Şanlı","z","","Q22","Yoğun","{""Q0"":""Yoğun""}"
"11047.000000000058","","survey-multi-choice","36","381460","0.0-36.0","51khm","asena.sanli@metu.edu.tr","H. ASena Şanlı","z","","C05","null","{""Q0"":""Üzülür""}"
"2164","","survey-multi-choice","37","383625","0.0-37.0","51khm","asena.sanli@metu.edu.tr","H. ASena Şanlı","z","","Q05","Matematik","{""Q0"":""Matematik""}"
"18059","","survey-multi-choice","38","401686","0.0-38.0","51khm","asena.sanli@metu.edu.tr","H. ASena Şanlı","z","","F18","null","{""Q0"":""Sevinir""}"
"2632","","survey-multi-choice","39","404321","0.0-39.0","51khm","asena.sanli@metu.edu.tr","H. ASena Şanlı","z","","Q18","Çilek","{""Q0"":""Çilek""}"
"14194.999999999942","","survey-multi-choice","40","418517","0.0-40.0","51khm","asena.sanli@metu.edu.tr","H. ASena Şanlı","z","","F23","null","{""Q0"":""Üzülür""}"
"3296","","survey-multi-choice","41","421814","0.0-41.0","51khm","asena.sanli@metu.edu.tr","H. ASena Şanlı","z","","Q23","Çarpışan arabalar","{""Q0"":""Çarpışan arabalar""}"
"18700","","survey-multi-choice","42","440515","0.0-42.0","51khm","asena.sanli@metu.edu.tr","H. ASena Şanlı","z","","C03","null","{""Q0"":""Üzülür""}"
"8316","","survey-multi-choice","43","448833","0.0-43.0","51khm","asena.sanli@metu.edu.tr","H. ASena Şanlı","z","","Q03","Ofis","{""Q0"":""Ofis""}"
"17307","","survey-multi-choice","44","466142","0.0-44.0","51khm","asena.sanli@metu.edu.tr","H. ASena Şanlı","z","","F17","null","{""Q0"":""Üzülür""}"
"6727.999999999942","","survey-multi-choice","45","472872","0.0-45.0","51khm","asena.sanli@metu.edu.tr","H. ASena Şanlı","z","","Q17","Öğle yemeği","{""Q0"":""Öğle yemeği""}"
"12911","","survey-multi-choice","46","485785","0.0-46.0","51khm","asena.sanli@metu.edu.tr","H. ASena Şanlı","z","","F15","null","{""Q0"":""Sevinir""}"
"2432","","survey-multi-choice","47","488219","0.0-47.0","51khm","asena.sanli@metu.edu.tr","H. ASena Şanlı","z","","Q15","Altı","{""Q0"":""Altı""}"
"18854.99999999994","","survey-multi-choice","48","507076","0.0-48.0","51khm","asena.sanli@metu.edu.tr","H. ASena Şanlı","z","","F14","null","{""Q0"":""Sevinir""}"
"3878.000000000058","","survey-multi-choice","49","510956","0.0-49.0","51khm","asena.sanli@metu.edu.tr","H. ASena Şanlı","z","","Q14","Birinci","{""Q0"":""İkinci""}"
"2899","","instructions","50","513859","0.0-50.0","51khm","asena.sanli@metu.edu.tr","H. ASena Şanlı","z","[{""page_index"":0,""viewing_time"":2899}]","","",""
