"rt","url","trial_type","trial_index","time_elapsed","internal_node_id","subject","subject_email","subject_name","group","view_history","id","correct","responses"
"35669.38000000664","resources/welcome.html","external-html","0","35702","0.0-0.0","dnhgk","caksoy@metu.edu.tr","Canan Aksoy","z","","","",""
"19273.90000000014","","instructions","1","54977","0.0-1.0","dnhgk","caksoy@metu.edu.tr","Canan Aksoy","z","[{""page_index"":0,""viewing_time"":19273.17500000936}]","","",""
"31958.38999999978","","survey-multi-choice","2","86938","0.0-2.0","dnhgk","caksoy@metu.edu.tr","Canan Aksoy","z","","F13","null","{""Q0"":""Sevinir""}"
"6954.200000007404","","survey-multi-choice","3","93899","0.0-3.0","dnhgk","caksoy@metu.edu.tr","Canan Aksoy","z","","Q13","Kars","{""Q0"":""Kars""}"
"16994.43999999494","","survey-multi-choice","4","110898","0.0-4.0","dnhgk","caksoy@metu.edu.tr","Canan Aksoy","z","","F16","null","{""Q0"":""Sevinir""}"
"3396.210000006249","","survey-multi-choice","5","114299","0.0-5.0","dnhgk","caksoy@metu.edu.tr","Canan Aksoy","z","","Q16","Kafe","{""Q0"":""Kafe""}"
"19656.164999993052","","survey-multi-choice","6","133960","0.0-6.0","dnhgk","caksoy@metu.edu.tr","Canan Aksoy","z","","F18","null","{""Q0"":""Sevinir""}"
"3435.5450000002747","","survey-multi-choice","7","137402","0.0-7.0","dnhgk","caksoy@metu.edu.tr","Canan Aksoy","z","","Q18","Çilek","{""Q0"":""Çilek""}"
"26792.110000009416","","survey-multi-choice","8","164199","0.0-8.0","dnhgk","caksoy@metu.edu.tr","Canan Aksoy","z","","C06","null","{""Q0"":""Üzülür""}"
"3240.105000004405","","survey-multi-choice","9","167445","0.0-9.0","dnhgk","caksoy@metu.edu.tr","Canan Aksoy","z","","Q06","Müdür","{""Q0"":""Müdür""}"
"15579.684999989695","","survey-multi-choice","10","183030","0.0-10.0","dnhgk","caksoy@metu.edu.tr","Canan Aksoy","z","","F14","null","{""Q0"":""Sevinir""}"
"4082.940000007511","","survey-multi-choice","11","187120","0.0-11.0","dnhgk","caksoy@metu.edu.tr","Canan Aksoy","z","","Q14","Birinci","{""Q0"":""İkinci""}"
"12702.409999998054","","survey-multi-choice","12","199827","0.0-12.0","dnhgk","caksoy@metu.edu.tr","Canan Aksoy","z","","F09","null","{""Q0"":""Sevinir""}"
"3503.375000000233","","survey-multi-choice","13","203337","0.0-13.0","dnhgk","caksoy@metu.edu.tr","Canan Aksoy","z","","Q09","Yemekhane","{""Q0"":""Yemekhane""}"
"18323.125000009895","","survey-multi-choice","14","221666","0.0-14.0","dnhgk","caksoy@metu.edu.tr","Canan Aksoy","z","","C02","null","{""Q0"":""Sevinir""}"
"3348.6250000132713","","survey-multi-choice","15","225020","0.0-15.0","dnhgk","caksoy@metu.edu.tr","Canan Aksoy","z","","Q02","Oyuncak bebek","{""Q0"":""Oyuncak bebek""}"
"20782.680000003893","","survey-multi-choice","16","245808","0.0-16.0","dnhgk","caksoy@metu.edu.tr","Canan Aksoy","z","","F22","null","{""Q0"":""Sevinir""}"
"2949.5200000092154","","survey-multi-choice","17","248763","0.0-17.0","dnhgk","caksoy@metu.edu.tr","Canan Aksoy","z","","Q22","Yoğun","{""Q0"":""Yoğun""}"
"12161.485000004177","","survey-multi-choice","18","260930","0.0-18.0","dnhgk","caksoy@metu.edu.tr","Canan Aksoy","z","","F17","null","{""Q0"":""Üzülür""}"
"3160.345000011148","","survey-multi-choice","19","264097","0.0-19.0","dnhgk","caksoy@metu.edu.tr","Canan Aksoy","z","","Q17","Öğle yemeği","{""Q0"":""Akşam yemeği""}"
"11223.569999987376","","survey-multi-choice","20","275327","0.0-20.0","dnhgk","caksoy@metu.edu.tr","Canan Aksoy","z","","F21","null","{""Q0"":""Üzülür""}"
"3113.7350000062725","","survey-multi-choice","21","278446","0.0-21.0","dnhgk","caksoy@metu.edu.tr","Canan Aksoy","z","","Q21","Odun","{""Q0"":""Odun""}"
"16815.94000000041","","survey-multi-choice","22","295266","0.0-22.0","dnhgk","caksoy@metu.edu.tr","Canan Aksoy","z","","C05","null","{""Q0"":""Sevinir""}"
"2713.6500000051456","","survey-multi-choice","23","297986","0.0-23.0","dnhgk","caksoy@metu.edu.tr","Canan Aksoy","z","","Q05","Matematik","{""Q0"":""Matematik""}"
"17158.840000003693","","survey-multi-choice","24","315151","0.0-24.0","dnhgk","caksoy@metu.edu.tr","Canan Aksoy","z","","F15","null","{""Q0"":""Üzülür""}"
"2661.5899999887915","","survey-multi-choice","25","317818","0.0-25.0","dnhgk","caksoy@metu.edu.tr","Canan Aksoy","z","","Q15","Altı","{""Q0"":""Altı""}"
"13957.619999986491","","survey-multi-choice","26","331781","0.0-26.0","dnhgk","caksoy@metu.edu.tr","Canan Aksoy","z","","F20","null","{""Q0"":""Üzülür""}"
"2610.4300000006333","","survey-multi-choice","27","334395","0.0-27.0","dnhgk","caksoy@metu.edu.tr","Canan Aksoy","z","","Q20","Piyango bileti","{""Q0"":""Piyango bileti""}"
"13538.860000000568","","survey-multi-choice","28","347939","0.0-28.0","dnhgk","caksoy@metu.edu.tr","Canan Aksoy","z","","F24","null","{""Q0"":""Sevinir""}"
"2974.625000002561","","survey-multi-choice","29","350920","0.0-29.0","dnhgk","caksoy@metu.edu.tr","Canan Aksoy","z","","Q24","Tokyo","{""Q0"":""Tokyo""}"
"23564.459999994142","","survey-multi-choice","30","374489","0.0-30.0","dnhgk","caksoy@metu.edu.tr","Canan Aksoy","z","","C01","null","{""Q0"":""Üzülür""}"
"3752.7049999916926","","survey-multi-choice","31","378247","0.0-31.0","dnhgk","caksoy@metu.edu.tr","Canan Aksoy","z","","Q01","Arda","{""Q0"":""Arda""}"
"28303.619999991497","","survey-multi-choice","32","406569","0.0-32.0","dnhgk","caksoy@metu.edu.tr","Canan Aksoy","z","","F12","null","{""Q0"":""Sevinir""}"
"3956.239999999525","","survey-multi-choice","33","410530","0.0-33.0","dnhgk","caksoy@metu.edu.tr","Canan Aksoy","z","","Q12","Para biriktirmek","{""Q0"":""Para biriktirmek""}"
"14981.35000000184","","survey-multi-choice","34","425517","0.0-34.0","dnhgk","caksoy@metu.edu.tr","Canan Aksoy","z","","F07","null","{""Q0"":""Üzülür""}"
"4282.704999990528","","survey-multi-choice","35","429807","0.0-35.0","dnhgk","caksoy@metu.edu.tr","Canan Aksoy","z","","Q07","Kardan adam","{""Q0"":""Kardan adam""}"
"24151.19499999855","","survey-multi-choice","36","453964","0.0-36.0","dnhgk","caksoy@metu.edu.tr","Canan Aksoy","z","","C04","null","{""Q0"":""Üzülür""}"
"3942.3450000031153","","survey-multi-choice","37","457926","0.0-37.0","dnhgk","caksoy@metu.edu.tr","Canan Aksoy","z","","Q04","Kamp","{""Q0"":""Kamp""}"
"16284.39499999513","","survey-multi-choice","38","474215","0.0-38.0","dnhgk","caksoy@metu.edu.tr","Canan Aksoy","z","","F10","null","{""Q0"":""Sevinir""}"
"3024.2699999944307","","survey-multi-choice","39","477246","0.0-39.0","dnhgk","caksoy@metu.edu.tr","Canan Aksoy","z","","Q10","Yüksek lisans","{""Q0"":""Yüksek lisans""}"
"13009.780000007595","","survey-multi-choice","40","490261","0.0-40.0","dnhgk","caksoy@metu.edu.tr","Canan Aksoy","z","","F23","null","{""Q0"":""Üzülür""}"
"3050.359999993816","","survey-multi-choice","41","493317","0.0-41.0","dnhgk","caksoy@metu.edu.tr","Canan Aksoy","z","","Q23","Çarpışan arabalar","{""Q0"":""Çarpışan arabalar""}"
"28896.1100000015","","survey-multi-choice","42","522219","0.0-42.0","dnhgk","caksoy@metu.edu.tr","Canan Aksoy","z","","C03","null","{""Q0"":""Üzülür""}"
"9689.62500001362","","survey-multi-choice","43","531916","0.0-43.0","dnhgk","caksoy@metu.edu.tr","Canan Aksoy","z","","Q03","Ofis","{""Q0"":""Ofis""}"
"30415.720000004512","","survey-multi-choice","44","562336","0.0-44.0","dnhgk","caksoy@metu.edu.tr","Canan Aksoy","z","","F11","null","{""Q0"":""Üzülür""}"
"2896.1749999871245","","survey-multi-choice","45","565237","0.0-45.0","dnhgk","caksoy@metu.edu.tr","Canan Aksoy","z","","Q11","Ayakkabı","{""Q0"":""Ayakkabı""}"
"18553.589999995893","","survey-multi-choice","46","583795","0.0-46.0","dnhgk","caksoy@metu.edu.tr","Canan Aksoy","z","","F19","null","{""Q0"":""Üzülür""}"
"2312.8450000076555","","survey-multi-choice","47","586113","0.0-47.0","dnhgk","caksoy@metu.edu.tr","Canan Aksoy","z","","Q19","Fizik","{""Q0"":""Fizik""}"
"19949.475000001257","","survey-multi-choice","48","606067","0.0-48.0","dnhgk","caksoy@metu.edu.tr","Canan Aksoy","z","","F08","null","{""Q0"":""Üzülür""}"
"3930.5100000055972","","survey-multi-choice","49","610004","0.0-49.0","dnhgk","caksoy@metu.edu.tr","Canan Aksoy","z","","Q08","Tenis","{""Q0"":""Tenis""}"
"2528.324999992037","","instructions","50","612540","0.0-50.0","dnhgk","caksoy@metu.edu.tr","Canan Aksoy","z","[{""page_index"":0,""viewing_time"":2527.944999994361}]","","",""
