"rt","url","trial_type","trial_index","time_elapsed","internal_node_id","subject","subject_email","subject_name","group","view_history","id","correct","responses"
"40351.46000000532","resources/welcome.html","external-html","0","40408","0.0-0.0","o21jj","knzabun@gmail.com","Kaan Zabun","z","","","",""
"21374.83999998949","","instructions","1","61784","0.0-1.0","o21jj","knzabun@gmail.com","Kaan Zabun","z","[{""page_index"":0,""viewing_time"":21374.514999988605}]","","",""
"18700.045000005048","","survey-multi-choice","2","80486","0.0-2.0","o21jj","knzabun@gmail.com","Kaan Zabun","z","","F09","null","{""Q0"":""Sevinir""}"
"2862.374999996973","","survey-multi-choice","3","83352","0.0-3.0","o21jj","knzabun@gmail.com","Kaan Zabun","z","","Q09","Yemekhane","{""Q0"":""Yemekhane""}"
"9684.240000002319","","survey-multi-choice","4","93039","0.0-4.0","o21jj","knzabun@gmail.com","Kaan Zabun","z","","F18","null","{""Q0"":""Sevinir""}"
"3440.950000003795","","survey-multi-choice","5","96484","0.0-5.0","o21jj","knzabun@gmail.com","Kaan Zabun","z","","Q18","Çilek","{""Q0"":""Çilek""}"
"10310.170000011567","","survey-multi-choice","6","106798","0.0-6.0","o21jj","knzabun@gmail.com","Kaan Zabun","z","","F19","null","{""Q0"":""Üzülür""}"
"1851.81000000739","","survey-multi-choice","7","108654","0.0-7.0","o21jj","knzabun@gmail.com","Kaan Zabun","z","","Q19","Fizik","{""Q0"":""Fizik""}"
"18615.984999996726","","survey-multi-choice","8","127273","0.0-8.0","o21jj","knzabun@gmail.com","Kaan Zabun","z","","C04","null","{""Q0"":""Sevinir""}"
"2576.8499999976484","","survey-multi-choice","9","129853","0.0-9.0","o21jj","knzabun@gmail.com","Kaan Zabun","z","","Q04","Kamp","{""Q0"":""Kamp""}"
"9762.950000003912","","survey-multi-choice","10","139620","0.0-10.0","o21jj","knzabun@gmail.com","Kaan Zabun","z","","F21","null","{""Q0"":""Üzülür""}"
"2638.0950000020675","","survey-multi-choice","11","142262","0.0-11.0","o21jj","knzabun@gmail.com","Kaan Zabun","z","","Q21","Odun","{""Q0"":""Odun""}"
"8894.439999989117","","survey-multi-choice","12","151160","0.0-12.0","o21jj","knzabun@gmail.com","Kaan Zabun","z","","F17","null","{""Q0"":""Üzülür""}"
"2375.6300000095507","","survey-multi-choice","13","153539","0.0-13.0","o21jj","knzabun@gmail.com","Kaan Zabun","z","","Q17","Öğle yemeği","{""Q0"":""Akşam yemeği""}"
"16169.920000000275","","survey-multi-choice","14","169713","0.0-14.0","o21jj","knzabun@gmail.com","Kaan Zabun","z","","C01","null","{""Q0"":""Üzülür""}"
"4232.154999990598","","survey-multi-choice","15","173950","0.0-15.0","o21jj","knzabun@gmail.com","Kaan Zabun","z","","Q01","Arda","{""Q0"":""Arda""}"
"8045.994999993127","","survey-multi-choice","16","181999","0.0-16.0","o21jj","knzabun@gmail.com","Kaan Zabun","z","","F24","null","{""Q0"":""Sevinir""}"
"1573.7050000025192","","survey-multi-choice","17","183577","0.0-17.0","o21jj","knzabun@gmail.com","Kaan Zabun","z","","Q24","Tokyo","{""Q0"":""Tokyo""}"
"17436.394999996992","","survey-multi-choice","18","201017","0.0-18.0","o21jj","knzabun@gmail.com","Kaan Zabun","z","","F15","null","{""Q0"":""Üzülür""}"
"4615.780000007362","","survey-multi-choice","19","205637","0.0-19.0","o21jj","knzabun@gmail.com","Kaan Zabun","z","","Q15","Altı","{""Q0"":""Altı""}"
"14694.505000006757","","survey-multi-choice","20","220335","0.0-20.0","o21jj","knzabun@gmail.com","Kaan Zabun","z","","F14","null","{""Q0"":""Üzülür""}"
"2784.4199999963166","","survey-multi-choice","21","223123","0.0-21.0","o21jj","knzabun@gmail.com","Kaan Zabun","z","","Q14","Birinci","{""Q0"":""İkinci""}"
"8531.824999998207","","survey-multi-choice","22","231659","0.0-22.0","o21jj","knzabun@gmail.com","Kaan Zabun","z","","C02","null","{""Q0"":""Sevinir""}"
"3384.279999998398","","survey-multi-choice","23","235047","0.0-23.0","o21jj","knzabun@gmail.com","Kaan Zabun","z","","Q02","Oyuncak bebek","{""Q0"":""Oyuncak bebek""}"
"5711.920000001555","","survey-multi-choice","24","240763","0.0-24.0","o21jj","knzabun@gmail.com","Kaan Zabun","z","","F16","null","{""Q0"":""Sevinir""}"
"2451.8200000020443","","survey-multi-choice","25","243219","0.0-25.0","o21jj","knzabun@gmail.com","Kaan Zabun","z","","Q16","Kafe","{""Q0"":""Kafe""}"
"4726.599999994505","","survey-multi-choice","26","247950","0.0-26.0","o21jj","knzabun@gmail.com","Kaan Zabun","z","","F10","null","{""Q0"":""Sevinir""}"
"2589.3400000059046","","survey-multi-choice","27","250543","0.0-27.0","o21jj","knzabun@gmail.com","Kaan Zabun","z","","Q10","Yüksek lisans","{""Q0"":""Yüksek lisans""}"
"5265.924999999697","","survey-multi-choice","28","255813","0.0-28.0","o21jj","knzabun@gmail.com","Kaan Zabun","z","","F11","null","{""Q0"":""Üzülür""}"
"2106.064999999944","","survey-multi-choice","29","257924","0.0-29.0","o21jj","knzabun@gmail.com","Kaan Zabun","z","","Q11","Ayakkabı","{""Q0"":""Ayakkabı""}"
"9786.160000003292","","survey-multi-choice","30","267713","0.0-30.0","o21jj","knzabun@gmail.com","Kaan Zabun","z","","C03","null","{""Q0"":""Üzülür""}"
"3300.854999994044","","survey-multi-choice","31","271018","0.0-31.0","o21jj","knzabun@gmail.com","Kaan Zabun","z","","Q03","Ofis","{""Q0"":""Ofis""}"
"8043.625000005704","","survey-multi-choice","32","279066","0.0-32.0","o21jj","knzabun@gmail.com","Kaan Zabun","z","","F20","null","{""Q0"":""Üzülür""}"
"1820.7249999977648","","survey-multi-choice","33","280891","0.0-33.0","o21jj","knzabun@gmail.com","Kaan Zabun","z","","Q20","Piyango bileti","{""Q0"":""Piyango bileti""}"
"8562.470000004396","","survey-multi-choice","34","289458","0.0-34.0","o21jj","knzabun@gmail.com","Kaan Zabun","z","","F23","null","{""Q0"":""Üzülür""}"
"2727.69500000868","","survey-multi-choice","35","292189","0.0-35.0","o21jj","knzabun@gmail.com","Kaan Zabun","z","","Q23","Çarpışan arabalar","{""Q0"":""Çarpışan arabalar""}"
"6613.675000000512","","survey-multi-choice","36","298807","0.0-36.0","o21jj","knzabun@gmail.com","Kaan Zabun","z","","C05","null","{""Q0"":""Üzülür""}"
"10654.54000000318","","survey-multi-choice","37","309466","0.0-37.0","o21jj","knzabun@gmail.com","Kaan Zabun","z","","Q05","Matematik","{""Q0"":""Edebiyat""}"
"6298.414999997476","","survey-multi-choice","38","315767","0.0-38.0","o21jj","knzabun@gmail.com","Kaan Zabun","z","","F12","null","{""Q0"":""Sevinir""}"
"3507.62499999837","","survey-multi-choice","39","319279","0.0-39.0","o21jj","knzabun@gmail.com","Kaan Zabun","z","","Q12","Para biriktirmek","{""Q0"":""Para biriktirmek""}"
"8376.319999995758","","survey-multi-choice","40","327659","0.0-40.0","o21jj","knzabun@gmail.com","Kaan Zabun","z","","F07","null","{""Q0"":""Üzülür""}"
"2414.2549999960465","","survey-multi-choice","41","330077","0.0-41.0","o21jj","knzabun@gmail.com","Kaan Zabun","z","","Q07","Kardan adam","{""Q0"":""Kardan adam""}"
"6503.899999996065","","survey-multi-choice","42","336585","0.0-42.0","o21jj","knzabun@gmail.com","Kaan Zabun","z","","C06","null","{""Q0"":""Sevinir""}"
"4794.7950000088895","","survey-multi-choice","43","341383","0.0-43.0","o21jj","knzabun@gmail.com","Kaan Zabun","z","","Q06","Müdür","{""Q0"":""Patron""}"
"9894.325000001118","","survey-multi-choice","44","351281","0.0-44.0","o21jj","knzabun@gmail.com","Kaan Zabun","z","","F22","null","{""Q0"":""Sevinir""}"
"1998.1400000106078","","survey-multi-choice","45","353283","0.0-45.0","o21jj","knzabun@gmail.com","Kaan Zabun","z","","Q22","Yoğun","{""Q0"":""Yoğun""}"
"15184.195000008913","","survey-multi-choice","46","368471","0.0-46.0","o21jj","knzabun@gmail.com","Kaan Zabun","z","","F08","null","{""Q0"":""Üzülür""}"
"1967.739999992773","","survey-multi-choice","47","370443","0.0-47.0","o21jj","knzabun@gmail.com","Kaan Zabun","z","","Q08","Tenis","{""Q0"":""Tenis""}"
"25076.144999999087","","survey-multi-choice","48","395523","0.0-48.0","o21jj","knzabun@gmail.com","Kaan Zabun","z","","F13","null","{""Q0"":""Üzülür""}"
"1764.774999988731","","survey-multi-choice","49","397292","0.0-49.0","o21jj","knzabun@gmail.com","Kaan Zabun","z","","Q13","Kars","{""Q0"":""Kars""}"
"6471.75499999139","","instructions","50","403769","0.0-50.0","o21jj","knzabun@gmail.com","Kaan Zabun","z","[{""page_index"":0,""viewing_time"":6471.569999994244}]","","",""
