"rt","url","trial_type","trial_index","time_elapsed","internal_node_id","subject","subject_email","subject_name","group","view_history","id","correct","responses"
"41755.29999999708","resources/welcome.html","external-html","0","41912","0.0-0.0","brnqh","sahin_pinar@outlook.com","Pınar Şahin","z","","","",""
"15887.699999999313","","instructions","1","57805","0.0-1.0","brnqh","sahin_pinar@outlook.com","Pınar Şahin","z","[{""page_index"":0,""viewing_time"":15884.099999999307}]","","",""
"18175.69999999978","","survey-multi-choice","2","75999","0.0-2.0","brnqh","sahin_pinar@outlook.com","Pınar Şahin","z","","F19","null","{""Q0"":""Sevinir""}"
"4307.199999999284","","survey-multi-choice","3","80318","0.0-3.0","brnqh","sahin_pinar@outlook.com","Pınar Şahin","z","","Q19","Fizik","{""Q0"":""Fizik""}"
"14528.000000002066","","survey-multi-choice","4","94861","0.0-4.0","brnqh","sahin_pinar@outlook.com","Pınar Şahin","z","","F10","null","{""Q0"":""Sevinir""}"
"2936.0000000015134","","survey-multi-choice","5","97810","0.0-5.0","brnqh","sahin_pinar@outlook.com","Pınar Şahin","z","","Q10","Yüksek lisans","{""Q0"":""Yüksek lisans""}"
"7555.4000000011","","survey-multi-choice","6","105378","0.0-6.0","brnqh","sahin_pinar@outlook.com","Pınar Şahin","z","","F11","null","{""Q0"":""Üzülür""}"
"2752.7999999983876","","survey-multi-choice","7","108142","0.0-7.0","brnqh","sahin_pinar@outlook.com","Pınar Şahin","z","","Q11","Ayakkabı","{""Q0"":""Ayakkabı""}"
"11251.299999999901","","survey-multi-choice","8","119404","0.0-8.0","brnqh","sahin_pinar@outlook.com","Pınar Şahin","z","","C06","null","{""Q0"":""Sevinir""}"
"6479.599999998754","","survey-multi-choice","9","125901","0.0-9.0","brnqh","sahin_pinar@outlook.com","Pınar Şahin","z","","Q06","Müdür","{""Q0"":""Müdür""}"
"11872.599999998783","","survey-multi-choice","10","137790","0.0-10.0","brnqh","sahin_pinar@outlook.com","Pınar Şahin","z","","F15","null","{""Q0"":""Üzülür""}"
"4188.699999998789","","survey-multi-choice","11","141990","0.0-11.0","brnqh","sahin_pinar@outlook.com","Pınar Şahin","z","","Q15","Altı","{""Q0"":""Altı""}"
"10682.300000000396","","survey-multi-choice","12","152687","0.0-12.0","brnqh","sahin_pinar@outlook.com","Pınar Şahin","z","","F24","null","{""Q0"":""Sevinir""}"
"4037.000000000262","","survey-multi-choice","13","156739","0.0-13.0","brnqh","sahin_pinar@outlook.com","Pınar Şahin","z","","Q24","Tokyo","{""Q0"":""Tokyo""}"
"10604.800000000978","","survey-multi-choice","14","167357","0.0-14.0","brnqh","sahin_pinar@outlook.com","Pınar Şahin","z","","C04","null","{""Q0"":""Sevinir""}"
"3215.4999999984284","","survey-multi-choice","15","170583","0.0-15.0","brnqh","sahin_pinar@outlook.com","Pınar Şahin","z","","Q04","Kamp","{""Q0"":""Kamp""}"
"17019.099999997707","","survey-multi-choice","16","187527","0.0-16.0","brnqh","sahin_pinar@outlook.com","Pınar Şahin","z","","F14","null","{""Q0"":""Sevinir""}"
"4018.2999999997264","","survey-multi-choice","17","191556","0.0-17.0","brnqh","sahin_pinar@outlook.com","Pınar Şahin","z","","Q14","Birinci","{""Q0"":""İkinci""}"
"10132.799999999406","","survey-multi-choice","18","201709","0.0-18.0","brnqh","sahin_pinar@outlook.com","Pınar Şahin","z","","F20","null","{""Q0"":""Üzülür""}"
"2972.0999999990454","","survey-multi-choice","19","204692","0.0-19.0","brnqh","sahin_pinar@outlook.com","Pınar Şahin","z","","Q20","Piyango bileti","{""Q0"":""Piyango bileti""}"
"8388.500000000931","","survey-multi-choice","20","213090","0.0-20.0","brnqh","sahin_pinar@outlook.com","Pınar Şahin","z","","F23","null","{""Q0"":""Üzülür""}"
"3412.400000001071","","survey-multi-choice","21","216514","0.0-21.0","brnqh","sahin_pinar@outlook.com","Pınar Şahin","z","","Q23","Çarpışan arabalar","{""Q0"":""Çarpışan arabalar""}"
"9211.299999999028","","survey-multi-choice","22","225743","0.0-22.0","brnqh","sahin_pinar@outlook.com","Pınar Şahin","z","","C05","null","{""Q0"":""Üzülür""}"
"3135.100000003149","","survey-multi-choice","23","228891","0.0-23.0","brnqh","sahin_pinar@outlook.com","Pınar Şahin","z","","Q05","Matematik","{""Q0"":""Matematik""}"
"6406.100000000151","","survey-multi-choice","24","235308","0.0-24.0","brnqh","sahin_pinar@outlook.com","Pınar Şahin","z","","F09","null","{""Q0"":""Sevinir""}"
"5152.099999999336","","survey-multi-choice","25","240471","0.0-25.0","brnqh","sahin_pinar@outlook.com","Pınar Şahin","z","","Q09","Yemekhane","{""Q0"":""Yemekhane""}"
"11360.100000001694","","survey-multi-choice","26","251844","0.0-26.0","brnqh","sahin_pinar@outlook.com","Pınar Şahin","z","","F17","null","{""Q0"":""Üzülür""}"
"4338.900000002468","","survey-multi-choice","27","256194","0.0-27.0","brnqh","sahin_pinar@outlook.com","Pınar Şahin","z","","Q17","Öğle yemeği","{""Q0"":""Öğle yemeği""}"
"9658.400000000227","","survey-multi-choice","28","265867","0.0-28.0","brnqh","sahin_pinar@outlook.com","Pınar Şahin","z","","F22","null","{""Q0"":""Sevinir""}"
"3772.1999999993714","","survey-multi-choice","29","269649","0.0-29.0","brnqh","sahin_pinar@outlook.com","Pınar Şahin","z","","Q22","Yoğun","{""Q0"":""Yoğun""}"
"11652.19999999681","","survey-multi-choice","30","281312","0.0-30.0","brnqh","sahin_pinar@outlook.com","Pınar Şahin","z","","C01","null","{""Q0"":""Üzülür""}"
"3686.4999999998254","","survey-multi-choice","31","285009","0.0-31.0","brnqh","sahin_pinar@outlook.com","Pınar Şahin","z","","Q01","Arda","{""Q0"":""Arda""}"
"6070.90000000241","","survey-multi-choice","32","291091","0.0-32.0","brnqh","sahin_pinar@outlook.com","Pınar Şahin","z","","F12","null","{""Q0"":""Sevinir""}"
"3095.900000000256","","survey-multi-choice","33","294198","0.0-33.0","brnqh","sahin_pinar@outlook.com","Pınar Şahin","z","","Q12","Para biriktirmek","{""Q0"":""Para biriktirmek""}"
"10838.900000002468","","survey-multi-choice","34","305052","0.0-34.0","brnqh","sahin_pinar@outlook.com","Pınar Şahin","z","","F16","null","{""Q0"":""Sevinir""}"
"3786.7000000005355","","survey-multi-choice","35","308849","0.0-35.0","brnqh","sahin_pinar@outlook.com","Pınar Şahin","z","","Q16","Kafe","{""Q0"":""Kafe""}"
"7807.999999997264","","survey-multi-choice","36","316672","0.0-36.0","brnqh","sahin_pinar@outlook.com","Pınar Şahin","z","","C03","null","{""Q0"":""Üzülür""}"
"4847.5000000034925","","survey-multi-choice","37","321531","0.0-37.0","brnqh","sahin_pinar@outlook.com","Pınar Şahin","z","","Q03","Ofis","{""Q0"":""Fabrika""}"
"6799.5000000009895","","survey-multi-choice","38","328342","0.0-38.0","brnqh","sahin_pinar@outlook.com","Pınar Şahin","z","","F21","null","{""Q0"":""Üzülür""}"
"2429.000000000058","","survey-multi-choice","39","330788","0.0-39.0","brnqh","sahin_pinar@outlook.com","Pınar Şahin","z","","Q21","Odun","{""Q0"":""Odun""}"
"6974.700000002456","","survey-multi-choice","40","337773","0.0-40.0","brnqh","sahin_pinar@outlook.com","Pınar Şahin","z","","F13","null","{""Q0"":""Üzülür""}"
"2621.5999999985797","","survey-multi-choice","41","340412","0.0-41.0","brnqh","sahin_pinar@outlook.com","Pınar Şahin","z","","Q13","Kars","{""Q0"":""Kars""}"
"10341.300000000047","","survey-multi-choice","42","350763","0.0-42.0","brnqh","sahin_pinar@outlook.com","Pınar Şahin","z","","C02","null","{""Q0"":""Sevinir""}"
"3432.0000000006985","","survey-multi-choice","43","354204","0.0-43.0","brnqh","sahin_pinar@outlook.com","Pınar Şahin","z","","Q02","Oyuncak bebek","{""Q0"":""Oyuncak bebek""}"
"8095.900000000256","","survey-multi-choice","44","362308","0.0-44.0","brnqh","sahin_pinar@outlook.com","Pınar Şahin","z","","F18","null","{""Q0"":""Sevinir""}"
"2472.900000000722","","survey-multi-choice","45","364791","0.0-45.0","brnqh","sahin_pinar@outlook.com","Pınar Şahin","z","","Q18","Çilek","{""Q0"":""Çilek""}"
"12369.200000001001","","survey-multi-choice","46","377170","0.0-46.0","brnqh","sahin_pinar@outlook.com","Pınar Şahin","z","","F08","null","{""Q0"":""Üzülür""}"
"5980.8999999986845","","survey-multi-choice","47","383164","0.0-47.0","brnqh","sahin_pinar@outlook.com","Pınar Şahin","z","","Q08","Tenis","{""Q0"":""Tenis""}"
"10739.000000001397","","survey-multi-choice","48","393914","0.0-48.0","brnqh","sahin_pinar@outlook.com","Pınar Şahin","z","","F07","null","{""Q0"":""Üzülür""}"
"2348.600000001141","","survey-multi-choice","49","396276","0.0-49.0","brnqh","sahin_pinar@outlook.com","Pınar Şahin","z","","Q07","Kardan adam","{""Q0"":""Kardan adam""}"
"1922.900000001362","","instructions","50","398222","0.0-50.0","brnqh","sahin_pinar@outlook.com","Pınar Şahin","z","[{""page_index"":0,""viewing_time"":1919.6000000010245}]","","",""
