"rt","url","trial_type","trial_index","time_elapsed","internal_node_id","subject","subject_email","subject_name","group","view_history","id","correct","responses"
"68513","resources/welcome.html","external-html","0","68612","0.0-0.0","pkahr","aycakeserci@gmail.com","ayça keserci","z","","","",""
"21127","","instructions","1","89744","0.0-1.0","pkahr","aycakeserci@gmail.com","ayça keserci","z","[{""page_index"":0,""viewing_time"":21125}]","","",""
"17044","","survey-multi-choice","2","106795","0.0-2.0","pkahr","aycakeserci@gmail.com","ayça keserci","z","","F12","null","{""Q0"":""Sevinir""}"
"7793","","survey-multi-choice","3","114595","0.0-3.0","pkahr","aycakeserci@gmail.com","ayça keserci","z","","Q12","Para biriktirmek","{""Q0"":""Para biriktirmek""}"
"8576.999999999985","","survey-multi-choice","4","123179","0.0-4.0","pkahr","aycakeserci@gmail.com","ayça keserci","z","","F24","null","{""Q0"":""Sevinir""}"
"5760","","survey-multi-choice","5","128946","0.0-5.0","pkahr","aycakeserci@gmail.com","ayça keserci","z","","Q24","Tokyo","{""Q0"":""Tokyo""}"
"15313","","survey-multi-choice","6","144265","0.0-6.0","pkahr","aycakeserci@gmail.com","ayça keserci","z","","F10","null","{""Q0"":""Sevinir""}"
"3578","","survey-multi-choice","7","147850","0.0-7.0","pkahr","aycakeserci@gmail.com","ayça keserci","z","","Q10","Yüksek lisans","{""Q0"":""Yüksek lisans""}"
"14579","","survey-multi-choice","8","162435","0.0-8.0","pkahr","aycakeserci@gmail.com","ayça keserci","z","","C02","null","{""Q0"":""Sevinir""}"
"5393","","survey-multi-choice","9","167834","0.0-9.0","pkahr","aycakeserci@gmail.com","ayça keserci","z","","Q02","Oyuncak bebek","{""Q0"":""Oyuncak bebek""}"
"15963","","survey-multi-choice","10","183803","0.0-10.0","pkahr","aycakeserci@gmail.com","ayça keserci","z","","F20","null","{""Q0"":""Sevinir""}"
"17179","","survey-multi-choice","11","200987","0.0-11.0","pkahr","aycakeserci@gmail.com","ayça keserci","z","","Q20","Piyango bileti","{""Q0"":""Piyango bileti""}"
"38181.00000000003","","survey-multi-choice","12","239174","0.0-12.0","pkahr","aycakeserci@gmail.com","ayça keserci","z","","F17","null","{""Q0"":""Üzülür""}"
"2776","","survey-multi-choice","13","241957","0.0-13.0","pkahr","aycakeserci@gmail.com","ayça keserci","z","","Q17","Öğle yemeği","{""Q0"":""Akşam yemeği""}"
"14114.00000000003","","survey-multi-choice","14","256076","0.0-14.0","pkahr","aycakeserci@gmail.com","ayça keserci","z","","C04","null","{""Q0"":""Sevinir""}"
"3344","","survey-multi-choice","15","259426","0.0-15.0","pkahr","aycakeserci@gmail.com","ayça keserci","z","","Q04","Kamp","{""Q0"":""Kamp""}"
"19696","","survey-multi-choice","16","279129","0.0-16.0","pkahr","aycakeserci@gmail.com","ayça keserci","z","","F13","null","{""Q0"":""Üzülür""}"
"2311","","survey-multi-choice","17","281446","0.0-17.0","pkahr","aycakeserci@gmail.com","ayça keserci","z","","Q13","Kars","{""Q0"":""Kars""}"
"12545.999999999942","","survey-multi-choice","18","293997","0.0-18.0","pkahr","aycakeserci@gmail.com","ayça keserci","z","","F09","null","{""Q0"":""Sevinir""}"
"3295","","survey-multi-choice","19","297298","0.0-19.0","pkahr","aycakeserci@gmail.com","ayça keserci","z","","Q09","Yemekhane","{""Q0"":""Yemekhane""}"
"8221","","survey-multi-choice","20","305535","0.0-20.0","pkahr","aycakeserci@gmail.com","ayça keserci","z","","F14","null","{""Q0"":""Sevinir""}"
"4042","","survey-multi-choice","21","309583","0.0-21.0","pkahr","aycakeserci@gmail.com","ayça keserci","z","","Q14","Birinci","{""Q0"":""İkinci""}"
"7278","","survey-multi-choice","22","316867","0.0-22.0","pkahr","aycakeserci@gmail.com","ayça keserci","z","","C05","null","{""Q0"":""Sevinir""}"
"2977.000000000058","","survey-multi-choice","23","319850","0.0-23.0","pkahr","aycakeserci@gmail.com","ayça keserci","z","","Q05","Matematik","{""Q0"":""Matematik""}"
"9813","","survey-multi-choice","24","329670","0.0-24.0","pkahr","aycakeserci@gmail.com","ayça keserci","z","","F23","null","{""Q0"":""Üzülür""}"
"3608","","survey-multi-choice","25","333286","0.0-25.0","pkahr","aycakeserci@gmail.com","ayça keserci","z","","Q23","Çarpışan arabalar","{""Q0"":""Çarpışan arabalar""}"
"12395","","survey-multi-choice","26","345687","0.0-26.0","pkahr","aycakeserci@gmail.com","ayça keserci","z","","F07","null","{""Q0"":""Üzülür""}"
"5462","","survey-multi-choice","27","351156","0.0-27.0","pkahr","aycakeserci@gmail.com","ayça keserci","z","","Q07","Kardan adam","{""Q0"":""Kardan adam""}"
"13593","","survey-multi-choice","28","364756","0.0-28.0","pkahr","aycakeserci@gmail.com","ayça keserci","z","","F22","null","{""Q0"":""Sevinir""}"
"3812","","survey-multi-choice","29","368575","0.0-29.0","pkahr","aycakeserci@gmail.com","ayça keserci","z","","Q22","Yoğun","{""Q0"":""Yoğun""}"
"21795","","survey-multi-choice","30","390376","0.0-30.0","pkahr","aycakeserci@gmail.com","ayça keserci","z","","C06","null","{""Q0"":""Üzülür""}"
"9343","","survey-multi-choice","31","399727","0.0-31.0","pkahr","aycakeserci@gmail.com","ayça keserci","z","","Q06","Müdür","{""Q0"":""Patron""}"
"13798","","survey-multi-choice","32","413530","0.0-32.0","pkahr","aycakeserci@gmail.com","ayça keserci","z","","F19","null","{""Q0"":""Sevinir""}"
"2831","","survey-multi-choice","33","416365","0.0-33.0","pkahr","aycakeserci@gmail.com","ayça keserci","z","","Q19","Fizik","{""Q0"":""Fizik""}"
"21610.00000000006","","survey-multi-choice","34","437982","0.0-34.0","pkahr","aycakeserci@gmail.com","ayça keserci","z","","F16","null","{""Q0"":""Sevinir""}"
"1994","","survey-multi-choice","35","439984","0.0-35.0","pkahr","aycakeserci@gmail.com","ayça keserci","z","","Q16","Kafe","{""Q0"":""Kafe""}"
"26145.00000000006","","survey-multi-choice","36","466136","0.0-36.0","pkahr","aycakeserci@gmail.com","ayça keserci","z","","C01","null","{""Q0"":""Üzülür""}"
"2593","","survey-multi-choice","37","468736","0.0-37.0","pkahr","aycakeserci@gmail.com","ayça keserci","z","","Q01","Arda","{""Q0"":""Arda""}"
"12064","","survey-multi-choice","38","480806","0.0-38.0","pkahr","aycakeserci@gmail.com","ayça keserci","z","","F18","null","{""Q0"":""Sevinir""}"
"2527","","survey-multi-choice","39","483340","0.0-39.0","pkahr","aycakeserci@gmail.com","ayça keserci","z","","Q18","Çilek","{""Q0"":""Çilek""}"
"10909.000000000058","","survey-multi-choice","40","494256","0.0-40.0","pkahr","aycakeserci@gmail.com","ayça keserci","z","","F21","null","{""Q0"":""Üzülür""}"
"3228","","survey-multi-choice","41","497490","0.0-41.0","pkahr","aycakeserci@gmail.com","ayça keserci","z","","Q21","Odun","{""Q0"":""Odun""}"
"20763.99999999994","","survey-multi-choice","42","518259","0.0-42.0","pkahr","aycakeserci@gmail.com","ayça keserci","z","","C03","null","{""Q0"":""Üzülür""}"
"3959.0000000001164","","survey-multi-choice","43","522226","0.0-43.0","pkahr","aycakeserci@gmail.com","ayça keserci","z","","Q03","Ofis","{""Q0"":""Ofis""}"
"12179","","survey-multi-choice","44","534411","0.0-44.0","pkahr","aycakeserci@gmail.com","ayça keserci","z","","F15","null","{""Q0"":""Sevinir""}"
"2743","","survey-multi-choice","45","537161","0.0-45.0","pkahr","aycakeserci@gmail.com","ayça keserci","z","","Q15","Altı","{""Q0"":""Altı""}"
"13846","","survey-multi-choice","46","551014","0.0-46.0","pkahr","aycakeserci@gmail.com","ayça keserci","z","","F08","null","{""Q0"":""Üzülür""}"
"2711","","survey-multi-choice","47","553732","0.0-47.0","pkahr","aycakeserci@gmail.com","ayça keserci","z","","Q08","Tenis","{""Q0"":""Tenis""}"
"15928","","survey-multi-choice","48","569665","0.0-48.0","pkahr","aycakeserci@gmail.com","ayça keserci","z","","F11","null","{""Q0"":""Üzülür""}"
"1844","","survey-multi-choice","49","571517","0.0-49.0","pkahr","aycakeserci@gmail.com","ayça keserci","z","","Q11","Ayakkabı","{""Q0"":""Ayakkabı""}"
"3234","","instructions","50","574766","0.0-50.0","pkahr","aycakeserci@gmail.com","ayça keserci","z","[{""page_index"":0,""viewing_time"":3233}]","","",""
