"rt","url","trial_type","trial_index","time_elapsed","internal_node_id","subject","subject_email","subject_name","group","view_history","id","correct","responses"
"73220","resources/welcome.html","external-html","0","73318","0.0-0.0","fhdro","e228630@metu.edu.tr","Nefin","z","","","",""
"31041","","instructions","1","104369","0.0-1.0","fhdro","e228630@metu.edu.tr","Nefin","z","[{""page_index"":0,""viewing_time"":31039}]","","",""
"12430","","survey-multi-choice","2","116813","0.0-2.0","fhdro","e228630@metu.edu.tr","Nefin","z","","F07","null","{""Q0"":""Üzülür""}"
"4824","","survey-multi-choice","3","121646","0.0-3.0","fhdro","e228630@metu.edu.tr","Nefin","z","","Q07","Kardan adam","{""Q0"":""Kardan adam""}"
"80836","","survey-multi-choice","4","218941","0.0-4.0","fhdro","e228630@metu.edu.tr","Nefin","z","","F22","null","{""Q0"":""Sevinir""}"
"4620","","survey-multi-choice","5","223590","0.0-5.0","fhdro","e228630@metu.edu.tr","Nefin","z","","Q22","Yoğun","{""Q0"":""Yoğun""}"
"18919","","survey-multi-choice","6","242517","0.0-6.0","fhdro","e228630@metu.edu.tr","Nefin","z","","F20","null","{""Q0"":""Sevinir""}"
"5101","","survey-multi-choice","7","247628","0.0-7.0","fhdro","e228630@metu.edu.tr","Nefin","z","","Q20","Piyango bileti","{""Q0"":""Piyango bileti""}"
"8932.00000000003","","survey-multi-choice","8","256565","0.0-8.0","fhdro","e228630@metu.edu.tr","Nefin","z","","C05","null","{""Q0"":""Üzülür""}"
"3643.999999999971","","survey-multi-choice","9","260215","0.0-9.0","fhdro","e228630@metu.edu.tr","Nefin","z","","Q05","Matematik","{""Q0"":""Matematik""}"
"6940","","survey-multi-choice","10","267167","0.0-10.0","fhdro","e228630@metu.edu.tr","Nefin","z","","F11","null","{""Q0"":""Üzülür""}"
"3016.999999999971","","survey-multi-choice","11","270195","0.0-11.0","fhdro","e228630@metu.edu.tr","Nefin","z","","Q11","Ayakkabı","{""Q0"":""Ayakkabı""}"
"85739","","survey-multi-choice","12","355938","0.0-12.0","fhdro","e228630@metu.edu.tr","Nefin","z","","F13","null","{""Q0"":""Sevinir""}"
"2623","","survey-multi-choice","13","358572","0.0-13.0","fhdro","e228630@metu.edu.tr","Nefin","z","","Q13","Kars","{""Q0"":""Kars""}"
"9277.999999999942","","survey-multi-choice","14","367859","0.0-14.0","fhdro","e228630@metu.edu.tr","Nefin","z","","C04","null","{""Q0"":""Sevinir""}"
"4042.000000000058","","survey-multi-choice","15","371908","0.0-15.0","fhdro","e228630@metu.edu.tr","Nefin","z","","Q04","Kamp","{""Q0"":""Kamp""}"
"7342.000000000058","","survey-multi-choice","16","379259","0.0-16.0","fhdro","e228630@metu.edu.tr","Nefin","z","","F09","null","{""Q0"":""Sevinir""}"
"3127.000000000058","","survey-multi-choice","17","382396","0.0-17.0","fhdro","e228630@metu.edu.tr","Nefin","z","","Q09","Yemekhane","{""Q0"":""Yemekhane""}"
"6472","","survey-multi-choice","18","388877","0.0-18.0","fhdro","e228630@metu.edu.tr","Nefin","z","","F10","null","{""Q0"":""Sevinir""}"
"4385","","survey-multi-choice","19","393274","0.0-19.0","fhdro","e228630@metu.edu.tr","Nefin","z","","Q10","Yüksek lisans","{""Q0"":""Yüksek lisans""}"
"6358","","survey-multi-choice","20","399641","0.0-20.0","fhdro","e228630@metu.edu.tr","Nefin","z","","F24","null","{""Q0"":""Sevinir""}"
"2892","","survey-multi-choice","21","402544","0.0-21.0","fhdro","e228630@metu.edu.tr","Nefin","z","","Q24","Tokyo","{""Q0"":""Tokyo""}"
"7541.000000000058","","survey-multi-choice","22","410093","0.0-22.0","fhdro","e228630@metu.edu.tr","Nefin","z","","C03","null","{""Q0"":""Üzülür""}"
"3257","","survey-multi-choice","23","413359","0.0-23.0","fhdro","e228630@metu.edu.tr","Nefin","z","","Q03","Ofis","{""Q0"":""Ofis""}"
"11778","","survey-multi-choice","24","425144","0.0-24.0","fhdro","e228630@metu.edu.tr","Nefin","z","","F14","null","{""Q0"":""Sevinir""}"
"4226","","survey-multi-choice","25","429378","0.0-25.0","fhdro","e228630@metu.edu.tr","Nefin","z","","Q14","Birinci","{""Q0"":""İkinci""}"
"5792.000000000058","","survey-multi-choice","26","435178","0.0-26.0","fhdro","e228630@metu.edu.tr","Nefin","z","","F19","null","{""Q0"":""Üzülür""}"
"5223","","survey-multi-choice","27","440412","0.0-27.0","fhdro","e228630@metu.edu.tr","Nefin","z","","Q19","Fizik","{""Q0"":""Fizik""}"
"5442","","survey-multi-choice","28","445863","0.0-28.0","fhdro","e228630@metu.edu.tr","Nefin","z","","F17","null","{""Q0"":""Üzülür""}"
"3375","","survey-multi-choice","29","449248","0.0-29.0","fhdro","e228630@metu.edu.tr","Nefin","z","","Q17","Öğle yemeği","{""Q0"":""Akşam yemeği""}"
"6988","","survey-multi-choice","30","456246","0.0-30.0","fhdro","e228630@metu.edu.tr","Nefin","z","","C01","null","{""Q0"":""Üzülür""}"
"3090","","survey-multi-choice","31","459349","0.0-31.0","fhdro","e228630@metu.edu.tr","Nefin","z","","Q01","Arda","{""Q0"":""Arda""}"
"5468","","survey-multi-choice","32","464828","0.0-32.0","fhdro","e228630@metu.edu.tr","Nefin","z","","F12","null","{""Q0"":""Sevinir""}"
"3191","","survey-multi-choice","33","468030","0.0-33.0","fhdro","e228630@metu.edu.tr","Nefin","z","","Q12","Para biriktirmek","{""Q0"":""Para biriktirmek""}"
"6222","","survey-multi-choice","34","474264","0.0-34.0","fhdro","e228630@metu.edu.tr","Nefin","z","","F23","null","{""Q0"":""Üzülür""}"
"3142.000000000058","","survey-multi-choice","35","477416","0.0-35.0","fhdro","e228630@metu.edu.tr","Nefin","z","","Q23","Çarpışan arabalar","{""Q0"":""Çarpışan arabalar""}"
"7654","","survey-multi-choice","36","485079","0.0-36.0","fhdro","e228630@metu.edu.tr","Nefin","z","","C06","null","{""Q0"":""Sevinir""}"
"4638","","survey-multi-choice","37","489724","0.0-37.0","fhdro","e228630@metu.edu.tr","Nefin","z","","Q06","Müdür","{""Q0"":""Patron""}"
"5874","","survey-multi-choice","38","495601","0.0-38.0","fhdro","e228630@metu.edu.tr","Nefin","z","","F21","null","{""Q0"":""Üzülür""}"
"2909.999999999942","","survey-multi-choice","39","498522","0.0-39.0","fhdro","e228630@metu.edu.tr","Nefin","z","","Q21","Odun","{""Q0"":""Odun""}"
"7538","","survey-multi-choice","40","506066","0.0-40.0","fhdro","e228630@metu.edu.tr","Nefin","z","","F16","null","{""Q0"":""Sevinir""}"
"2459","","survey-multi-choice","41","508534","0.0-41.0","fhdro","e228630@metu.edu.tr","Nefin","z","","Q16","Kafe","{""Q0"":""Kafe""}"
"7708","","survey-multi-choice","42","516251","0.0-42.0","fhdro","e228630@metu.edu.tr","Nefin","z","","C02","null","{""Q0"":""Sevinir""}"
"13573","","survey-multi-choice","43","529835","0.0-43.0","fhdro","e228630@metu.edu.tr","Nefin","z","","Q02","Oyuncak bebek","{""Q0"":""Oyuncak bebek""}"
"26976.99999999994","","survey-multi-choice","44","556821","0.0-44.0","fhdro","e228630@metu.edu.tr","Nefin","z","","F15","null","{""Q0"":""Üzülür""}"
"3306.0000000001164","","survey-multi-choice","45","560137","0.0-45.0","fhdro","e228630@metu.edu.tr","Nefin","z","","Q15","Altı","{""Q0"":""Altı""}"
"5666","","survey-multi-choice","46","565813","0.0-46.0","fhdro","e228630@metu.edu.tr","Nefin","z","","F08","null","{""Q0"":""Üzülür""}"
"139110","","survey-multi-choice","47","704927","0.0-47.0","fhdro","e228630@metu.edu.tr","Nefin","z","","Q08","Tenis","{""Q0"":""Tenis""}"
"6146.999999999884","","survey-multi-choice","48","711077","0.0-48.0","fhdro","e228630@metu.edu.tr","Nefin","z","","F18","null","{""Q0"":""Sevinir""}"
"26536.999999999884","","survey-multi-choice","49","737617","0.0-49.0","fhdro","e228630@metu.edu.tr","Nefin","z","","Q18","Çilek","{""Q0"":""Çilek""}"
"4160.999999999884","","instructions","50","741817","0.0-50.0","fhdro","e228630@metu.edu.tr","Nefin","z","[{""page_index"":0,""viewing_time"":4159}]","","",""
