"rt","url","trial_type","trial_index","time_elapsed","internal_node_id","subject","subject_email","subject_name","group","view_history","id","correct","responses"
"34329.40000000235","resources/welcome.html","external-html","0","34515","0.0-0.0","5d0ub","Bimuratcevik@gmail.com","Murat Çevik ","z","","","",""
"27137.699999999313","","instructions","1","61658","0.0-1.0","5d0ub","Bimuratcevik@gmail.com","Murat Çevik ","z","[{""page_index"":0,""viewing_time"":27134.699999995064}]","","",""
"16974.200000004203","","survey-multi-choice","2","78652","0.0-2.0","5d0ub","Bimuratcevik@gmail.com","Murat Çevik ","z","","F09","null","{""Q0"":""Sevinir""}"
"6578.600000000733","","survey-multi-choice","3","85242","0.0-3.0","5d0ub","Bimuratcevik@gmail.com","Murat Çevik ","z","","Q09","Yemekhane","{""Q0"":""Yemekhane""}"
"12660.000000003492","","survey-multi-choice","4","97910","0.0-4.0","5d0ub","Bimuratcevik@gmail.com","Murat Çevik ","z","","F16","null","{""Q0"":""Sevinir""}"
"5199.300000000221","","survey-multi-choice","5","103122","0.0-5.0","5d0ub","Bimuratcevik@gmail.com","Murat Çevik ","z","","Q16","Kafe","{""Q0"":""Kafe""}"
"17599.90000000107","","survey-multi-choice","6","120739","0.0-6.0","5d0ub","Bimuratcevik@gmail.com","Murat Çevik ","z","","F21","null","{""Q0"":""Üzülür""}"
"4166.199999999662","","survey-multi-choice","7","124914","0.0-7.0","5d0ub","Bimuratcevik@gmail.com","Murat Çevik ","z","","Q21","Odun","{""Q0"":""Odun""}"
"16130.600000004051","","survey-multi-choice","8","141056","0.0-8.0","5d0ub","Bimuratcevik@gmail.com","Murat Çevik ","z","","C02","null","{""Q0"":""Sevinir""}"
"4016.4999999979045","","survey-multi-choice","9","145085","0.0-9.0","5d0ub","Bimuratcevik@gmail.com","Murat Çevik ","z","","Q02","Oyuncak bebek","{""Q0"":""Oyuncak bebek""}"
"20264.100000000326","","survey-multi-choice","10","165360","0.0-10.0","5d0ub","Bimuratcevik@gmail.com","Murat Çevik ","z","","F08","null","{""Q0"":""Üzülür""}"
"3799.5000000009895","","survey-multi-choice","11","169186","0.0-11.0","5d0ub","Bimuratcevik@gmail.com","Murat Çevik ","z","","Q08","Tenis","{""Q0"":""Tenis""}"
"17664.599999996426","","survey-multi-choice","12","186864","0.0-12.0","5d0ub","Bimuratcevik@gmail.com","Murat Çevik ","z","","F07","null","{""Q0"":""Üzülür""}"
"3612.4999999956344","","survey-multi-choice","13","190490","0.0-13.0","5d0ub","Bimuratcevik@gmail.com","Murat Çevik ","z","","Q07","Kardan adam","{""Q0"":""Kardan adam""}"
"19073.100000001432","","survey-multi-choice","14","209570","0.0-14.0","5d0ub","Bimuratcevik@gmail.com","Murat Çevik ","z","","C04","null","{""Q0"":""Üzülür""}"
"3123.700000003737","","survey-multi-choice","15","212702","0.0-15.0","5d0ub","Bimuratcevik@gmail.com","Murat Çevik ","z","","Q04","Kamp","{""Q0"":""Kamp""}"
"9490.499999999884","","survey-multi-choice","16","222201","0.0-16.0","5d0ub","Bimuratcevik@gmail.com","Murat Çevik ","z","","F22","null","{""Q0"":""Sevinir""}"
"4427.6000000027125","","survey-multi-choice","17","226642","0.0-17.0","5d0ub","Bimuratcevik@gmail.com","Murat Çevik ","z","","Q22","Yoğun","{""Q0"":""Yoğun""}"
"10702.100000002247","","survey-multi-choice","18","237356","0.0-18.0","5d0ub","Bimuratcevik@gmail.com","Murat Çevik ","z","","F10","null","{""Q0"":""Sevinir""}"
"1994.6000000054482","","survey-multi-choice","19","239360","0.0-19.0","5d0ub","Bimuratcevik@gmail.com","Murat Çevik ","z","","Q10","Yüksek lisans","{""Q0"":""Yüksek lisans""}"
"22607.50000000553","","survey-multi-choice","20","261976","0.0-20.0","5d0ub","Bimuratcevik@gmail.com","Murat Çevik ","z","","F12","null","{""Q0"":""Sevinir""}"
"5271.899999999732","","survey-multi-choice","21","267264","0.0-21.0","5d0ub","Bimuratcevik@gmail.com","Murat Çevik ","z","","Q12","Para biriktirmek","{""Q0"":""Para biriktirmek""}"
"16212.200000001758","","survey-multi-choice","22","283500","0.0-22.0","5d0ub","Bimuratcevik@gmail.com","Murat Çevik ","z","","C01","null","{""Q0"":""Üzülür""}"
"3852.100000003702","","survey-multi-choice","23","287368","0.0-23.0","5d0ub","Bimuratcevik@gmail.com","Murat Çevik ","z","","Q01","Arda","{""Q0"":""Arda""}"
"13088.000000003376","","survey-multi-choice","24","300480","0.0-24.0","5d0ub","Bimuratcevik@gmail.com","Murat Çevik ","z","","F18","null","{""Q0"":""Sevinir""}"
"2616.699999998673","","survey-multi-choice","25","303118","0.0-25.0","5d0ub","Bimuratcevik@gmail.com","Murat Çevik ","z","","Q18","Çilek","{""Q0"":""Çilek""}"
"13682.200000002922","","survey-multi-choice","26","316823","0.0-26.0","5d0ub","Bimuratcevik@gmail.com","Murat Çevik ","z","","F24","null","{""Q0"":""Sevinir""}"
"3975.800000000163","","survey-multi-choice","27","320814","0.0-27.0","5d0ub","Bimuratcevik@gmail.com","Murat Çevik ","z","","Q24","Tokyo","{""Q0"":""Tokyo""}"
"23620.50000000454","","survey-multi-choice","28","344453","0.0-28.0","5d0ub","Bimuratcevik@gmail.com","Murat Çevik ","z","","F19","null","{""Q0"":""Sevinir""}"
"2796.300000001793","","survey-multi-choice","29","347265","0.0-29.0","5d0ub","Bimuratcevik@gmail.com","Murat Çevik ","z","","Q19","Fizik","{""Q0"":""Fizik""}"
"8113.799999999173","","survey-multi-choice","30","355392","0.0-30.0","5d0ub","Bimuratcevik@gmail.com","Murat Çevik ","z","","C05","null","{""Q0"":""Üzülür""}"
"8061.900000000605","","survey-multi-choice","31","363467","0.0-31.0","5d0ub","Bimuratcevik@gmail.com","Murat Çevik ","z","","Q05","Matematik","{""Q0"":""Matematik""}"
"24698.199999998906","","survey-multi-choice","32","388197","0.0-32.0","5d0ub","Bimuratcevik@gmail.com","Murat Çevik ","z","","F20","null","{""Q0"":""Üzülür""}"
"3690.0000000023283","","survey-multi-choice","33","391899","0.0-33.0","5d0ub","Bimuratcevik@gmail.com","Murat Çevik ","z","","Q20","Piyango bileti","{""Q0"":""Piyango bileti""}"
"15054.799999998068","","survey-multi-choice","34","406970","0.0-34.0","5d0ub","Bimuratcevik@gmail.com","Murat Çevik ","z","","F13","null","{""Q0"":""Sevinir""}"
"4170.500000000175","","survey-multi-choice","35","411153","0.0-35.0","5d0ub","Bimuratcevik@gmail.com","Murat Çevik ","z","","Q13","Kars","{""Q0"":""Kars""}"
"6572.299999999814","","survey-multi-choice","36","417763","0.0-36.0","5d0ub","Bimuratcevik@gmail.com","Murat Çevik ","z","","C06","null","{""Q0"":""Sevinir""}"
"2867.7000000025146","","survey-multi-choice","37","420645","0.0-37.0","5d0ub","Bimuratcevik@gmail.com","Murat Çevik ","z","","Q06","Müdür","{""Q0"":""Müdür""}"
"13882.200000000012","","survey-multi-choice","38","434536","0.0-38.0","5d0ub","Bimuratcevik@gmail.com","Murat Çevik ","z","","F14","null","{""Q0"":""Sevinir""}"
"3077.7000000016415","","survey-multi-choice","39","437628","0.0-39.0","5d0ub","Bimuratcevik@gmail.com","Murat Çevik ","z","","Q14","Birinci","{""Q0"":""İkinci""}"
"10514.69999999972","","survey-multi-choice","40","448163","0.0-40.0","5d0ub","Bimuratcevik@gmail.com","Murat Çevik ","z","","F15","null","{""Q0"":""Sevinir""}"
"3555.2999999999884","","survey-multi-choice","41","451734","0.0-41.0","5d0ub","Bimuratcevik@gmail.com","Murat Çevik ","z","","Q15","Altı","{""Q0"":""Altı""}"
"116583.200000001","","survey-multi-choice","42","568325","0.0-42.0","5d0ub","Bimuratcevik@gmail.com","Murat Çevik ","z","","C03","null","{""Q0"":""Üzülür""}"
"5517.200000002049","","survey-multi-choice","43","573852","0.0-43.0","5d0ub","Bimuratcevik@gmail.com","Murat Çevik ","z","","Q03","Ofis","{""Q0"":""Ofis""}"
"8837.299999999232","","survey-multi-choice","44","582721","0.0-44.0","5d0ub","Bimuratcevik@gmail.com","Murat Çevik ","z","","F23","null","{""Q0"":""Üzülür""}"
"3687.699999995064","","survey-multi-choice","45","586425","0.0-45.0","5d0ub","Bimuratcevik@gmail.com","Murat Çevik ","z","","Q23","Çarpışan arabalar","{""Q0"":""Çarpışan arabalar""}"
"15475.599999997998","","survey-multi-choice","46","601915","0.0-46.0","5d0ub","Bimuratcevik@gmail.com","Murat Çevik ","z","","F17","null","{""Q0"":""Üzülür""}"
"2687.5","","survey-multi-choice","47","604616","0.0-47.0","5d0ub","Bimuratcevik@gmail.com","Murat Çevik ","z","","Q17","Öğle yemeği","{""Q0"":""Akşam yemeği""}"
"11121.599999998463","","survey-multi-choice","48","615746","0.0-48.0","5d0ub","Bimuratcevik@gmail.com","Murat Çevik ","z","","F11","null","{""Q0"":""Üzülür""}"
"2300.600000002305","","survey-multi-choice","49","618068","0.0-49.0","5d0ub","Bimuratcevik@gmail.com","Murat Çevik ","z","","Q11","Ayakkabı","{""Q0"":""Ayakkabı""}"
"58540.699999997625","","instructions","50","676674","0.0-50.0","5d0ub","Bimuratcevik@gmail.com","Murat Çevik ","z","[{""page_index"":0,""viewing_time"":58539.29999999667}]","","",""
