"rt","url","trial_type","trial_index","time_elapsed","internal_node_id","subject","subject_email","subject_name","group","view_history","id","correct","responses"
"19869","resources/welcome.html","external-html","0","19882","0.0-0.0","1h0n5","sinantemizkaya@yahoo.com","Sinan","z","","","",""
"17301","","instructions","1","37184","0.0-1.0","1h0n5","sinantemizkaya@yahoo.com","Sinan","z","[{""page_index"":0,""viewing_time"":17300}]","","",""
"10260.999999999993","","survey-multi-choice","2","47446","0.0-2.0","1h0n5","sinantemizkaya@yahoo.com","Sinan","z","","F19","null","{""Q0"":""Üzülür""}"
"2869.9999999999927","","survey-multi-choice","3","50317","0.0-3.0","1h0n5","sinantemizkaya@yahoo.com","Sinan","z","","Q19","Fizik","{""Q0"":""Fizik""}"
"16920.000000000015","","survey-multi-choice","4","67238","0.0-4.0","1h0n5","sinantemizkaya@yahoo.com","Sinan","z","","F17","null","{""Q0"":""Sevinir""}"
"3112.0000000000146","","survey-multi-choice","5","70352","0.0-5.0","1h0n5","sinantemizkaya@yahoo.com","Sinan","z","","Q17","Öğle yemeği","{""Q0"":""Akşam yemeği""}"
"19143","","survey-multi-choice","6","89496","0.0-6.0","1h0n5","sinantemizkaya@yahoo.com","Sinan","z","","F18","null","{""Q0"":""Sevinir""}"
"2979","","survey-multi-choice","7","92477","0.0-7.0","1h0n5","sinantemizkaya@yahoo.com","Sinan","z","","Q18","Çilek","{""Q0"":""Çilek""}"
"19366.999999999985","","survey-multi-choice","8","111846","0.0-8.0","1h0n5","sinantemizkaya@yahoo.com","Sinan","z","","C01","null","{""Q0"":""Sevinir""}"
"3851.9999999999854","","survey-multi-choice","9","115700","0.0-9.0","1h0n5","sinantemizkaya@yahoo.com","Sinan","z","","Q01","Arda","{""Q0"":""Arda""}"
"12589.000000000015","","survey-multi-choice","10","128290","0.0-10.0","1h0n5","sinantemizkaya@yahoo.com","Sinan","z","","F13","null","{""Q0"":""Üzülür""}"
"2468.0000000000146","","survey-multi-choice","11","130760","0.0-11.0","1h0n5","sinantemizkaya@yahoo.com","Sinan","z","","Q13","Kars","{""Q0"":""Kars""}"
"15432.000000000015","","survey-multi-choice","12","146194","0.0-12.0","1h0n5","sinantemizkaya@yahoo.com","Sinan","z","","F16","null","{""Q0"":""Sevinir""}"
"2735.999999999971","","survey-multi-choice","13","148931","0.0-13.0","1h0n5","sinantemizkaya@yahoo.com","Sinan","z","","Q16","Kafe","{""Q0"":""Kafe""}"
"18034","","survey-multi-choice","14","166966","0.0-14.0","1h0n5","sinantemizkaya@yahoo.com","Sinan","z","","C02","null","{""Q0"":""Sevinir""}"
"2878","","survey-multi-choice","15","169845","0.0-15.0","1h0n5","sinantemizkaya@yahoo.com","Sinan","z","","Q02","Oyuncak bebek","{""Q0"":""Oyuncak bebek""}"
"6126","","survey-multi-choice","16","175973","0.0-16.0","1h0n5","sinantemizkaya@yahoo.com","Sinan","z","","F20","null","{""Q0"":""Üzülür""}"
"2857","","survey-multi-choice","17","178832","0.0-17.0","1h0n5","sinantemizkaya@yahoo.com","Sinan","z","","Q20","Piyango bileti","{""Q0"":""Piyango bileti""}"
"10794.99999999997","","survey-multi-choice","18","189628","0.0-18.0","1h0n5","sinantemizkaya@yahoo.com","Sinan","z","","F23","null","{""Q0"":""Üzülür""}"
"3092","","survey-multi-choice","19","192721","0.0-19.0","1h0n5","sinantemizkaya@yahoo.com","Sinan","z","","Q23","Çarpışan arabalar","{""Q0"":""Çarpışan arabalar""}"
"12339","","survey-multi-choice","20","205061","0.0-20.0","1h0n5","sinantemizkaya@yahoo.com","Sinan","z","","F24","null","{""Q0"":""Sevinir""}"
"3310","","survey-multi-choice","21","208374","0.0-21.0","1h0n5","sinantemizkaya@yahoo.com","Sinan","z","","Q24","Tokyo","{""Q0"":""Tokyo""}"
"12826.00000000003","","survey-multi-choice","22","221201","0.0-22.0","1h0n5","sinantemizkaya@yahoo.com","Sinan","z","","C04","null","{""Q0"":""Sevinir""}"
"2355","","survey-multi-choice","23","223557","0.0-23.0","1h0n5","sinantemizkaya@yahoo.com","Sinan","z","","Q04","Kamp","{""Q0"":""Kamp""}"
"10355.99999999997","","survey-multi-choice","24","233915","0.0-24.0","1h0n5","sinantemizkaya@yahoo.com","Sinan","z","","F07","null","{""Q0"":""Üzülür""}"
"2566","","survey-multi-choice","25","236483","0.0-25.0","1h0n5","sinantemizkaya@yahoo.com","Sinan","z","","Q07","Kardan adam","{""Q0"":""Kardan adam""}"
"9022.00000000003","","survey-multi-choice","26","245505","0.0-26.0","1h0n5","sinantemizkaya@yahoo.com","Sinan","z","","F21","null","{""Q0"":""Üzülür""}"
"2845","","survey-multi-choice","27","248352","0.0-27.0","1h0n5","sinantemizkaya@yahoo.com","Sinan","z","","Q21","Odun","{""Q0"":""Odun""}"
"11482.99999999997","","survey-multi-choice","28","259837","0.0-28.0","1h0n5","sinantemizkaya@yahoo.com","Sinan","z","","F11","null","{""Q0"":""Üzülür""}"
"2100","","survey-multi-choice","29","261939","0.0-29.0","1h0n5","sinantemizkaya@yahoo.com","Sinan","z","","Q11","Ayakkabı","{""Q0"":""Ayakkabı""}"
"16474.00000000006","","survey-multi-choice","30","278413","0.0-30.0","1h0n5","sinantemizkaya@yahoo.com","Sinan","z","","C03","null","{""Q0"":""Üzülür""}"
"11651","","survey-multi-choice","31","290066","0.0-31.0","1h0n5","sinantemizkaya@yahoo.com","Sinan","z","","Q03","Ofis","{""Q0"":""Ofis""}"
"21550.99999999994","","survey-multi-choice","32","311619","0.0-32.0","1h0n5","sinantemizkaya@yahoo.com","Sinan","z","","F09","null","{""Q0"":""Sevinir""}"
"2986","","survey-multi-choice","33","314607","0.0-33.0","1h0n5","sinantemizkaya@yahoo.com","Sinan","z","","Q09","Yemekhane","{""Q0"":""Yemekhane""}"
"11594","","survey-multi-choice","34","326202","0.0-34.0","1h0n5","sinantemizkaya@yahoo.com","Sinan","z","","F12","null","{""Q0"":""Sevinir""}"
"3542","","survey-multi-choice","35","329745","0.0-35.0","1h0n5","sinantemizkaya@yahoo.com","Sinan","z","","Q12","Para biriktirmek","{""Q0"":""Para biriktirmek""}"
"6624","","survey-multi-choice","36","336371","0.0-36.0","1h0n5","sinantemizkaya@yahoo.com","Sinan","z","","C05","null","{""Q0"":""Üzülür""}"
"3205","","survey-multi-choice","37","339578","0.0-37.0","1h0n5","sinantemizkaya@yahoo.com","Sinan","z","","Q05","Matematik","{""Q0"":""Matematik""}"
"15170.999999999942","","survey-multi-choice","38","354751","0.0-38.0","1h0n5","sinantemizkaya@yahoo.com","Sinan","z","","F14","null","{""Q0"":""Sevinir""}"
"3831","","survey-multi-choice","39","358583","0.0-39.0","1h0n5","sinantemizkaya@yahoo.com","Sinan","z","","Q14","Birinci","{""Q0"":""İkinci""}"
"14107","","survey-multi-choice","40","372691","0.0-40.0","1h0n5","sinantemizkaya@yahoo.com","Sinan","z","","F08","null","{""Q0"":""Üzülür""}"
"3508.999999999942","","survey-multi-choice","41","376202","0.0-41.0","1h0n5","sinantemizkaya@yahoo.com","Sinan","z","","Q08","Tenis","{""Q0"":""Tenis""}"
"10248","","survey-multi-choice","42","386451","0.0-42.0","1h0n5","sinantemizkaya@yahoo.com","Sinan","z","","C06","null","{""Q0"":""Sevinir""}"
"3639","","survey-multi-choice","43","390091","0.0-43.0","1h0n5","sinantemizkaya@yahoo.com","Sinan","z","","Q06","Müdür","{""Q0"":""Müdür""}"
"9844","","survey-multi-choice","44","399938","0.0-44.0","1h0n5","sinantemizkaya@yahoo.com","Sinan","z","","F15","null","{""Q0"":""Sevinir""}"
"3668","","survey-multi-choice","45","403607","0.0-45.0","1h0n5","sinantemizkaya@yahoo.com","Sinan","z","","Q15","Altı","{""Q0"":""Altı""}"
"8536","","survey-multi-choice","46","412149","0.0-46.0","1h0n5","sinantemizkaya@yahoo.com","Sinan","z","","F22","null","{""Q0"":""Sevinir""}"
"2287","","survey-multi-choice","47","414440","0.0-47.0","1h0n5","sinantemizkaya@yahoo.com","Sinan","z","","Q22","Yoğun","{""Q0"":""Yoğun""}"
"13258","","survey-multi-choice","48","427710","0.0-48.0","1h0n5","sinantemizkaya@yahoo.com","Sinan","z","","F10","null","{""Q0"":""Sevinir""}"
"2778","","survey-multi-choice","49","430490","0.0-49.0","1h0n5","sinantemizkaya@yahoo.com","Sinan","z","","Q10","Yüksek lisans","{""Q0"":""Yüksek lisans""}"
