"rt","url","trial_type","trial_index","time_elapsed","internal_node_id","subject","subject_email","subject_name","group","view_history","id","correct","responses"
"38918.23999999906","resources/welcome.html","external-html","0","39037","0.0-0.0","rp305","aarslan1301@hotmail.com","Ayşenur Arslan","z","","","",""
"13486.47499998333","","instructions","1","52525","0.0-1.0","rp305","aarslan1301@hotmail.com","Ayşenur Arslan","z","[{""page_index"":0,""viewing_time"":13485.884999972768}]","","",""
"12206.899999990128","","survey-multi-choice","2","64734","0.0-2.0","rp305","aarslan1301@hotmail.com","Ayşenur Arslan","z","","F07","null","{""Q0"":""Üzülür""}"
"5356.884999986505","","survey-multi-choice","3","70095","0.0-3.0","rp305","aarslan1301@hotmail.com","Ayşenur Arslan","z","","Q07","Kardan adam","{""Q0"":""Kardan adam""}"
"6139.374999998836","","survey-multi-choice","4","76239","0.0-4.0","rp305","aarslan1301@hotmail.com","Ayşenur Arslan","z","","F18","null","{""Q0"":""Sevinir""}"
"2779.58000000217","","survey-multi-choice","5","79023","0.0-5.0","rp305","aarslan1301@hotmail.com","Ayşenur Arslan","z","","Q18","Çilek","{""Q0"":""Çilek""}"
"5814.695000008214","","survey-multi-choice","6","84843","0.0-6.0","rp305","aarslan1301@hotmail.com","Ayşenur Arslan","z","","F12","null","{""Q0"":""Sevinir""}"
"3063.8099999923725","","survey-multi-choice","7","87911","0.0-7.0","rp305","aarslan1301@hotmail.com","Ayşenur Arslan","z","","Q12","Para biriktirmek","{""Q0"":""Para biriktirmek""}"
"7327.980000001844","","survey-multi-choice","8","95244","0.0-8.0","rp305","aarslan1301@hotmail.com","Ayşenur Arslan","z","","C02","null","{""Q0"":""Sevinir""}"
"2825.6300000066403","","survey-multi-choice","9","98073","0.0-9.0","rp305","aarslan1301@hotmail.com","Ayşenur Arslan","z","","Q02","Oyuncak bebek","{""Q0"":""Oyuncak bebek""}"
"6770.224999985658","","survey-multi-choice","10","104847","0.0-10.0","rp305","aarslan1301@hotmail.com","Ayşenur Arslan","z","","F09","null","{""Q0"":""Sevinir""}"
"2387.5499999849126","","survey-multi-choice","11","107239","0.0-11.0","rp305","aarslan1301@hotmail.com","Ayşenur Arslan","z","","Q09","Yemekhane","{""Q0"":""Yemekhane""}"
"8075.870000000577","","survey-multi-choice","12","115319","0.0-12.0","rp305","aarslan1301@hotmail.com","Ayşenur Arslan","z","","F17","null","{""Q0"":""Sevinir""}"
"3995.794999995269","","survey-multi-choice","13","119319","0.0-13.0","rp305","aarslan1301@hotmail.com","Ayşenur Arslan","z","","Q17","Öğle yemeği","{""Q0"":""Akşam yemeği""}"
"11217.810000001919","","survey-multi-choice","14","130542","0.0-14.0","rp305","aarslan1301@hotmail.com","Ayşenur Arslan","z","","C01","null","{""Q0"":""Üzülür""}"
"2481.625000014901","","survey-multi-choice","15","133028","0.0-15.0","rp305","aarslan1301@hotmail.com","Ayşenur Arslan","z","","Q01","Arda","{""Q0"":""Arda""}"
"7905.614999996033","","survey-multi-choice","16","140938","0.0-16.0","rp305","aarslan1301@hotmail.com","Ayşenur Arslan","z","","F11","null","{""Q0"":""Üzülür""}"
"2547.855000011623","","survey-multi-choice","17","143490","0.0-17.0","rp305","aarslan1301@hotmail.com","Ayşenur Arslan","z","","Q11","Ayakkabı","{""Q0"":""Ayakkabı""}"
"6654.034999985015","","survey-multi-choice","18","150148","0.0-18.0","rp305","aarslan1301@hotmail.com","Ayşenur Arslan","z","","F22","null","{""Q0"":""Sevinir""}"
"2621.0450000071432","","survey-multi-choice","19","152774","0.0-19.0","rp305","aarslan1301@hotmail.com","Ayşenur Arslan","z","","Q22","Yoğun","{""Q0"":""Yoğun""}"
"6809.799999988172","","survey-multi-choice","20","159588","0.0-20.0","rp305","aarslan1301@hotmail.com","Ayşenur Arslan","z","","F15","null","{""Q0"":""Üzülür""}"
"2261.66000001831","","survey-multi-choice","21","161854","0.0-21.0","rp305","aarslan1301@hotmail.com","Ayşenur Arslan","z","","Q15","Altı","{""Q0"":""Altı""}"
"5765.589999995427","","survey-multi-choice","22","167623","0.0-22.0","rp305","aarslan1301@hotmail.com","Ayşenur Arslan","z","","C05","null","{""Q0"":""Sevinir""}"
"2501.6900000046007","","survey-multi-choice","23","170130","0.0-23.0","rp305","aarslan1301@hotmail.com","Ayşenur Arslan","z","","Q05","Matematik","{""Q0"":""Matematik""}"
"9443.624999985332","","survey-multi-choice","24","179578","0.0-24.0","rp305","aarslan1301@hotmail.com","Ayşenur Arslan","z","","F20","null","{""Q0"":""Üzülür""}"
"1977.454999985639","","survey-multi-choice","25","181560","0.0-25.0","rp305","aarslan1301@hotmail.com","Ayşenur Arslan","z","","Q20","Piyango bileti","{""Q0"":""Piyango bileti""}"
"5563.729999994393","","survey-multi-choice","26","187128","0.0-26.0","rp305","aarslan1301@hotmail.com","Ayşenur Arslan","z","","F24","null","{""Q0"":""Sevinir""}"
"2395.6799999868963","","survey-multi-choice","27","189528","0.0-27.0","rp305","aarslan1301@hotmail.com","Ayşenur Arslan","z","","Q24","Tokyo","{""Q0"":""Tokyo""}"
"5705.724999977974","","survey-multi-choice","28","195238","0.0-28.0","rp305","aarslan1301@hotmail.com","Ayşenur Arslan","z","","F23","null","{""Q0"":""Üzülür""}"
"2179.1599999996834","","survey-multi-choice","29","197422","0.0-29.0","rp305","aarslan1301@hotmail.com","Ayşenur Arslan","z","","Q23","Çarpışan arabalar","{""Q0"":""Çarpışan arabalar""}"
"8115.590000001248","","survey-multi-choice","30","205542","0.0-30.0","rp305","aarslan1301@hotmail.com","Ayşenur Arslan","z","","C04","null","{""Q0"":""Sevinir""}"
"3169.5699999982025","","survey-multi-choice","31","208716","0.0-31.0","rp305","aarslan1301@hotmail.com","Ayşenur Arslan","z","","Q04","Kamp","{""Q0"":""Kamp""}"
"8059.550000005402","","survey-multi-choice","32","216780","0.0-32.0","rp305","aarslan1301@hotmail.com","Ayşenur Arslan","z","","F13","null","{""Q0"":""Üzülür""}"
"2245.0799999933224","","survey-multi-choice","33","219030","0.0-33.0","rp305","aarslan1301@hotmail.com","Ayşenur Arslan","z","","Q13","Kars","{""Q0"":""Kars""}"
"7117.44999999064","","survey-multi-choice","34","226152","0.0-34.0","rp305","aarslan1301@hotmail.com","Ayşenur Arslan","z","","F16","null","{""Q0"":""Sevinir""}"
"2169.544999982463","","survey-multi-choice","35","228327","0.0-35.0","rp305","aarslan1301@hotmail.com","Ayşenur Arslan","z","","Q16","Kafe","{""Q0"":""Kafe""}"
"8442.240000003949","","survey-multi-choice","36","236774","0.0-36.0","rp305","aarslan1301@hotmail.com","Ayşenur Arslan","z","","C06","null","{""Q0"":""Sevinir""}"
"2265.7450000115205","","survey-multi-choice","37","239044","0.0-37.0","rp305","aarslan1301@hotmail.com","Ayşenur Arslan","z","","Q06","Müdür","{""Q0"":""Müdür""}"
"5553.870000003371","","survey-multi-choice","38","244602","0.0-38.0","rp305","aarslan1301@hotmail.com","Ayşenur Arslan","z","","F08","null","{""Q0"":""Üzülür""}"
"3253.6499999987427","","survey-multi-choice","39","247860","0.0-39.0","rp305","aarslan1301@hotmail.com","Ayşenur Arslan","z","","Q08","Tenis","{""Q0"":""Tenis""}"
"24395.300000003772","","survey-multi-choice","40","272259","0.0-40.0","rp305","aarslan1301@hotmail.com","Ayşenur Arslan","z","","F10","null","{""Q0"":""Sevinir""}"
"2543.3999999950174","","survey-multi-choice","41","274807","0.0-41.0","rp305","aarslan1301@hotmail.com","Ayşenur Arslan","z","","Q10","Yüksek lisans","{""Q0"":""Yüksek lisans""}"
"6487.800000002608","","survey-multi-choice","42","281299","0.0-42.0","rp305","aarslan1301@hotmail.com","Ayşenur Arslan","z","","C03","null","{""Q0"":""Üzülür""}"
"3369.334999995772","","survey-multi-choice","43","284673","0.0-43.0","rp305","aarslan1301@hotmail.com","Ayşenur Arslan","z","","Q03","Ofis","{""Q0"":""Ofis""}"
"6254.179999988992","","survey-multi-choice","44","290931","0.0-44.0","rp305","aarslan1301@hotmail.com","Ayşenur Arslan","z","","F19","null","{""Q0"":""Üzülür""}"
"1877.8650000167545","","survey-multi-choice","45","292813","0.0-45.0","rp305","aarslan1301@hotmail.com","Ayşenur Arslan","z","","Q19","Fizik","{""Q0"":""Fizik""}"
"5387.575000000652","","survey-multi-choice","46","298205","0.0-46.0","rp305","aarslan1301@hotmail.com","Ayşenur Arslan","z","","F21","null","{""Q0"":""Üzülür""}"
"4373.739999980899","","survey-multi-choice","47","302583","0.0-47.0","rp305","aarslan1301@hotmail.com","Ayşenur Arslan","z","","Q21","Odun","{""Q0"":""Odun""}"
"9380.375000007916","","survey-multi-choice","48","311969","0.0-48.0","rp305","aarslan1301@hotmail.com","Ayşenur Arslan","z","","F14","null","{""Q0"":""Sevinir""}"
"2669.335000013234","","survey-multi-choice","49","314643","0.0-49.0","rp305","aarslan1301@hotmail.com","Ayşenur Arslan","z","","Q14","Birinci","{""Q0"":""İkinci""}"
"58309.16999999317","","instructions","50","372958","0.0-50.0","rp305","aarslan1301@hotmail.com","Ayşenur Arslan","z","[{""page_index"":0,""viewing_time"":58308.83999998332}]","","",""
