"rt","url","trial_type","trial_index","time_elapsed","internal_node_id","subject","subject_email","subject_name","group","view_history","id","correct","responses"
"20975.685000012163","resources/welcome.html","external-html","0","21074","0.0-0.0","ojakp","ozgurmehmetgur@gmail.com","Özgür Gür","z","","","",""
"22050.835000001825","","instructions","1","43126","0.0-1.0","ojakp","ozgurmehmetgur@gmail.com","Özgür Gür","z","[{""page_index"":0,""viewing_time"":22049.77000001236}]","","",""
"79224.67500000494","","survey-multi-choice","2","122354","0.0-2.0","ojakp","ozgurmehmetgur@gmail.com","Özgür Gür","z","","F16","null","{""Q0"":""Sevinir""}"
"5193.874999997206","","survey-multi-choice","3","127552","0.0-3.0","ojakp","ozgurmehmetgur@gmail.com","Özgür Gür","z","","Q16","Kafe","{""Q0"":""Park""}"
"13079.375000001164","","survey-multi-choice","4","140635","0.0-4.0","ojakp","ozgurmehmetgur@gmail.com","Özgür Gür","z","","F17","null","{""Q0"":""Sevinir""}"
"2744.189999997616","","survey-multi-choice","5","143387","0.0-5.0","ojakp","ozgurmehmetgur@gmail.com","Özgür Gür","z","","Q17","Öğle yemeği","{""Q0"":""Akşam yemeği""}"
"24014.70500000869","","survey-multi-choice","6","167407","0.0-6.0","ojakp","ozgurmehmetgur@gmail.com","Özgür Gür","z","","F18","null","{""Q0"":""Sevinir""}"
"3568.4949999849778","","survey-multi-choice","7","170982","0.0-7.0","ojakp","ozgurmehmetgur@gmail.com","Özgür Gür","z","","Q18","Çilek","{""Q0"":""Çilek""}"
"15895.470000017667","","survey-multi-choice","8","186884","0.0-8.0","ojakp","ozgurmehmetgur@gmail.com","Özgür Gür","z","","C01","null","{""Q0"":""Üzülür""}"
"4834.390000003623","","survey-multi-choice","9","191722","0.0-9.0","ojakp","ozgurmehmetgur@gmail.com","Özgür Gür","z","","Q01","Arda","{""Q0"":""Arda""}"
"9652.795000001788","","survey-multi-choice","10","201380","0.0-10.0","ojakp","ozgurmehmetgur@gmail.com","Özgür Gür","z","","F15","null","{""Q0"":""Üzülür""}"
"2889.7649999998976","","survey-multi-choice","11","204275","0.0-11.0","ojakp","ozgurmehmetgur@gmail.com","Özgür Gür","z","","Q15","Altı","{""Q0"":""Altı""}"
"9797.489999997197","","survey-multi-choice","12","214079","0.0-12.0","ojakp","ozgurmehmetgur@gmail.com","Özgür Gür","z","","F11","null","{""Q0"":""Üzülür""}"
"2185.174999991432","","survey-multi-choice","13","216272","0.0-13.0","ojakp","ozgurmehmetgur@gmail.com","Özgür Gür","z","","Q11","Ayakkabı","{""Q0"":""Ayakkabı""}"
"6756.165000027977","","survey-multi-choice","14","223036","0.0-14.0","ojakp","ozgurmehmetgur@gmail.com","Özgür Gür","z","","C05","null","{""Q0"":""Üzülür""}"
"2245.954999991227","","survey-multi-choice","15","225289","0.0-15.0","ojakp","ozgurmehmetgur@gmail.com","Özgür Gür","z","","Q05","Matematik","{""Q0"":""Matematik""}"
"7219.97000000556","","survey-multi-choice","16","232513","0.0-16.0","ojakp","ozgurmehmetgur@gmail.com","Özgür Gür","z","","F09","null","{""Q0"":""Sevinir""}"
"3334.67500002007","","survey-multi-choice","17","235855","0.0-17.0","ojakp","ozgurmehmetgur@gmail.com","Özgür Gür","z","","Q09","Yemekhane","{""Q0"":""Yemekhane""}"
"6654.045000002952","","survey-multi-choice","18","242516","0.0-18.0","ojakp","ozgurmehmetgur@gmail.com","Özgür Gür","z","","F12","null","{""Q0"":""Sevinir""}"
"2725.009999994654","","survey-multi-choice","19","245245","0.0-19.0","ojakp","ozgurmehmetgur@gmail.com","Özgür Gür","z","","Q12","Para biriktirmek","{""Q0"":""Para biriktirmek""}"
"8895.145000016782","","survey-multi-choice","20","254145","0.0-20.0","ojakp","ozgurmehmetgur@gmail.com","Özgür Gür","z","","F10","null","{""Q0"":""Sevinir""}"
"2228.9250000030734","","survey-multi-choice","21","256380","0.0-21.0","ojakp","ozgurmehmetgur@gmail.com","Özgür Gür","z","","Q10","Yüksek lisans","{""Q0"":""Yüksek lisans""}"
"7567.990000010468","","survey-multi-choice","22","263951","0.0-22.0","ojakp","ozgurmehmetgur@gmail.com","Özgür Gür","z","","C03","null","{""Q0"":""Üzülür""}"
"8034.169999998994","","survey-multi-choice","23","271993","0.0-23.0","ojakp","ozgurmehmetgur@gmail.com","Özgür Gür","z","","Q03","Ofis","{""Q0"":""Fabrika""}"
"31843.689999979688","","survey-multi-choice","24","303844","0.0-24.0","ojakp","ozgurmehmetgur@gmail.com","Özgür Gür","z","","F24","null","{""Q0"":""Sevinir""}"
"1806.2499999941792","","survey-multi-choice","25","305656","0.0-25.0","ojakp","ozgurmehmetgur@gmail.com","Özgür Gür","z","","Q24","Tokyo","{""Q0"":""Tokyo""}"
"7181.314999994356","","survey-multi-choice","26","312843","0.0-26.0","ojakp","ozgurmehmetgur@gmail.com","Özgür Gür","z","","F07","null","{""Q0"":""Üzülür""}"
"3555.114999995567","","survey-multi-choice","27","316405","0.0-27.0","ojakp","ozgurmehmetgur@gmail.com","Özgür Gür","z","","Q07","Kardan adam","{""Q0"":""Kardan adam""}"
"24597.219999996014","","survey-multi-choice","28","341005","0.0-28.0","ojakp","ozgurmehmetgur@gmail.com","Özgür Gür","z","","F08","null","{""Q0"":""Üzülür""}"
"2922.8500000026543","","survey-multi-choice","29","343934","0.0-29.0","ojakp","ozgurmehmetgur@gmail.com","Özgür Gür","z","","Q08","Tenis","{""Q0"":""Tenis""}"
"6795.440000016242","","survey-multi-choice","30","350734","0.0-30.0","ojakp","ozgurmehmetgur@gmail.com","Özgür Gür","z","","C02","null","{""Q0"":""Sevinir""}"
"5397.229999973206","","survey-multi-choice","31","356135","0.0-31.0","ojakp","ozgurmehmetgur@gmail.com","Özgür Gür","z","","Q02","Oyuncak bebek","{""Q0"":""Oyuncak bebek""}"
"11027.470000000903","","survey-multi-choice","32","367169","0.0-32.0","ojakp","ozgurmehmetgur@gmail.com","Özgür Gür","z","","F23","null","{""Q0"":""Üzülür""}"
"2790.480000025127","","survey-multi-choice","33","369967","0.0-33.0","ojakp","ozgurmehmetgur@gmail.com","Özgür Gür","z","","Q23","Çarpışan arabalar","{""Q0"":""Çarpışan arabalar""}"
"78352.66999999294","","survey-multi-choice","34","448326","0.0-34.0","ojakp","ozgurmehmetgur@gmail.com","Özgür Gür","z","","F21","null","{""Q0"":""Üzülür""}"
"2639.3300000054296","","survey-multi-choice","35","450970","0.0-35.0","ojakp","ozgurmehmetgur@gmail.com","Özgür Gür","z","","Q21","Odun","{""Q0"":""Odun""}"
"4695.850000018254","","survey-multi-choice","36","455672","0.0-36.0","ojakp","ozgurmehmetgur@gmail.com","Özgür Gür","z","","C06","null","{""Q0"":""Sevinir""}"
"4232.499999983702","","survey-multi-choice","37","459910","0.0-37.0","ojakp","ozgurmehmetgur@gmail.com","Özgür Gür","z","","Q06","Müdür","{""Q0"":""Müdür""}"
"23283.56499999063","","survey-multi-choice","38","483198","0.0-38.0","ojakp","ozgurmehmetgur@gmail.com","Özgür Gür","z","","F19","null","{""Q0"":""Üzülür""}"
"1909.8250000097323","","survey-multi-choice","39","485114","0.0-39.0","ojakp","ozgurmehmetgur@gmail.com","Özgür Gür","z","","Q19","Fizik","{""Q0"":""Fizik""}"
"32441.845000023022","","survey-multi-choice","40","517562","0.0-40.0","ojakp","ozgurmehmetgur@gmail.com","Özgür Gür","z","","F22","null","{""Q0"":""Sevinir""}"
"2562.434999999823","","survey-multi-choice","41","520130","0.0-41.0","ojakp","ozgurmehmetgur@gmail.com","Özgür Gür","z","","Q22","Yoğun","{""Q0"":""Yoğun""}"
"12621.80999998236","","survey-multi-choice","42","532758","0.0-42.0","ojakp","ozgurmehmetgur@gmail.com","Özgür Gür","z","","C04","null","{""Q0"":""Sevinir""}"
"14303.080000012415","","survey-multi-choice","43","547077","0.0-43.0","ojakp","ozgurmehmetgur@gmail.com","Özgür Gür","z","","Q04","Kamp","{""Q0"":""Kamp""}"
"10747.955000028014","","survey-multi-choice","44","557830","0.0-44.0","ojakp","ozgurmehmetgur@gmail.com","Özgür Gür","z","","F20","null","{""Q0"":""Üzülür""}"
"2752.6399999915157","","survey-multi-choice","45","560587","0.0-45.0","ojakp","ozgurmehmetgur@gmail.com","Özgür Gür","z","","Q20","Piyango bileti","{""Q0"":""Piyango bileti""}"
"59065.80499999109","","survey-multi-choice","46","619659","0.0-46.0","ojakp","ozgurmehmetgur@gmail.com","Özgür Gür","z","","F14","null","{""Q0"":""Üzülür""}"
"2626.7550000047777","","survey-multi-choice","47","622290","0.0-47.0","ojakp","ozgurmehmetgur@gmail.com","Özgür Gür","z","","Q14","Birinci","{""Q0"":""İkinci""}"
"116898.17500000936","","survey-multi-choice","48","739195","0.0-48.0","ojakp","ozgurmehmetgur@gmail.com","Özgür Gür","z","","F13","null","{""Q0"":""Sevinir""}"
"3198.5700000077486","","survey-multi-choice","49","742401","0.0-49.0","ojakp","ozgurmehmetgur@gmail.com","Özgür Gür","z","","Q13","Kars","{""Q0"":""Kars""}"
"6513.769999990473","","instructions","50","748922","0.0-50.0","ojakp","ozgurmehmetgur@gmail.com","Özgür Gür","z","[{""page_index"":0,""viewing_time"":6513.25999997789}]","","",""
