"rt","url","trial_type","trial_index","time_elapsed","internal_node_id","subject","subject_email","subject_name","group","view_history","id","correct","responses"
"24337.899999998626","resources/welcome.html","external-html","0","24563","0.0-0.0","8w3j2","leylbay@gmail.com","Leyla ","z","","","",""
"35045.79999999987","","instructions","1","59615","0.0-1.0","8w3j2","leylbay@gmail.com","Leyla ","z","[{""page_index"":0,""viewing_time"":35041.10000000219}]","","",""
"9175.00000000291","","survey-multi-choice","2","68805","0.0-2.0","8w3j2","leylbay@gmail.com","Leyla ","z","","F24","null","{""Q0"":""Üzülür""}"
"8496.70000000333","","survey-multi-choice","3","77315","0.0-3.0","8w3j2","leylbay@gmail.com","Leyla ","z","","Q24","Tokyo","{""Q0"":""Tokyo""}"
"19498.500000001513","","survey-multi-choice","4","96825","0.0-4.0","8w3j2","leylbay@gmail.com","Leyla ","z","","F20","null","{""Q0"":""Sevinir""}"
"4712.400000003981","","survey-multi-choice","5","101551","0.0-5.0","8w3j2","leylbay@gmail.com","Leyla ","z","","Q20","Piyango bileti","{""Q0"":""Piyango bileti""}"
"10003.600000003644","","survey-multi-choice","6","111566","0.0-6.0","8w3j2","leylbay@gmail.com","Leyla ","z","","F14","null","{""Q0"":""Sevinir""}"
"7235.6999999974505","","survey-multi-choice","7","118814","0.0-7.0","8w3j2","leylbay@gmail.com","Leyla ","z","","Q14","Birinci","{""Q0"":""İkinci""}"
"11749.000000003434","","survey-multi-choice","8","130576","0.0-8.0","8w3j2","leylbay@gmail.com","Leyla ","z","","C04","null","{""Q0"":""Üzülür""}"
"3172.2999999983585","","survey-multi-choice","9","133760","0.0-9.0","8w3j2","leylbay@gmail.com","Leyla ","z","","Q04","Kamp","{""Q0"":""Kamp""}"
"11158.900000002177","","survey-multi-choice","10","144930","0.0-10.0","8w3j2","leylbay@gmail.com","Leyla ","z","","F08","null","{""Q0"":""Üzülür""}"
"3176.7000000036205","","survey-multi-choice","11","148118","0.0-11.0","8w3j2","leylbay@gmail.com","Leyla ","z","","Q08","Tenis","{""Q0"":""Tenis""}"
"27426.500000001397","","survey-multi-choice","12","175558","0.0-12.0","8w3j2","leylbay@gmail.com","Leyla ","z","","F11","null","{""Q0"":""Sevinir""}"
"5650.099999998929","","survey-multi-choice","13","181221","0.0-13.0","8w3j2","leylbay@gmail.com","Leyla ","z","","Q11","Ayakkabı","{""Q0"":""Ayakkabı""}"
"8159.700000003795","","survey-multi-choice","14","189395","0.0-14.0","8w3j2","leylbay@gmail.com","Leyla ","z","","C01","null","{""Q0"":""Sevinir""}"
"2950.1000000018394","","survey-multi-choice","15","192359","0.0-15.0","8w3j2","leylbay@gmail.com","Leyla ","z","","Q01","Arda","{""Q0"":""Arda""}"
"4895.400000001246","","survey-multi-choice","16","197267","0.0-16.0","8w3j2","leylbay@gmail.com","Leyla ","z","","F23","null","{""Q0"":""Sevinir""}"
"4760.300000001735","","survey-multi-choice","17","202039","0.0-17.0","8w3j2","leylbay@gmail.com","Leyla ","z","","Q23","Çarpışan arabalar","{""Q0"":""Çarpışan arabalar""}"
"6940.90000000142","","survey-multi-choice","18","208998","0.0-18.0","8w3j2","leylbay@gmail.com","Leyla ","z","","F15","null","{""Q0"":""Üzülür""}"
"2656.9999999992433","","survey-multi-choice","19","211667","0.0-19.0","8w3j2","leylbay@gmail.com","Leyla ","z","","Q15","Altı","{""Q0"":""Altı""}"
"5658.60000000248","","survey-multi-choice","20","217335","0.0-20.0","8w3j2","leylbay@gmail.com","Leyla ","z","","F19","null","{""Q0"":""Üzülür""}"
"1928.8999999989755","","survey-multi-choice","21","219277","0.0-21.0","8w3j2","leylbay@gmail.com","Leyla ","z","","Q19","Fizik","{""Q0"":""Fizik""}"
"6108.899999999267","","survey-multi-choice","22","225399","0.0-22.0","8w3j2","leylbay@gmail.com","Leyla ","z","","C02","null","{""Q0"":""Üzülür""}"
"2588.499999998021","","survey-multi-choice","23","228001","0.0-23.0","8w3j2","leylbay@gmail.com","Leyla ","z","","Q02","Oyuncak bebek","{""Q0"":""Oyuncak bebek""}"
"5584.500000004482","","survey-multi-choice","24","233601","0.0-24.0","8w3j2","leylbay@gmail.com","Leyla ","z","","F22","null","{""Q0"":""Sevinir""}"
"3435.0000000049477","","survey-multi-choice","25","237048","0.0-25.0","8w3j2","leylbay@gmail.com","Leyla ","z","","Q22","Yoğun","{""Q0"":""Yoğun""}"
"16535.499999998137","","survey-multi-choice","26","253595","0.0-26.0","8w3j2","leylbay@gmail.com","Leyla ","z","","F13","null","{""Q0"":""Sevinir""}"
"1682.9999999972642","","survey-multi-choice","27","255291","0.0-27.0","8w3j2","leylbay@gmail.com","Leyla ","z","","Q13","Kars","{""Q0"":""Kars""}"
"7414.299999996729","","survey-multi-choice","28","262716","0.0-28.0","8w3j2","leylbay@gmail.com","Leyla ","z","","F07","null","{""Q0"":""Üzülür""}"
"1704.4000000023516","","survey-multi-choice","29","264433","0.0-29.0","8w3j2","leylbay@gmail.com","Leyla ","z","","Q07","Kardan adam","{""Q0"":""Kardan adam""}"
"5131.699999998091","","survey-multi-choice","30","269577","0.0-30.0","8w3j2","leylbay@gmail.com","Leyla ","z","","C05","null","{""Q0"":""Sevinir""}"
"4341.7999999946915","","survey-multi-choice","31","273938","0.0-31.0","8w3j2","leylbay@gmail.com","Leyla ","z","","Q05","Matematik","{""Q0"":""Matematik""}"
"16122.799999997369","","survey-multi-choice","32","290072","0.0-32.0","8w3j2","leylbay@gmail.com","Leyla ","z","","F10","null","{""Q0"":""Sevinir""}"
"4073.7000000008265","","survey-multi-choice","33","294158","0.0-33.0","8w3j2","leylbay@gmail.com","Leyla ","z","","Q10","Yüksek lisans","{""Q0"":""Yüksek lisans""}"
"8951.999999997497","","survey-multi-choice","34","303122","0.0-34.0","8w3j2","leylbay@gmail.com","Leyla ","z","","F16","null","{""Q0"":""Sevinir""}"
"2198.899999995774","","survey-multi-choice","35","305334","0.0-35.0","8w3j2","leylbay@gmail.com","Leyla ","z","","Q16","Kafe","{""Q0"":""Kafe""}"
"5651.799999999639","","survey-multi-choice","36","310997","0.0-36.0","8w3j2","leylbay@gmail.com","Leyla ","z","","C06","null","{""Q0"":""Üzülür""}"
"4841.999999996915","","survey-multi-choice","37","315851","0.0-37.0","8w3j2","leylbay@gmail.com","Leyla ","z","","Q06","Müdür","{""Q0"":""Müdür""}"
"6941.700000003038","","survey-multi-choice","38","322806","0.0-38.0","8w3j2","leylbay@gmail.com","Leyla ","z","","F18","null","{""Q0"":""Sevinir""}"
"2012.0999999999185","","survey-multi-choice","39","324831","0.0-39.0","8w3j2","leylbay@gmail.com","Leyla ","z","","Q18","Çilek","{""Q0"":""Çilek""}"
"6652.600000001257","","survey-multi-choice","40","331497","0.0-40.0","8w3j2","leylbay@gmail.com","Leyla ","z","","F12","null","{""Q0"":""Sevinir""}"
"4024.7999999992317","","survey-multi-choice","41","335534","0.0-41.0","8w3j2","leylbay@gmail.com","Leyla ","z","","Q12","Para biriktirmek","{""Q0"":""Para biriktirmek""}"
"8686.699999998382","","survey-multi-choice","42","344233","0.0-42.0","8w3j2","leylbay@gmail.com","Leyla ","z","","C03","null","{""Q0"":""Sevinir""}"
"2585.899999998219","","survey-multi-choice","43","346833","0.0-43.0","8w3j2","leylbay@gmail.com","Leyla ","z","","Q03","Ofis","{""Q0"":""Fabrika""}"
"19529.39999999944","","survey-multi-choice","44","366376","0.0-44.0","8w3j2","leylbay@gmail.com","Leyla ","z","","F17","null","{""Q0"":""Üzülür""}"
"3109.599999996135","","survey-multi-choice","45","369499","0.0-45.0","8w3j2","leylbay@gmail.com","Leyla ","z","","Q17","Öğle yemeği","{""Q0"":""Akşam yemeği""}"
"8014.1999999978","","survey-multi-choice","46","377525","0.0-46.0","8w3j2","leylbay@gmail.com","Leyla ","z","","F21","null","{""Q0"":""Üzülür""}"
"1767.1000000045751","","survey-multi-choice","47","379305","0.0-47.0","8w3j2","leylbay@gmail.com","Leyla ","z","","Q21","Odun","{""Q0"":""Odun""}"
"5626.59999999596","","survey-multi-choice","48","384945","0.0-48.0","8w3j2","leylbay@gmail.com","Leyla ","z","","F09","null","{""Q0"":""Sevinir""}"
"1995.9000000017113","","survey-multi-choice","49","386953","0.0-49.0","8w3j2","leylbay@gmail.com","Leyla ","z","","Q09","Yemekhane","{""Q0"":""Yemekhane""}"
"26679.800000005343","","instructions","50","663121","0.0-50.0","8w3j2","leylbay@gmail.com","Leyla ","z","[{""page_index"":0,""viewing_time"":26677.700000000186}]","","",""
