"rt","url","trial_type","trial_index","time_elapsed","internal_node_id","subject","subject_email","subject_name","group","view_history","id","correct","responses"
"32242.599999997765","resources/welcome.html","external-html","0","32528","0.0-0.0","pauro","yagmurdemirciogluu@gmail.com","Yağmur Demircioğlu","z","","","",""
"18480.899999995017","","instructions","1","51024","0.0-1.0","pauro","yagmurdemirciogluu@gmail.com","Yağmur Demircioğlu","z","[{""page_index"":0,""viewing_time"":18467.99999999348}]","","",""
"7134.400000009919","","survey-multi-choice","2","58182","0.0-2.0","pauro","yagmurdemirciogluu@gmail.com","Yağmur Demircioğlu","z","","F13","null","{""Q0"":""Sevinir""}"
"3035.4999999981374","","survey-multi-choice","3","61233","0.0-3.0","pauro","yagmurdemirciogluu@gmail.com","Yağmur Demircioğlu","z","","Q13","Kars","{""Q0"":""Kars""}"
"15210.499999986496","","survey-multi-choice","4","76459","0.0-4.0","pauro","yagmurdemirciogluu@gmail.com","Yağmur Demircioğlu","z","","F17","null","{""Q0"":""Sevinir""}"
"3304.900000017369","","survey-multi-choice","5","79780","0.0-5.0","pauro","yagmurdemirciogluu@gmail.com","Yağmur Demircioğlu","z","","Q17","Öğle yemeği","{""Q0"":""Akşam yemeği""}"
"7954.29999998305","","survey-multi-choice","6","87748","0.0-6.0","pauro","yagmurdemirciogluu@gmail.com","Yağmur Demircioğlu","z","","F16","null","{""Q0"":""Sevinir""}"
"2541.300000011688","","survey-multi-choice","7","90302","0.0-7.0","pauro","yagmurdemirciogluu@gmail.com","Yağmur Demircioğlu","z","","Q16","Kafe","{""Q0"":""Kafe""}"
"12118.400000006659","","survey-multi-choice","8","102431","0.0-8.0","pauro","yagmurdemirciogluu@gmail.com","Yağmur Demircioğlu","z","","C06","null","{""Q0"":""Sevinir""}"
"3748.4999999869615","","survey-multi-choice","9","106197","0.0-9.0","pauro","yagmurdemirciogluu@gmail.com","Yağmur Demircioğlu","z","","Q06","Müdür","{""Q0"":""Müdür""}"
"8639.499999990221","","survey-multi-choice","10","114848","0.0-10.0","pauro","yagmurdemirciogluu@gmail.com","Yağmur Demircioğlu","z","","F23","null","{""Q0"":""Üzülür""}"
"2669.899999978952","","survey-multi-choice","11","117530","0.0-11.0","pauro","yagmurdemirciogluu@gmail.com","Yağmur Demircioğlu","z","","Q23","Çarpışan arabalar","{""Q0"":""Çarpışan arabalar""}"
"11001.599999988684","","survey-multi-choice","12","128545","0.0-12.0","pauro","yagmurdemirciogluu@gmail.com","Yağmur Demircioğlu","z","","F12","null","{""Q0"":""Sevinir""}"
"2944.7999999974854","","survey-multi-choice","13","131506","0.0-13.0","pauro","yagmurdemirciogluu@gmail.com","Yağmur Demircioğlu","z","","Q12","Para biriktirmek","{""Q0"":""Para biriktirmek""}"
"12776.400000002468","","survey-multi-choice","14","144293","0.0-14.0","pauro","yagmurdemirciogluu@gmail.com","Yağmur Demircioğlu","z","","C03","null","{""Q0"":""Üzülür""}"
"4919.200000003912","","survey-multi-choice","15","149226","0.0-15.0","pauro","yagmurdemirciogluu@gmail.com","Yağmur Demircioğlu","z","","Q03","Ofis","{""Q0"":""Ofis""}"
"6921.200000011595","","survey-multi-choice","16","156166","0.0-16.0","pauro","yagmurdemirciogluu@gmail.com","Yağmur Demircioğlu","z","","F10","null","{""Q0"":""Sevinir""}"
"2410.4000000224914","","survey-multi-choice","17","158590","0.0-17.0","pauro","yagmurdemirciogluu@gmail.com","Yağmur Demircioğlu","z","","Q10","Yüksek lisans","{""Q0"":""Yüksek lisans""}"
"13046.49999999674","","survey-multi-choice","18","171652","0.0-18.0","pauro","yagmurdemirciogluu@gmail.com","Yağmur Demircioğlu","z","","F07","null","{""Q0"":""Üzülür""}"
"2899.4999999995343","","survey-multi-choice","19","174564","0.0-19.0","pauro","yagmurdemirciogluu@gmail.com","Yağmur Demircioğlu","z","","Q07","Kardan adam","{""Q0"":""Kardan adam""}"
"6850.000000005821","","survey-multi-choice","20","181428","0.0-20.0","pauro","yagmurdemirciogluu@gmail.com","Yağmur Demircioğlu","z","","F08","null","{""Q0"":""Üzülür""}"
"2462.2999999846797","","survey-multi-choice","21","183901","0.0-21.0","pauro","yagmurdemirciogluu@gmail.com","Yağmur Demircioğlu","z","","Q08","Tenis","{""Q0"":""Tenis""}"
"11110.09999999078","","survey-multi-choice","22","195025","0.0-22.0","pauro","yagmurdemirciogluu@gmail.com","Yağmur Demircioğlu","z","","C02","null","{""Q0"":""Sevinir""}"
"6419.599999993807","","survey-multi-choice","23","201459","0.0-23.0","pauro","yagmurdemirciogluu@gmail.com","Yağmur Demircioğlu","z","","Q02","Oyuncak bebek","{""Q0"":""Oyuncak bebek""}"
"6076.600000000326","","survey-multi-choice","24","207548","0.0-24.0","pauro","yagmurdemirciogluu@gmail.com","Yağmur Demircioğlu","z","","F09","null","{""Q0"":""Sevinir""}"
"4062.2999999905005","","survey-multi-choice","25","211627","0.0-25.0","pauro","yagmurdemirciogluu@gmail.com","Yağmur Demircioğlu","z","","Q09","Yemekhane","{""Q0"":""Yemekhane""}"
"7662.70000001532","","survey-multi-choice","26","219301","0.0-26.0","pauro","yagmurdemirciogluu@gmail.com","Yağmur Demircioğlu","z","","F15","null","{""Q0"":""Sevinir""}"
"2975.9000000194646","","survey-multi-choice","27","222292","0.0-27.0","pauro","yagmurdemirciogluu@gmail.com","Yağmur Demircioğlu","z","","Q15","Altı","{""Q0"":""Altı""}"
"7250","","survey-multi-choice","28","229557","0.0-28.0","pauro","yagmurdemirciogluu@gmail.com","Yağmur Demircioğlu","z","","F20","null","{""Q0"":""Üzülür""}"
"2315.7000000064727","","survey-multi-choice","29","231887","0.0-29.0","pauro","yagmurdemirciogluu@gmail.com","Yağmur Demircioğlu","z","","Q20","Piyango bileti","{""Q0"":""Piyango bileti""}"
"8283.89999998035","","survey-multi-choice","30","240187","0.0-30.0","pauro","yagmurdemirciogluu@gmail.com","Yağmur Demircioğlu","z","","C01","null","{""Q0"":""Sevinir""}"
"2524.9000000185333","","survey-multi-choice","31","242730","0.0-31.0","pauro","yagmurdemirciogluu@gmail.com","Yağmur Demircioğlu","z","","Q01","Arda","{""Q0"":""Arda""}"
"5739.700000005541","","survey-multi-choice","32","248482","0.0-32.0","pauro","yagmurdemirciogluu@gmail.com","Yağmur Demircioğlu","z","","F21","null","{""Q0"":""Üzülür""}"
"2370.8000000042375","","survey-multi-choice","33","250865","0.0-33.0","pauro","yagmurdemirciogluu@gmail.com","Yağmur Demircioğlu","z","","Q21","Odun","{""Q0"":""Odun""}"
"6682.099999976344","","survey-multi-choice","34","257556","0.0-34.0","pauro","yagmurdemirciogluu@gmail.com","Yağmur Demircioğlu","z","","F19","null","{""Q0"":""Üzülür""}"
"2274.700000009034","","survey-multi-choice","35","259850","0.0-35.0","pauro","yagmurdemirciogluu@gmail.com","Yağmur Demircioğlu","z","","Q19","Fizik","{""Q0"":""Fizik""}"
"6141.399999993155","","survey-multi-choice","36","266016","0.0-36.0","pauro","yagmurdemirciogluu@gmail.com","Yağmur Demircioğlu","z","","C04","null","{""Q0"":""Sevinir""}"
"2613.199999992503","","survey-multi-choice","37","268654","0.0-37.0","pauro","yagmurdemirciogluu@gmail.com","Yağmur Demircioğlu","z","","Q04","Kamp","{""Q0"":""Kamp""}"
"6791.100000002189","","survey-multi-choice","38","275460","0.0-38.0","pauro","yagmurdemirciogluu@gmail.com","Yağmur Demircioğlu","z","","F18","null","{""Q0"":""Sevinir""}"
"2040.3999999980442","","survey-multi-choice","39","277512","0.0-39.0","pauro","yagmurdemirciogluu@gmail.com","Yağmur Demircioğlu","z","","Q18","Çilek","{""Q0"":""Çilek""}"
"7021.400000026915","","survey-multi-choice","40","284554","0.0-40.0","pauro","yagmurdemirciogluu@gmail.com","Yağmur Demircioğlu","z","","F22","null","{""Q0"":""Sevinir""}"
"3184.9999999976717","","survey-multi-choice","41","287756","0.0-41.0","pauro","yagmurdemirciogluu@gmail.com","Yağmur Demircioğlu","z","","Q22","Yoğun","{""Q0"":""Yoğun""}"
"6130.999999993946","","survey-multi-choice","42","293900","0.0-42.0","pauro","yagmurdemirciogluu@gmail.com","Yağmur Demircioğlu","z","","C05","null","{""Q0"":""Sevinir""}"
"2752.8000000165775","","survey-multi-choice","43","296670","0.0-43.0","pauro","yagmurdemirciogluu@gmail.com","Yağmur Demircioğlu","z","","Q05","Matematik","{""Q0"":""Matematik""}"
"8468.40000001248","","survey-multi-choice","44","305147","0.0-44.0","pauro","yagmurdemirciogluu@gmail.com","Yağmur Demircioğlu","z","","F14","null","{""Q0"":""Sevinir""}"
"3637.200000026496","","survey-multi-choice","45","308799","0.0-45.0","pauro","yagmurdemirciogluu@gmail.com","Yağmur Demircioğlu","z","","Q14","Birinci","{""Q0"":""İkinci""}"
"8776.400000002468","","survey-multi-choice","46","317593","0.0-46.0","pauro","yagmurdemirciogluu@gmail.com","Yağmur Demircioğlu","z","","F24","null","{""Q0"":""Sevinir""}"
"2256.3999999838416","","survey-multi-choice","47","319869","0.0-47.0","pauro","yagmurdemirciogluu@gmail.com","Yağmur Demircioğlu","z","","Q24","Tokyo","{""Q0"":""Tokyo""}"
"9472.299999993993","","survey-multi-choice","48","329353","0.0-48.0","pauro","yagmurdemirciogluu@gmail.com","Yağmur Demircioğlu","z","","F11","null","{""Q0"":""Sevinir""}"
"2326.600000000326","","survey-multi-choice","49","331694","0.0-49.0","pauro","yagmurdemirciogluu@gmail.com","Yağmur Demircioğlu","z","","Q11","Ayakkabı","{""Q0"":""Ayakkabı""}"
"2877.199999988079","","instructions","50","334595","0.0-50.0","pauro","yagmurdemirciogluu@gmail.com","Yağmur Demircioğlu","z","[{""page_index"":0,""viewing_time"":2875.5999999993946}]","","",""
